时间,CPU占用(%),用户态(%),系统态(%),iowait(%),软中断(%),内存使用(%),内存可用(MB),swap使用(MB),load1,load5,load15,磁盘读(MB/s),磁盘写(MB/s),网络发送(MB/s),网络接收(MB/s)
2026-09-13 15:04:34,6.8,5.29,1.51,3.27,0.0,14.69,6555.5,0.0,0.09,0.15,0.07,0.0,0.02,0.0,0.01
2026-09-13 15:04:35,1.51,0.5,1.01,0.0,0.0,14.69,6555.3,0.0,0.09,0.15,0.07,0.0,0.0,0.0,0.0
2026-09-13 15:04:36,2.27,1.01,1.26,0.5,0.0,14.6,6562.4,0.0,0.09,0.15,0.07,0.25,0.01,0.0,0.01
2026-09-13 15:04:37,1.26,0.25,1.01,0.0,0.0,14.6,6562.0,0.0,0.08,0.15,0.07,0.0,0.0,0.0,0.01
2026-09-13 15:04:38,1.75,0.25,1.25,0.0,0.25,14.61,6561.4,0.0,0.08,0.15,0.07,0.0,0.0,0.0,0.0
2026-09-13 15:04:39,2.01,1.01,1.01,1.26,0.0,14.59,6563.4,0.0,0.08,0.15,0.07,0.0,0.01,0.0,0.01
2026-09-13 15:04:40,1.5,0.75,0.75,0.0,0.0,14.6,6562.5,0.0,0.08,0.15,0.07,0.0,0.0,0.0,0.01
2026-09-13 15:04:41,2.52,1.51,1.01,0.0,0.0,14.6,6562.2,0.0,0.08,0.15,0.07,0.0,0.0,0.0,0.01
2026-09-13 15:04:42,1.26,0.5,0.75,0.0,0.0,14.6,6562.2,0.0,0.07,0.15,0.07,0.0,0.0,0.0,0.01
2026-09-13 15:04:43,1.75,0.75,1.0,0.0,0.0,14.6,6562.2,0.0,0.07,0.15,0.07,0.0,0.0,0.0,0.01
2026-09-13 15:04:44,10.8,8.79,2.01,0.75,0.0,14.64,6559.1,0.0,0.07,0.15,0.07,0.0,0.03,0.0,0.01
2026-09-13 15:04:45,1.26,0.5,0.75,0.0,0.0,14.65,6558.2,0.0,0.07,0.15,0.07,0.0,0.0,0.0,0.02
2026-09-13 15:04:46,2.26,0.75,1.5,0.0,0.0,14.66,6557.9,0.0,0.07,0.15,0.07,0.25,0.0,0.0,0.01
2026-09-13 15:04:47,1.01,0.25,0.76,0.0,0.0,14.62,6560.6,0.0,0.07,0.14,0.07,0.0,0.0,0.0,0.01
2026-09-13 15:04:48,1.51,0.5,1.01,0.0,0.0,14.6,6562.6,0.0,0.07,0.14,0.07,0.0,0.0,0.0,0.01
2026-09-13 15:04:49,1.77,1.01,0.76,0.0,0.0,14.57,6565.0,0.0,0.07,0.14,0.07,0.0,0.0,0.0,0.01
2026-09-13 15:04:50,1.5,0.5,1.0,1.5,0.0,14.57,6564.3,0.0,0.07,0.14,0.07,0.0,0.9,0.0,0.01
2026-09-13 15:04:51,1.26,0.25,1.01,0.0,0.0,14.57,6564.7,0.0,0.07,0.14,0.07,0.0,0.0,0.0,0.01
2026-09-13 15:04:52,1.26,0.5,0.5,0.0,0.25,14.58,6563.9,0.0,0.06,0.14,0.07,0.0,0.0,0.0,0.01
2026-09-13 15:04:53,1.5,0.5,1.0,0.0,0.0,14.58,6564.1,0.0,0.06,0.14,0.07,0.0,0.0,0.0,0.01
2026-09-13 15:04:54,1.01,0.5,0.5,0.25,0.0,14.58,6564.3,0.0,0.06,0.14,0.07,0.0,0.01,0.0,0.0
2026-09-13 15:04:55,1.26,0.25,1.01,0.0,0.0,14.57,6564.5,0.0,0.06,0.14,0.07,0.0,0.0,0.0,0.01
2026-09-13 15:04:56,1.51,0.76,0.76,0.0,0.0,14.63,6560.3,0.0,0.06,0.14,0.07,0.25,0.0,0.0,0.01
2026-09-13 15:04:57,1.76,0.5,1.26,0.0,0.0,14.64,6559.4,0.0,0.06,0.14,0.07,0.0,0.0,0.0,0.02
2026-09-13 15:04:58,1.75,0.75,0.75,0.0,0.25,14.64,6559.6,0.0,0.06,0.14,0.07,0.0,0.0,0.0,0.01
2026-09-13 15:04:59,2.01,1.01,1.01,2.01,0.0,14.66,6557.9,0.0,0.06,0.14,0.07,0.0,0.02,0.0,0.0
2026-09-13 15:05:00,2.26,1.26,1.01,0.25,0.0,14.67,6557.4,0.0,0.06,0.14,0.07,0.0,0.0,0.0,0.01
2026-09-13 15:05:01,1.26,0.5,0.76,0.0,0.0,14.67,6556.9,0.0,0.06,0.14,0.07,0.0,0.0,0.0,0.01
2026-09-13 15:05:02,0.76,0.25,0.51,0.0,0.0,14.71,6554.1,0.0,0.05,0.14,0.07,0.0,0.0,0.0,0.01
2026-09-13 15:05:03,1.26,0.5,0.76,0.0,0.0,14.71,6554.2,0.0,0.05,0.14,0.07,0.0,0.0,0.0,0.01
2026-09-13 15:05:04,1.51,0.5,1.01,0.0,0.0,14.7,6554.4,0.0,0.05,0.14,0.07,0.0,0.0,0.0,0.0
2026-09-13 15:05:05,1.5,0.5,1.0,0.0,0.0,14.7,6554.7,0.0,0.05,0.14,0.07,0.0,0.0,0.0,0.0
2026-09-13 15:05:06,1.51,0.5,0.75,0.0,0.25,14.7,6555.0,0.0,0.05,0.14,0.07,0.0,0.0,0.0,0.01
2026-09-13 15:05:07,1.52,0.51,1.01,0.0,0.0,14.71,6554.2,0.0,0.05,0.13,0.07,0.25,0.0,0.0,0.01
2026-09-13 15:05:08,1.5,0.5,1.0,0.0,0.0,14.71,6554.2,0.0,0.05,0.13,0.07,0.0,0.0,0.0,0.01
2026-09-13 15:05:09,1.51,0.76,0.76,0.25,0.0,14.73,6552.5,0.0,0.05,0.13,0.07,0.0,0.0,0.0,0.01
2026-09-13 15:05:10,1.26,0.25,1.01,0.0,0.0,14.73,6552.6,0.0,0.05,0.13,0.07,0.0,0.0,0.0,0.01
2026-09-13 15:05:11,1.01,0.25,0.76,0.0,0.0,14.72,6553.1,0.0,0.05,0.13,0.07,0.0,0.0,0.0,0.01
2026-09-13 15:05:12,1.26,0.51,0.76,0.0,0.0,14.72,6553.2,0.0,0.04,0.13,0.06,0.0,0.01,0.01,0.01
2026-09-13 15:05:13,1.26,0.25,1.01,0.0,0.0,14.72,6553.1,0.0,0.04,0.13,0.06,0.0,0.0,0.0,0.01
2026-09-13 15:05:14,10.53,8.52,2.01,0.5,0.0,14.57,6564.7,0.0,0.04,0.13,0.06,0.0,0.03,0.0,0.01
2026-09-13 15:05:15,1.51,0.5,0.75,0.0,0.25,14.57,6564.6,0.0,0.04,0.13,0.06,0.0,0.0,0.0,0.01
2026-09-13 15:05:16,1.26,0.5,0.76,0.0,0.0,14.57,6564.6,0.0,0.04,0.13,0.06,0.0,0.0,0.0,0.01
2026-09-13 15:05:17,1.76,0.5,1.26,0.0,0.0,14.63,6560.2,0.0,0.04,0.13,0.06,0.25,0.0,0.0,0.01
2026-09-13 15:05:18,1.75,0.75,1.0,0.5,0.0,14.63,6559.7,0.0,0.04,0.13,0.06,0.0,0.05,0.0,0.01
2026-09-13 15:05:19,12.76,9.95,2.04,1.53,0.77,14.86,6542.5,0.0,0.04,0.13,0.06,0.08,5.28,0.1,5.23
2026-09-13 15:05:20,10.1,8.84,1.26,15.4,0.0,14.9,6539.6,0.0,0.04,0.13,0.06,3.57,27.73,0.0,0.01
2026-09-13 15:05:21,33.08,30.08,2.76,6.52,0.25,15.42,6499.7,0.0,0.04,0.13,0.06,11.5,0.07,0.01,0.01
2026-09-13 15:05:22,25.38,17.26,8.12,8.63,0.0,14.84,6544.1,0.0,0.12,0.14,0.07,25.64,2.02,0.18,0.01
2026-09-13 15:05:23,1.76,0.75,1.01,0.25,0.0,14.85,6543.3,0.0,0.12,0.14,0.07,0.45,0.0,0.0,0.01
2026-09-13 15:05:24,7.04,4.02,3.02,0.0,0.0,14.89,6540.2,0.0,0.12,0.14,0.07,0.0,0.0,0.0,0.01
2026-09-13 15:05:25,1.26,0.5,0.76,0.76,0.0,14.75,6550.7,0.0,0.12,0.14,0.07,0.0,0.01,0.0,0.01
2026-09-13 15:05:26,1.5,0.5,0.75,0.0,0.25,14.65,6558.5,0.0,0.12,0.14,0.07,0.0,0.0,0.0,0.01
2026-09-13 15:05:27,1.51,0.75,0.75,0.25,0.0,14.67,6557.3,0.0,0.27,0.18,0.08,0.25,0.27,0.0,0.01
2026-09-13 15:05:28,10.1,8.59,1.52,0.76,0.0,14.81,6546.1,0.0,0.27,0.18,0.08,0.14,0.02,0.01,0.01
2026-09-13 15:05:29,7.27,6.02,1.25,0.75,0.0,14.95,6535.2,0.0,0.27,0.18,0.08,0.0,0.02,0.0,0.01
2026-09-13 15:05:30,4.79,3.53,1.01,0.5,0.25,14.95,6535.2,0.0,0.27,0.18,0.08,0.0,0.01,0.0,0.01
2026-09-13 15:05:31,1.51,0.5,1.01,0.0,0.0,14.96,6534.9,0.0,0.27,0.18,0.08,0.0,0.01,0.0,0.01
2026-09-13 15:05:32,1.51,0.5,1.01,0.0,0.0,14.96,6534.9,0.0,0.25,0.17,0.08,0.0,0.01,0.0,0.02
2026-09-13 15:05:33,2.01,0.75,1.26,0.0,0.0,14.96,6534.4,0.0,0.25,0.17,0.08,0.0,0.0,0.0,0.01
2026-09-13 15:05:34,1.5,0.5,1.0,0.5,0.0,14.97,6534.1,0.0,0.25,0.17,0.08,0.0,0.01,0.0,0.01
2026-09-13 15:05:35,1.51,0.5,1.01,0.0,0.0,14.98,6533.6,0.0,0.25,0.17,0.08,0.0,0.0,0.0,0.0
2026-09-13 15:05:36,11.08,9.07,2.02,0.5,0.0,14.89,6539.7,0.0,0.25,0.17,0.08,0.0,0.02,0.02,0.01
2026-09-13 15:05:37,1.76,0.76,1.01,0.0,0.0,14.95,6535.7,0.0,0.23,0.17,0.08,0.25,0.0,0.0,0.01
2026-09-13 15:05:38,2.51,1.51,1.01,0.25,0.0,14.96,6534.7,0.0,0.23,0.17,0.08,0.0,0.0,0.0,0.01
2026-09-13 15:05:39,2.01,1.01,1.01,0.25,0.0,14.96,6534.7,0.0,0.23,0.17,0.08,0.0,0.0,0.0,0.01
2026-09-13 15:05:40,1.01,0.51,0.51,0.0,0.0,14.97,6534.2,0.0,0.23,0.17,0.08,0.0,0.0,0.0,0.01
2026-09-13 15:05:41,1.75,0.5,1.0,0.0,0.25,14.91,6538.9,0.0,0.23,0.17,0.08,0.0,0.0,0.0,0.01
2026-09-13 15:05:42,1.51,0.5,1.01,0.25,0.0,14.92,6537.9,0.0,0.21,0.17,0.08,0.0,0.01,0.0,0.01
2026-09-13 15:05:43,1.5,0.5,1.0,0.0,0.0,14.93,6537.2,0.0,0.21,0.17,0.08,0.0,0.0,0.0,0.01
2026-09-13 15:05:44,1.26,0.5,0.76,0.0,0.0,14.93,6536.9,0.0,0.21,0.17,0.08,0.0,0.0,0.0,0.01
2026-09-13 15:05:45,1.26,0.5,0.76,0.0,0.0,14.94,6536.6,0.0,0.21,0.17,0.08,0.0,0.0,0.0,0.02
2026-09-13 15:05:46,1.51,0.25,1.26,0.0,0.0,14.94,6536.4,0.0,0.21,0.17,0.08,0.0,0.0,0.0,0.01
2026-09-13 15:05:47,1.76,0.76,0.76,0.0,0.25,14.99,6532.5,0.0,0.19,0.16,0.08,0.25,0.0,0.0,0.01
2026-09-13 15:05:48,1.51,0.5,1.01,0.0,0.0,15.0,6531.8,0.0,0.19,0.16,0.08,0.0,0.0,0.0,0.01
2026-09-13 15:05:49,2.01,1.01,1.01,0.25,0.0,15.01,6531.1,0.0,0.19,0.16,0.08,0.0,0.0,0.0,0.01
2026-09-13 15:05:50,1.01,0.5,0.5,0.25,0.0,15.0,6531.4,0.0,0.19,0.16,0.08,0.0,3.36,0.0,0.01
2026-09-13 15:05:51,2.0,0.5,1.25,0.0,0.25,15.0,6531.6,0.0,0.19,0.16,0.08,0.0,0.01,0.0,0.01
2026-09-13 15:05:52,1.01,0.25,0.76,1.01,0.0,14.99,6532.2,0.0,0.34,0.19,0.09,0.0,1.56,0.0,0.01
2026-09-13 15:05:53,1.76,0.5,1.26,0.0,0.0,14.99,6532.2,0.0,0.34,0.19,0.09,0.0,0.09,0.0,0.01
2026-09-13 15:05:54,1.26,0.5,0.75,0.0,0.0,14.99,6532.2,0.0,0.34,0.19,0.09,0.0,0.0,0.0,0.0
2026-09-13 15:05:55,1.51,0.5,1.01,0.0,0.0,15.01,6531.2,0.0,0.34,0.19,0.09,0.0,0.0,0.0,0.01
2026-09-13 15:05:56,1.01,0.25,0.76,0.0,0.0,15.01,6531.0,0.0,0.34,0.19,0.09,0.0,0.0,0.0,0.01
2026-09-13 15:05:57,3.02,1.76,1.26,0.5,0.0,14.96,6534.7,0.0,0.31,0.19,0.09,0.25,0.06,0.0,0.01
2026-09-13 15:05:58,1.26,0.25,1.01,0.25,0.0,14.97,6534.1,0.0,0.31,0.19,0.09,0.0,0.27,0.0,0.01
2026-09-13 15:05:59,2.01,1.01,1.01,0.25,0.0,14.98,6533.3,0.0,0.31,0.19,0.09,0.0,0.0,0.0,0.0
2026-09-13 15:06:00,1.26,0.25,1.01,0.0,0.0,14.99,6532.6,0.0,0.31,0.19,0.09,0.0,0.0,0.0,0.0
2026-09-13 15:06:01,1.51,0.75,0.75,0.0,0.0,15.03,6529.4,0.0,0.31,0.19,0.09,0.0,0.0,0.0,0.0
2026-09-13 15:06:02,1.26,0.25,1.01,0.0,0.0,15.03,6529.4,0.0,0.28,0.19,0.09,0.0,0.01,0.0,0.01
2026-09-13 15:06:03,1.76,0.76,1.01,0.0,0.0,15.03,6529.4,0.0,0.28,0.19,0.09,0.0,0.01,0.0,0.01
2026-09-13 15:06:04,1.75,0.5,1.25,0.0,0.0,15.04,6528.6,0.0,0.28,0.19,0.09,0.0,0.0,0.0,0.0
2026-09-13 15:06:05,1.01,0.25,0.76,0.0,0.0,15.04,6528.5,0.0,0.28,0.19,0.09,0.0,0.0,0.0,0.0
2026-09-13 15:06:06,1.51,0.5,1.01,0.0,0.0,15.04,6528.4,0.0,0.28,0.19,0.09,0.0,0.0,0.0,0.01
2026-09-13 15:06:07,2.01,1.0,1.0,0.0,0.0,15.09,6524.9,0.0,0.26,0.18,0.09,0.25,0.0,0.0,0.01
2026-09-13 15:06:08,1.75,0.5,1.0,0.0,0.25,15.08,6525.2,0.0,0.26,0.18,0.09,0.0,0.0,0.0,0.0
2026-09-13 15:06:09,1.52,0.76,0.76,0.76,0.0,15.08,6525.4,0.0,0.26,0.18,0.09,0.0,0.0,0.0,0.01
2026-09-13 15:06:10,1.51,0.5,1.01,0.0,0.0,15.07,6525.9,0.0,0.26,0.18,0.09,0.0,0.0,0.0,0.01
2026-09-13 15:06:11,1.26,0.5,0.76,0.0,0.0,15.07,6526.1,0.0,0.26,0.18,0.09,0.0,0.0,0.0,0.01
2026-09-13 15:06:12,1.51,0.5,1.01,0.0,0.0,15.07,6526.4,0.0,0.24,0.18,0.09,0.0,0.0,0.0,0.01
2026-09-13 15:06:13,1.51,0.75,0.75,0.0,0.0,15.06,6526.8,0.0,0.24,0.18,0.09,0.0,0.0,0.0,0.01
2026-09-13 15:06:14,1.75,0.5,1.25,0.0,0.0,15.06,6526.9,0.0,0.24,0.18,0.09,0.0,0.0,0.0,0.01
2026-09-13 15:06:15,1.75,0.75,1.0,0.0,0.0,15.06,6526.9,0.0,0.24,0.18,0.09,0.0,0.0,0.0,0.01
2026-09-13 15:06:16,2.52,1.76,0.76,0.25,0.0,15.06,6527.0,0.0,0.24,0.18,0.09,0.0,0.0,0.0,0.01
2026-09-13 15:06:17,1.76,0.5,1.26,0.0,0.0,15.06,6527.4,0.0,0.22,0.18,0.09,0.25,0.0,0.0,0.01
2026-09-13 15:06:18,1.26,0.5,0.76,0.0,0.0,15.06,6527.4,0.0,0.22,0.18,0.09,0.0,0.0,0.0,0.01
2026-09-13 15:06:19,2.02,1.01,1.01,0.0,0.0,15.06,6527.1,0.0,0.22,0.18,0.09,0.0,0.0,0.0,0.01
2026-09-13 15:06:20,1.75,0.5,1.0,0.0,0.25,15.06,6527.1,0.0,0.22,0.18,0.09,0.0,0.0,0.0,0.01
2026-09-13 15:06:21,1.26,0.5,0.76,0.0,0.0,15.06,6527.1,0.0,0.22,0.18,0.09,0.0,0.0,0.0,0.01
2026-09-13 15:06:22,1.5,0.5,1.0,0.0,0.0,14.86,6542.4,0.0,0.2,0.17,0.09,0.0,0.0,0.0,0.0
2026-09-13 15:06:23,1.51,0.76,0.76,0.0,0.0,14.88,6541.2,0.0,0.2,0.17,0.09,0.0,0.0,0.0,0.01
2026-09-13 15:06:24,8.48,6.23,2.24,0.5,0.0,14.88,6540.7,0.0,0.2,0.17,0.09,0.0,0.02,0.0,0.01
2026-09-13 15:06:25,4.29,3.03,1.26,0.25,0.0,14.74,6551.8,0.0,0.2,0.17,0.09,0.0,0.01,0.0,0.01
2026-09-13 15:06:26,1.01,0.25,0.76,0.0,0.0,14.64,6559.3,0.0,0.2,0.17,0.09,0.0,0.0,0.0,0.01
2026-09-13 15:06:27,2.51,0.75,1.75,1.0,0.0,14.7,6554.4,0.0,0.18,0.17,0.09,0.25,0.89,0.0,0.01
2026-09-13 15:06:28,1.76,0.5,1.01,0.0,0.25,14.71,6554.1,0.0,0.18,0.17,0.09,0.0,0.0,0.0,0.01
2026-09-13 15:06:29,2.26,1.0,1.25,0.25,0.0,14.63,6560.2,0.0,0.18,0.17,0.09,0.0,0.0,0.0,0.01
2026-09-13 15:06:30,1.26,0.5,0.75,0.5,0.0,14.64,6559.1,0.0,0.18,0.17,0.09,0.0,0.01,0.0,0.01
2026-09-13 15:06:31,1.26,0.25,1.01,0.0,0.0,14.64,6559.1,0.0,0.18,0.17,0.09,0.0,0.0,0.0,0.01
2026-09-13 15:06:32,1.76,0.5,1.26,0.0,0.0,14.65,6558.6,0.0,0.17,0.17,0.09,0.0,0.0,0.0,0.01
2026-09-13 15:06:33,1.51,0.5,1.01,0.0,0.0,14.66,6557.5,0.0,0.17,0.17,0.09,0.0,0.02,0.0,0.01
2026-09-13 15:06:34,12.78,10.28,2.51,0.75,0.0,14.92,6537.5,0.0,0.17,0.17,0.09,0.0,0.03,0.0,0.01
2026-09-13 15:06:35,2.27,1.26,1.01,0.25,0.0,14.9,6539.0,0.0,0.17,0.17,0.09,0.0,0.0,0.0,0.01
2026-09-13 15:06:36,2.26,1.01,1.26,0.0,0.0,14.9,6539.3,0.0,0.17,0.17,0.09,0.0,0.0,0.0,0.01
2026-09-13 15:06:37,2.01,0.75,1.01,0.0,0.25,14.88,6540.8,0.0,0.24,0.18,0.09,0.25,0.0,0.0,0.01
2026-09-13 15:06:38,2.02,0.76,1.26,1.01,0.0,14.8,6547.1,0.0,0.24,0.18,0.09,0.0,0.02,0.0,0.0
2026-09-13 15:06:39,2.01,1.01,1.01,0.25,0.0,14.81,6546.6,0.0,0.24,0.18,0.09,0.0,0.01,0.0,0.01
2026-09-13 15:06:40,1.76,0.75,1.01,0.0,0.0,14.81,6546.1,0.0,0.24,0.18,0.09,0.0,0.0,0.0,0.01
2026-09-13 15:06:41,1.51,0.25,1.26,0.0,0.0,14.81,6546.1,0.0,0.24,0.18,0.09,0.0,0.0,0.0,0.01
2026-09-13 15:06:42,1.51,0.25,1.26,0.0,0.0,14.81,6546.0,0.0,0.22,0.18,0.09,0.0,0.0,0.0,0.01
2026-09-13 15:06:43,2.0,0.75,1.25,0.0,0.0,14.82,6545.1,0.0,0.22,0.18,0.09,0.0,0.0,0.0,0.01
2026-09-13 15:06:44,1.51,0.5,0.75,0.0,0.25,14.83,6544.8,0.0,0.22,0.18,0.09,0.0,0.0,0.0,0.01
2026-09-13 15:06:45,1.52,0.51,1.01,0.0,0.0,14.85,6543.4,0.0,0.22,0.18,0.09,0.0,0.01,0.0,0.02
2026-09-13 15:06:46,1.51,0.75,0.75,0.0,0.0,14.86,6542.6,0.0,0.22,0.18,0.09,0.0,0.0,0.0,0.01
2026-09-13 15:06:47,1.76,0.5,1.26,0.0,0.0,14.92,6537.8,0.0,0.2,0.18,0.09,0.25,0.0,0.0,0.01
2026-09-13 15:06:48,2.01,0.75,1.25,0.0,0.0,14.92,6538.1,0.0,0.2,0.18,0.09,0.0,0.0,0.0,0.01
2026-09-13 15:06:49,2.51,1.26,1.01,0.25,0.25,14.92,6537.9,0.0,0.2,0.18,0.09,0.0,0.0,0.0,0.01
2026-09-13 15:06:50,1.51,0.5,1.01,0.0,0.0,14.92,6537.8,0.0,0.2,0.18,0.09,0.0,0.0,0.0,0.01
2026-09-13 15:06:51,1.76,0.75,1.01,0.0,0.0,14.93,6537.3,0.0,0.2,0.18,0.09,0.0,0.0,0.0,0.01
2026-09-13 15:06:52,1.75,0.5,1.25,0.0,0.0,14.94,6536.4,0.0,0.26,0.19,0.1,0.0,0.0,0.0,0.01
2026-09-13 15:06:53,1.76,0.76,1.01,0.0,0.0,14.94,6536.0,0.0,0.26,0.19,0.1,0.0,0.01,0.0,0.01
2026-09-13 15:06:54,2.52,1.51,1.01,0.25,0.0,14.96,6534.9,0.0,0.26,0.19,0.1,0.0,0.0,0.0,0.0
2026-09-13 15:06:55,1.76,0.5,1.26,0.0,0.0,14.97,6534.3,0.0,0.26,0.19,0.1,0.0,0.0,0.0,0.01
2026-09-13 15:06:56,1.51,0.5,1.01,0.0,0.0,14.98,6533.3,0.0,0.26,0.19,0.1,0.0,0.0,0.0,0.01
2026-09-13 15:06:57,2.02,0.76,1.01,0.0,0.25,15.0,6531.8,0.0,0.24,0.19,0.09,0.25,0.0,0.0,0.02
2026-09-13 15:06:58,1.76,0.5,1.26,0.0,0.0,15.0,6532.0,0.0,0.24,0.19,0.09,0.0,0.0,0.0,0.01
2026-09-13 15:06:59,2.01,1.01,1.01,0.5,0.0,14.99,6532.4,0.0,0.24,0.19,0.09,0.0,0.01,0.0,0.01
2026-09-13 15:07:00,2.02,1.01,1.01,0.0,0.0,14.99,6532.8,0.0,0.24,0.19,0.09,0.0,0.0,0.0,0.01
2026-09-13 15:07:01,10.83,8.31,2.52,1.51,0.0,14.84,6543.6,0.0,0.24,0.19,0.09,0.0,0.03,0.07,0.01
2026-09-13 15:07:02,1.51,0.5,1.01,0.0,0.0,14.84,6543.6,0.0,0.22,0.18,0.09,0.0,0.0,0.0,0.01
2026-09-13 15:07:03,1.51,0.76,0.76,0.0,0.0,14.86,6542.7,0.0,0.22,0.18,0.09,0.0,0.0,0.0,0.01
2026-09-13 15:07:04,1.51,0.5,1.01,0.0,0.0,14.86,6542.7,0.0,0.22,0.18,0.09,0.0,0.01,0.0,0.0
2026-09-13 15:07:05,1.76,0.5,1.01,1.01,0.25,14.85,6542.9,0.0,0.22,0.18,0.09,0.0,0.89,0.0,0.01
2026-09-13 15:07:06,1.51,0.5,1.01,0.0,0.0,14.86,6542.7,0.0,0.22,0.18,0.09,0.0,0.0,0.0,0.01
2026-09-13 15:07:07,2.01,1.01,1.01,0.25,0.0,14.86,6542.5,0.0,0.21,0.18,0.09,0.25,0.01,0.0,0.01
2026-09-13 15:07:08,1.51,0.5,1.01,0.0,0.0,14.86,6542.2,0.0,0.21,0.18,0.09,0.0,0.0,0.0,0.01
2026-09-13 15:07:09,2.02,1.01,1.01,0.25,0.0,14.87,6542.0,0.0,0.21,0.18,0.09,0.0,0.01,0.0,0.01
2026-09-13 15:07:10,1.01,0.5,0.5,0.0,0.0,14.87,6542.0,0.0,0.21,0.18,0.09,0.0,0.0,0.0,0.01
2026-09-13 15:07:11,1.25,0.5,0.75,0.0,0.0,14.87,6542.0,0.0,0.21,0.18,0.09,0.0,0.0,0.0,0.01
2026-09-13 15:07:12,0.76,0.25,0.5,0.0,0.0,14.87,6542.0,0.0,0.19,0.18,0.09,0.0,0.0,0.0,0.01
2026-09-13 15:07:13,2.26,1.25,1.0,0.5,0.0,14.87,6542.0,0.0,0.19,0.18,0.09,0.0,0.01,0.0,0.01
2026-09-13 15:07:14,1.26,0.75,0.5,0.0,0.0,14.76,6549.8,0.0,0.19,0.18,0.09,0.0,0.38,0.0,0.01
2026-09-13 15:07:15,1.01,0.25,0.76,0.25,0.0,14.76,6549.7,0.0,0.19,0.18,0.09,0.0,0.02,0.0,0.01
2026-09-13 15:07:16,1.26,0.5,0.5,0.0,0.25,14.76,6549.8,0.0,0.19,0.18,0.09,0.0,0.0,0.0,0.01
2026-09-13 15:07:17,1.51,0.5,1.01,0.0,0.0,14.76,6549.8,0.0,0.17,0.17,0.09,0.25,0.0,0.0,0.01
2026-09-13 15:07:18,1.25,0.5,0.75,0.0,0.0,14.77,6549.6,0.0,0.17,0.17,0.09,0.0,0.0,0.0,0.01
2026-09-13 15:07:19,1.76,1.01,0.75,0.25,0.0,14.77,6549.6,0.0,0.17,0.17,0.09,0.0,0.0,0.0,0.01
2026-09-13 15:07:20,1.26,0.5,0.75,0.0,0.0,14.77,6549.7,0.0,0.17,0.17,0.09,0.0,0.38,0.0,0.01
2026-09-13 15:07:21,1.01,0.25,0.75,0.0,0.0,14.77,6549.7,0.0,0.17,0.17,0.09,0.0,0.01,0.0,0.01
2026-09-13 15:07:22,1.01,0.5,0.5,0.0,0.0,14.76,6549.8,0.0,0.16,0.17,0.09,0.0,0.0,0.0,0.0
2026-09-13 15:07:23,1.5,0.5,0.75,0.0,0.25,14.76,6549.8,0.0,0.16,0.17,0.09,0.0,0.0,0.0,0.01
2026-09-13 15:07:24,0.76,0.25,0.5,0.0,0.0,14.76,6549.8,0.0,0.16,0.17,0.09,0.0,0.0,0.0,0.0
2026-09-13 15:07:25,1.26,0.5,0.75,0.0,0.0,14.76,6549.8,0.0,0.16,0.17,0.09,0.0,0.0,0.0,0.01
2026-09-13 15:07:26,4.52,3.52,1.01,0.0,0.0,14.66,6557.4,0.0,0.16,0.17,0.09,0.0,0.0,0.0,0.01
2026-09-13 15:07:27,7.29,5.78,1.51,0.5,0.0,14.6,6562.5,0.0,0.15,0.17,0.09,0.25,0.04,0.0,0.01
2026-09-13 15:07:28,8.06,6.05,1.76,0.25,0.25,14.64,6559.5,0.0,0.15,0.17,0.09,0.0,0.02,0.0,0.01
2026-09-13 15:07:29,4.79,3.78,1.01,0.5,0.0,14.55,6566.1,0.0,0.15,0.17,0.09,0.0,0.02,0.0,0.01
2026-09-13 15:07:30,0.76,0.25,0.5,0.0,0.0,14.55,6566.1,0.0,0.15,0.17,0.09,0.0,0.0,0.0,0.01
2026-09-13 15:07:31,1.25,0.5,0.75,0.0,0.0,14.55,6566.1,0.0,0.15,0.17,0.09,0.0,0.0,0.0,0.01
2026-09-13 15:07:32,12.31,10.3,2.01,1.26,0.0,14.66,6557.8,0.0,0.13,0.16,0.09,0.0,0.03,0.0,0.02
2026-09-13 15:07:33,1.26,0.5,0.76,0.0,0.0,14.67,6557.4,0.0,0.13,0.16,0.09,0.0,0.01,0.0,0.01
2026-09-13 15:07:34,1.5,0.75,0.75,0.25,0.0,14.67,6557.4,0.0,0.13,0.16,0.09,0.0,0.01,0.0,0.01
2026-09-13 15:07:35,1.26,0.5,0.76,0.0,0.0,14.67,6557.4,0.0,0.13,0.16,0.09,0.0,0.01,0.0,0.01
2026-09-13 15:07:36,2.01,0.75,1.25,0.25,0.0,14.58,6564.3,0.0,0.13,0.16,0.09,0.0,0.01,0.0,0.01
2026-09-13 15:07:37,1.51,0.5,1.01,0.0,0.0,14.64,6559.6,0.0,0.12,0.16,0.09,0.25,0.0,0.0,0.01
2026-09-13 15:07:38,1.01,0.51,0.51,0.25,0.0,14.57,6565.0,0.0,0.12,0.16,0.09,0.0,0.01,0.0,0.01
2026-09-13 15:07:39,2.25,1.0,1.0,0.25,0.25,14.59,6563.0,0.0,0.12,0.16,0.09,0.0,0.01,0.0,0.01
2026-09-13 15:07:40,1.01,0.5,0.5,1.01,0.0,14.59,6563.2,0.0,0.12,0.16,0.09,0.0,0.89,0.0,0.01
2026-09-13 15:07:42,1.01,0.5,0.5,0.0,0.0,14.59,6563.2,0.0,0.12,0.16,0.09,0.0,0.0,0.0,0.01
2026-09-13 15:07:43,1.26,0.5,0.75,0.0,0.0,14.59,6563.2,0.0,0.11,0.16,0.09,0.0,0.0,0.0,0.01
2026-09-13 15:07:44,1.26,0.5,0.75,0.0,0.0,14.59,6563.1,0.0,0.11,0.16,0.09,0.0,0.0,0.0,0.01
2026-09-13 15:07:45,1.01,0.25,0.76,0.0,0.0,14.59,6563.1,0.0,0.11,0.16,0.09,0.0,0.0,0.0,0.01
2026-09-13 15:07:46,1.01,0.5,0.5,0.0,0.0,14.59,6562.9,0.0,0.11,0.16,0.09,0.0,0.01,0.0,0.02
2026-09-13 15:07:47,1.26,0.25,0.75,0.0,0.25,14.59,6562.9,0.0,0.11,0.16,0.09,0.0,0.0,0.0,0.01
2026-09-13 15:07:48,1.76,0.75,1.01,0.0,0.0,14.65,6558.3,0.0,0.18,0.17,0.09,0.25,0.0,0.0,0.01
2026-09-13 15:07:49,1.51,0.75,0.75,0.0,0.0,14.66,6558.1,0.0,0.18,0.17,0.09,0.0,0.0,0.0,0.01
2026-09-13 15:07:50,1.51,1.01,0.5,0.25,0.0,14.66,6558.1,0.0,0.18,0.17,0.09,0.0,0.0,0.0,0.01
2026-09-13 15:07:51,1.26,0.5,0.75,0.0,0.0,14.66,6558.1,0.0,0.18,0.17,0.09,0.0,0.0,0.0,0.0
2026-09-13 15:07:52,2.26,1.5,0.75,0.25,0.0,14.66,6558.1,0.0,0.18,0.17,0.09,0.0,0.0,0.0,0.0
2026-09-13 15:07:53,1.26,0.5,0.75,0.0,0.0,14.66,6558.1,0.0,0.17,0.17,0.09,0.0,0.0,0.0,0.01
2026-09-13 15:07:54,1.26,0.5,0.75,0.0,0.0,14.66,6558.1,0.0,0.17,0.17,0.09,0.0,0.0,0.0,0.01
2026-09-13 15:07:55,1.26,0.25,1.01,0.0,0.0,14.66,6557.8,0.0,0.17,0.17,0.09,0.0,0.01,0.0,0.0
2026-09-13 15:07:56,1.26,0.5,0.75,0.0,0.0,14.66,6557.8,0.0,0.17,0.17,0.09,0.0,0.0,0.0,0.01
2026-09-13 15:07:57,1.26,0.5,0.76,0.0,0.0,14.66,6557.8,0.0,0.17,0.17,0.09,0.0,0.0,0.0,0.01
2026-09-13 15:07:58,1.76,0.75,1.01,0.0,0.0,14.71,6553.9,0.0,0.32,0.2,0.1,0.25,0.0,0.0,0.01
2026-09-13 15:07:59,1.5,0.5,0.75,0.0,0.25,14.71,6553.9,0.0,0.32,0.2,0.1,0.0,0.0,0.0,0.0
2026-09-13 15:08:00,1.51,0.76,0.76,0.25,0.0,14.71,6553.9,0.0,0.32,0.2,0.1,0.0,0.0,0.0,0.01
2026-09-13 15:08:01,1.26,0.5,0.75,0.25,0.0,14.71,6553.9,0.0,0.32,0.2,0.1,0.0,0.01,0.0,0.01
2026-09-13 15:08:02,1.5,0.75,0.75,0.0,0.0,14.71,6553.7,0.0,0.32,0.2,0.1,0.0,0.0,0.0,0.01
2026-09-13 15:08:03,1.26,0.5,0.75,0.0,0.0,14.71,6553.7,0.0,0.29,0.2,0.1,0.0,0.0,0.0,0.01
2026-09-13 15:08:04,2.01,0.75,1.0,0.0,0.25,14.71,6553.7,0.0,0.29,0.2,0.1,0.0,0.0,0.0,0.01
2026-09-13 15:08:05,1.26,0.75,0.5,0.0,0.0,14.71,6553.7,0.0,0.29,0.2,0.1,0.0,0.0,0.0,0.0
2026-09-13 15:08:06,1.26,0.5,0.75,0.0,0.0,14.71,6553.7,0.0,0.29,0.2,0.1,0.0,0.0,0.0,0.01
2026-09-13 15:08:07,1.5,0.5,1.0,0.0,0.0,14.71,6553.7,0.0,0.29,0.2,0.1,0.0,0.01,0.0,0.01
2026-09-13 15:08:08,11.62,9.09,2.53,0.51,0.0,14.69,6555.3,0.0,0.27,0.19,0.1,0.25,0.03,0.01,0.01
2026-09-13 15:08:09,1.26,0.5,0.75,0.0,0.0,14.69,6555.5,0.0,0.27,0.19,0.1,0.0,0.0,0.0,0.01
2026-09-13 15:08:10,1.76,1.01,0.75,0.25,0.0,14.71,6553.8,0.0,0.27,0.19,0.1,0.0,0.0,0.0,0.01
2026-09-13 15:08:11,2.51,1.51,0.75,0.25,0.25,14.73,6552.5,0.0,0.27,0.19,0.1,0.0,0.0,0.0,0.01
2026-09-13 15:08:12,1.5,0.5,1.0,0.0,0.0,14.73,6552.5,0.0,0.27,0.19,0.1,0.0,0.0,0.0,0.01
2026-09-13 15:08:13,1.01,0.5,0.5,0.0,0.0,14.68,6556.1,0.0,0.25,0.19,0.1,0.0,0.0,0.0,0.01
2026-09-13 15:08:14,1.26,0.5,0.76,0.25,0.0,14.68,6555.9,0.0,0.25,0.19,0.1,0.0,0.01,0.0,0.01
2026-09-13 15:08:15,1.5,0.5,0.75,1.25,0.25,14.68,6555.9,0.0,0.25,0.19,0.1,0.0,0.91,0.0,0.01
2026-09-13 15:08:16,1.51,0.75,0.75,2.26,0.0,14.69,6555.8,0.0,0.25,0.19,0.1,0.0,0.23,0.0,0.01
2026-09-13 15:08:17,1.26,0.5,0.75,0.0,0.0,14.68,6555.9,0.0,0.25,0.19,0.1,0.0,0.01,0.0,0.0
2026-09-13 15:08:18,2.01,1.01,1.01,0.0,0.0,14.69,6555.4,0.0,0.31,0.2,0.1,0.25,0.0,0.0,0.01
2026-09-13 15:08:19,1.26,0.5,0.76,0.0,0.0,14.7,6555.0,0.0,0.31,0.2,0.1,0.0,0.0,0.0,0.01
2026-09-13 15:08:20,2.01,1.01,1.01,0.25,0.0,14.7,6555.0,0.0,0.31,0.2,0.1,0.0,0.0,0.0,0.01
2026-09-13 15:08:21,1.26,0.5,0.75,0.0,0.0,14.7,6555.0,0.0,0.31,0.2,0.1,0.0,0.01,0.0,0.01
2026-09-13 15:08:22,1.26,0.5,0.75,0.0,0.0,14.7,6555.0,0.0,0.31,0.2,0.1,0.0,0.01,0.0,0.01
2026-09-13 15:08:23,1.5,0.5,0.75,0.0,0.25,14.7,6555.0,0.0,0.28,0.2,0.1,0.0,0.0,0.0,0.0
2026-09-13 15:08:24,1.26,0.5,0.75,0.0,0.0,14.7,6555.0,0.0,0.28,0.2,0.1,0.0,0.0,0.0,0.01
2026-09-13 15:08:25,10.58,8.82,1.76,0.5,0.0,14.83,6544.6,0.0,0.28,0.2,0.1,0.0,0.05,0.01,0.01
2026-09-13 15:08:26,1.51,0.5,1.01,0.0,0.0,14.83,6544.5,0.0,0.28,0.2,0.1,0.0,0.0,0.0,0.01
2026-09-13 15:08:27,1.01,0.5,0.5,0.0,0.0,14.83,6544.6,0.0,0.28,0.2,0.1,0.0,0.01,0.0,0.01
2026-09-13 15:08:28,1.52,0.76,0.76,0.0,0.0,14.9,6539.0,0.0,0.26,0.2,0.1,0.25,0.0,0.0,0.01
2026-09-13 15:08:29,2.0,0.75,1.25,0.0,0.0,14.9,6539.0,0.0,0.26,0.2,0.1,0.0,0.0,0.0,0.01
2026-09-13 15:08:30,2.27,1.52,0.76,1.26,0.0,14.82,6545.1,0.0,0.26,0.2,0.1,0.0,0.01,0.0,0.01
2026-09-13 15:08:31,1.5,0.5,0.75,0.25,0.25,14.82,6545.1,0.0,0.26,0.2,0.1,0.0,0.0,0.0,0.01
2026-09-13 15:08:32,1.75,0.5,1.25,0.0,0.0,14.82,6545.1,0.0,0.26,0.2,0.1,0.0,0.0,0.0,0.01
2026-09-13 15:08:33,1.26,0.5,0.75,0.0,0.0,14.82,6545.1,0.0,0.24,0.19,0.1,0.0,0.0,0.0,0.01
2026-09-13 15:08:34,1.26,0.5,0.76,0.0,0.0,14.83,6544.5,0.0,0.24,0.19,0.1,0.0,0.0,0.0,0.01
2026-09-13 15:08:35,1.75,0.5,1.0,0.0,0.25,14.83,6544.5,0.0,0.24,0.19,0.1,0.0,0.0,0.0,0.01
2026-09-13 15:08:36,1.25,0.5,0.75,0.25,0.0,14.83,6544.5,0.0,0.24,0.19,0.1,0.0,0.01,0.0,0.0
2026-09-13 15:08:37,1.76,1.01,0.75,0.0,0.0,14.83,6544.5,0.0,0.24,0.19,0.1,0.0,0.0,0.0,0.01
2026-09-13 15:08:38,1.76,0.76,0.76,0.0,0.25,14.86,6542.0,0.0,0.22,0.19,0.1,0.25,0.0,0.0,0.01
2026-09-13 15:08:39,1.25,0.5,0.75,0.0,0.0,14.86,6542.0,0.0,0.22,0.19,0.1,0.0,0.0,0.0,0.0
2026-09-13 15:08:40,1.76,1.01,0.75,0.25,0.0,14.86,6542.0,0.0,0.22,0.19,0.1,0.0,0.0,0.0,0.01
2026-09-13 15:08:41,1.26,0.75,0.5,0.0,0.0,14.87,6541.8,0.0,0.22,0.19,0.1,0.0,0.0,0.0,0.01
2026-09-13 15:08:42,1.26,0.5,0.76,0.25,0.0,14.87,6541.8,0.0,0.22,0.19,0.1,0.0,0.01,0.0,0.01
2026-09-13 15:08:43,1.26,0.5,0.75,0.0,0.0,14.86,6542.0,0.0,0.2,0.19,0.1,0.0,0.0,0.0,0.01
2026-09-13 15:08:44,1.26,0.25,1.01,0.0,0.0,14.86,6542.0,0.0,0.2,0.19,0.1,0.0,0.06,0.0,0.01
2026-09-13 15:08:45,1.5,0.5,0.75,0.0,0.25,14.87,6541.8,0.0,0.2,0.19,0.1,0.0,0.01,0.0,0.01
2026-09-13 15:08:46,1.01,0.51,0.51,1.01,0.0,14.87,6541.7,0.0,0.2,0.19,0.1,0.0,0.52,0.0,0.02
2026-09-13 15:08:47,1.51,0.5,1.01,1.01,0.0,14.86,6542.2,0.0,0.2,0.19,0.1,0.0,1.14,0.0,0.01
2026-09-13 15:08:48,1.76,0.75,0.75,0.0,0.25,14.86,6542.1,0.0,0.35,0.22,0.11,0.25,0.01,0.0,0.01
2026-09-13 15:08:49,2.51,1.51,1.01,0.25,0.0,14.84,6543.8,0.0,0.35,0.22,0.11,0.0,0.0,0.0,0.01
2026-09-13 15:08:50,1.26,0.51,0.76,0.0,0.0,14.84,6543.9,0.0,0.35,0.22,0.11,0.0,0.0,0.0,0.01
2026-09-13 15:08:51,1.51,0.75,0.75,0.25,0.0,14.84,6543.9,0.0,0.35,0.22,0.11,0.0,0.0,0.0,0.01
2026-09-13 15:08:52,1.5,0.5,1.0,0.25,0.0,14.84,6543.9,0.0,0.35,0.22,0.11,0.0,0.0,0.0,0.01
2026-09-13 15:08:53,1.26,0.5,0.75,0.0,0.0,14.84,6543.9,0.0,0.32,0.21,0.11,0.0,0.0,0.0,0.01
2026-09-13 15:08:54,1.26,0.5,0.75,0.0,0.0,14.84,6543.7,0.0,0.32,0.21,0.11,0.0,0.0,0.0,0.01
2026-09-13 15:08:55,1.01,0.25,0.75,0.0,0.0,14.84,6543.7,0.0,0.32,0.21,0.11,0.0,0.0,0.0,0.0
2026-09-13 15:08:56,1.26,0.5,0.76,0.0,0.0,14.84,6543.7,0.0,0.32,0.21,0.11,0.0,0.0,0.0,0.01
2026-09-13 15:08:57,1.26,0.5,0.75,0.0,0.0,14.84,6543.7,0.0,0.32,0.21,0.11,0.0,0.01,0.0,0.01
2026-09-13 15:08:58,1.76,0.75,0.75,0.0,0.25,14.84,6543.7,0.0,0.29,0.21,0.11,0.25,0.0,0.0,0.02
2026-09-13 15:08:59,1.01,0.5,0.5,0.0,0.0,14.84,6543.7,0.0,0.29,0.21,0.11,0.0,0.0,0.0,0.0
2026-09-13 15:09:00,1.75,0.75,1.0,0.0,0.0,14.84,6543.7,0.0,0.29,0.21,0.11,0.0,0.0,0.0,0.0
2026-09-13 15:09:01,1.51,0.76,0.76,0.25,0.0,14.84,6543.7,0.0,0.29,0.21,0.11,0.0,0.0,0.0,0.01
2026-09-13 15:09:02,1.26,0.5,0.75,0.0,0.0,14.84,6543.7,0.0,0.29,0.21,0.11,0.0,0.0,0.0,0.01
2026-09-13 15:09:03,1.01,0.5,0.5,0.0,0.0,14.84,6543.7,0.0,0.27,0.21,0.11,0.0,0.01,0.0,0.01
2026-09-13 15:09:04,1.01,0.51,0.51,0.0,0.0,14.79,6547.8,0.0,0.27,0.21,0.11,0.0,0.0,0.0,0.01
2026-09-13 15:09:05,1.75,0.5,1.0,0.0,0.25,14.79,6547.8,0.0,0.27,0.21,0.11,0.0,0.0,0.0,0.0
2026-09-13 15:09:06,1.01,0.5,0.5,0.0,0.0,14.79,6547.8,0.0,0.27,0.21,0.11,0.0,0.0,0.0,0.0
2026-09-13 15:09:07,1.5,0.5,1.0,0.0,0.0,14.79,6547.8,0.0,0.27,0.21,0.11,0.0,0.0,0.0,0.01
2026-09-13 15:09:08,2.77,1.76,1.01,0.0,0.0,14.79,6547.6,0.0,0.25,0.2,0.11,0.25,0.0,0.0,0.01
2026-09-13 15:09:09,1.26,0.5,0.75,0.5,0.0,14.79,6547.6,0.0,0.25,0.2,0.11,0.0,0.02,0.0,0.01
2026-09-13 15:09:10,1.01,0.5,0.5,0.0,0.0,14.79,6547.6,0.0,0.25,0.2,0.11,0.0,0.0,0.0,0.01
2026-09-13 15:09:11,2.01,0.75,1.26,0.0,0.0,14.8,6547.3,0.0,0.25,0.2,0.11,0.0,0.0,0.0,0.01
2026-09-13 15:09:12,1.01,0.5,0.5,0.0,0.0,14.8,6547.3,0.0,0.25,0.2,0.11,0.0,0.0,0.0,0.01
2026-09-13 15:09:13,1.26,0.25,1.01,0.0,0.0,14.8,6547.3,0.0,0.23,0.2,0.1,0.0,0.0,0.0,0.01
2026-09-13 15:09:14,1.26,0.5,0.76,0.0,0.0,14.8,6547.3,0.0,0.23,0.2,0.1,0.0,0.0,0.0,0.01
2026-09-13 15:09:15,1.25,0.5,0.75,0.0,0.0,14.8,6547.3,0.0,0.23,0.2,0.1,0.0,0.0,0.0,0.01
2026-09-13 15:09:16,1.26,0.25,0.75,0.0,0.25,14.8,6547.3,0.0,0.23,0.2,0.1,0.0,0.0,0.0,0.01
2026-09-13 15:09:17,1.26,0.5,0.76,0.0,0.0,14.8,6547.3,0.0,0.23,0.2,0.1,0.0,0.0,0.0,0.01
2026-09-13 15:09:18,1.51,0.5,1.01,0.0,0.0,14.85,6543.1,0.0,0.21,0.2,0.1,0.25,0.0,0.0,0.01
2026-09-13 15:09:19,1.75,0.75,1.0,0.0,0.0,14.85,6542.9,0.0,0.21,0.2,0.1,0.0,0.0,0.0,0.01
2026-09-13 15:09:20,1.26,0.5,0.75,1.51,0.0,14.85,6543.2,0.0,0.21,0.2,0.1,0.0,0.78,0.0,0.01
2026-09-13 15:09:21,1.51,0.76,0.76,0.25,0.0,14.85,6543.3,0.0,0.21,0.2,0.1,0.0,0.0,0.0,0.01
2026-09-13 15:09:22,1.25,0.5,0.75,0.0,0.0,14.85,6543.3,0.0,0.21,0.2,0.1,0.0,0.0,0.0,0.01
2026-09-13 15:09:23,1.5,0.75,0.75,0.0,0.0,14.85,6543.1,0.0,0.19,0.19,0.1,0.0,0.0,0.0,0.01
2026-09-13 15:09:24,1.26,0.5,0.76,0.0,0.0,14.85,6543.0,0.0,0.19,0.19,0.1,0.0,0.0,0.0,0.0
2026-09-13 15:09:25,1.5,0.75,0.5,0.0,0.25,14.85,6543.0,0.0,0.19,0.19,0.1,0.0,0.0,0.0,0.01
2026-09-13 15:09:26,1.26,0.5,0.76,0.0,0.0,14.85,6543.0,0.0,0.19,0.19,0.1,0.0,0.0,0.0,0.01
2026-09-13 15:09:27,2.27,1.51,0.76,0.0,0.0,14.85,6543.0,0.0,0.19,0.19,0.1,0.0,0.0,0.0,0.01
2026-09-13 15:09:28,2.01,0.75,1.01,0.0,0.25,14.78,6548.3,0.0,0.18,0.19,0.1,0.25,0.0,0.0,0.01
2026-09-13 15:09:29,0.76,0.51,0.25,0.0,0.0,14.78,6548.3,0.0,0.18,0.19,0.1,0.0,0.0,0.0,0.01
2026-09-13 15:09:30,1.26,0.5,0.75,0.0,0.0,14.78,6548.3,0.0,0.18,0.19,0.1,0.0,0.0,0.0,0.01
2026-09-13 15:09:31,2.01,1.25,0.75,0.25,0.0,14.78,6548.3,0.0,0.18,0.19,0.1,0.0,0.0,0.0,0.01
2026-09-13 15:09:32,0.76,0.25,0.51,0.0,0.0,14.78,6548.3,0.0,0.18,0.19,0.1,0.0,0.0,0.0,0.01
2026-09-13 15:09:33,11.03,8.52,2.26,0.75,0.25,14.61,6561.3,0.0,0.16,0.18,0.1,0.0,0.03,0.01,0.01
2026-09-13 15:09:34,1.26,0.76,0.5,0.0,0.0,14.62,6560.9,0.0,0.16,0.18,0.1,0.0,0.0,0.0,0.01
2026-09-13 15:09:35,1.5,0.5,1.0,0.0,0.0,14.62,6560.9,0.0,0.16,0.18,0.1,0.0,0.0,0.0,0.01
2026-09-13 15:09:36,1.26,0.5,0.76,0.0,0.0,14.6,6562.4,0.0,0.16,0.18,0.1,0.0,0.0,0.0,0.01
2026-09-13 15:09:37,1.51,0.75,0.75,0.0,0.0,14.61,6561.9,0.0,0.16,0.18,0.1,0.0,0.0,0.0,0.01
2026-09-13 15:09:38,2.01,1.0,1.0,0.0,0.0,14.57,6564.9,0.0,0.15,0.18,0.1,0.25,0.01,0.0,0.01
2026-09-13 15:09:39,1.26,0.5,0.76,0.0,0.0,14.58,6564.2,0.0,0.15,0.18,0.1,0.0,0.04,0.0,0.01
2026-09-13 15:09:40,1.5,0.75,0.75,0.0,0.0,14.58,6564.2,0.0,0.15,0.18,0.1,0.0,0.01,0.0,0.01
2026-09-13 15:09:41,1.76,0.75,1.01,0.25,0.0,14.59,6563.2,0.0,0.15,0.18,0.1,0.0,0.01,0.0,0.01
2026-09-13 15:09:42,1.26,0.5,0.75,0.0,0.0,14.59,6563.2,0.0,0.15,0.18,0.1,0.0,0.0,0.0,0.01
2026-09-13 15:09:43,1.5,0.75,0.75,0.0,0.0,14.59,6563.2,0.0,0.14,0.18,0.1,0.0,0.0,0.0,0.01
2026-09-13 15:09:44,1.75,0.5,1.0,0.0,0.25,14.59,6563.2,0.0,0.14,0.18,0.1,0.0,0.04,0.0,0.01
2026-09-13 15:09:45,1.5,0.75,0.75,0.0,0.0,14.59,6563.2,0.0,0.14,0.18,0.1,0.0,0.0,0.0,0.02
2026-09-13 15:09:46,2.02,1.26,0.76,0.25,0.0,14.59,6562.9,0.0,0.14,0.18,0.1,0.0,0.0,0.0,0.01
2026-09-13 15:09:47,1.51,0.5,1.01,0.0,0.0,14.6,6562.7,0.0,0.14,0.18,0.1,0.0,0.0,0.0,0.01
2026-09-13 15:09:48,1.26,0.5,0.75,0.0,0.0,14.6,6562.6,0.0,0.12,0.17,0.1,0.0,0.0,0.0,0.01
2026-09-13 15:09:49,1.76,0.76,1.01,0.0,0.0,14.66,6557.6,0.0,0.12,0.17,0.1,0.25,0.0,0.0,0.01
2026-09-13 15:09:50,1.26,0.5,0.75,1.01,0.0,14.66,6557.7,0.0,0.12,0.17,0.1,0.0,0.89,0.0,0.01
2026-09-13 15:09:51,1.51,0.76,0.76,0.25,0.0,14.66,6557.8,0.0,0.12,0.17,0.1,0.0,0.01,0.0,0.01
2026-09-13 15:09:52,1.5,0.5,0.75,0.0,0.25,14.66,6557.6,0.0,0.12,0.17,0.1,0.0,0.0,0.0,0.01
2026-09-13 15:09:53,1.01,0.5,0.5,0.0,0.0,14.66,6557.6,0.0,0.19,0.19,0.1,0.0,0.0,0.0,0.01
2026-09-13 15:09:54,1.26,0.5,0.75,0.0,0.0,14.66,6557.6,0.0,0.19,0.19,0.1,0.0,0.01,0.0,0.0
2026-09-13 15:09:55,1.26,0.5,0.75,0.0,0.0,14.66,6557.6,0.0,0.19,0.19,0.1,0.0,0.0,0.0,0.01
2026-09-13 15:09:56,1.01,0.51,0.51,0.0,0.0,14.66,6557.6,0.0,0.19,0.19,0.1,0.0,0.0,0.0,0.01
2026-09-13 15:09:57,1.5,0.5,1.0,0.0,0.0,14.66,6557.6,0.0,0.19,0.19,0.1,0.0,0.0,0.0,0.01
2026-09-13 15:09:58,1.26,0.5,0.75,0.0,0.0,14.67,6557.4,0.0,0.26,0.2,0.11,0.0,0.0,0.0,0.01
2026-09-13 15:09:59,1.76,0.75,1.01,0.0,0.0,14.68,6556.6,0.0,0.26,0.2,0.11,0.25,0.0,0.0,0.01
2026-09-13 15:10:00,1.5,0.5,0.75,0.5,0.25,14.68,6556.6,0.0,0.26,0.2,0.11,0.0,0.01,0.0,0.0
2026-09-13 15:10:01,1.51,1.01,0.5,0.0,0.0,14.68,6556.6,0.0,0.26,0.2,0.11,0.0,0.0,0.0,0.01
2026-09-13 15:10:02,1.26,0.5,0.5,0.0,0.25,14.68,6556.6,0.0,0.26,0.2,0.11,0.0,0.0,0.0,0.01
2026-09-13 15:10:03,1.51,0.75,0.75,0.0,0.0,14.68,6556.6,0.0,0.24,0.2,0.11,0.0,0.0,0.0,0.0
2026-09-13 15:10:04,1.26,0.76,0.5,0.0,0.0,14.68,6556.6,0.0,0.24,0.2,0.11,0.0,0.03,0.0,0.0
2026-09-13 15:10:05,1.51,0.75,0.75,0.25,0.0,14.68,6556.6,0.0,0.24,0.2,0.11,0.0,0.38,0.0,0.01
2026-09-13 15:10:06,1.77,1.01,0.76,0.0,0.0,14.68,6556.3,0.0,0.24,0.2,0.11,0.0,0.01,0.0,0.01
2026-09-13 15:10:07,1.5,0.75,0.75,0.0,0.0,14.68,6556.4,0.0,0.24,0.2,0.11,0.0,0.0,0.0,0.01
2026-09-13 15:10:08,0.76,0.51,0.25,0.0,0.0,14.68,6556.4,0.0,0.22,0.2,0.11,0.0,0.0,0.0,0.0
2026-09-13 15:10:09,1.76,1.01,0.75,0.0,0.0,14.68,6556.5,0.0,0.22,0.2,0.11,0.25,0.0,0.0,0.01
2026-09-13 15:10:10,1.01,0.25,0.75,0.5,0.0,14.68,6556.5,0.0,0.22,0.2,0.11,0.0,0.03,0.0,0.0
2026-09-13 15:10:11,1.51,0.76,0.76,0.25,0.0,14.68,6556.3,0.0,0.22,0.2,0.11,0.0,0.0,0.0,0.01
2026-09-13 15:10:12,1.5,0.5,1.0,0.0,0.0,14.68,6556.3,0.0,0.22,0.2,0.11,0.0,0.01,0.0,0.01
2026-09-13 15:10:13,1.26,0.25,0.75,0.0,0.25,14.68,6556.3,0.0,0.2,0.19,0.1,0.0,0.0,0.0,0.01
2026-09-13 15:10:14,1.26,0.5,0.76,1.51,0.0,14.68,6556.3,0.0,0.2,0.19,0.1,0.0,0.01,0.0,0.0
2026-09-13 15:10:15,1.26,0.75,0.5,0.0,0.0,14.68,6556.3,0.0,0.2,0.19,0.1,0.0,0.0,0.0,0.01
2026-09-13 15:10:16,1.5,0.75,0.75,0.0,0.0,14.68,6556.3,0.0,0.2,0.19,0.1,0.0,0.0,0.0,0.01
2026-09-13 15:10:17,1.01,0.25,0.76,0.0,0.0,14.68,6556.0,0.0,0.2,0.19,0.1,0.0,0.0,0.0,0.01
2026-09-13 15:10:18,1.26,0.5,0.75,0.0,0.0,14.68,6556.0,0.0,0.18,0.19,0.1,0.0,0.0,0.0,0.01
2026-09-13 15:10:19,1.76,0.76,1.01,0.0,0.0,14.68,6556.1,0.0,0.18,0.19,0.1,0.25,0.0,0.0,0.01
2026-09-13 15:10:20,1.26,0.5,0.5,1.01,0.25,14.68,6556.2,0.0,0.18,0.19,0.1,0.0,0.76,0.0,0.01
2026-09-13 15:10:21,2.01,1.25,0.75,0.25,0.0,14.68,6556.2,0.0,0.18,0.19,0.1,0.0,0.0,0.0,0.01
2026-09-13 15:10:22,1.26,0.25,1.01,0.0,0.0,14.68,6556.2,0.0,0.18,0.19,0.1,0.0,0.0,0.0,0.01
2026-09-13 15:10:23,1.01,0.25,0.75,0.0,0.0,14.68,6556.4,0.0,0.17,0.19,0.1,0.0,0.0,0.0,0.01
2026-09-13 15:10:24,1.26,0.5,0.75,0.0,0.0,14.68,6556.4,0.0,0.17,0.19,0.1,0.0,0.0,0.0,0.0
2026-09-13 15:10:25,2.51,1.5,1.0,0.25,0.0,14.68,6556.4,0.0,0.17,0.19,0.1,0.0,0.0,0.0,0.01
2026-09-13 15:10:26,1.01,0.5,0.5,0.0,0.0,14.68,6556.4,0.0,0.17,0.19,0.1,0.0,0.0,0.0,0.01
2026-09-13 15:10:27,1.26,0.75,0.5,0.0,0.0,14.68,6556.4,0.0,0.17,0.19,0.1,0.0,0.0,0.0,0.01
2026-09-13 15:10:28,1.51,0.75,0.75,0.0,0.0,14.68,6556.3,0.0,0.16,0.18,0.1,0.0,0.0,0.0,0.01
2026-09-13 15:10:29,2.01,0.75,1.01,0.0,0.25,14.68,6555.9,0.0,0.16,0.18,0.1,0.25,0.0,0.0,0.01
2026-09-13 15:10:30,1.26,0.5,0.75,0.0,0.0,14.68,6555.9,0.0,0.16,0.18,0.1,0.0,0.0,0.0,0.01
2026-09-13 15:10:31,1.76,1.01,0.75,0.25,0.0,14.68,6555.9,0.0,0.16,0.18,0.1,0.0,0.0,0.0,0.01
2026-09-13 15:10:32,1.26,0.5,0.75,0.0,0.0,14.68,6555.9,0.0,0.16,0.18,0.1,0.0,0.0,0.0,0.01
2026-09-13 15:10:33,1.26,0.25,0.75,0.0,0.25,14.68,6555.9,0.0,0.14,0.18,0.1,0.0,0.0,0.0,0.01
2026-09-13 15:10:34,1.51,0.75,0.75,0.0,0.0,14.68,6555.9,0.0,0.14,0.18,0.1,0.0,0.0,0.0,0.01
2026-09-13 15:10:35,1.5,0.5,1.0,0.0,0.0,14.69,6555.8,0.0,0.14,0.18,0.1,0.0,0.0,0.0,0.01
2026-09-13 15:10:36,1.26,0.5,0.75,0.0,0.0,14.69,6555.7,0.0,0.14,0.18,0.1,0.0,0.0,0.0,0.01
2026-09-13 15:10:37,1.51,0.75,0.5,0.0,0.25,14.69,6555.7,0.0,0.14,0.18,0.1,0.0,0.0,0.0,0.01
2026-09-13 15:10:38,1.26,0.5,0.76,0.0,0.0,14.69,6555.7,0.0,0.13,0.18,0.1,0.0,0.0,0.0,0.0
2026-09-13 15:10:39,1.51,0.76,0.76,0.0,0.0,14.69,6555.7,0.0,0.13,0.18,0.1,0.25,0.0,0.0,0.01
2026-09-13 15:10:40,1.26,0.5,0.75,0.0,0.0,14.69,6555.7,0.0,0.13,0.18,0.1,0.0,0.02,0.0,0.01
2026-09-13 15:10:41,1.76,1.01,0.76,0.0,0.0,14.69,6555.5,0.0,0.13,0.18,0.1,0.0,0.0,0.0,0.01
2026-09-13 15:10:42,1.01,0.25,0.75,0.0,0.0,14.69,6555.4,0.0,0.13,0.18,0.1,0.0,0.01,0.0,0.01
2026-09-13 15:10:43,1.26,0.5,0.76,0.0,0.0,14.69,6555.4,0.0,0.12,0.17,0.1,0.0,0.0,0.0,0.01
2026-09-13 15:10:44,2.51,1.75,0.75,0.25,0.0,14.69,6555.4,0.0,0.12,0.17,0.1,0.0,0.01,0.0,0.01
2026-09-13 15:10:45,1.26,0.25,0.75,0.0,0.25,14.69,6555.4,0.0,0.12,0.17,0.1,0.0,0.0,0.0,0.02
2026-09-13 15:10:46,1.26,0.5,0.75,0.0,0.0,14.69,6555.4,0.0,0.12,0.17,0.1,0.0,0.0,0.0,0.01
2026-09-13 15:10:47,1.01,0.5,0.5,0.0,0.0,14.69,6555.4,0.0,0.12,0.17,0.1,0.0,0.0,0.0,0.01
2026-09-13 15:10:48,1.5,0.5,0.75,0.0,0.25,14.69,6555.4,0.0,0.19,0.19,0.1,0.0,0.0,0.0,0.01
2026-09-13 15:10:49,1.76,1.01,0.76,0.0,0.0,14.7,6554.7,0.0,0.19,0.19,0.1,0.25,0.0,0.0,0.01
2026-09-13 15:10:50,1.01,0.51,0.51,0.0,0.0,14.7,6554.7,0.0,0.19,0.19,0.1,0.0,0.0,0.0,0.01
2026-09-13 15:10:51,1.76,1.01,0.75,0.25,0.0,14.7,6554.7,0.0,0.19,0.19,0.1,0.0,0.0,0.0,0.01
2026-09-13 15:10:52,1.26,0.5,0.75,0.0,0.0,14.7,6554.7,0.0,0.19,0.19,0.1,0.0,0.0,0.0,0.01
2026-09-13 15:10:53,1.5,0.5,1.0,0.75,0.0,14.7,6554.8,0.0,0.26,0.2,0.11,0.0,0.77,0.0,0.01
2026-09-13 15:10:54,1.26,0.5,0.75,0.0,0.0,14.7,6554.8,0.0,0.26,0.2,0.11,0.0,0.0,0.0,0.0
2026-09-13 15:10:55,1.51,0.5,1.01,0.0,0.0,14.7,6554.8,0.0,0.26,0.2,0.11,0.0,0.0,0.0,0.01
2026-09-13 15:10:56,1.01,0.5,0.5,0.0,0.0,14.7,6554.8,0.0,0.26,0.2,0.11,0.0,0.0,0.0,0.01
2026-09-13 15:10:57,1.51,0.75,0.75,0.0,0.0,14.7,6554.7,0.0,0.26,0.2,0.11,0.0,0.0,0.0,0.02
2026-09-13 15:10:58,1.01,0.5,0.5,0.0,0.0,14.7,6554.6,0.0,0.24,0.2,0.11,0.0,0.0,0.0,0.01
2026-09-13 15:10:59,2.01,0.75,1.0,0.0,0.25,14.7,6554.6,0.0,0.24,0.2,0.11,0.25,0.0,0.0,0.01
2026-09-13 15:11:00,0.76,0.25,0.51,0.0,0.0,14.7,6554.6,0.0,0.24,0.2,0.11,0.0,0.0,0.0,0.01
2026-09-13 15:11:01,1.51,1.01,0.5,0.5,0.0,14.7,6554.6,0.0,0.24,0.2,0.11,0.0,0.0,0.0,0.01
2026-09-13 15:11:02,1.26,0.5,0.75,0.0,0.0,14.7,6554.6,0.0,0.24,0.2,0.11,0.0,0.0,0.0,0.01
2026-09-13 15:11:03,2.26,1.26,1.01,0.25,0.0,14.7,6554.6,0.0,0.22,0.19,0.11,0.0,0.0,0.0,0.01
2026-09-13 15:11:04,1.75,0.75,0.75,0.0,0.25,14.7,6554.6,0.0,0.22,0.19,0.11,0.0,0.0,0.0,0.01
2026-09-13 15:11:05,0.76,0.25,0.51,0.0,0.0,14.7,6554.6,0.0,0.22,0.19,0.11,0.0,0.0,0.0,0.0
2026-09-13 15:11:06,1.75,0.75,1.0,0.0,0.0,14.7,6554.6,0.0,0.22,0.19,0.11,0.0,0.0,0.0,0.01
2026-09-13 15:11:07,1.26,0.25,1.01,0.0,0.0,14.7,6554.4,0.0,0.22,0.19,0.11,0.0,0.01,0.0,0.01
2026-09-13 15:11:08,1.26,0.5,0.75,0.0,0.0,14.7,6554.4,0.0,0.2,0.19,0.11,0.0,0.0,0.0,0.01
2026-09-13 15:11:09,1.51,0.76,0.76,0.0,0.0,14.71,6554.1,0.0,0.2,0.19,0.11,0.25,0.0,0.0,0.01
2026-09-13 15:11:10,1.5,0.5,1.0,0.0,0.0,14.71,6554.1,0.0,0.2,0.19,0.11,0.0,0.0,0.0,0.0
2026-09-13 15:11:11,1.76,1.01,0.5,0.0,0.25,14.71,6554.1,0.0,0.2,0.19,0.11,0.0,0.0,0.0,0.01
2026-09-13 15:11:12,1.26,0.5,0.75,0.0,0.0,14.71,6554.1,0.0,0.2,0.19,0.11,0.0,0.0,0.0,0.01
2026-09-13 15:11:13,1.26,0.5,0.75,0.0,0.0,14.71,6554.1,0.0,0.18,0.19,0.1,0.0,0.0,0.0,0.01
2026-09-13 15:11:14,1.01,0.25,0.76,0.0,0.0,14.71,6554.1,0.0,0.18,0.19,0.1,0.0,0.01,0.0,0.0
2026-09-13 15:11:15,1.01,0.5,0.5,0.0,0.0,14.71,6554.1,0.0,0.18,0.19,0.1,0.0,0.0,0.0,0.01
2026-09-13 15:11:16,1.26,0.5,0.75,0.0,0.0,14.71,6553.9,0.0,0.18,0.19,0.1,0.0,0.0,0.0,0.01
2026-09-13 15:11:17,1.26,0.5,0.75,0.0,0.0,14.71,6553.9,0.0,0.18,0.19,0.1,0.0,0.0,0.0,0.01
2026-09-13 15:11:18,1.5,0.5,0.75,0.0,0.25,14.71,6553.9,0.0,0.25,0.2,0.11,0.0,0.01,0.0,0.01
2026-09-13 15:11:19,2.01,0.75,1.26,0.0,0.0,14.71,6553.6,0.0,0.25,0.2,0.11,0.25,0.0,0.0,0.01
2026-09-13 15:11:20,1.51,0.5,1.01,0.0,0.0,14.71,6553.6,0.0,0.25,0.2,0.11,0.0,0.0,0.0,0.01
2026-09-13 15:11:21,1.51,1.01,0.5,0.25,0.0,14.71,6553.6,0.0,0.25,0.2,0.11,0.0,0.0,0.0,0.01
2026-09-13 15:11:22,2.01,1.26,0.75,0.25,0.0,14.71,6553.6,0.0,0.25,0.2,0.11,0.0,0.0,0.0,0.01
2026-09-13 15:11:23,1.26,0.5,0.75,0.75,0.0,14.71,6553.8,0.0,0.23,0.2,0.11,0.0,0.76,0.0,0.01
2026-09-13 15:11:24,1.5,0.5,1.0,0.0,0.0,14.71,6553.9,0.0,0.23,0.2,0.11,0.0,0.01,0.0,0.0
2026-09-13 15:11:25,1.75,0.75,0.75,0.0,0.25,14.71,6553.9,0.0,0.23,0.2,0.11,0.0,0.01,0.0,0.01
2026-09-13 15:11:26,0.76,0.51,0.25,0.0,0.0,14.71,6553.9,0.0,0.23,0.2,0.11,0.0,0.0,0.0,0.01
2026-09-13 15:11:27,1.75,1.0,0.75,0.0,0.0,14.71,6554.0,0.0,0.21,0.19,0.11,0.0,0.0,0.0,0.01
2026-09-13 15:11:28,1.01,0.25,0.76,0.0,0.0,14.71,6554.0,0.0,0.21,0.19,0.11,0.0,0.0,0.0,0.01
2026-09-13 15:11:29,2.01,1.01,1.01,0.0,0.0,14.71,6553.8,0.0,0.21,0.19,0.11,0.25,0.0,0.0,0.01
2026-09-13 15:11:30,1.5,0.5,0.75,0.0,0.25,14.71,6553.8,0.0,0.21,0.19,0.11,0.0,0.0,0.0,0.01
2026-09-13 15:11:31,1.76,1.01,0.76,0.25,0.0,14.71,6553.8,0.0,0.21,0.19,0.11,0.0,0.0,0.0,0.01
2026-09-13 15:11:32,1.25,0.5,0.75,0.0,0.0,14.71,6553.8,0.0,0.19,0.19,0.11,0.0,0.0,0.0,0.01
2026-09-13 15:11:33,1.26,0.5,0.76,0.0,0.0,14.71,6553.6,0.0,0.19,0.19,0.11,0.0,0.38,0.0,0.01
2026-09-13 15:11:34,1.5,0.75,0.75,0.0,0.0,14.71,6553.6,0.0,0.19,0.19,0.11,0.0,0.0,0.0,0.01
2026-09-13 15:11:35,1.01,0.25,0.76,0.0,0.0,14.71,6553.6,0.0,0.19,0.19,0.11,0.0,0.0,0.0,0.01
2026-09-13 15:11:36,1.5,0.5,0.75,0.0,0.25,14.71,6553.6,0.0,0.19,0.19,0.11,0.0,0.0,0.0,0.01
2026-09-13 15:11:37,1.26,0.76,0.5,0.0,0.0,14.72,6553.4,0.0,0.26,0.2,0.11,0.0,0.0,0.0,0.01
2026-09-13 15:11:38,1.26,0.25,1.01,0.0,0.0,14.72,6553.4,0.0,0.26,0.2,0.11,0.0,0.0,0.0,0.01
2026-09-13 15:11:39,1.76,1.01,0.75,0.0,0.0,14.74,6551.7,0.0,0.26,0.2,0.11,0.25,0.0,0.0,0.01
2026-09-13 15:11:40,1.01,0.25,0.76,0.0,0.0,14.74,6551.7,0.0,0.26,0.2,0.11,0.0,0.38,0.0,0.01
2026-09-13 15:11:41,2.76,1.76,0.75,0.25,0.25,14.74,6551.7,0.0,0.26,0.2,0.11,0.0,0.0,0.0,0.01
2026-09-13 15:11:42,1.26,0.5,0.75,0.0,0.0,14.74,6551.7,0.0,0.24,0.2,0.11,0.0,0.0,0.0,0.01
2026-09-13 15:11:43,1.26,0.5,0.75,0.0,0.0,14.74,6551.6,0.0,0.24,0.2,0.11,0.0,0.0,0.0,0.01
2026-09-13 15:11:44,1.26,0.5,0.75,0.0,0.0,14.74,6551.6,0.0,0.24,0.2,0.11,0.0,0.0,0.0,0.02
2026-09-13 15:11:45,1.26,0.76,0.5,0.0,0.0,14.74,6551.6,0.0,0.24,0.2,0.11,0.0,0.0,0.0,0.02
2026-09-13 15:11:46,1.5,0.5,0.75,0.0,0.25,14.74,6551.7,0.0,0.24,0.2,0.11,0.0,0.0,0.0,0.01
2026-09-13 15:11:47,1.26,0.5,0.75,0.0,0.0,14.74,6551.4,0.0,0.22,0.2,0.11,0.0,0.0,0.0,0.01
2026-09-13 15:11:48,1.26,0.5,0.75,0.0,0.0,14.74,6551.4,0.0,0.22,0.2,0.11,0.0,0.0,0.0,0.01
2026-09-13 15:11:49,1.76,1.01,0.76,0.0,0.0,14.74,6551.3,0.0,0.22,0.2,0.11,0.25,0.38,0.0,0.01
2026-09-13 15:11:50,1.26,0.5,0.75,0.0,0.0,14.74,6551.3,0.0,0.22,0.2,0.11,0.0,0.0,0.0,0.01
2026-09-13 15:11:51,1.51,0.76,0.76,0.25,0.0,14.74,6551.3,0.0,0.22,0.2,0.11,0.0,0.0,0.0,0.01
2026-09-13 15:11:52,1.26,0.5,0.75,0.0,0.0,14.74,6551.3,0.0,0.2,0.19,0.11,0.0,0.0,0.0,0.01
2026-09-13 15:11:53,1.26,0.5,0.75,1.26,0.0,14.74,6551.3,0.0,0.2,0.19,0.11,0.0,0.76,0.0,0.01
2026-09-13 15:11:54,1.01,0.5,0.5,0.0,0.0,14.75,6551.2,0.0,0.2,0.19,0.11,0.0,0.0,0.0,0.01
2026-09-13 15:11:55,1.5,0.5,0.75,0.5,0.25,14.75,6551.2,0.0,0.2,0.19,0.11,0.0,0.01,0.0,0.01
2026-09-13 15:11:56,1.26,0.5,0.76,0.0,0.0,14.75,6551.2,0.0,0.2,0.19,0.11,0.0,0.0,0.0,0.01
2026-09-13 15:11:57,1.26,0.5,0.75,0.0,0.0,14.75,6551.2,0.0,0.18,0.19,0.11,0.0,0.0,0.0,0.01
2026-09-13 15:11:58,1.01,0.5,0.5,0.0,0.0,14.75,6551.2,0.0,0.18,0.19,0.11,0.0,0.0,0.0,0.01
2026-09-13 15:11:59,1.52,0.51,1.01,0.0,0.0,14.74,6551.3,0.0,0.18,0.19,0.11,0.25,0.0,0.0,0.01
2026-09-13 15:12:00,2.26,1.5,0.75,0.25,0.0,14.74,6551.3,0.0,0.18,0.19,0.11,0.0,0.01,0.0,0.01
2026-09-13 15:12:01,1.76,1.01,0.75,0.25,0.0,14.75,6551.0,0.0,0.18,0.19,0.11,0.0,0.0,0.0,0.0
2026-09-13 15:12:02,1.26,0.5,0.75,0.0,0.0,14.75,6551.0,0.0,0.17,0.19,0.11,0.0,0.0,0.0,0.01
2026-09-13 15:12:03,1.26,0.75,0.5,0.0,0.0,14.65,6558.8,0.0,0.17,0.19,0.11,0.0,0.0,0.0,0.01
2026-09-13 15:12:04,1.26,0.25,0.76,0.25,0.25,14.65,6558.9,0.0,0.17,0.19,0.11,0.0,0.05,0.0,0.0
2026-09-13 15:12:05,1.26,0.5,0.75,0.0,0.0,14.65,6558.9,0.0,0.17,0.19,0.11,0.0,0.0,0.0,0.0
2026-09-13 15:12:06,1.01,0.5,0.5,0.0,0.0,14.65,6558.9,0.0,0.17,0.19,0.11,0.0,0.0,0.0,0.01
2026-09-13 15:12:07,1.26,0.75,0.5,0.0,0.0,14.65,6558.6,0.0,0.16,0.18,0.11,0.0,0.0,0.0,0.01
2026-09-13 15:12:08,1.26,0.5,0.75,0.0,0.0,14.65,6558.6,0.0,0.16,0.18,0.11,0.0,0.0,0.0,0.01
2026-09-13 15:12:09,1.75,0.75,1.0,0.5,0.0,14.65,6558.6,0.0,0.16,0.18,0.11,0.25,0.01,0.0,0.01
2026-09-13 15:12:10,1.5,0.5,1.0,0.0,0.0,14.65,6558.6,0.0,0.16,0.18,0.11,0.0,0.0,0.0,0.0
2026-09-13 15:12:11,1.76,1.01,0.76,0.0,0.0,14.66,6557.7,0.0,0.16,0.18,0.11,0.0,0.0,0.0,0.01
2026-09-13 15:12:12,1.01,0.25,0.75,0.0,0.0,14.66,6557.7,0.0,0.14,0.18,0.1,0.0,0.0,0.0,0.01
2026-09-13 15:12:13,1.01,0.25,0.5,0.0,0.25,14.66,6557.7,0.0,0.14,0.18,0.1,0.0,0.0,0.0,0.01
2026-09-13 15:12:14,1.51,0.5,1.01,0.0,0.0,14.66,6557.7,0.0,0.14,0.18,0.1,0.0,0.0,0.0,0.0
2026-09-13 15:12:15,1.26,0.75,0.5,0.0,0.0,14.66,6557.4,0.0,0.14,0.18,0.1,0.0,0.0,0.0,0.01
2026-09-13 15:12:16,1.5,0.5,1.0,0.0,0.0,14.66,6557.4,0.0,0.14,0.18,0.1,0.0,0.01,0.0,0.01
2026-09-13 15:12:17,1.26,0.5,0.75,0.0,0.0,14.66,6557.4,0.0,0.13,0.18,0.1,0.0,0.0,0.0,0.01
2026-09-13 15:12:18,1.26,0.5,0.75,0.0,0.0,14.67,6557.2,0.0,0.13,0.18,0.1,0.0,0.0,0.0,0.01
2026-09-13 15:12:19,2.52,1.51,1.01,0.25,0.0,14.67,6557.2,0.0,0.13,0.18,0.1,0.25,0.0,0.0,0.01
2026-09-13 15:12:20,1.01,0.25,0.76,0.0,0.0,14.67,6557.2,0.0,0.13,0.18,0.1,0.0,0.0,0.0,0.01
2026-09-13 15:12:21,2.01,1.0,1.0,0.25,0.0,14.68,6556.2,0.0,0.13,0.18,0.1,0.0,0.0,0.0,0.01
2026-09-13 15:12:22,1.5,0.75,0.5,0.0,0.25,14.68,6556.2,0.0,0.12,0.17,0.1,0.0,0.0,0.0,0.01
2026-09-13 15:12:23,1.26,0.5,0.75,0.0,0.0,14.68,6556.2,0.0,0.12,0.17,0.1,0.0,0.0,0.0,0.01
2026-09-13 15:12:24,1.25,0.25,1.0,0.0,0.0,14.68,6556.2,0.0,0.12,0.17,0.1,0.0,0.0,0.0,0.0
2026-09-13 15:12:25,1.26,0.5,0.75,0.0,0.0,14.68,6556.1,0.0,0.12,0.17,0.1,0.0,0.0,0.0,0.01
2026-09-13 15:12:26,1.01,0.25,0.76,1.01,0.0,14.68,6556.3,0.0,0.12,0.17,0.1,0.0,0.77,0.0,0.01
2026-09-13 15:12:27,1.26,0.75,0.5,0.0,0.0,14.68,6556.3,0.0,0.11,0.17,0.1,0.0,0.0,0.0,0.01
2026-09-13 15:12:28,1.51,0.75,0.75,0.0,0.0,14.68,6556.1,0.0,0.11,0.17,0.1,0.0,0.0,0.0,0.01
2026-09-13 15:12:29,1.51,0.76,0.76,0.0,0.0,14.68,6555.9,0.0,0.11,0.17,0.1,0.25,0.0,0.0,0.01
2026-09-13 15:12:30,1.75,0.5,1.0,0.0,0.25,14.68,6555.9,0.0,0.11,0.17,0.1,0.0,0.0,0.0,0.01
2026-09-13 15:12:31,1.51,1.01,0.5,0.25,0.0,14.68,6555.9,0.0,0.11,0.17,0.1,0.0,0.0,0.0,0.01
2026-09-13 15:12:32,1.01,0.5,0.5,0.0,0.0,14.68,6555.9,0.0,0.1,0.17,0.1,0.0,0.0,0.0,0.01
2026-09-13 15:12:33,1.01,0.25,0.76,0.0,0.0,14.68,6555.9,0.0,0.1,0.17,0.1,0.0,0.0,0.0,0.01
2026-09-13 15:12:34,1.75,0.75,1.0,0.0,0.0,14.69,6555.6,0.0,0.1,0.17,0.1,0.0,0.03,0.0,0.01
2026-09-13 15:12:35,1.01,0.25,0.76,0.0,0.0,14.69,6555.6,0.0,0.1,0.17,0.1,0.0,0.0,0.0,0.01
2026-09-13 15:12:36,1.51,0.75,0.75,0.0,0.0,14.69,6555.6,0.0,0.1,0.17,0.1,0.0,0.0,0.0,0.01
2026-09-13 15:12:37,1.51,0.75,0.75,0.0,0.0,14.69,6555.6,0.0,0.09,0.16,0.1,0.0,0.0,0.0,0.01
2026-09-13 15:12:38,2.51,1.5,0.75,0.25,0.25,14.69,6555.6,0.0,0.09,0.16,0.1,0.0,0.0,0.0,0.01
2026-09-13 15:12:39,2.01,0.75,1.25,0.0,0.0,14.8,6547.0,0.0,0.09,0.16,0.1,0.25,0.0,0.0,0.01
2026-09-13 15:12:40,1.01,0.76,0.25,0.0,0.0,14.8,6547.0,0.0,0.09,0.16,0.1,0.0,0.0,0.0,0.01
2026-09-13 15:12:41,1.76,0.75,1.01,0.25,0.0,14.8,6546.8,0.0,0.09,0.16,0.1,0.0,0.0,0.0,0.01
2026-09-13 15:12:42,1.01,0.5,0.5,0.0,0.0,14.8,6546.8,0.0,0.08,0.16,0.1,0.0,0.0,0.0,0.01
2026-09-13 15:12:43,1.26,0.5,0.75,0.0,0.0,14.8,6546.8,0.0,0.08,0.16,0.1,0.0,0.0,0.0,0.01
2026-09-13 15:12:44,1.01,0.5,0.5,0.0,0.0,14.81,6546.6,0.0,0.08,0.16,0.1,0.0,0.0,0.0,0.01
2026-09-13 15:12:45,1.75,0.5,1.0,0.0,0.25,14.81,6546.5,0.0,0.08,0.16,0.1,0.0,0.0,0.0,0.02
2026-09-13 15:12:46,1.26,0.5,0.76,0.0,0.0,14.81,6546.5,0.0,0.08,0.16,0.1,0.0,0.0,0.0,0.01
2026-09-13 15:12:47,0.76,0.25,0.5,0.0,0.0,14.81,6546.5,0.0,0.08,0.16,0.1,0.0,0.0,0.0,0.01
2026-09-13 15:12:48,1.51,0.5,0.75,0.0,0.25,14.81,6546.5,0.0,0.08,0.16,0.1,0.0,0.0,0.0,0.01
2026-09-13 15:12:49,1.76,0.76,1.01,0.0,0.0,14.81,6546.5,0.0,0.08,0.16,0.1,0.25,0.0,0.0,0.01
2026-09-13 15:12:50,1.01,0.51,0.51,0.0,0.0,14.81,6546.5,0.0,0.08,0.16,0.1,0.0,0.0,0.0,0.01
2026-09-13 15:12:51,1.76,1.01,0.75,0.0,0.0,14.81,6546.5,0.0,0.08,0.16,0.1,0.0,0.0,0.0,0.01
2026-09-13 15:12:52,1.01,0.5,0.5,0.0,0.0,14.81,6546.5,0.0,0.07,0.16,0.1,0.0,0.0,0.0,0.01
2026-09-13 15:12:53,1.26,0.5,0.75,0.0,0.0,14.81,6546.3,0.0,0.07,0.16,0.1,0.0,0.0,0.0,0.01
2026-09-13 15:12:54,1.01,0.5,0.5,0.0,0.0,14.81,6546.3,0.0,0.07,0.16,0.1,0.0,0.0,0.0,0.0
2026-09-13 15:12:55,1.5,0.5,0.75,0.0,0.25,14.81,6546.3,0.0,0.07,0.16,0.1,0.0,0.0,0.0,0.01
2026-09-13 15:12:56,1.26,0.75,0.5,1.01,0.0,14.81,6546.2,0.0,0.07,0.16,0.1,0.0,0.76,0.0,0.01
2026-09-13 15:12:57,2.02,1.26,0.76,0.25,0.0,14.81,6546.2,0.0,0.07,0.15,0.1,0.0,0.01,0.0,0.02
2026-09-13 15:12:58,1.5,0.75,0.75,0.0,0.0,14.81,6546.1,0.0,0.07,0.15,0.1,0.0,0.0,0.0,0.01
2026-09-13 15:12:59,1.76,0.75,1.01,0.0,0.0,14.81,6546.1,0.0,0.07,0.15,0.1,0.25,0.0,0.0,0.01
2026-09-13 15:13:00,1.26,0.5,0.75,0.0,0.0,14.81,6546.2,0.0,0.07,0.15,0.1,0.0,0.0,0.0,0.01
2026-09-13 15:13:01,1.51,0.76,0.76,0.25,0.0,14.81,6545.9,0.0,0.07,0.15,0.1,0.0,0.0,0.0,0.01
2026-09-13 15:13:02,1.75,0.75,0.75,0.0,0.25,14.81,6545.9,0.0,0.06,0.15,0.1,0.0,0.0,0.0,0.01
2026-09-13 15:13:03,1.5,0.5,1.0,0.0,0.0,14.81,6545.9,0.0,0.06,0.15,0.1,0.0,0.0,0.0,0.01
2026-09-13 15:13:04,1.01,0.5,0.5,0.0,0.0,14.81,6545.9,0.0,0.06,0.15,0.1,0.0,0.0,0.0,0.0
2026-09-13 15:13:05,1.01,0.5,0.5,0.0,0.0,14.81,6545.9,0.0,0.06,0.15,0.1,0.0,0.0,0.0,0.01
2026-09-13 15:13:06,1.5,0.75,0.75,0.0,0.0,14.81,6545.9,0.0,0.06,0.15,0.1,0.0,0.0,0.0,0.01
2026-09-13 15:13:07,1.01,0.25,0.76,0.0,0.0,14.81,6545.9,0.0,0.06,0.15,0.09,0.0,0.0,0.0,0.01
2026-09-13 15:13:08,1.01,0.5,0.5,0.0,0.0,14.81,6545.9,0.0,0.06,0.15,0.09,0.0,0.0,0.0,0.01
2026-09-13 15:13:09,1.76,0.75,0.75,0.0,0.25,14.81,6545.9,0.0,0.06,0.15,0.09,0.25,0.01,0.0,0.01
2026-09-13 15:13:10,1.26,0.5,0.75,0.0,0.0,14.82,6545.8,0.0,0.06,0.15,0.09,0.0,0.0,0.0,0.0
2026-09-13 15:13:11,1.76,1.01,0.75,0.25,0.0,14.82,6545.7,0.0,0.06,0.15,0.09,0.0,0.0,0.0,0.01
2026-09-13 15:13:12,1.26,0.75,0.5,0.0,0.0,14.82,6545.7,0.0,0.05,0.14,0.09,0.0,0.0,0.0,0.01
2026-09-13 15:13:13,1.26,0.5,0.75,0.0,0.0,14.82,6545.7,0.0,0.05,0.14,0.09,0.0,0.0,0.0,0.01
2026-09-13 15:13:14,1.01,0.25,0.76,0.0,0.0,14.82,6545.7,0.0,0.05,0.14,0.09,0.0,0.0,0.0,0.01
2026-09-13 15:13:15,1.01,0.5,0.5,0.25,0.0,14.82,6545.7,0.0,0.05,0.14,0.09,0.0,0.02,0.0,0.01
2026-09-13 15:13:16,2.51,1.51,0.75,2.51,0.25,14.82,6545.4,0.0,0.05,0.14,0.09,0.0,0.22,0.0,0.01
2026-09-13 15:13:17,1.26,0.5,0.75,0.0,0.0,14.82,6545.4,0.0,0.05,0.14,0.09,0.0,0.0,0.0,0.01
2026-09-13 15:13:18,1.51,0.5,1.01,0.0,0.0,14.82,6545.4,0.0,0.05,0.14,0.09,0.0,0.01,0.0,0.01
2026-09-13 15:13:19,2.01,1.01,1.01,0.0,0.0,14.82,6545.4,0.0,0.05,0.14,0.09,0.25,0.01,0.0,0.01
2026-09-13 15:13:20,1.01,0.25,0.76,0.0,0.0,14.82,6545.5,0.0,0.05,0.14,0.09,0.0,0.0,0.0,0.01
2026-09-13 15:13:21,1.76,1.01,0.75,0.25,0.0,14.82,6545.5,0.0,0.05,0.14,0.09,0.0,0.0,0.0,0.01
2026-09-13 15:13:22,1.75,0.5,1.0,0.0,0.25,14.82,6545.5,0.0,0.04,0.14,0.09,0.0,0.0,0.0,0.01
2026-09-13 15:13:23,1.01,0.25,0.76,0.0,0.0,14.82,6545.5,0.0,0.04,0.14,0.09,0.0,0.0,0.0,0.01
2026-09-13 15:13:24,1.25,0.5,0.75,0.5,0.0,14.82,6545.5,0.0,0.04,0.14,0.09,0.0,0.01,0.0,0.0
2026-09-13 15:13:25,1.51,0.75,0.75,0.0,0.0,14.82,6545.3,0.0,0.04,0.14,0.09,0.0,0.0,0.0,0.01
2026-09-13 15:13:26,1.26,0.75,0.5,0.0,0.0,14.82,6545.2,0.0,0.04,0.14,0.09,0.0,0.0,0.0,0.01
2026-09-13 15:13:27,1.01,0.25,0.76,0.0,0.0,14.82,6545.2,0.0,0.04,0.14,0.09,0.0,0.0,0.0,0.01
2026-09-13 15:13:28,1.26,0.25,0.75,0.0,0.25,14.82,6545.2,0.0,0.04,0.14,0.09,0.0,0.01,0.0,0.01
2026-09-13 15:13:29,1.76,0.75,1.01,1.01,0.0,14.82,6545.2,0.0,0.04,0.14,0.09,0.25,0.76,0.0,0.01
2026-09-13 15:13:30,1.01,0.25,0.76,0.0,0.0,14.82,6545.2,0.0,0.04,0.14,0.09,0.0,0.0,0.0,0.01
2026-09-13 15:13:31,2.01,1.0,1.0,0.25,0.0,14.82,6545.2,0.0,0.04,0.14,0.09,0.0,0.0,0.0,0.01
2026-09-13 15:13:32,1.26,0.5,0.5,0.0,0.25,14.82,6545.2,0.0,0.04,0.13,0.09,0.0,0.0,0.0,0.01
2026-09-13 15:13:33,1.01,0.25,0.76,0.0,0.0,14.83,6545.0,0.0,0.04,0.13,0.09,0.0,0.0,0.0,0.02
2026-09-13 15:13:34,1.51,0.5,1.01,0.0,0.0,14.83,6544.9,0.0,0.04,0.13,0.09,0.0,0.0,0.0,0.01
2026-09-13 15:13:35,2.26,1.51,0.75,0.25,0.0,14.83,6544.9,0.0,0.04,0.13,0.09,0.0,0.0,0.0,0.01
2026-09-13 15:13:36,1.26,0.5,0.75,0.0,0.0,14.83,6544.9,0.0,0.04,0.13,0.09,0.0,0.0,0.0,0.01
2026-09-13 15:13:37,1.5,0.75,0.75,0.0,0.0,14.83,6544.9,0.0,0.03,0.13,0.09,0.0,0.0,0.0,0.01
2026-09-13 15:13:38,1.26,0.5,0.75,0.0,0.0,14.83,6544.8,0.0,0.03,0.13,0.09,0.0,0.0,0.0,0.01
2026-09-13 15:13:39,1.76,0.75,1.01,0.0,0.0,14.83,6544.7,0.0,0.03,0.13,0.09,0.25,0.0,0.0,0.01
2026-09-13 15:13:40,1.26,0.5,0.75,0.0,0.0,14.83,6544.7,0.0,0.03,0.13,0.09,0.0,0.0,0.0,0.01
2026-09-13 15:13:41,11.53,9.27,2.01,0.75,0.25,14.64,6559.2,0.0,0.03,0.13,0.09,0.0,0.03,0.01,0.01
2026-09-13 15:13:42,1.01,0.25,0.76,0.0,0.0,14.64,6559.1,0.0,0.03,0.13,0.09,0.0,0.0,0.0,0.01
2026-09-13 15:13:43,1.26,0.5,0.75,0.0,0.0,14.64,6559.1,0.0,0.03,0.13,0.09,0.0,0.0,0.0,0.01
2026-09-13 15:13:44,1.25,0.5,0.75,0.0,0.0,14.64,6559.1,0.0,0.03,0.13,0.09,0.0,0.0,0.0,0.01
2026-09-13 15:13:45,1.26,0.5,0.75,0.0,0.0,14.64,6559.1,0.0,0.03,0.13,0.09,0.0,0.0,0.0,0.02
2026-09-13 15:13:46,1.26,0.5,0.5,0.25,0.25,14.54,6566.9,0.0,0.03,0.13,0.09,0.0,0.07,0.0,0.01
2026-09-13 15:13:47,1.5,0.75,0.75,0.0,0.0,14.54,6567.0,0.0,0.03,0.13,0.09,0.0,0.0,0.0,0.01
2026-09-13 15:13:48,1.26,0.5,0.76,0.0,0.0,14.54,6566.6,0.0,0.03,0.13,0.09,0.0,0.0,0.0,0.01
2026-09-13 15:13:49,1.75,1.0,0.75,0.25,0.0,14.58,6564.1,0.0,0.03,0.13,0.09,0.25,0.01,0.0,0.01
2026-09-13 15:13:50,1.26,0.25,1.01,0.0,0.0,14.58,6564.1,0.0,0.03,0.13,0.09,0.0,0.01,0.0,0.01
2026-09-13 15:13:51,1.76,1.01,0.76,0.0,0.0,14.58,6563.7,0.0,0.03,0.13,0.09,0.0,0.0,0.0,0.01
2026-09-13 15:13:52,1.01,0.5,0.5,0.0,0.0,14.58,6563.7,0.0,0.02,0.12,0.09,0.0,0.0,0.0,0.01
2026-09-13 15:13:53,1.25,0.5,0.75,0.0,0.0,14.58,6563.7,0.0,0.02,0.12,0.09,0.0,0.0,0.0,0.01
2026-09-13 15:13:54,2.26,1.51,0.75,0.75,0.0,14.59,6563.4,0.0,0.02,0.12,0.09,0.0,0.01,0.0,0.0
2026-09-13 15:13:55,1.01,0.25,0.76,0.0,0.0,14.59,6563.4,0.0,0.02,0.12,0.09,0.0,0.0,0.0,0.01
2026-09-13 15:13:56,1.01,0.5,0.5,0.0,0.0,14.59,6563.4,0.0,0.02,0.12,0.09,0.0,0.0,0.0,0.01
2026-09-13 15:13:57,1.5,0.75,0.75,0.0,0.0,14.59,6563.4,0.0,0.02,0.12,0.09,0.0,0.0,0.0,0.01
2026-09-13 15:13:58,1.5,0.5,0.75,0.0,0.25,14.59,6563.2,0.0,0.02,0.12,0.09,0.0,0.0,0.0,0.01
2026-09-13 15:13:59,1.76,0.75,1.01,0.0,0.0,14.64,6559.3,0.0,0.02,0.12,0.09,0.25,0.0,0.0,0.01
2026-09-13 15:14:00,1.26,0.5,0.75,0.0,0.0,14.64,6559.2,0.0,0.02,0.12,0.09,0.0,0.0,0.0,0.0
2026-09-13 15:14:01,2.01,1.0,1.0,0.0,0.0,14.64,6559.2,0.0,0.02,0.12,0.09,0.0,0.0,0.0,0.01
2026-09-13 15:14:02,1.26,0.5,0.75,0.0,0.0,14.64,6559.2,0.0,0.02,0.12,0.09,0.0,0.0,0.0,0.01
2026-09-13 15:14:03,1.26,0.76,0.5,0.0,0.0,14.64,6559.1,0.0,0.02,0.12,0.09,0.0,0.0,0.0,0.01
2026-09-13 15:14:04,1.26,0.76,0.5,0.0,0.0,14.64,6559.0,0.0,0.02,0.12,0.09,0.0,0.0,0.0,0.0
2026-09-13 15:14:05,1.01,0.5,0.5,0.0,0.0,14.64,6559.0,0.0,0.02,0.12,0.09,0.0,0.0,0.0,0.0
2026-09-13 15:14:06,1.25,0.5,0.75,0.0,0.0,14.64,6559.0,0.0,0.02,0.12,0.09,0.0,0.0,0.0,0.01
2026-09-13 15:14:07,1.26,0.25,1.01,0.0,0.0,14.64,6559.0,0.0,0.02,0.12,0.09,0.0,0.0,0.0,0.01
2026-09-13 15:14:08,1.5,0.5,1.0,0.0,0.0,14.64,6559.0,0.0,0.02,0.12,0.09,0.0,0.0,0.0,0.01
2026-09-13 15:14:09,1.51,0.76,0.76,0.0,0.0,14.65,6558.8,0.0,0.02,0.12,0.09,0.25,0.0,0.0,0.01
2026-09-13 15:14:10,1.5,0.75,0.75,0.0,0.0,14.65,6558.8,0.0,0.02,0.12,0.09,0.0,0.0,0.0,0.0
2026-09-13 15:14:11,1.76,1.01,0.75,1.26,0.0,14.64,6558.9,0.0,0.02,0.12,0.09,0.0,0.9,0.0,0.01
2026-09-13 15:14:12,1.26,0.5,0.75,0.0,0.0,14.64,6559.0,0.0,0.02,0.12,0.09,0.0,0.0,0.0,0.01
2026-09-13 15:14:13,2.51,1.25,1.0,0.25,0.25,14.65,6558.8,0.0,0.02,0.12,0.09,0.0,0.0,0.0,0.01
2026-09-13 15:14:14,6.3,5.04,1.26,0.76,0.0,14.71,6553.9,0.0,0.02,0.12,0.09,0.14,0.0,0.0,0.01
2026-09-13 15:14:15,5.79,4.28,1.51,0.5,0.0,14.6,6562.6,0.0,0.02,0.12,0.09,0.0,0.02,0.0,0.01
2026-09-13 15:14:16,1.26,0.5,0.75,0.0,0.0,14.6,6562.3,0.0,0.02,0.12,0.09,0.0,0.0,0.0,0.01
2026-09-13 15:14:17,1.01,0.25,0.75,0.0,0.0,14.6,6562.1,0.0,0.02,0.11,0.09,0.0,0.0,0.0,0.01
2026-09-13 15:14:18,1.51,0.75,0.75,0.0,0.0,14.61,6562.0,0.0,0.02,0.11,0.09,0.0,0.0,0.0,0.01
2026-09-13 15:14:19,1.51,0.76,0.76,0.25,0.0,14.68,6556.1,0.0,0.02,0.11,0.09,0.25,0.01,0.0,0.01
2026-09-13 15:14:20,1.26,0.25,1.01,0.25,0.0,14.56,6565.1,0.0,0.02,0.11,0.09,0.0,0.02,0.0,0.01
2026-09-13 15:14:21,1.51,1.01,0.5,0.25,0.0,14.57,6564.8,0.0,0.02,0.11,0.09,0.0,0.0,0.0,0.01
2026-09-13 15:14:22,11.28,8.77,2.26,0.5,0.25,14.61,6561.6,0.0,0.09,0.13,0.09,0.0,0.02,0.01,0.01
2026-09-13 15:14:23,1.26,0.5,0.75,0.0,0.0,14.61,6561.4,0.0,0.09,0.13,0.09,0.0,0.0,0.0,0.01
2026-09-13 15:14:24,1.26,0.75,0.5,0.0,0.0,14.61,6561.4,0.0,0.09,0.13,0.09,0.0,0.0,0.0,0.0
2026-09-13 15:14:25,1.26,0.5,0.75,0.0,0.0,14.61,6561.4,0.0,0.09,0.13,0.09,0.0,0.0,0.0,0.01
2026-09-13 15:14:26,1.01,0.25,0.75,0.0,0.0,14.62,6561.2,0.0,0.09,0.13,0.09,0.0,0.0,0.0,0.01
2026-09-13 15:14:27,1.26,0.5,0.76,0.0,0.0,14.52,6568.6,0.0,0.09,0.13,0.09,0.0,0.0,0.0,0.01
2026-09-13 15:14:28,1.26,0.5,0.75,0.5,0.0,14.52,6568.7,0.0,0.09,0.13,0.09,0.0,0.01,0.0,0.01
2026-09-13 15:14:29,2.26,0.75,1.5,0.0,0.0,14.54,6567.1,0.0,0.09,0.13,0.09,0.25,0.0,0.0,0.01
2026-09-13 15:14:30,1.26,0.5,0.75,0.0,0.0,14.54,6566.8,0.0,0.09,0.13,0.09,0.0,0.01,0.0,0.01
2026-09-13 15:14:31,1.76,1.26,0.5,0.0,0.0,14.56,6565.6,0.0,0.09,0.13,0.09,0.0,0.0,0.0,0.01
2026-09-13 15:14:32,2.26,1.5,0.5,0.5,0.25,14.56,6565.6,0.0,0.08,0.12,0.09,0.0,0.0,0.0,0.01
2026-09-13 15:14:33,1.5,0.5,1.0,0.0,0.0,14.56,6565.2,0.0,0.08,0.12,0.09,0.0,0.0,0.0,0.02
2026-09-13 15:14:34,1.26,0.5,0.76,0.0,0.0,14.56,6565.1,0.0,0.08,0.12,0.09,0.0,0.0,0.0,0.01
2026-09-13 15:14:35,1.26,0.5,0.75,0.0,0.0,14.56,6565.1,0.0,0.08,0.12,0.09,0.0,0.0,0.0,0.01
2026-09-13 15:14:36,1.26,0.76,0.5,0.0,0.0,14.57,6565.0,0.0,0.08,0.12,0.09,0.0,0.0,0.0,0.01
2026-09-13 15:14:37,1.26,0.75,0.5,0.0,0.0,14.57,6564.9,0.0,0.15,0.14,0.1,0.0,0.0,0.0,0.01
2026-09-13 15:14:38,1.01,0.5,0.5,0.0,0.0,14.57,6564.9,0.0,0.15,0.14,0.1,0.0,0.0,0.0,0.0
2026-09-13 15:14:39,1.26,0.5,0.76,0.0,0.0,14.57,6564.9,0.0,0.15,0.14,0.1,0.25,0.0,0.0,0.01
2026-09-13 15:14:40,1.75,0.75,1.0,0.0,0.0,14.57,6564.9,0.0,0.15,0.14,0.1,0.0,0.01,0.0,0.01
2026-09-13 15:14:41,2.01,1.0,0.75,0.25,0.25,14.58,6564.0,0.0,0.15,0.14,0.1,0.0,0.0,0.0,0.01
2026-09-13 15:14:42,1.26,0.5,0.75,0.0,0.0,14.58,6563.9,0.0,0.14,0.14,0.09,0.0,0.0,0.0,0.01
2026-09-13 15:14:43,1.26,0.5,0.76,0.0,0.0,14.58,6563.9,0.0,0.14,0.14,0.09,0.0,0.01,0.0,0.01
2026-09-13 15:14:44,1.25,0.5,0.75,0.0,0.0,14.58,6563.7,0.0,0.14,0.14,0.09,0.0,0.0,0.0,0.01
2026-09-13 15:14:45,1.01,0.25,0.76,0.25,0.0,14.58,6563.7,0.0,0.14,0.14,0.09,0.0,0.01,0.0,0.01
2026-09-13 15:14:46,1.51,0.75,0.75,1.26,0.0,14.58,6563.8,0.0,0.14,0.14,0.09,0.0,0.89,0.0,0.01
2026-09-13 15:14:47,1.01,0.5,0.5,0.0,0.0,14.58,6563.8,0.0,0.13,0.13,0.09,0.0,0.0,0.0,0.01
2026-09-13 15:14:48,1.26,0.5,0.76,0.0,0.0,14.58,6563.6,0.0,0.13,0.13,0.09,0.0,0.0,0.0,0.01
2026-09-13 15:14:49,1.75,0.75,0.75,0.0,0.25,14.58,6563.6,0.0,0.13,0.13,0.09,0.0,0.0,0.0,0.01
2026-09-13 15:14:50,1.51,0.76,0.76,0.0,0.0,14.59,6563.1,0.0,0.13,0.13,0.09,0.25,0.0,0.0,0.01
2026-09-13 15:14:51,2.77,2.02,0.76,0.25,0.0,14.59,6563.1,0.0,0.13,0.13,0.09,0.0,0.01,0.0,0.01
2026-09-13 15:14:52,1.26,0.25,1.01,0.0,0.0,14.59,6563.1,0.0,0.12,0.13,0.09,0.0,0.0,0.0,0.01
2026-09-13 15:14:53,1.01,0.5,0.5,0.0,0.0,14.59,6563.3,0.0,0.12,0.13,0.09,0.0,0.01,0.0,0.01
2026-09-13 15:14:54,1.75,0.75,1.0,0.0,0.0,14.59,6563.3,0.0,0.12,0.13,0.09,0.0,0.0,0.0,0.01
2026-09-13 15:14:55,1.01,0.5,0.5,0.0,0.0,14.59,6563.3,0.0,0.12,0.13,0.09,0.0,0.0,0.0,0.01
2026-09-13 15:14:56,1.75,0.5,1.0,0.0,0.25,14.59,6563.3,0.0,0.12,0.13,0.09,0.0,0.0,0.0,0.01
2026-09-13 15:14:57,1.01,0.25,0.76,0.0,0.0,14.59,6563.3,0.0,0.11,0.13,0.09,0.0,0.0,0.0,0.02
2026-09-13 15:14:58,1.26,0.5,0.75,0.0,0.0,14.59,6563.3,0.0,0.11,0.13,0.09,0.0,0.0,0.0,0.01
2026-09-13 15:14:59,1.25,0.5,0.75,0.0,0.0,14.59,6563.3,0.0,0.11,0.13,0.09,0.0,0.0,0.0,0.0
2026-09-13 15:15:00,1.76,0.75,1.01,0.0,0.0,14.59,6562.9,0.0,0.11,0.13,0.09,0.25,0.0,0.0,0.01
2026-09-13 15:15:01,1.51,1.01,0.5,0.25,0.0,14.6,6562.7,0.0,0.11,0.13,0.09,0.0,0.0,0.0,0.01
2026-09-13 15:15:02,1.25,0.5,0.75,0.0,0.0,14.6,6562.6,0.0,0.1,0.13,0.09,0.0,0.01,0.0,0.01
2026-09-13 15:15:03,1.51,0.5,0.75,0.0,0.25,14.6,6562.6,0.0,0.1,0.13,0.09,0.0,0.0,0.0,0.01
2026-09-13 15:15:04,1.01,0.25,0.76,0.0,0.0,14.6,6562.6,0.0,0.1,0.13,0.09,0.0,0.0,0.0,0.0
2026-09-13 15:15:05,1.26,0.5,0.75,0.0,0.0,14.6,6562.6,0.0,0.1,0.13,0.09,0.0,0.0,0.0,0.0
2026-09-13 15:15:06,1.26,0.5,0.75,0.0,0.0,14.6,6562.6,0.0,0.1,0.13,0.09,0.0,0.0,0.0,0.01
2026-09-13 15:15:07,0.76,0.25,0.51,0.0,0.0,14.6,6562.6,0.0,0.09,0.12,0.09,0.0,0.0,0.0,0.01
2026-09-13 15:15:08,1.5,0.75,0.75,0.0,0.0,14.6,6562.4,0.0,0.09,0.12,0.09,0.0,0.0,0.0,0.01
2026-09-13 15:15:09,1.01,0.5,0.5,0.0,0.0,14.6,6562.4,0.0,0.09,0.12,0.09,0.0,0.0,0.0,0.01
2026-09-13 15:15:10,2.76,1.5,1.0,0.25,0.25,14.64,6559.4,0.0,0.09,0.12,0.09,0.25,0.0,0.0,0.01
2026-09-13 15:15:11,2.01,1.25,0.75,0.25,0.0,14.64,6559.4,0.0,0.09,0.12,0.09,0.0,0.0,0.0,0.01
2026-09-13 15:15:12,1.26,0.75,0.5,0.0,0.0,14.64,6559.4,0.0,0.08,0.12,0.09,0.0,0.0,0.0,0.01
2026-09-13 15:15:13,1.01,0.25,0.76,0.0,0.0,14.64,6559.4,0.0,0.08,0.12,0.09,0.0,0.0,0.0,0.01
2026-09-13 15:15:14,1.01,0.5,0.5,0.0,0.0,14.64,6559.4,0.0,0.08,0.12,0.09,0.0,0.0,0.0,0.01
2026-09-13 15:15:15,1.26,0.5,0.75,0.0,0.0,14.64,6559.4,0.0,0.08,0.12,0.09,0.0,0.0,0.0,0.01
2026-09-13 15:15:16,1.26,0.25,1.01,0.0,0.0,14.64,6559.4,0.0,0.08,0.12,0.09,0.0,0.0,0.0,0.01
2026-09-13 15:15:17,1.26,0.75,0.5,0.0,0.0,14.64,6559.4,0.0,0.08,0.12,0.09,0.0,0.0,0.0,0.01
2026-09-13 15:15:18,1.51,0.5,0.75,0.0,0.25,14.64,6559.2,0.0,0.08,0.12,0.09,0.0,0.0,0.0,0.01
2026-09-13 15:15:19,1.26,0.5,0.75,0.0,0.0,14.64,6559.2,0.0,0.08,0.12,0.09,0.0,0.0,0.0,0.01
2026-09-13 15:15:20,1.51,0.76,0.76,0.0,0.0,14.69,6555.5,0.0,0.08,0.12,0.09,0.25,0.0,0.0,0.01
2026-09-13 15:15:21,1.52,1.01,0.51,0.0,0.0,14.69,6555.5,0.0,0.08,0.12,0.09,0.0,0.0,0.0,0.01
2026-09-13 15:15:22,1.25,0.5,0.75,0.0,0.0,14.69,6555.5,0.0,0.15,0.13,0.09,0.0,0.0,0.0,0.01
2026-09-13 15:15:23,1.01,0.5,0.5,0.0,0.0,14.69,6555.5,0.0,0.15,0.13,0.09,0.0,0.0,0.0,0.01
2026-09-13 15:15:24,1.01,0.25,0.75,1.76,0.0,14.69,6555.5,0.0,0.15,0.13,0.09,0.0,0.77,0.0,0.0
2026-09-13 15:15:25,1.51,0.75,0.75,0.0,0.0,14.69,6555.5,0.0,0.15,0.13,0.09,0.0,0.0,0.0,0.01
2026-09-13 15:15:26,1.5,0.75,0.75,0.0,0.0,14.69,6555.5,0.0,0.15,0.13,0.09,0.0,0.0,0.0,0.01
2026-09-13 15:15:27,1.5,0.5,0.75,0.0,0.25,14.69,6555.4,0.0,0.14,0.13,0.09,0.0,0.0,0.0,0.01
2026-09-13 15:15:28,0.76,0.25,0.51,0.0,0.0,14.69,6555.4,0.0,0.14,0.13,0.09,0.0,0.0,0.0,0.01
2026-09-13 15:15:29,2.27,1.51,0.76,0.0,0.0,14.64,6559.0,0.0,0.14,0.13,0.09,0.0,0.0,0.0,0.01
2026-09-13 15:15:30,1.76,0.75,1.01,0.75,0.0,14.68,6556.5,0.0,0.14,0.13,0.09,0.25,0.04,0.0,0.01
2026-09-13 15:15:31,2.01,1.0,1.0,0.25,0.0,14.69,6555.4,0.0,0.14,0.13,0.09,0.0,0.0,0.0,0.01
2026-09-13 15:15:32,1.5,0.75,0.5,0.0,0.25,14.69,6555.3,0.0,0.21,0.15,0.1,0.0,0.0,0.0,0.01
2026-09-13 15:15:33,1.26,0.5,0.75,0.0,0.0,14.69,6555.3,0.0,0.21,0.15,0.1,0.0,0.0,0.0,0.01
2026-09-13 15:15:34,1.01,0.5,0.5,0.0,0.0,14.7,6555.1,0.0,0.21,0.15,0.1,0.0,0.0,0.0,0.01
2026-09-13 15:15:35,1.01,0.25,0.76,0.0,0.0,14.7,6555.1,0.0,0.21,0.15,0.1,0.0,0.0,0.0,0.0
2026-09-13 15:15:36,1.76,0.75,1.01,0.25,0.0,14.6,6562.5,0.0,0.21,0.15,0.1,0.0,0.01,0.0,0.01
2026-09-13 15:15:37,1.26,0.5,0.75,0.0,0.0,14.6,6562.5,0.0,0.19,0.14,0.1,0.0,0.0,0.0,0.01
2026-09-13 15:15:38,1.26,0.5,0.75,0.0,0.0,14.6,6562.3,0.0,0.19,0.14,0.1,0.0,0.0,0.0,0.01
2026-09-13 15:15:39,1.01,0.25,0.76,0.0,0.0,14.6,6562.2,0.0,0.19,0.14,0.1,0.0,0.0,0.0,0.01
2026-09-13 15:15:40,1.76,1.01,0.75,0.0,0.0,14.6,6562.3,0.0,0.19,0.14,0.1,0.25,0.0,0.0,0.01
2026-09-13 15:15:41,2.01,1.0,0.75,0.25,0.25,14.61,6561.2,0.0,0.19,0.14,0.1,0.0,0.0,0.0,0.01
2026-09-13 15:15:42,1.25,0.5,0.75,0.0,0.0,14.62,6561.0,0.0,0.18,0.14,0.1,0.0,0.0,0.0,0.01
2026-09-13 15:15:43,1.01,0.5,0.5,0.0,0.0,14.62,6560.9,0.0,0.18,0.14,0.1,0.0,0.0,0.0,0.01
2026-09-13 15:15:44,1.26,0.5,0.75,0.0,0.0,14.62,6560.8,0.0,0.18,0.14,0.1,0.0,0.0,0.0,0.01
2026-09-13 15:15:45,1.75,0.5,1.0,0.0,0.25,14.62,6560.6,0.0,0.18,0.14,0.1,0.0,0.01,0.0,0.02
2026-09-13 15:15:46,1.01,0.5,0.5,0.0,0.0,14.62,6560.5,0.0,0.18,0.14,0.1,0.0,0.0,0.0,0.01
2026-09-13 15:15:47,1.5,0.5,1.0,0.0,0.0,14.62,6560.5,0.0,0.16,0.14,0.1,0.0,0.0,0.0,0.01
2026-09-13 15:15:48,2.26,1.51,0.75,0.25,0.0,14.59,6563.4,0.0,0.16,0.14,0.1,0.0,0.0,0.0,0.01
2026-09-13 15:15:49,1.26,0.5,0.75,0.0,0.0,14.59,6563.5,0.0,0.16,0.14,0.1,0.0,0.0,0.0,0.01
2026-09-13 15:15:50,1.76,0.75,1.01,0.0,0.0,14.65,6558.8,0.0,0.16,0.14,0.1,0.25,0.0,0.0,0.01
2026-09-13 15:15:51,1.76,1.01,0.76,0.0,0.0,14.65,6558.5,0.0,0.16,0.14,0.1,0.0,0.0,0.0,0.01
2026-09-13 15:15:52,1.5,0.5,1.0,0.0,0.0,14.65,6558.5,0.0,0.15,0.14,0.09,0.0,0.0,0.0,0.01
2026-09-13 15:15:53,1.5,0.5,0.75,0.0,0.25,14.65,6558.5,0.0,0.15,0.14,0.09,0.0,0.0,0.0,0.01
2026-09-13 15:15:54,1.25,0.25,1.0,1.0,0.0,14.65,6558.7,0.0,0.15,0.14,0.09,0.0,0.76,0.0,0.0
2026-09-13 15:15:55,1.26,0.5,0.75,0.0,0.0,14.65,6558.7,0.0,0.15,0.14,0.09,0.0,0.01,0.0,0.01
2026-09-13 15:15:56,1.26,0.5,0.75,0.0,0.0,14.65,6558.9,0.0,0.15,0.14,0.09,0.0,0.0,0.0,0.01
2026-09-13 15:15:57,1.26,0.5,0.75,0.0,0.0,14.65,6558.9,0.0,0.14,0.13,0.09,0.0,0.0,0.0,0.01
2026-09-13 15:15:58,1.01,0.5,0.5,0.0,0.0,14.65,6558.9,0.0,0.14,0.13,0.09,0.0,0.0,0.0,0.01
2026-09-13 15:15:59,1.75,0.75,1.0,0.0,0.0,14.65,6558.9,0.0,0.14,0.13,0.09,0.0,0.0,0.0,0.01
2026-09-13 15:16:00,1.51,0.5,1.01,0.0,0.0,14.7,6555.0,0.0,0.14,0.13,0.09,0.25,0.0,0.0,0.01
2026-09-13 15:16:01,1.51,1.01,0.5,0.25,0.0,14.7,6555.0,0.0,0.14,0.13,0.09,0.0,0.03,0.0,0.0
2026-09-13 15:16:02,1.5,0.5,0.75,0.0,0.25,14.7,6555.0,0.0,0.12,0.13,0.09,0.0,0.0,0.0,0.01
2026-09-13 15:16:03,1.51,0.75,0.75,0.0,0.0,14.7,6554.8,0.0,0.12,0.13,0.09,0.0,0.0,0.0,0.01
2026-09-13 15:16:04,1.5,0.5,1.0,0.0,0.0,14.7,6554.8,0.0,0.12,0.13,0.09,0.0,0.0,0.0,0.0
2026-09-13 15:16:05,0.76,0.25,0.51,0.0,0.0,14.7,6554.8,0.0,0.12,0.13,0.09,0.0,0.0,0.0,0.01
2026-09-13 15:16:06,1.51,0.75,0.75,0.0,0.0,14.7,6554.6,0.0,0.12,0.13,0.09,0.0,0.0,0.0,0.01
2026-09-13 15:16:07,2.01,1.26,0.75,0.25,0.0,14.7,6554.5,0.0,0.11,0.13,0.09,0.0,0.0,0.0,0.01
2026-09-13 15:16:08,1.26,0.5,0.75,0.0,0.0,14.7,6554.5,0.0,0.11,0.13,0.09,0.0,0.01,0.0,0.0
2026-09-13 15:16:09,1.26,0.5,0.75,0.0,0.0,14.7,6554.5,0.0,0.11,0.13,0.09,0.0,0.0,0.0,0.01
2026-09-13 15:16:10,1.51,0.5,1.01,0.0,0.0,14.7,6554.5,0.0,0.11,0.13,0.09,0.25,0.0,0.0,0.01
2026-09-13 15:16:11,2.01,1.25,0.75,0.0,0.0,14.72,6553.4,0.0,0.11,0.13,0.09,0.0,0.0,0.0,0.01
2026-09-13 15:16:12,1.01,0.25,0.76,0.0,0.0,14.72,6553.3,0.0,0.11,0.13,0.09,0.0,0.0,0.0,0.01
2026-09-13 15:16:13,1.01,0.5,0.5,0.0,0.0,14.72,6553.3,0.0,0.11,0.13,0.09,0.0,0.0,0.0,0.01
2026-09-13 15:16:14,1.5,0.25,1.0,0.0,0.25,14.72,6553.3,0.0,0.11,0.13,0.09,0.0,0.0,0.0,0.01
2026-09-13 15:16:15,1.26,0.75,0.5,0.0,0.0,14.72,6553.3,0.0,0.11,0.13,0.09,0.0,0.0,0.0,0.01
2026-09-13 15:16:16,1.26,0.75,0.5,0.0,0.0,14.72,6553.3,0.0,0.11,0.13,0.09,0.0,0.0,0.0,0.01
2026-09-13 15:16:17,1.01,0.25,0.76,0.0,0.0,14.72,6553.3,0.0,0.1,0.12,0.09,0.0,0.0,0.0,0.01
2026-09-13 15:16:18,1.5,0.75,0.75,0.0,0.0,14.72,6553.3,0.0,0.1,0.12,0.09,0.0,0.0,0.0,0.01
2026-09-13 15:16:19,1.01,0.5,0.5,0.0,0.0,14.72,6553.3,0.0,0.1,0.12,0.09,0.0,0.0,0.0,0.01
2026-09-13 15:16:20,1.51,0.76,0.76,0.0,0.0,14.72,6553.3,0.0,0.1,0.12,0.09,0.25,0.0,0.0,0.01
2026-09-13 15:16:21,1.51,0.76,0.76,0.25,0.0,14.72,6553.3,0.0,0.1,0.12,0.09,0.0,0.0,0.0,0.01
2026-09-13 15:16:22,1.5,0.5,0.75,0.0,0.25,14.72,6553.1,0.0,0.09,0.12,0.09,0.0,0.0,0.0,0.0
2026-09-13 15:16:23,1.26,0.5,0.75,0.0,0.0,14.72,6553.1,0.0,0.09,0.12,0.09,0.0,0.0,0.0,0.01
2026-09-13 15:16:24,1.01,0.5,0.5,0.0,0.0,14.72,6553.1,0.0,0.09,0.12,0.09,0.0,0.0,0.0,0.0
2026-09-13 15:16:25,1.26,0.5,0.75,0.0,0.0,14.72,6553.1,0.0,0.09,0.12,0.09,0.0,0.0,0.0,0.01
2026-09-13 15:16:26,2.51,1.25,1.25,1.25,0.0,14.72,6553.2,0.0,0.09,0.12,0.09,0.0,0.77,0.0,0.01
2026-09-13 15:16:27,0.76,0.25,0.51,0.0,0.0,14.72,6553.0,0.0,0.08,0.12,0.09,0.0,0.0,0.0,0.01
2026-09-13 15:16:28,1.51,0.75,0.75,0.0,0.0,14.72,6553.0,0.0,0.08,0.12,0.09,0.0,0.0,0.0,0.01
2026-09-13 15:16:29,1.5,0.5,0.75,0.0,0.25,14.72,6553.0,0.0,0.08,0.12,0.09,0.0,0.0,0.0,0.01
2026-09-13 15:16:30,1.76,0.5,1.26,0.0,0.0,14.72,6553.0,0.0,0.08,0.12,0.09,0.25,0.0,0.0,0.01
2026-09-13 15:16:31,2.0,1.0,1.0,0.25,0.0,14.72,6553.0,0.0,0.08,0.12,0.09,0.0,0.0,0.0,0.01
2026-09-13 15:16:32,1.26,0.5,0.75,0.0,0.0,14.72,6553.0,0.0,0.07,0.12,0.09,0.0,0.0,0.0,0.01
2026-09-13 15:16:33,1.5,0.5,1.0,0.0,0.0,14.72,6553.0,0.0,0.07,0.12,0.09,0.0,0.0,0.0,0.01
2026-09-13 15:16:34,1.01,0.25,0.76,0.0,0.0,14.72,6553.0,0.0,0.07,0.12,0.09,0.0,0.0,0.0,0.01
2026-09-13 15:16:35,1.51,0.75,0.75,0.0,0.0,14.72,6553.0,0.0,0.07,0.12,0.09,0.0,0.0,0.0,0.0
2026-09-13 15:16:36,1.26,0.5,0.75,0.0,0.0,14.72,6553.0,0.0,0.07,0.12,0.09,0.0,0.0,0.0,0.01
2026-09-13 15:16:37,1.25,0.5,0.75,0.0,0.0,14.72,6552.8,0.0,0.07,0.11,0.09,0.0,0.0,0.0,0.01
2026-09-13 15:16:38,1.25,0.5,0.75,0.0,0.0,14.73,6552.8,0.0,0.07,0.11,0.09,0.0,0.0,0.0,0.0
2026-09-13 15:16:39,0.51,0.25,0.25,0.0,0.0,14.73,6552.8,0.0,0.07,0.11,0.09,0.0,0.01,0.0,0.01
2026-09-13 15:16:40,1.75,0.75,0.75,0.0,0.25,14.77,6549.0,0.0,0.07,0.11,0.09,0.25,0.0,0.0,0.01
2026-09-13 15:16:41,1.76,1.01,0.76,0.0,0.0,14.77,6549.0,0.0,0.07,0.11,0.09,0.0,0.0,0.0,0.01
2026-09-13 15:16:42,1.01,0.25,0.75,0.0,0.0,14.77,6549.0,0.0,0.06,0.11,0.09,0.0,0.0,0.0,0.01
2026-09-13 15:16:43,0.76,0.25,0.5,0.0,0.0,14.77,6549.0,0.0,0.06,0.11,0.09,0.0,0.0,0.0,0.01
2026-09-13 15:16:44,1.5,0.5,1.0,0.0,0.0,14.78,6548.9,0.0,0.06,0.11,0.09,0.0,0.0,0.0,0.01
2026-09-13 15:16:45,2.01,1.26,0.75,0.25,0.0,14.78,6548.8,0.0,0.06,0.11,0.09,0.0,0.0,0.0,0.02
2026-09-13 15:16:46,1.5,0.5,0.75,0.0,0.25,14.78,6548.8,0.0,0.06,0.11,0.09,0.0,0.0,0.0,0.01
2026-09-13 15:16:47,1.01,0.25,0.75,0.0,0.0,14.78,6548.8,0.0,0.06,0.11,0.09,0.0,0.01,0.0,0.01
2026-09-13 15:16:48,1.26,0.5,0.75,0.0,0.0,14.78,6548.8,0.0,0.06,0.11,0.09,0.0,0.0,0.0,0.01
2026-09-13 15:16:49,1.26,0.5,0.75,0.0,0.0,14.78,6548.6,0.0,0.06,0.11,0.09,0.0,0.0,0.0,0.01
2026-09-13 15:16:50,1.26,0.76,0.51,0.0,0.0,14.78,6548.5,0.0,0.06,0.11,0.09,0.25,0.0,0.0,0.01
2026-09-13 15:16:51,1.5,0.75,0.75,0.25,0.0,14.78,6548.5,0.0,0.06,0.11,0.09,0.0,0.0,0.0,0.01
2026-09-13 15:16:52,1.01,0.25,0.75,0.0,0.0,14.78,6548.5,0.0,0.05,0.11,0.09,0.0,0.0,0.0,0.01
2026-09-13 15:16:53,1.25,0.5,0.5,0.0,0.25,14.78,6548.4,0.0,0.05,0.11,0.09,0.0,0.0,0.0,0.01
2026-09-13 15:16:54,1.01,0.25,0.75,0.0,0.0,14.78,6548.3,0.0,0.05,0.11,0.09,0.0,0.0,0.0,0.0
2026-09-13 15:16:55,0.76,0.25,0.5,0.0,0.0,14.78,6548.3,0.0,0.05,0.11,0.09,0.0,0.0,0.0,0.01
2026-09-13 15:16:56,1.01,0.25,0.76,0.0,0.0,14.78,6548.3,0.0,0.05,0.11,0.09,0.0,0.0,0.0,0.01
2026-09-13 15:16:57,1.01,0.25,0.75,0.0,0.0,14.78,6548.3,0.0,0.05,0.11,0.09,0.0,0.0,0.0,0.02
2026-09-13 15:16:58,1.01,0.25,0.5,0.0,0.25,14.78,6548.3,0.0,0.05,0.11,0.09,0.0,0.0,0.0,0.01
2026-09-13 15:16:59,1.25,0.5,0.75,0.0,0.0,14.78,6548.3,0.0,0.05,0.11,0.09,0.0,0.0,0.0,0.0
2026-09-13 15:17:00,1.51,0.76,0.76,0.0,0.0,14.79,6548.1,0.0,0.05,0.11,0.09,0.25,0.0,0.0,0.01
2026-09-13 15:17:01,1.51,0.76,0.76,0.0,0.0,14.79,6548.0,0.0,0.05,0.11,0.09,0.0,0.0,0.0,0.01
2026-09-13 15:17:02,1.25,0.5,0.75,0.0,0.0,14.79,6548.0,0.0,0.04,0.1,0.09,0.0,0.0,0.0,0.01
2026-09-13 15:17:03,1.26,0.5,0.75,0.0,0.0,14.79,6548.0,0.0,0.04,0.1,0.09,0.0,0.0,0.0,0.01
2026-09-13 15:17:04,2.01,1.26,0.75,0.25,0.0,14.79,6548.0,0.0,0.04,0.1,0.09,0.0,0.0,0.0,0.0
2026-09-13 15:17:05,0.76,0.25,0.5,0.0,0.0,14.79,6548.0,0.0,0.04,0.1,0.09,0.0,0.0,0.0,0.0
2026-09-13 15:17:06,0.76,0.25,0.5,0.0,0.0,14.79,6548.0,0.0,0.04,0.1,0.09,0.0,0.0,0.0,0.01
2026-09-13 15:17:07,1.75,0.75,1.0,0.0,0.0,14.79,6548.0,0.0,0.04,0.1,0.08,0.0,0.0,0.0,0.01
2026-09-13 15:17:08,0.76,0.25,0.5,0.0,0.0,14.79,6548.0,0.0,0.04,0.1,0.08,0.0,0.0,0.0,0.01
2026-09-13 15:17:09,1.25,0.25,0.75,0.0,0.25,14.79,6547.9,0.0,0.04,0.1,0.08,0.0,0.0,0.0,0.01
2026-09-13 15:17:10,1.51,0.76,0.76,0.0,0.0,14.79,6547.8,0.0,0.04,0.1,0.08,0.25,0.01,0.0,0.01
2026-09-13 15:17:11,1.26,0.5,0.76,1.26,0.0,14.79,6548.0,0.0,0.04,0.1,0.08,0.0,0.76,0.0,0.01
2026-09-13 15:17:12,1.25,0.5,0.75,0.0,0.0,14.79,6548.0,0.0,0.04,0.1,0.08,0.0,0.0,0.0,0.01
2026-09-13 15:17:13,1.25,0.5,0.75,0.0,0.0,14.79,6548.0,0.0,0.04,0.1,0.08,0.0,0.0,0.0,0.01
2026-09-13 15:17:14,0.76,0.25,0.5,0.0,0.0,14.79,6548.0,0.0,0.04,0.1,0.08,0.0,0.0,0.0,0.01
2026-09-13 15:17:15,1.01,0.5,0.5,0.0,0.0,14.79,6547.8,0.0,0.04,0.1,0.08,0.0,0.0,0.0,0.01
2026-09-13 15:17:16,1.01,0.5,0.5,0.0,0.0,14.79,6547.7,0.0,0.04,0.1,0.08,0.0,0.0,0.0,0.01
2026-09-13 15:17:17,1.01,0.25,0.75,0.0,0.0,14.79,6547.7,0.0,0.03,0.1,0.08,0.0,0.0,0.0,0.01
2026-09-13 15:17:18,1.26,0.5,0.75,0.0,0.0,14.79,6547.7,0.0,0.03,0.1,0.08,0.0,0.0,0.0,0.01
2026-09-13 15:17:19,1.01,0.25,0.75,0.0,0.0,14.79,6547.9,0.0,0.03,0.1,0.08,0.0,0.0,0.0,0.01
2026-09-13 15:17:20,1.51,0.5,1.01,0.0,0.0,14.79,6547.7,0.0,0.03,0.1,0.08,0.25,0.0,0.0,0.01
2026-09-13 15:17:21,1.75,0.75,0.75,0.0,0.25,14.79,6547.7,0.0,0.03,0.1,0.08,0.0,0.0,0.0,0.01
2026-09-13 15:17:22,1.01,0.5,0.5,0.25,0.0,14.79,6547.7,0.0,0.03,0.1,0.08,0.0,0.0,0.0,0.0
2026-09-13 15:17:23,2.26,1.26,1.01,0.0,0.0,14.79,6547.7,0.0,0.03,0.1,0.08,0.0,0.0,0.0,0.01
2026-09-13 15:17:24,0.51,0.25,0.25,0.0,0.0,14.79,6547.7,0.0,0.03,0.1,0.08,0.0,0.0,0.0,0.0
2026-09-13 15:17:25,1.26,0.5,0.75,0.0,0.0,14.79,6547.7,0.0,0.03,0.1,0.08,0.0,0.0,0.0,0.01
2026-09-13 15:17:26,1.26,0.5,0.75,0.0,0.0,14.79,6547.7,0.0,0.03,0.1,0.08,0.0,0.0,0.0,0.01
2026-09-13 15:17:27,1.01,0.5,0.5,0.0,0.0,14.79,6547.7,0.0,0.03,0.09,0.08,0.0,0.0,0.0,0.01
2026-09-13 15:17:28,1.25,0.5,0.75,0.0,0.0,14.79,6547.4,0.0,0.03,0.09,0.08,0.0,0.0,0.0,0.01
2026-09-13 15:17:29,1.26,0.25,0.75,0.0,0.25,14.79,6547.4,0.0,0.03,0.09,0.08,0.0,0.0,0.0,0.01
2026-09-13 15:17:30,1.51,0.75,0.75,0.0,0.0,14.79,6547.4,0.0,0.03,0.09,0.08,0.25,0.0,0.0,0.01
2026-09-13 15:17:31,1.26,0.5,0.75,0.0,0.0,14.79,6547.4,0.0,0.03,0.09,0.08,0.0,0.0,0.0,0.01
2026-09-13 15:17:32,1.75,0.75,1.0,0.25,0.0,14.79,6547.4,0.0,0.11,0.11,0.09,0.0,0.0,0.0,0.02
2026-09-13 15:17:33,1.26,0.5,0.75,0.0,0.0,14.8,6547.3,0.0,0.11,0.11,0.09,0.0,0.0,0.0,0.01
2026-09-13 15:17:34,1.26,0.5,0.75,0.0,0.0,14.8,6547.2,0.0,0.11,0.11,0.09,0.0,0.0,0.0,0.01
2026-09-13 15:17:35,1.01,0.5,0.5,0.0,0.0,14.8,6547.2,0.0,0.11,0.11,0.09,0.0,0.0,0.0,0.0
2026-09-13 15:17:36,1.25,0.5,0.75,0.0,0.0,14.8,6547.2,0.0,0.11,0.11,0.09,0.0,0.0,0.0,0.01
2026-09-13 15:17:37,1.01,0.25,0.5,0.0,0.25,14.8,6547.2,0.0,0.1,0.11,0.09,0.0,0.0,0.0,0.01
2026-09-13 15:17:38,0.76,0.25,0.51,0.0,0.0,14.8,6547.2,0.0,0.1,0.11,0.09,0.0,0.0,0.0,0.01
2026-09-13 15:17:39,1.01,0.5,0.5,0.0,0.0,14.8,6546.9,0.0,0.1,0.11,0.09,0.0,0.0,0.0,0.01
2026-09-13 15:17:40,1.75,0.5,1.25,0.0,0.0,14.74,6552.0,0.0,0.1,0.11,0.09,0.25,0.0,0.0,0.01
2026-09-13 15:17:41,0.76,0.25,0.51,0.0,0.0,14.73,6552.1,0.0,0.1,0.11,0.09,0.0,0.0,0.0,0.01
2026-09-13 15:17:42,2.76,1.76,0.75,0.25,0.25,14.74,6551.8,0.0,0.09,0.11,0.09,0.0,0.0,0.0,0.01
2026-09-13 15:17:43,1.25,0.5,0.75,0.0,0.0,14.74,6551.8,0.0,0.09,0.11,0.09,0.0,0.0,0.0,0.01
2026-09-13 15:17:44,1.01,0.5,0.5,0.0,0.0,14.74,6551.8,0.0,0.09,0.11,0.09,0.0,0.0,0.0,0.01
2026-09-13 15:17:45,1.01,0.25,0.75,0.0,0.0,14.74,6551.8,0.0,0.09,0.11,0.09,0.0,0.0,0.0,0.02
2026-09-13 15:17:46,1.01,0.25,0.5,0.0,0.25,14.74,6551.8,0.0,0.09,0.11,0.09,0.0,0.0,0.0,0.01
2026-09-13 15:17:47,1.01,0.5,0.5,0.0,0.0,14.74,6551.8,0.0,0.08,0.1,0.09,0.0,0.0,0.0,0.01
2026-09-13 15:17:48,1.26,0.25,1.01,0.0,0.0,14.74,6551.7,0.0,0.08,0.1,0.09,0.0,0.0,0.0,0.01
2026-09-13 15:17:49,1.01,0.5,0.5,1.01,0.0,14.74,6551.5,0.0,0.08,0.1,0.09,0.0,0.76,0.0,0.01
2026-09-13 15:17:50,1.26,0.76,0.51,0.0,0.0,14.74,6551.7,0.0,0.08,0.1,0.09,0.25,0.01,0.0,0.01
2026-09-13 15:17:51,1.01,0.5,0.5,0.0,0.0,14.74,6551.7,0.0,0.08,0.1,0.09,0.0,0.0,0.0,0.01
2026-09-13 15:17:52,1.5,0.75,0.75,0.25,0.0,14.74,6551.7,0.0,0.08,0.1,0.09,0.0,0.0,0.0,0.01
2026-09-13 15:17:53,1.26,0.5,0.75,0.0,0.0,14.74,6551.7,0.0,0.08,0.1,0.09,0.0,0.0,0.0,0.01
2026-09-13 15:17:54,0.75,0.5,0.25,0.0,0.0,14.74,6551.7,0.0,0.08,0.1,0.09,0.0,0.0,0.0,0.0
2026-09-13 15:17:55,1.25,0.5,0.75,0.0,0.0,14.74,6551.7,0.0,0.08,0.1,0.09,0.0,0.0,0.0,0.01
2026-09-13 15:17:56,1.01,0.25,0.75,0.0,0.0,14.74,6551.7,0.0,0.08,0.1,0.09,0.0,0.0,0.0,0.01
2026-09-13 15:17:57,1.01,0.25,0.76,0.0,0.0,14.74,6551.5,0.0,0.07,0.1,0.09,0.0,0.0,0.0,0.01
2026-09-13 15:17:58,1.25,0.25,0.75,0.0,0.25,14.74,6551.5,0.0,0.07,0.1,0.09,0.0,0.0,0.0,0.01
2026-09-13 15:17:59,1.25,0.5,0.75,0.0,0.0,14.74,6551.5,0.0,0.07,0.1,0.09,0.0,0.0,0.0,0.0
2026-09-13 15:18:00,1.75,0.75,1.0,0.0,0.0,14.74,6551.5,0.0,0.07,0.1,0.09,0.25,0.0,0.0,0.01
2026-09-13 15:18:01,1.76,1.26,0.5,0.25,0.0,14.74,6551.5,0.0,0.07,0.1,0.09,0.0,0.0,0.0,0.0
2026-09-13 15:18:02,1.76,0.75,1.01,0.0,0.0,14.74,6551.5,0.0,0.14,0.12,0.09,0.0,0.0,0.0,0.01
2026-09-13 15:18:03,1.01,0.5,0.5,0.0,0.0,14.74,6551.5,0.0,0.14,0.12,0.09,0.0,0.0,0.0,0.01
2026-09-13 15:18:04,1.01,0.5,0.5,0.0,0.0,14.74,6551.5,0.0,0.14,0.12,0.09,0.0,0.0,0.0,0.0
2026-09-13 15:18:05,1.5,0.5,0.75,0.0,0.25,14.74,6551.5,0.0,0.14,0.12,0.09,0.0,0.0,0.0,0.0
2026-09-13 15:18:06,1.01,0.5,0.5,0.0,0.0,14.74,6551.5,0.0,0.14,0.12,0.09,0.0,0.0,0.0,0.01
2026-09-13 15:18:07,1.01,0.5,0.5,0.0,0.0,14.74,6551.5,0.0,0.13,0.11,0.09,0.0,0.0,0.0,0.01
2026-09-13 15:18:08,0.76,0.25,0.51,0.0,0.0,14.74,6551.5,0.0,0.13,0.11,0.09,0.0,0.0,0.0,0.0
2026-09-13 15:18:09,1.01,0.5,0.5,0.0,0.0,14.74,6551.5,0.0,0.13,0.11,0.09,0.0,0.0,0.0,0.01
2026-09-13 15:18:10,1.51,0.5,1.01,0.0,0.0,14.75,6551.2,0.0,0.13,0.11,0.09,0.25,0.0,0.0,0.01
2026-09-13 15:18:11,0.76,0.25,0.5,0.0,0.0,14.75,6551.2,0.0,0.13,0.11,0.09,0.0,0.0,0.0,0.01
2026-09-13 15:18:12,1.51,0.75,0.75,0.25,0.0,14.75,6551.2,0.0,0.12,0.11,0.09,0.0,0.0,0.0,0.01
2026-09-13 15:18:13,1.75,0.75,0.75,0.0,0.25,14.75,6551.2,0.0,0.12,0.11,0.09,0.0,0.01,0.0,0.01
2026-09-13 15:18:14,0.76,0.25,0.51,0.0,0.0,14.75,6551.2,0.0,0.12,0.11,0.09,0.0,0.0,0.0,0.01
2026-09-13 15:18:15,1.25,0.5,0.75,0.5,0.0,14.75,6551.2,0.0,0.12,0.11,0.09,0.0,0.02,0.0,0.01
2026-09-13 15:18:16,1.01,0.25,0.76,1.76,0.0,14.75,6551.0,0.0,0.12,0.11,0.09,0.0,0.2,0.0,0.01
2026-09-13 15:18:17,1.01,0.5,0.5,0.0,0.0,14.75,6551.0,0.0,0.11,0.11,0.09,0.0,0.0,0.0,0.01
2026-09-13 15:18:18,1.25,0.5,0.75,0.0,0.0,14.75,6551.0,0.0,0.11,0.11,0.09,0.0,0.0,0.0,0.01
2026-09-13 15:18:19,1.01,0.5,0.5,1.26,0.0,14.75,6551.0,0.0,0.11,0.11,0.09,0.0,0.76,0.0,0.01
2026-09-13 15:18:20,2.27,1.51,0.76,0.25,0.0,14.76,6550.2,0.0,0.11,0.11,0.09,0.25,0.01,0.0,0.01
2026-09-13 15:18:21,0.76,0.25,0.5,0.0,0.0,14.76,6549.8,0.0,0.11,0.11,0.09,0.0,0.0,0.0,0.01
2026-09-13 15:18:22,1.76,1.01,0.75,0.0,0.0,14.76,6549.8,0.0,0.1,0.11,0.09,0.0,0.0,0.0,0.0
2026-09-13 15:18:23,1.25,0.5,0.75,0.0,0.0,14.76,6549.8,0.0,0.1,0.11,0.09,0.0,0.0,0.0,0.01
2026-09-13 15:18:24,0.76,0.25,0.5,0.25,0.0,14.76,6549.9,0.0,0.1,0.11,0.09,0.0,0.01,0.0,0.0
2026-09-13 15:18:25,1.25,0.5,0.75,0.0,0.0,14.76,6549.9,0.0,0.1,0.11,0.09,0.0,0.0,0.0,0.01
2026-09-13 15:18:26,1.26,0.5,0.75,0.0,0.0,14.76,6549.9,0.0,0.1,0.11,0.09,0.0,0.0,0.0,0.01
2026-09-13 15:18:27,1.5,0.5,0.75,0.0,0.25,14.76,6549.9,0.0,0.09,0.11,0.09,0.0,0.0,0.0,0.01
2026-09-13 15:18:28,1.01,0.5,0.5,0.0,0.0,14.76,6549.7,0.0,0.09,0.11,0.09,0.0,0.0,0.0,0.01
2026-09-13 15:18:29,1.25,0.5,0.75,0.0,0.0,14.66,6557.4,0.0,0.09,0.11,0.09,0.0,0.0,0.0,0.01
2026-09-13 15:18:30,1.51,0.76,0.76,0.25,0.0,14.73,6552.7,0.0,0.09,0.11,0.09,0.25,0.01,0.0,0.01
2026-09-13 15:18:31,0.76,0.25,0.51,0.0,0.0,14.73,6552.6,0.0,0.09,0.11,0.09,0.0,0.0,0.0,0.01
2026-09-13 15:18:32,1.51,1.01,0.5,0.25,0.0,14.73,6552.6,0.0,0.09,0.1,0.09,0.0,0.0,0.0,0.01
2026-09-13 15:18:33,1.75,0.75,0.75,0.0,0.25,14.63,6560.3,0.0,0.09,0.1,0.09,0.0,0.0,0.0,0.01
2026-09-13 15:18:34,1.5,0.5,1.0,0.0,0.0,14.63,6560.3,0.0,0.09,0.1,0.09,0.0,0.0,0.0,0.01
2026-09-13 15:18:35,1.25,0.5,0.75,0.0,0.0,14.63,6560.3,0.0,0.09,0.1,0.09,0.0,0.0,0.0,0.01
2026-09-13 15:18:36,1.51,0.5,1.01,0.0,0.0,14.58,6564.2,0.0,0.09,0.1,0.09,0.0,0.0,0.0,0.01
2026-09-13 15:18:37,1.01,0.5,0.5,0.0,0.0,14.58,6564.2,0.0,0.08,0.1,0.09,0.0,0.0,0.0,0.01
2026-09-13 15:18:38,0.75,0.25,0.5,0.0,0.0,14.58,6564.2,0.0,0.08,0.1,0.09,0.0,0.0,0.0,0.0
2026-09-13 15:18:39,2.01,1.26,0.75,0.25,0.0,14.58,6563.9,0.0,0.08,0.1,0.09,0.0,0.0,0.0,0.01
2026-09-13 15:18:40,1.51,0.5,1.01,0.0,0.0,14.6,6562.7,0.0,0.08,0.1,0.09,0.25,0.0,0.0,0.01
2026-09-13 15:18:41,1.25,0.5,0.5,0.0,0.25,14.6,6562.7,0.0,0.08,0.1,0.09,0.0,0.0,0.0,0.01
2026-09-13 15:18:42,1.51,0.75,0.75,0.25,0.0,14.6,6562.4,0.0,0.07,0.1,0.09,0.0,0.0,0.0,0.01
2026-09-13 15:18:43,1.01,0.5,0.5,0.0,0.0,14.6,6562.4,0.0,0.07,0.1,0.09,0.0,0.0,0.0,0.01
2026-09-13 15:18:44,1.01,0.25,0.75,0.0,0.0,14.6,6562.4,0.0,0.07,0.1,0.09,0.0,0.01,0.0,0.01
2026-09-13 15:18:45,1.25,0.5,0.75,0.0,0.0,14.6,6562.4,0.0,0.07,0.1,0.09,0.0,0.0,0.0,0.02
2026-09-13 15:18:46,0.76,0.25,0.51,0.0,0.0,14.6,6562.4,0.0,0.07,0.1,0.09,0.0,0.06,0.0,0.01
2026-09-13 15:18:47,1.25,0.75,0.5,0.0,0.0,14.6,6562.4,0.0,0.15,0.11,0.09,0.0,0.0,0.0,0.01
2026-09-13 15:18:48,1.01,0.25,0.76,0.0,0.0,14.61,6562.0,0.0,0.15,0.11,0.09,0.0,0.0,0.0,0.01
2026-09-13 15:18:49,1.5,0.5,0.75,0.0,0.25,14.61,6562.0,0.0,0.15,0.11,0.09,0.0,0.0,0.0,0.01
2026-09-13 15:18:50,1.51,0.5,1.01,0.0,0.0,14.61,6562.0,0.0,0.15,0.11,0.09,0.25,0.0,0.0,0.01
2026-09-13 15:18:51,0.76,0.25,0.5,0.0,0.0,14.61,6562.0,0.0,0.15,0.11,0.09,0.0,0.0,0.0,0.01
2026-09-13 15:18:52,1.51,1.01,0.5,1.26,0.0,14.6,6562.0,0.0,0.13,0.11,0.09,0.0,0.77,0.0,0.01
2026-09-13 15:18:53,1.25,0.5,0.75,0.0,0.0,14.61,6561.8,0.0,0.13,0.11,0.09,0.0,0.0,0.0,0.01
2026-09-13 15:18:54,1.01,0.25,0.75,0.0,0.0,14.61,6561.9,0.0,0.13,0.11,0.09,0.0,0.0,0.0,0.0
2026-09-13 15:18:55,1.01,0.25,0.76,0.0,0.0,14.61,6561.9,0.0,0.13,0.11,0.09,0.0,0.0,0.0,0.01
2026-09-13 15:18:56,0.76,0.5,0.25,0.0,0.0,14.61,6561.9,0.0,0.13,0.11,0.09,0.0,0.0,0.0,0.01
2026-09-13 15:18:57,1.5,0.5,0.75,0.0,0.25,14.61,6561.6,0.0,0.12,0.11,0.09,0.0,0.0,0.0,0.02
2026-09-13 15:18:59,1.76,1.26,0.5,0.0,0.0,14.62,6560.9,0.0,0.12,0.11,0.09,0.0,0.0,0.0,0.01
2026-09-13 15:19:00,1.01,0.5,0.5,0.0,0.0,14.62,6560.9,0.0,0.12,0.11,0.09,0.0,0.0,0.0,0.0
2026-09-13 15:19:01,1.51,0.25,1.26,0.0,0.0,14.62,6560.6,0.0,0.12,0.11,0.09,0.25,0.0,0.0,0.01
2026-09-13 15:19:02,1.26,0.5,0.75,0.0,0.0,14.62,6560.6,0.0,0.12,0.11,0.09,0.0,0.0,0.0,0.01
2026-09-13 15:19:03,1.5,0.75,0.75,0.25,0.0,14.62,6560.6,0.0,0.11,0.11,0.09,0.0,0.0,0.0,0.01
2026-09-13 15:19:04,1.01,0.25,0.76,0.0,0.0,14.59,6563.0,0.0,0.11,0.11,0.09,0.0,0.0,0.0,0.01
2026-09-13 15:19:05,1.26,0.75,0.5,0.0,0.0,14.59,6563.0,0.0,0.11,0.11,0.09,0.0,0.0,0.0,0.01
2026-09-13 15:19:06,0.76,0.25,0.5,0.0,0.0,14.59,6563.0,0.0,0.11,0.11,0.09,0.0,0.0,0.0,0.01
2026-09-13 15:19:07,1.25,0.5,0.75,0.0,0.0,14.59,6563.0,0.0,0.11,0.11,0.09,0.0,0.0,0.0,0.01
2026-09-13 15:19:08,0.51,0.25,0.25,0.0,0.0,14.59,6563.0,0.0,0.1,0.11,0.09,0.0,0.0,0.0,0.01
2026-09-13 15:19:09,1.25,0.25,0.75,0.0,0.25,14.59,6563.0,0.0,0.1,0.11,0.09,0.0,0.0,0.0,0.01
2026-09-13 15:19:10,0.76,0.51,0.25,0.0,0.0,14.59,6563.0,0.0,0.1,0.11,0.09,0.0,0.0,0.0,0.01
2026-09-13 15:19:11,1.26,0.51,0.76,0.0,0.0,14.61,6561.8,0.0,0.1,0.11,0.09,0.25,0.0,0.0,0.01
2026-09-13 15:19:12,1.01,0.5,0.5,0.0,0.0,14.61,6561.8,0.0,0.1,0.11,0.09,0.0,0.0,0.0,0.01
2026-09-13 15:19:13,1.51,0.75,0.75,0.25,0.0,14.61,6561.8,0.0,0.1,0.1,0.09,0.0,0.0,0.0,0.01
2026-09-13 15:19:14,1.01,0.25,0.75,0.0,0.0,14.61,6561.8,0.0,0.1,0.1,0.09,0.0,0.0,0.0,0.01
2026-09-13 15:19:15,1.25,0.5,0.75,0.0,0.0,14.61,6561.8,0.0,0.1,0.1,0.09,0.0,0.0,0.0,0.01
2026-09-13 15:19:16,1.25,0.5,0.5,0.0,0.25,14.61,6561.8,0.0,0.1,0.1,0.09,0.0,0.0,0.0,0.01
2026-09-13 15:19:17,1.26,0.5,0.75,0.0,0.0,14.61,6561.8,0.0,0.1,0.1,0.09,0.0,0.0,0.0,0.01
2026-09-13 15:19:18,2.01,1.26,0.75,0.25,0.0,14.62,6560.5,0.0,0.09,0.1,0.09,0.0,0.0,0.0,0.01
2026-09-13 15:19:19,1.26,0.5,0.75,0.0,0.0,14.63,6560.3,0.0,0.09,0.1,0.09,0.0,0.0,0.0,0.01
2026-09-13 15:19:20,1.01,0.5,0.5,0.0,0.0,14.63,6560.3,0.0,0.09,0.1,0.09,0.0,0.0,0.0,0.01
2026-09-13 15:19:21,1.51,0.5,1.01,0.0,0.0,14.63,6560.2,0.0,0.09,0.1,0.09,0.25,0.0,0.0,0.01
2026-09-13 15:19:22,0.76,0.25,0.5,0.0,0.0,14.63,6560.1,0.0,0.09,0.1,0.09,0.0,0.0,0.0,0.01
2026-09-13 15:19:23,1.51,0.76,0.76,1.26,0.0,14.63,6560.3,0.0,0.24,0.13,0.1,0.0,0.76,0.0,0.0
2026-09-13 15:19:24,1.25,0.25,0.75,0.5,0.25,14.63,6560.4,0.0,0.24,0.13,0.1,0.0,0.01,0.0,0.01
2026-09-13 15:19:25,1.01,0.5,0.5,0.0,0.0,14.63,6560.4,0.0,0.24,0.13,0.1,0.0,0.0,0.0,0.0
2026-09-13 15:19:26,1.26,0.5,0.75,0.0,0.0,14.63,6560.4,0.0,0.24,0.13,0.1,0.0,0.0,0.0,0.01
2026-09-13 15:19:27,1.25,0.5,0.75,0.0,0.0,14.63,6560.4,0.0,0.24,0.13,0.1,0.0,0.0,0.0,0.01
2026-09-13 15:19:28,1.01,0.25,0.75,0.0,0.0,14.63,6560.2,0.0,0.22,0.13,0.1,0.0,0.0,0.0,0.01
2026-09-13 15:19:29,1.25,0.5,0.75,0.0,0.0,14.63,6560.2,0.0,0.22,0.13,0.1,0.0,0.0,0.0,0.01
2026-09-13 15:19:30,1.25,0.5,0.75,0.0,0.0,14.63,6560.2,0.0,0.22,0.13,0.1,0.0,0.0,0.0,0.01
2026-09-13 15:19:31,1.76,0.75,0.75,0.0,0.25,14.63,6560.2,0.0,0.22,0.13,0.1,0.25,0.0,0.0,0.01
2026-09-13 15:19:32,1.01,0.5,0.5,0.0,0.0,14.63,6560.2,0.0,0.22,0.13,0.1,0.0,0.0,0.0,0.01
2026-09-13 15:19:33,1.26,0.76,0.51,0.0,0.0,14.63,6560.2,0.0,0.2,0.13,0.1,0.0,0.0,0.0,0.02
2026-09-13 15:19:34,1.51,0.5,1.01,0.0,0.0,14.63,6560.0,0.0,0.2,0.13,0.1,0.0,0.0,0.0,0.01
2026-09-13 15:19:35,1.01,0.25,0.75,0.0,0.0,14.63,6560.0,0.0,0.2,0.13,0.1,0.0,0.0,0.0,0.0
2026-09-13 15:19:36,1.01,0.5,0.5,0.0,0.0,14.63,6560.0,0.0,0.2,0.13,0.1,0.0,0.0,0.0,0.0
2026-09-13 15:19:37,1.76,1.26,0.5,0.25,0.0,14.63,6560.0,0.0,0.2,0.13,0.1,0.0,0.0,0.0,0.01
2026-09-13 15:19:38,1.25,0.5,0.75,0.0,0.0,14.63,6560.0,0.0,0.19,0.13,0.1,0.0,0.0,0.0,0.01
2026-09-13 15:19:39,1.01,0.25,0.5,0.0,0.25,14.63,6560.0,0.0,0.19,0.13,0.1,0.0,0.0,0.0,0.01
2026-09-13 15:19:40,1.01,0.76,0.25,0.0,0.0,14.63,6559.7,0.0,0.19,0.13,0.1,0.0,0.0,0.0,0.01
2026-09-13 15:19:41,1.01,0.25,0.75,0.0,0.0,14.63,6559.7,0.0,0.19,0.13,0.1,0.25,0.0,0.0,0.01
2026-09-13 15:19:42,1.26,0.5,0.76,0.0,0.0,14.63,6559.7,0.0,0.19,0.13,0.1,0.0,0.0,0.0,0.01
2026-09-13 15:19:43,1.51,0.75,0.75,0.25,0.0,14.63,6559.7,0.0,0.25,0.14,0.1,0.0,0.0,0.0,0.01
2026-09-13 15:19:44,1.01,0.25,0.75,0.0,0.0,14.63,6559.7,0.0,0.25,0.14,0.1,0.0,0.0,0.0,0.01
2026-09-13 15:19:45,1.01,0.5,0.5,0.0,0.0,14.63,6559.7,0.0,0.25,0.14,0.1,0.0,0.0,0.0,0.01
2026-09-13 15:19:46,1.01,0.25,0.76,0.0,0.0,14.64,6559.5,0.0,0.25,0.14,0.1,0.0,0.0,0.0,0.02
2026-09-13 15:19:47,1.01,0.5,0.25,0.0,0.25,14.64,6559.5,0.0,0.25,0.14,0.1,0.0,0.0,0.0,0.01
2026-09-13 15:19:48,1.01,0.5,0.5,0.0,0.0,14.64,6559.5,0.0,0.23,0.14,0.1,0.0,0.01,0.0,0.01
2026-09-13 15:19:49,1.5,0.5,1.0,0.0,0.0,14.61,6561.6,0.0,0.23,0.14,0.1,0.0,0.0,0.0,0.01
2026-09-13 15:19:50,1.01,0.5,0.5,0.0,0.0,14.61,6561.4,0.0,0.23,0.14,0.1,0.0,0.0,0.0,0.01
2026-09-13 15:19:51,0.76,0.25,0.5,0.0,0.0,14.61,6561.4,0.0,0.23,0.14,0.1,0.0,0.0,0.0,0.0
2026-09-13 15:19:52,1.51,0.76,0.76,0.0,0.0,14.68,6556.2,0.0,0.23,0.14,0.1,0.25,0.0,0.0,0.01
2026-09-13 15:19:53,1.51,0.75,0.75,0.0,0.0,14.68,6556.2,0.0,0.21,0.14,0.1,0.0,0.0,0.0,0.01
2026-09-13 15:19:54,1.01,0.5,0.5,0.0,0.0,14.68,6556.2,0.0,0.21,0.14,0.1,0.0,0.0,0.0,0.01
2026-09-13 15:19:55,1.25,0.5,0.75,1.0,0.0,14.68,6556.2,0.0,0.21,0.14,0.1,0.0,0.76,0.0,0.0
2026-09-13 15:19:56,2.01,1.25,0.75,0.5,0.0,14.68,6556.2,0.0,0.21,0.14,0.1,0.0,0.0,0.0,0.01
2026-09-13 15:19:57,1.25,0.5,0.75,0.0,0.0,14.68,6556.2,0.0,0.21,0.14,0.1,0.0,0.0,0.0,0.01
2026-09-13 15:19:58,1.01,0.25,0.5,0.0,0.25,14.68,6556.2,0.0,0.2,0.13,0.1,0.0,0.0,0.0,0.01
2026-09-13 15:19:59,1.25,0.5,0.75,0.0,0.0,14.68,6556.2,0.0,0.2,0.13,0.1,0.0,0.0,0.0,0.0
2026-09-13 15:20:00,0.76,0.25,0.5,0.0,0.0,14.68,6556.2,0.0,0.2,0.13,0.1,0.0,0.0,0.0,0.0
2026-09-13 15:20:01,1.01,0.25,0.75,0.0,0.0,14.68,6555.9,0.0,0.2,0.13,0.1,0.0,0.0,0.0,0.01
2026-09-13 15:20:02,1.26,0.51,0.76,0.0,0.0,14.68,6555.9,0.0,0.2,0.13,0.1,0.25,0.0,0.0,0.01
2026-09-13 15:20:03,1.51,0.75,0.75,0.25,0.0,14.69,6555.7,0.0,0.18,0.13,0.1,0.0,0.0,0.0,0.01
2026-09-13 15:20:04,1.51,1.01,0.5,0.0,0.0,14.69,6555.5,0.0,0.18,0.13,0.1,0.0,0.0,0.0,0.01
2026-09-13 15:20:05,1.25,0.25,0.75,0.0,0.25,14.69,6555.5,0.0,0.18,0.13,0.1,0.0,0.0,0.0,0.0
2026-09-13 15:20:06,0.76,0.25,0.5,0.0,0.0,14.69,6555.5,0.0,0.18,0.13,0.1,0.0,0.0,0.0,0.0
2026-09-13 15:20:07,1.26,0.5,0.75,0.0,0.0,14.69,6555.5,0.0,0.18,0.13,0.1,0.0,0.0,0.0,0.01
2026-09-13 15:20:08,1.01,0.25,0.75,0.0,0.0,14.69,6555.5,0.0,0.16,0.13,0.1,0.0,0.0,0.0,0.01
2026-09-13 15:20:09,1.01,0.5,0.5,0.0,0.0,14.69,6555.4,0.0,0.16,0.13,0.1,0.0,0.0,0.0,0.0
2026-09-13 15:20:10,1.01,0.5,0.5,0.0,0.0,14.69,6555.4,0.0,0.16,0.13,0.1,0.0,0.0,0.0,0.01
2026-09-13 15:20:11,1.01,0.25,0.75,0.0,0.0,14.69,6555.4,0.0,0.16,0.13,0.1,0.0,0.0,0.0,0.01
2026-09-13 15:20:12,1.51,0.76,0.76,0.0,0.0,14.69,6555.4,0.0,0.16,0.13,0.1,0.25,0.0,0.0,0.01
2026-09-13 15:20:13,1.51,0.5,1.01,0.25,0.0,14.69,6555.3,0.0,0.23,0.14,0.1,0.0,0.0,0.0,0.01
2026-09-13 15:20:14,1.01,0.5,0.5,0.0,0.0,14.69,6555.2,0.0,0.23,0.14,0.1,0.0,0.0,0.0,0.01
2026-09-13 15:20:15,1.77,1.26,0.51,0.0,0.0,14.69,6555.3,0.0,0.23,0.14,0.1,0.0,0.38,0.0,0.01
2026-09-13 15:20:16,1.25,0.5,0.75,0.0,0.0,14.69,6555.3,0.0,0.23,0.14,0.1,0.0,0.0,0.0,0.01
2026-09-13 15:20:17,1.01,0.5,0.5,0.0,0.0,14.69,6555.3,0.0,0.23,0.14,0.1,0.0,0.0,0.0,0.01
2026-09-13 15:20:18,1.01,0.5,0.5,0.0,0.0,14.7,6555.1,0.0,0.21,0.14,0.1,0.0,0.0,0.0,0.01
2026-09-13 15:20:19,1.5,0.75,0.5,0.0,0.25,14.7,6555.1,0.0,0.21,0.14,0.1,0.0,0.0,0.0,0.01
2026-09-13 15:20:20,1.26,0.5,0.75,0.0,0.0,14.7,6555.1,0.0,0.21,0.14,0.1,0.0,0.0,0.0,0.01
2026-09-13 15:20:21,1.01,0.5,0.5,0.0,0.0,14.69,6555.1,0.0,0.21,0.14,0.1,0.0,0.0,0.0,0.01
2026-09-13 15:20:22,1.26,0.51,0.76,0.0,0.0,14.69,6555.1,0.0,0.21,0.14,0.1,0.25,0.0,0.0,0.01
2026-09-13 15:20:23,1.51,1.01,0.5,0.25,0.0,14.69,6555.1,0.0,0.2,0.14,0.1,0.0,0.0,0.0,0.01
2026-09-13 15:20:24,0.76,0.25,0.5,0.0,0.0,14.69,6555.1,0.0,0.2,0.14,0.1,0.0,0.0,0.0,0.01
2026-09-13 15:20:25,0.76,0.25,0.5,2.52,0.0,14.69,6555.1,0.0,0.2,0.14,0.1,0.0,0.01,0.0,0.01
2026-09-13 15:20:26,1.01,0.25,0.75,0.0,0.0,14.69,6555.1,0.0,0.2,0.14,0.1,0.0,0.0,0.0,0.01
2026-09-13 15:20:27,1.26,0.5,0.75,0.0,0.0,14.69,6555.1,0.0,0.2,0.14,0.1,0.0,0.0,0.0,0.01
2026-09-13 15:20:28,1.01,0.5,0.5,0.0,0.0,14.7,6554.9,0.0,0.18,0.14,0.1,0.0,0.0,0.0,0.01
2026-09-13 15:20:29,1.26,0.5,0.5,0.0,0.25,14.7,6554.9,0.0,0.18,0.14,0.1,0.0,0.0,0.0,0.01
2026-09-13 15:20:30,1.26,0.5,0.75,0.0,0.0,14.7,6554.9,0.0,0.18,0.14,0.1,0.0,0.0,0.0,0.01
2026-09-13 15:20:31,1.01,0.25,0.75,0.0,0.0,14.7,6554.9,0.0,0.18,0.14,0.1,0.0,0.0,0.0,0.01
2026-09-13 15:20:32,1.01,0.51,0.51,0.0,0.0,14.7,6554.9,0.0,0.18,0.14,0.1,0.25,0.0,0.0,0.01
2026-09-13 15:20:33,2.0,1.0,0.75,0.25,0.25,14.7,6554.9,0.0,0.16,0.13,0.1,0.0,0.0,0.0,0.01
2026-09-13 15:20:34,2.26,1.51,0.75,0.25,0.0,14.7,6554.9,0.0,0.16,0.13,0.1,0.0,0.0,0.0,0.01
2026-09-13 15:20:35,1.01,0.5,0.5,0.0,0.0,14.7,6554.9,0.0,0.16,0.13,0.1,0.0,0.0,0.0,0.01
2026-09-13 15:20:36,1.01,0.25,0.75,0.0,0.0,14.7,6554.9,0.0,0.16,0.13,0.1,0.0,0.0,0.0,0.01
2026-09-13 15:20:37,1.26,0.76,0.5,0.0,0.0,14.7,6554.7,0.0,0.16,0.13,0.1,0.0,0.0,0.0,0.01
2026-09-13 15:20:38,0.76,0.25,0.5,0.0,0.0,14.7,6554.6,0.0,0.15,0.13,0.1,0.0,0.0,0.0,0.0
2026-09-13 15:20:39,1.25,0.5,0.75,0.0,0.0,14.7,6554.6,0.0,0.15,0.13,0.1,0.0,0.01,0.0,0.01
2026-09-13 15:20:40,1.01,0.5,0.5,0.0,0.0,14.7,6554.5,0.0,0.15,0.13,0.1,0.0,0.0,0.0,0.01
2026-09-13 15:20:41,1.25,0.25,0.75,1.0,0.25,14.7,6554.5,0.0,0.15,0.13,0.1,0.0,0.76,0.0,0.01
2026-09-13 15:20:42,1.26,0.5,0.76,0.0,0.0,14.72,6553.1,0.0,0.15,0.13,0.1,0.25,0.0,0.0,0.01
2026-09-13 15:20:43,1.76,1.01,0.76,0.0,0.0,14.72,6553.0,0.0,0.14,0.13,0.1,0.0,0.0,0.0,0.01
2026-09-13 15:20:44,1.01,0.25,0.75,0.0,0.0,14.72,6553.0,0.0,0.14,0.13,0.1,0.0,0.0,0.0,0.01
2026-09-13 15:20:45,0.76,0.5,0.25,0.0,0.0,14.72,6553.0,0.0,0.14,0.13,0.1,0.0,0.0,0.0,0.02
2026-09-13 15:20:46,1.01,0.5,0.5,0.0,0.0,14.72,6552.9,0.0,0.14,0.13,0.1,0.0,0.0,0.0,0.01
2026-09-13 15:20:47,0.76,0.25,0.51,0.0,0.0,14.72,6552.9,0.0,0.14,0.13,0.1,0.0,0.0,0.0,0.01
2026-09-13 15:20:48,1.25,0.5,0.5,0.0,0.25,14.72,6552.9,0.0,0.13,0.13,0.09,0.0,0.0,0.0,0.01
2026-09-13 15:20:49,1.01,0.5,0.5,0.0,0.0,14.72,6552.8,0.0,0.13,0.13,0.09,0.0,0.0,0.0,0.01
2026-09-13 15:20:50,1.25,0.5,0.75,0.0,0.0,14.73,6552.7,0.0,0.13,0.13,0.09,0.0,0.0,0.0,0.01
2026-09-13 15:20:51,0.76,0.25,0.5,0.0,0.0,14.73,6552.7,0.0,0.13,0.13,0.09,0.0,0.0,0.0,0.01
2026-09-13 15:20:52,1.51,0.76,0.76,0.0,0.0,14.72,6552.8,0.0,0.13,0.13,0.09,0.25,0.0,0.0,0.01
2026-09-13 15:20:53,2.76,1.75,1.0,0.5,0.0,14.72,6552.8,0.0,0.12,0.12,0.09,0.0,0.0,0.0,0.01
2026-09-13 15:20:54,0.76,0.25,0.5,0.0,0.0,14.72,6552.8,0.0,0.12,0.12,0.09,0.0,0.0,0.0,0.0
2026-09-13 15:20:55,1.01,0.5,0.5,0.0,0.0,14.72,6552.8,0.0,0.12,0.12,0.09,0.0,0.0,0.0,0.01
2026-09-13 15:20:56,1.01,0.25,0.5,0.0,0.25,14.72,6552.8,0.0,0.12,0.12,0.09,0.0,0.0,0.0,0.01
2026-09-13 15:20:57,1.26,0.5,0.75,0.0,0.0,14.72,6552.8,0.0,0.12,0.12,0.09,0.0,0.01,0.0,0.02
2026-09-13 15:20:58,1.25,0.5,0.75,0.0,0.0,14.73,6552.6,0.0,0.11,0.12,0.09,0.0,0.0,0.0,0.01
2026-09-13 15:20:59,0.76,0.25,0.5,0.0,0.0,14.73,6552.6,0.0,0.11,0.12,0.09,0.0,0.0,0.0,0.0
2026-09-13 15:21:00,0.76,0.25,0.5,0.0,0.0,14.73,6552.6,0.0,0.11,0.12,0.09,0.0,0.0,0.0,0.0
2026-09-13 15:21:01,1.01,0.5,0.5,0.0,0.0,14.73,6552.6,0.0,0.11,0.12,0.09,0.0,0.0,0.0,0.01
2026-09-13 15:21:02,1.26,0.5,0.76,0.0,0.0,14.73,6552.6,0.0,0.11,0.12,0.09,0.25,0.0,0.0,0.01
2026-09-13 15:21:03,1.51,1.01,0.5,0.25,0.0,14.73,6552.6,0.0,0.1,0.12,0.09,0.0,0.0,0.0,0.01
2026-09-13 15:21:04,1.26,0.5,0.5,0.0,0.25,14.63,6560.4,0.0,0.1,0.12,0.09,0.0,0.0,0.0,0.01
2026-09-13 15:21:05,1.01,0.5,0.5,0.0,0.0,14.63,6560.4,0.0,0.1,0.12,0.09,0.0,0.0,0.0,0.0
2026-09-13 15:21:06,1.01,0.25,0.75,0.0,0.0,14.63,6560.4,0.0,0.1,0.12,0.09,0.0,0.0,0.0,0.01
2026-09-13 15:21:07,1.01,0.25,0.75,0.0,0.0,14.63,6560.3,0.0,0.1,0.12,0.09,0.0,0.0,0.0,0.01
2026-09-13 15:21:08,0.76,0.25,0.51,0.0,0.0,14.63,6560.0,0.0,0.09,0.12,0.09,0.0,0.0,0.0,0.01
2026-09-13 15:21:09,1.26,0.5,0.75,0.0,0.0,14.63,6559.9,0.0,0.09,0.12,0.09,0.0,0.01,0.0,0.01
2026-09-13 15:21:10,1.01,0.5,0.5,0.0,0.0,14.63,6559.9,0.0,0.09,0.12,0.09,0.0,0.0,0.0,0.0
2026-09-13 15:21:11,1.01,0.25,0.75,0.0,0.0,14.63,6559.9,0.0,0.09,0.12,0.09,0.0,0.0,0.0,0.01
2026-09-13 15:21:12,2.27,1.51,0.76,0.25,0.0,14.69,6555.5,0.0,0.09,0.12,0.09,0.25,0.0,0.0,0.01
2026-09-13 15:21:13,1.51,0.76,0.76,0.0,0.0,14.69,6555.5,0.0,0.08,0.12,0.09,0.0,0.0,0.0,0.01
2026-09-13 15:21:14,1.26,0.5,0.75,0.0,0.0,14.69,6555.5,0.0,0.08,0.12,0.09,0.0,0.0,0.0,0.0
2026-09-13 15:21:15,1.99,0.75,1.0,0.0,0.25,14.69,6555.5,0.0,0.08,0.12,0.09,0.0,0.0,0.0,0.01
2026-09-13 15:21:16,0.76,0.25,0.5,1.01,0.0,14.69,6555.7,0.0,0.08,0.12,0.09,0.0,0.76,0.0,0.01
2026-09-13 15:21:17,1.01,0.25,0.76,0.0,0.0,14.69,6555.5,0.0,0.08,0.12,0.09,0.0,0.0,0.0,0.01
2026-09-13 15:21:18,1.01,0.5,0.5,0.0,0.0,14.69,6555.4,0.0,0.16,0.13,0.1,0.0,0.0,0.0,0.01
2026-09-13 15:21:19,1.26,0.25,0.75,0.0,0.25,14.69,6555.2,0.0,0.16,0.13,0.1,0.0,0.0,0.0,0.01
2026-09-13 15:21:20,1.25,0.5,0.75,0.0,0.0,14.69,6555.2,0.0,0.16,0.13,0.1,0.0,0.0,0.0,0.01
2026-09-13 15:21:21,1.01,0.25,0.76,0.0,0.0,14.69,6555.2,0.0,0.16,0.13,0.1,0.0,0.0,0.0,0.01
2026-09-13 15:21:22,1.26,0.5,0.76,0.0,0.0,14.69,6555.2,0.0,0.16,0.13,0.1,0.25,0.0,0.0,0.01
2026-09-13 15:21:23,1.51,1.01,0.5,0.25,0.0,14.69,6555.2,0.0,0.14,0.13,0.09,0.0,0.0,0.0,0.01
2026-09-13 15:21:24,1.01,0.5,0.5,0.0,0.0,14.69,6555.2,0.0,0.14,0.13,0.09,0.0,0.0,0.0,0.0
2026-09-13 15:21:25,1.25,0.5,0.75,0.0,0.0,14.7,6555.1,0.0,0.14,0.13,0.09,0.0,0.0,0.0,0.01
2026-09-13 15:21:26,1.26,0.5,0.75,0.0,0.0,14.7,6555.0,0.0,0.14,0.13,0.09,0.0,0.0,0.0,0.01
2026-09-13 15:21:27,1.26,0.5,0.75,0.0,0.0,14.7,6555.0,0.0,0.14,0.13,0.09,0.0,0.0,0.0,0.01
2026-09-13 15:21:28,1.01,0.25,0.75,0.0,0.0,14.69,6555.2,0.0,0.13,0.13,0.09,0.0,0.01,0.0,0.01
2026-09-13 15:21:29,0.76,0.25,0.5,0.0,0.0,14.69,6555.2,0.0,0.13,0.13,0.09,0.0,0.0,0.0,0.01
2026-09-13 15:21:30,1.25,0.5,0.5,0.0,0.25,14.69,6555.2,0.0,0.13,0.13,0.09,0.0,0.0,0.0,0.01
2026-09-13 15:21:31,1.77,1.26,0.51,0.25,0.0,14.59,6563.0,0.0,0.13,0.13,0.09,0.0,0.0,0.0,0.01
2026-09-13 15:21:32,1.75,0.75,1.0,0.0,0.0,14.6,6562.3,0.0,0.13,0.13,0.09,0.25,0.0,0.0,0.01
2026-09-13 15:21:33,1.26,0.76,0.51,0.0,0.0,14.6,6562.3,0.0,0.12,0.12,0.09,0.0,0.38,0.0,0.01
2026-09-13 15:21:34,1.5,0.75,0.75,0.0,0.0,14.6,6562.1,0.0,0.12,0.12,0.09,0.0,0.0,0.0,0.01
2026-09-13 15:21:35,1.01,0.5,0.5,0.0,0.0,14.6,6562.1,0.0,0.12,0.12,0.09,0.0,0.0,0.0,0.01
2026-09-13 15:21:36,0.76,0.25,0.5,0.0,0.0,14.6,6562.1,0.0,0.12,0.12,0.09,0.0,0.0,0.0,0.01
2026-09-13 15:21:37,1.26,0.25,0.75,0.0,0.25,14.54,6566.6,0.0,0.12,0.12,0.09,0.0,0.0,0.0,0.01
2026-09-13 15:21:38,1.26,0.25,1.01,0.0,0.0,14.54,6566.6,0.0,0.11,0.12,0.09,0.0,0.0,0.0,0.01
2026-09-13 15:21:39,1.01,0.5,0.5,0.0,0.0,14.54,6566.6,0.0,0.11,0.12,0.09,0.0,0.0,0.0,0.01
2026-09-13 15:21:40,1.01,0.5,0.5,0.0,0.0,14.55,6566.4,0.0,0.11,0.12,0.09,0.0,0.01,0.0,0.01
2026-09-13 15:21:41,1.01,0.5,0.5,0.0,0.0,14.55,6566.6,0.0,0.11,0.12,0.09,0.0,0.0,0.0,0.01
2026-09-13 15:21:42,1.26,0.5,0.76,0.0,0.0,14.56,6565.8,0.0,0.11,0.12,0.09,0.25,0.0,0.0,0.01
2026-09-13 15:21:43,1.75,1.0,0.75,0.5,0.0,14.56,6565.8,0.0,0.1,0.12,0.09,0.0,0.0,0.0,0.01
2026-09-13 15:21:44,1.25,0.5,0.5,0.0,0.25,14.56,6565.8,0.0,0.1,0.12,0.09,0.0,0.0,0.0,0.01
2026-09-13 15:21:45,1.25,0.25,1.0,0.0,0.0,14.56,6565.8,0.0,0.1,0.12,0.09,0.0,0.0,0.0,0.02
2026-09-13 15:21:46,0.76,0.25,0.51,0.0,0.0,14.56,6565.7,0.0,0.1,0.12,0.09,0.0,0.0,0.0,0.01
2026-09-13 15:21:47,1.5,0.75,0.75,0.0,0.0,14.56,6565.6,0.0,0.1,0.12,0.09,0.0,0.0,0.0,0.01
2026-09-13 15:21:48,1.01,0.25,0.76,0.0,0.0,14.56,6565.6,0.0,0.09,0.12,0.09,0.0,0.0,0.0,0.01
2026-09-13 15:21:49,1.26,0.5,0.75,0.0,0.0,14.56,6565.6,0.0,0.09,0.12,0.09,0.0,0.0,0.0,0.01
2026-09-13 15:21:50,1.76,0.75,0.75,0.0,0.25,14.56,6565.4,0.0,0.09,0.12,0.09,0.0,0.0,0.0,0.01
2026-09-13 15:21:51,1.26,0.76,0.5,0.0,0.0,14.56,6565.3,0.0,0.09,0.12,0.09,0.0,0.0,0.0,0.01
2026-09-13 15:21:52,1.26,0.51,0.76,0.0,0.0,14.62,6561.2,0.0,0.09,0.12,0.09,0.25,0.0,0.0,0.01
2026-09-13 15:21:53,1.75,1.0,0.75,0.25,0.0,14.62,6561.2,0.0,0.09,0.11,0.09,0.0,0.0,0.0,0.01
2026-09-13 15:21:54,0.76,0.5,0.25,0.0,0.0,14.62,6561.2,0.0,0.09,0.11,0.09,0.0,0.0,0.0,0.0
2026-09-13 15:21:55,1.26,0.25,1.01,0.0,0.0,14.62,6561.2,0.0,0.09,0.11,0.09,0.0,0.0,0.0,0.01
2026-09-13 15:21:56,1.25,0.5,0.75,0.0,0.0,14.62,6561.2,0.0,0.09,0.11,0.09,0.0,0.0,0.0,0.01
2026-09-13 15:21:57,0.76,0.25,0.51,0.0,0.0,14.62,6561.2,0.0,0.09,0.11,0.09,0.0,0.0,0.0,0.01
2026-09-13 15:21:58,1.25,0.5,0.75,0.0,0.0,14.62,6561.2,0.0,0.08,0.11,0.09,0.0,0.0,0.0,0.01
2026-09-13 15:21:59,0.76,0.25,0.5,1.01,0.0,14.61,6561.3,0.0,0.08,0.11,0.09,0.0,0.77,0.0,0.0
2026-09-13 15:22:00,1.25,0.5,0.75,0.0,0.0,14.61,6561.4,0.0,0.08,0.11,0.09,0.0,0.0,0.0,0.0
2026-09-13 15:22:01,1.25,0.5,0.75,0.0,0.0,14.61,6561.4,0.0,0.08,0.11,0.09,0.0,0.0,0.0,0.01
2026-09-13 15:22:02,1.51,0.5,0.76,0.0,0.25,14.61,6561.4,0.0,0.08,0.11,0.09,0.25,0.0,0.0,0.01
2026-09-13 15:22:03,1.75,0.75,1.0,0.25,0.0,14.61,6561.4,0.0,0.07,0.11,0.09,0.0,0.0,0.0,0.01
2026-09-13 15:22:04,1.26,0.5,0.76,0.0,0.0,14.54,6567.0,0.0,0.07,0.11,0.09,0.0,0.0,0.0,0.0
2026-09-13 15:22:05,1.01,0.5,0.5,0.0,0.0,14.54,6567.0,0.0,0.07,0.11,0.09,0.0,0.0,0.0,0.01
2026-09-13 15:22:06,1.01,0.25,0.75,0.0,0.0,14.54,6566.7,0.0,0.07,0.11,0.09,0.0,0.0,0.0,0.01
2026-09-13 15:22:07,1.01,0.5,0.5,0.0,0.0,14.55,6566.5,0.0,0.07,0.11,0.09,0.0,0.0,0.0,0.01
2026-09-13 15:22:08,1.01,0.25,0.75,0.0,0.0,14.55,6566.5,0.0,0.07,0.11,0.09,0.0,0.0,0.0,0.0
2026-09-13 15:22:09,1.01,0.5,0.5,0.0,0.0,14.55,6566.5,0.0,0.07,0.11,0.09,0.0,0.0,0.0,0.01
2026-09-13 15:22:10,2.01,1.26,0.5,0.0,0.25,14.56,6565.5,0.0,0.07,0.11,0.09,0.0,0.0,0.0,0.0
2026-09-13 15:22:11,1.01,0.5,0.5,0.0,0.0,14.56,6565.5,0.0,0.07,0.11,0.09,0.0,0.0,0.0,0.01
2026-09-13 15:22:12,1.59,0.68,0.91,2.49,0.0,14.56,6565.5,0.0,0.07,0.11,0.09,0.25,0.0,0.0,0.01
2026-09-13 15:22:13,1.01,0.51,0.51,0.25,0.0,14.56,6565.2,0.0,0.06,0.11,0.09,0.0,0.0,0.0,0.01
2026-09-13 15:22:14,1.26,0.5,0.75,0.0,0.0,14.56,6565.2,0.0,0.06,0.11,0.09,0.0,0.0,0.0,0.01
2026-09-13 15:22:15,0.76,0.25,0.5,0.0,0.0,14.56,6565.2,0.0,0.06,0.11,0.09,0.0,0.0,0.0,0.01
2026-09-13 15:22:16,1.26,0.5,0.75,0.0,0.0,14.56,6565.2,0.0,0.06,0.11,0.09,0.0,0.0,0.0,0.01
2026-09-13 15:22:17,1.01,0.25,0.75,0.0,0.0,14.56,6565.2,0.0,0.06,0.11,0.09,0.0,0.0,0.0,0.01
2026-09-13 15:22:18,1.01,0.25,0.5,0.0,0.25,14.57,6564.8,0.0,0.14,0.12,0.09,0.0,0.0,0.0,0.01
2026-09-13 15:22:19,1.25,0.5,0.75,0.0,0.0,14.57,6564.8,0.0,0.14,0.12,0.09,0.0,0.0,0.0,0.01
2026-09-13 15:22:20,1.01,0.5,0.5,0.0,0.0,14.57,6564.8,0.0,0.14,0.12,0.09,0.0,0.0,0.0,0.01
2026-09-13 15:22:21,0.76,0.25,0.51,0.0,0.0,14.57,6564.8,0.0,0.14,0.12,0.09,0.0,0.0,0.0,0.01
2026-09-13 15:22:22,1.51,0.75,0.75,0.0,0.0,14.57,6564.8,0.0,0.14,0.12,0.09,0.25,0.0,0.0,0.01
2026-09-13 15:22:23,1.76,0.75,1.01,0.0,0.0,14.57,6564.6,0.0,0.13,0.12,0.09,0.0,0.0,0.0,0.01
2026-09-13 15:22:24,1.01,0.5,0.5,0.0,0.0,14.57,6564.5,0.0,0.13,0.12,0.09,0.0,0.0,0.0,0.0
2026-09-13 15:22:25,1.01,0.25,0.75,0.0,0.0,14.57,6564.5,0.0,0.13,0.12,0.09,0.0,0.0,0.0,0.01
2026-09-13 15:22:26,1.01,0.5,0.5,0.0,0.0,14.57,6564.5,0.0,0.13,0.12,0.09,0.0,0.0,0.0,0.01
2026-09-13 15:22:27,1.25,0.5,0.75,0.0,0.0,14.57,6564.5,0.0,0.13,0.12,0.09,0.0,0.0,0.0,0.01
2026-09-13 15:22:28,2.5,1.5,0.75,0.25,0.25,14.57,6564.5,0.0,0.12,0.12,0.09,0.0,0.0,0.0,0.01
2026-09-13 15:22:29,1.26,0.5,0.75,0.0,0.0,14.57,6564.5,0.0,0.12,0.12,0.09,0.0,0.0,0.0,0.01
2026-09-13 15:22:30,1.01,0.5,0.5,0.0,0.0,14.57,6564.5,0.0,0.12,0.12,0.09,0.0,0.0,0.0,0.01
2026-09-13 15:22:31,1.01,0.5,0.5,0.0,0.0,14.57,6564.5,0.0,0.12,0.12,0.09,0.0,0.0,0.0,0.01
2026-09-13 15:22:32,1.76,0.5,1.01,0.0,0.25,14.58,6564.3,0.0,0.12,0.12,0.09,0.25,0.0,0.0,0.01
2026-09-13 15:22:33,1.76,0.75,1.01,0.25,0.0,14.51,6569.0,0.0,0.11,0.11,0.09,0.0,0.0,0.0,0.01
2026-09-13 15:22:34,1.25,0.5,0.75,0.0,0.0,14.51,6569.1,0.0,0.11,0.11,0.09,0.0,0.0,0.0,0.01
2026-09-13 15:22:35,0.76,0.25,0.51,0.0,0.0,14.51,6569.1,0.0,0.11,0.11,0.09,0.0,0.0,0.0,0.01
2026-09-13 15:22:36,1.01,0.25,0.75,1.01,0.0,14.51,6569.3,0.0,0.11,0.11,0.09,0.0,0.76,0.0,0.01
2026-09-13 15:22:37,1.5,0.75,0.5,0.0,0.25,14.51,6569.1,0.0,0.11,0.11,0.09,0.0,0.0,0.0,0.01
2026-09-13 15:22:38,0.76,0.25,0.51,0.0,0.0,14.51,6569.1,0.0,0.1,0.11,0.09,0.0,0.0,0.0,0.0
2026-09-13 15:22:39,1.25,0.25,1.0,0.0,0.0,14.52,6568.8,0.0,0.1,0.11,0.09,0.0,0.0,0.0,0.01
2026-09-13 15:22:40,1.25,0.5,0.75,0.0,0.0,14.52,6568.8,0.0,0.1,0.11,0.09,0.0,0.0,0.0,0.01
2026-09-13 15:22:41,1.25,0.5,0.75,0.0,0.0,14.52,6568.8,0.0,0.1,0.11,0.09,0.0,0.0,0.0,0.01
2026-09-13 15:22:42,1.76,0.75,1.01,0.0,0.0,14.53,6567.8,0.0,0.1,0.11,0.09,0.25,0.0,0.0,0.01
2026-09-13 15:22:43,1.51,0.75,0.75,0.25,0.0,14.53,6568.0,0.0,0.09,0.11,0.09,0.0,0.01,0.0,0.01
2026-09-13 15:22:44,1.01,0.5,0.5,0.0,0.0,14.53,6568.0,0.0,0.09,0.11,0.09,0.0,0.0,0.0,0.01
2026-09-13 15:22:45,1.26,0.25,0.75,0.0,0.25,14.53,6568.0,0.0,0.09,0.11,0.09,0.0,0.0,0.0,0.02
2026-09-13 15:22:46,1.01,0.25,0.75,0.0,0.0,14.53,6568.0,0.0,0.09,0.11,0.09,0.0,0.0,0.0,0.01
2026-09-13 15:22:47,2.26,1.51,0.75,0.25,0.0,14.53,6568.0,0.0,0.09,0.11,0.09,0.0,0.0,0.0,0.01
2026-09-13 15:22:48,1.26,0.5,0.75,0.0,0.0,14.53,6567.8,0.0,0.08,0.11,0.09,0.0,0.0,0.0,0.01
2026-09-13 15:22:49,1.01,0.25,0.75,0.0,0.0,14.53,6567.8,0.0,0.08,0.11,0.09,0.0,0.0,0.0,0.01
2026-09-13 15:22:50,0.76,0.25,0.51,0.0,0.0,14.53,6567.8,0.0,0.08,0.11,0.09,0.0,0.0,0.0,0.01
2026-09-13 15:22:51,1.0,0.5,0.5,0.0,0.0,14.53,6567.8,0.0,0.08,0.11,0.09,0.0,0.0,0.0,0.01
2026-09-13 15:22:52,1.51,0.5,0.75,0.0,0.25,14.55,6566.0,0.0,0.08,0.11,0.09,0.25,0.0,0.0,0.01
2026-09-13 15:22:53,1.51,1.01,0.5,0.0,0.0,14.57,6564.9,0.0,0.08,0.11,0.09,0.0,0.0,0.0,0.01
2026-09-13 15:22:54,1.01,0.5,0.5,0.0,0.0,14.57,6564.9,0.0,0.08,0.11,0.09,0.0,0.0,0.0,0.0
2026-09-13 15:22:55,1.01,0.5,0.5,0.0,0.0,14.57,6564.9,0.0,0.08,0.11,0.09,0.0,0.0,0.0,0.01
2026-09-13 15:22:56,0.76,0.0,0.76,0.0,0.0,14.57,6564.9,0.0,0.08,0.11,0.09,0.0,0.0,0.0,0.01
2026-09-13 15:22:57,1.01,0.5,0.5,0.0,0.0,14.57,6564.7,0.0,0.08,0.11,0.09,0.0,0.0,0.0,0.02
2026-09-13 15:22:58,1.25,0.5,0.75,0.0,0.0,14.57,6564.6,0.0,0.07,0.1,0.09,0.0,0.0,0.0,0.01
2026-09-13 15:22:59,0.76,0.25,0.5,0.0,0.0,14.57,6564.6,0.0,0.07,0.1,0.09,0.0,0.0,0.0,0.0
2026-09-13 15:23:00,1.25,0.5,0.75,0.0,0.0,14.57,6564.6,0.0,0.07,0.1,0.09,0.0,0.0,0.0,0.01
2026-09-13 15:23:01,1.5,0.5,0.75,0.0,0.25,14.57,6564.6,0.0,0.07,0.1,0.09,0.0,0.01,0.0,0.01
2026-09-13 15:23:02,1.51,0.5,1.01,0.0,0.0,14.62,6560.7,0.0,0.07,0.1,0.09,0.25,0.0,0.0,0.01
2026-09-13 15:23:03,2.01,1.25,0.75,0.25,0.0,14.62,6560.7,0.0,0.14,0.12,0.09,0.0,0.0,0.0,0.01
2026-09-13 15:23:04,1.25,0.5,0.75,0.0,0.0,14.62,6560.7,0.0,0.14,0.12,0.09,0.0,0.0,0.0,0.01
2026-09-13 15:23:05,1.01,0.25,0.76,0.0,0.0,14.62,6560.5,0.0,0.14,0.12,0.09,0.0,0.0,0.0,0.01
2026-09-13 15:23:06,2.0,1.25,0.75,0.25,0.0,14.63,6560.5,0.0,0.14,0.12,0.09,0.0,0.0,0.0,0.01
2026-09-13 15:23:07,1.51,0.75,0.5,0.0,0.25,14.63,6560.5,0.0,0.14,0.12,0.09,0.0,0.0,0.0,0.01
2026-09-13 15:23:08,1.26,0.25,1.01,0.0,0.0,14.63,6560.5,0.0,0.13,0.12,0.09,0.0,0.0,0.0,0.01
2026-09-13 15:23:09,1.25,0.5,0.75,0.0,0.0,14.63,6560.5,0.0,0.13,0.12,0.09,0.0,0.0,0.0,0.01
2026-09-13 15:23:10,0.76,0.25,0.51,0.0,0.0,14.63,6560.5,0.0,0.13,0.12,0.09,0.0,0.0,0.0,0.0
2026-09-13 15:23:11,1.01,0.25,0.75,0.0,0.0,14.63,6560.5,0.0,0.13,0.12,0.09,0.0,0.0,0.0,0.01
2026-09-13 15:23:12,1.51,0.75,0.75,0.0,0.0,14.63,6560.5,0.0,0.12,0.12,0.09,0.25,0.0,0.0,0.01
2026-09-13 15:23:13,1.51,0.76,0.76,0.0,0.0,14.63,6560.3,0.0,0.12,0.12,0.09,0.0,0.0,0.0,0.01
2026-09-13 15:23:14,0.51,0.0,0.51,1.26,0.0,14.62,6560.5,0.0,0.12,0.12,0.09,0.0,0.77,0.0,0.01
2026-09-13 15:23:15,1.25,0.25,0.75,0.0,0.25,14.63,6560.4,0.0,0.12,0.12,0.09,0.0,0.0,0.0,0.01
2026-09-13 15:23:16,0.76,0.25,0.5,0.0,0.0,14.63,6560.3,0.0,0.12,0.12,0.09,0.0,0.0,0.0,0.01
2026-09-13 15:23:17,1.01,0.25,0.75,0.0,0.0,14.63,6560.3,0.0,0.11,0.11,0.09,0.0,0.0,0.0,0.01
2026-09-13 15:23:18,1.01,0.5,0.5,0.0,0.0,14.63,6560.3,0.0,0.11,0.11,0.09,0.0,0.0,0.0,0.01
2026-09-13 15:23:19,1.01,0.25,0.75,0.0,0.0,14.63,6560.1,0.0,0.11,0.11,0.09,0.0,0.0,0.0,0.01
2026-09-13 15:23:20,1.01,0.25,0.76,0.0,0.0,14.63,6560.0,0.0,0.11,0.11,0.09,0.0,0.0,0.0,0.01
2026-09-13 15:23:21,0.76,0.25,0.5,0.0,0.0,14.63,6560.0,0.0,0.11,0.11,0.09,0.0,0.0,0.0,0.01
2026-09-13 15:23:22,1.51,0.76,0.76,0.0,0.0,14.63,6560.0,0.0,0.1,0.11,0.09,0.25,0.0,0.0,0.01
2026-09-13 15:23:23,1.51,0.75,0.75,0.25,0.0,14.63,6560.0,0.0,0.1,0.11,0.09,0.0,0.0,0.0,0.01
2026-09-13 15:23:24,1.5,0.5,0.75,0.0,0.25,14.63,6560.0,0.0,0.1,0.11,0.09,0.0,0.0,0.0,0.0
2026-09-13 15:23:25,0.76,0.25,0.51,0.0,0.0,14.63,6560.0,0.0,0.1,0.11,0.09,0.0,0.0,0.0,0.01
2026-09-13 15:23:26,2.01,1.51,0.5,0.25,0.0,14.63,6560.1,0.0,0.1,0.11,0.09,0.0,0.0,0.0,0.01
2026-09-13 15:23:27,1.75,0.5,1.0,0.0,0.25,14.63,6560.1,0.0,0.09,0.11,0.09,0.0,0.0,0.0,0.01
2026-09-13 15:23:28,0.76,0.5,0.25,0.0,0.0,14.63,6560.1,0.0,0.09,0.11,0.09,0.0,0.0,0.0,0.01
2026-09-13 15:23:29,1.01,0.25,0.75,0.0,0.0,14.63,6560.1,0.0,0.09,0.11,0.09,0.0,0.0,0.0,0.01
2026-09-13 15:23:30,1.26,0.5,0.75,0.0,0.0,14.63,6560.1,0.0,0.09,0.11,0.09,0.0,0.0,0.0,0.01
2026-09-13 15:23:31,1.25,0.5,0.75,0.0,0.0,14.63,6560.1,0.0,0.09,0.11,0.09,0.0,0.0,0.0,0.01
2026-09-13 15:23:32,1.26,0.51,0.76,0.0,0.0,14.66,6557.6,0.0,0.09,0.11,0.09,0.25,0.0,0.0,0.01
2026-09-13 15:23:33,1.76,1.01,0.75,0.0,0.0,14.66,6557.4,0.0,0.09,0.11,0.09,0.0,0.0,0.0,0.01
2026-09-13 15:23:34,1.5,0.5,0.75,0.0,0.25,14.66,6557.4,0.0,0.09,0.11,0.09,0.0,0.0,0.0,0.01
2026-09-13 15:23:35,1.25,0.5,0.75,0.0,0.0,14.66,6557.4,0.0,0.09,0.11,0.09,0.0,0.0,0.0,0.01
2026-09-13 15:23:36,0.76,0.25,0.5,0.0,0.0,14.66,6557.4,0.0,0.09,0.11,0.09,0.0,0.0,0.0,0.01
2026-09-13 15:23:37,0.76,0.25,0.51,0.0,0.0,14.67,6557.2,0.0,0.08,0.11,0.09,0.0,0.0,0.0,0.01
2026-09-13 15:23:38,1.25,0.25,1.0,0.0,0.0,14.67,6557.2,0.0,0.08,0.11,0.09,0.0,0.0,0.0,0.01
2026-09-13 15:23:39,1.01,0.5,0.5,0.0,0.0,14.67,6557.2,0.0,0.08,0.11,0.09,0.0,0.0,0.0,0.01
2026-09-13 15:23:40,1.01,0.5,0.5,0.0,0.0,14.67,6557.2,0.0,0.08,0.11,0.09,0.0,0.0,0.0,0.01
2026-09-13 15:23:41,1.5,0.5,0.75,0.0,0.25,14.67,6557.2,0.0,0.08,0.11,0.09,0.0,0.0,0.0,0.01
2026-09-13 15:23:42,3.04,1.52,1.52,1.01,0.0,14.63,6560.0,0.0,0.07,0.1,0.09,0.29,0.01,0.86,0.04
2026-09-13 15:23:43,1.75,0.75,1.0,0.25,0.0,14.63,6559.9,0.0,0.07,0.1,0.09,0.0,0.0,0.0,0.01
2026-09-13 15:23:44,1.01,0.5,0.5,1.01,0.0,14.63,6559.8,0.0,0.07,0.1,0.09,0.0,0.89,0.0,0.02
2026-09-13 15:23:45,3.78,2.02,1.51,0.5,0.25,14.58,6564.0,0.0,0.07,0.1,0.09,0.05,0.0,0.19,0.05
2026-09-13 15:23:46,1.25,0.5,0.75,0.0,0.0,14.58,6564.0,0.0,0.07,0.1,0.09,0.0,0.0,0.0,0.01
2026-09-13 15:23:47,0.76,0.25,0.51,0.25,0.0,14.58,6563.9,0.0,0.07,0.1,0.09,0.0,0.03,0.0,0.01
2026-09-13 15:23:48,2.76,1.26,1.26,1.26,0.25,14.65,6558.6,0.0,0.07,0.1,0.09,0.15,0.0,0.03,0.02
2026-09-13 15:23:49,1.01,0.5,0.5,0.0,0.0,14.65,6558.6,0.0,0.07,0.1,0.09,0.0,0.0,0.0,0.01
2026-09-13 15:23:50,10.55,9.05,1.51,0.5,0.0,14.65,6558.6,0.0,0.07,0.1,0.09,0.0,0.03,0.01,0.01
2026-09-13 15:23:51,1.0,0.5,0.5,0.25,0.0,14.65,6558.6,0.0,0.07,0.1,0.09,0.0,0.01,0.0,0.01
2026-09-13 15:23:52,2.02,0.76,1.01,0.0,0.25,14.73,6552.2,0.0,0.06,0.1,0.09,0.25,0.07,0.01,0.01
2026-09-13 15:23:53,3.27,1.51,1.76,1.01,0.0,14.8,6546.7,0.0,0.06,0.1,0.09,0.26,0.0,0.0,0.01
2026-09-13 15:23:54,12.37,8.33,3.79,13.64,0.25,15.13,6521.5,0.0,0.06,0.1,0.09,7.16,41.43,0.0,0.0
2026-09-13 15:23:55,19.35,13.57,5.53,19.6,0.25,15.18,6517.8,0.0,0.06,0.1,0.09,1.68,25.77,0.01,0.01
2026-09-13 15:23:56,2.02,0.76,1.01,24.24,0.25,15.19,6516.8,0.0,0.06,0.1,0.09,0.0,7.76,0.0,0.01
2026-09-13 15:23:57,2.27,1.01,1.26,25.19,0.0,15.19,6516.9,0.0,0.14,0.11,0.09,0.0,9.23,0.01,0.02
2026-09-13 15:23:58,2.76,1.01,1.51,27.64,0.25,15.2,6516.3,0.0,0.14,0.11,0.09,0.0,10.15,0.01,0.01
2026-09-13 15:23:59,5.58,3.3,2.03,41.37,0.25,15.29,6509.3,0.0,0.14,0.11,0.09,0.46,5.1,0.22,0.06
2026-09-13 15:24:00,20.35,17.09,3.02,1.26,0.25,15.35,6505.1,0.0,0.14,0.11,0.09,0.02,0.04,0.03,0.01
2026-09-13 15:24:01,1.26,0.25,1.01,4.04,0.0,15.25,6512.5,0.0,0.14,0.11,0.09,2.29,0.0,0.0,0.01
2026-09-13 15:24:02,1.76,0.75,1.01,0.0,0.0,15.32,6507.3,0.0,0.12,0.11,0.09,0.25,0.0,0.0,0.01
2026-09-13 15:24:03,1.51,0.76,0.76,0.5,0.0,15.32,6507.4,0.0,0.12,0.11,0.09,0.0,0.08,0.0,0.01
2026-09-13 15:24:04,2.26,1.5,0.75,0.75,0.0,15.32,6507.4,0.0,0.12,0.11,0.09,0.0,0.08,0.0,0.0
2026-09-13 15:24:05,1.01,0.25,0.76,0.0,0.0,15.29,6509.3,0.0,0.12,0.11,0.09,0.0,0.01,0.0,0.01
2026-09-13 15:24:06,1.26,0.5,0.75,0.0,0.0,15.29,6509.3,0.0,0.12,0.11,0.09,0.0,0.01,0.0,0.01
2026-09-13 15:24:07,1.25,0.5,0.75,0.0,0.0,15.29,6509.3,0.0,0.11,0.11,0.09,0.0,0.0,0.0,0.01
2026-09-13 15:24:08,1.01,0.25,0.76,0.0,0.0,15.29,6509.3,0.0,0.11,0.11,0.09,0.0,0.0,0.0,0.01
2026-09-13 15:24:09,1.25,0.5,0.75,0.0,0.0,15.29,6509.3,0.0,0.11,0.11,0.09,0.0,0.0,0.0,0.01
2026-09-13 15:24:10,1.25,0.5,0.75,0.5,0.0,15.29,6509.2,0.0,0.11,0.11,0.09,0.0,0.32,0.0,0.01
2026-09-13 15:24:11,1.26,0.5,0.5,0.5,0.25,15.29,6509.2,0.0,0.11,0.11,0.09,0.0,0.03,0.0,0.01
2026-09-13 15:24:12,1.51,0.75,0.75,0.0,0.0,15.29,6509.0,0.0,0.19,0.13,0.1,0.25,0.0,0.0,0.01
2026-09-13 15:24:13,1.76,0.75,1.01,0.25,0.0,15.3,6508.5,0.0,0.19,0.13,0.1,0.0,0.0,0.0,0.01
2026-09-13 15:24:14,7.79,6.53,1.26,0.25,0.0,15.5,6493.2,0.0,0.19,0.13,0.1,0.0,0.02,0.0,0.01
2026-09-13 15:24:15,13.1,10.83,2.27,1.26,0.0,15.32,6507.3,0.0,0.19,0.13,0.1,0.0,0.03,0.01,0.01
2026-09-13 15:24:16,1.5,0.75,0.75,0.0,0.0,15.32,6507.2,0.0,0.19,0.13,0.1,0.0,0.02,0.0,0.01
2026-09-13 15:24:17,1.77,1.01,0.76,0.25,0.0,15.32,6507.2,0.0,0.17,0.12,0.09,0.0,0.02,0.0,0.01
2026-09-13 15:24:18,1.26,0.25,1.01,0.0,0.0,15.32,6507.1,0.0,0.17,0.12,0.09,0.0,0.0,0.0,0.01
2026-09-13 15:24:19,1.75,0.75,1.0,0.0,0.0,15.28,6509.9,0.0,0.17,0.12,0.09,0.0,0.0,0.0,0.01
2026-09-13 15:24:20,1.51,0.5,0.75,0.0,0.25,15.29,6509.6,0.0,0.17,0.12,0.09,0.0,0.0,0.0,0.01
2026-09-13 15:24:21,1.26,0.5,0.75,0.0,0.0,15.23,6514.0,0.0,0.17,0.12,0.09,0.0,0.0,0.0,0.01
2026-09-13 15:24:22,1.26,0.51,0.76,0.25,0.0,15.32,6506.8,0.0,0.24,0.14,0.1,0.25,0.01,0.0,0.01
2026-09-13 15:24:23,2.77,2.02,0.76,0.76,0.0,15.36,6504.4,0.0,0.24,0.14,0.1,0.0,0.02,0.0,0.01
2026-09-13 15:24:24,1.26,0.5,0.75,0.0,0.0,15.36,6504.4,0.0,0.24,0.14,0.1,0.0,0.0,0.0,0.0
2026-09-13 15:24:25,1.01,0.5,0.5,0.0,0.0,15.36,6504.4,0.0,0.24,0.14,0.1,0.0,0.0,0.0,0.01
2026-09-13 15:24:26,1.75,0.75,0.75,2.0,0.25,15.35,6504.5,0.0,0.24,0.14,0.1,0.0,2.14,0.0,0.01
2026-09-13 15:24:27,1.01,0.5,0.5,0.0,0.0,15.31,6507.9,0.0,0.22,0.14,0.1,0.0,0.0,0.0,0.01
2026-09-13 15:24:28,1.26,0.5,0.76,0.0,0.0,15.31,6507.9,0.0,0.22,0.14,0.1,0.0,0.35,0.0,0.01
2026-09-13 15:24:29,1.26,0.25,0.75,0.0,0.25,15.31,6507.9,0.0,0.22,0.14,0.1,0.0,0.0,0.0,0.01
2026-09-13 15:24:30,21.61,18.84,2.76,1.01,0.0,15.33,6506.3,0.0,0.22,0.14,0.1,0.0,0.07,0.01,0.01
2026-09-13 15:24:31,1.26,0.5,0.75,0.0,0.0,15.31,6507.5,0.0,0.22,0.14,0.1,0.0,0.0,0.0,0.01
2026-09-13 15:24:32,1.52,0.76,0.76,0.0,0.0,15.4,6500.6,0.0,0.2,0.13,0.1,0.25,0.01,0.0,0.01
2026-09-13 15:24:33,2.27,1.26,1.01,0.5,0.0,15.35,6504.6,0.0,0.2,0.13,0.1,0.0,0.01,0.0,0.02
2026-09-13 15:24:34,1.5,0.5,0.75,0.0,0.25,15.35,6504.5,0.0,0.2,0.13,0.1,0.0,0.01,0.0,0.01
2026-09-13 15:24:35,1.26,0.5,0.76,0.0,0.0,15.26,6511.5,0.0,0.2,0.13,0.1,0.0,0.0,0.0,0.01
2026-09-13 15:24:36,1.51,0.5,1.01,0.25,0.0,15.26,6511.4,0.0,0.2,0.13,0.1,0.0,0.02,0.0,0.01
2026-09-13 15:24:37,1.26,0.5,0.76,0.0,0.0,15.26,6511.4,0.0,0.18,0.13,0.1,0.0,0.0,0.0,0.01
2026-09-13 15:24:38,1.51,0.5,1.01,0.0,0.0,15.26,6511.4,0.0,0.18,0.13,0.1,0.0,0.0,0.0,0.01
2026-09-13 15:24:39,1.26,0.5,0.75,0.0,0.0,15.27,6511.3,0.0,0.18,0.13,0.1,0.0,0.0,0.0,0.01
2026-09-13 15:24:40,1.75,0.5,1.0,0.0,0.25,15.27,6511.2,0.0,0.18,0.13,0.1,0.0,0.0,0.0,0.01
2026-09-13 15:24:41,1.01,0.51,0.51,0.0,0.0,15.27,6511.2,0.0,0.18,0.13,0.1,0.0,0.88,0.0,0.01
2026-09-13 15:24:42,2.26,1.51,0.75,0.25,0.0,15.28,6509.8,0.0,0.17,0.13,0.1,0.0,0.0,0.0,0.01
2026-09-13 15:24:43,2.51,1.26,1.26,0.25,0.0,15.34,6505.8,0.0,0.17,0.13,0.1,0.25,0.0,0.0,0.01
2026-09-13 15:24:44,1.26,0.5,0.75,0.0,0.0,15.34,6505.8,0.0,0.17,0.13,0.1,0.0,0.0,0.0,0.01
2026-09-13 15:24:45,18.78,13.96,4.06,2.54,0.76,15.75,6473.9,0.0,0.17,0.13,0.1,2.08,0.01,0.09,19.1
2026-09-13 15:24:46,8.08,5.81,2.27,19.95,0.0,15.75,6474.3,0.0,0.17,0.13,0.1,6.09,5.56,0.04,5.84
2026-09-13 15:24:47,8.56,6.3,2.02,0.0,0.25,15.98,6456.7,0.0,0.48,0.19,0.12,0.0,0.01,0.05,10.4
2026-09-13 15:24:48,9.55,7.29,1.76,4.77,0.5,16.02,6453.2,0.0,0.48,0.19,0.12,0.0,2.49,0.05,10.53
2026-09-13 15:24:49,7.59,6.08,1.52,3.54,0.0,16.0,6455.0,0.0,0.48,0.19,0.12,0.0,1.69,0.03,6.41
2026-09-13 15:24:50,2.77,1.01,1.51,2.52,0.25,15.92,6461.0,0.0,0.48,0.19,0.12,0.0,20.14,0.02,5.2
2026-09-13 15:24:51,1.5,0.5,1.0,0.0,0.0,15.92,6460.8,0.0,0.48,0.19,0.12,0.0,0.0,0.0,0.01
2026-09-13 15:24:52,10.8,8.79,2.01,0.75,0.0,15.8,6470.3,0.0,0.52,0.21,0.12,0.0,0.02,0.01,0.01
2026-09-13 15:24:53,9.34,5.56,3.03,0.25,0.76,17.1,6370.2,0.0,0.52,0.21,0.12,0.25,0.01,0.13,31.13
2026-09-13 15:24:54,1.26,0.5,0.75,0.0,0.0,17.1,6370.0,0.0,0.52,0.21,0.12,0.0,0.0,0.0,0.0
2026-09-13 15:24:55,7.32,4.8,2.02,0.0,0.51,17.18,6364.5,0.0,0.52,0.21,0.12,0.0,0.0,0.12,31.13
2026-09-13 15:24:56,2.02,0.51,1.26,13.89,0.25,16.74,6397.8,0.0,0.52,0.21,0.12,0.0,95.2,0.0,0.01
2026-09-13 15:24:57,1.26,0.5,0.76,0.0,0.0,16.66,6404.0,0.0,0.48,0.2,0.12,0.0,0.0,0.0,0.02
2026-09-13 15:24:58,3.02,2.01,1.01,0.25,0.0,16.73,6399.0,0.0,0.48,0.2,0.12,0.0,0.04,0.0,0.01
2026-09-13 15:24:59,7.11,4.31,2.28,2.03,0.51,17.58,6333.2,0.0,0.48,0.2,0.12,0.0,2.15,0.13,31.12
2026-09-13 15:25:00,4.31,2.54,1.27,0.0,0.51,17.2,6362.6,0.0,0.48,0.2,0.12,0.0,0.0,0.09,23.32
2026-09-13 15:25:01,5.53,3.27,2.01,1.01,0.25,18.09,6294.2,0.0,0.48,0.2,0.12,0.0,0.26,0.03,7.81
2026-09-13 15:25:02,1.26,0.5,0.75,0.0,0.0,18.09,6294.2,0.0,0.44,0.2,0.12,0.0,0.0,0.0,0.01
2026-09-13 15:25:03,2.27,1.26,1.01,0.25,0.0,18.09,6294.2,0.0,0.44,0.2,0.12,0.25,0.0,0.0,0.01
2026-09-13 15:25:04,4.79,2.77,1.26,1.01,0.76,17.61,6331.2,0.0,0.44,0.2,0.12,0.0,0.04,0.1,25.22
2026-09-13 15:25:05,6.02,3.51,2.51,0.0,0.0,17.3,6354.7,0.0,0.44,0.2,0.12,0.0,0.01,0.02,5.91
2026-09-13 15:25:06,7.59,4.3,2.78,0.0,0.51,17.6,6332.1,0.0,0.44,0.2,0.12,0.0,0.01,0.12,31.12
2026-09-13 15:25:07,10.58,8.56,1.76,0.5,0.25,17.74,6320.8,0.0,0.48,0.21,0.12,0.0,0.03,0.01,0.01
2026-09-13 15:25:08,1.26,0.5,0.75,0.0,0.0,17.65,6328.0,0.0,0.48,0.21,0.12,0.0,0.01,0.0,0.01
2026-09-13 15:25:09,3.54,2.53,1.01,1.77,0.0,17.54,6336.5,0.0,0.48,0.21,0.12,0.0,0.04,0.02,5.57
2026-09-13 15:25:10,4.8,2.02,2.27,0.0,0.51,18.16,6288.9,0.0,0.48,0.21,0.12,0.0,0.0,0.1,25.56
2026-09-13 15:25:11,3.52,2.51,1.01,0.75,0.0,18.17,6288.2,0.0,0.48,0.21,0.12,0.0,0.02,0.0,0.01
2026-09-13 15:25:12,6.08,3.04,2.53,0.0,0.51,17.25,6358.9,0.0,0.44,0.21,0.12,0.0,0.0,0.12,31.13
2026-09-13 15:25:13,2.26,1.01,1.01,0.25,0.25,17.23,6360.6,0.0,0.44,0.21,0.12,0.25,0.0,0.0,0.01
2026-09-13 15:25:14,8.04,6.78,1.26,1.01,0.0,17.26,6358.3,0.0,0.44,0.21,0.12,0.0,0.0,0.0,0.21
2026-09-13 15:25:15,15.95,10.63,4.3,18.23,1.01,17.46,6342.9,0.0,0.44,0.21,0.12,0.14,33.97,0.27,46.34
2026-09-13 15:25:16,24.94,21.91,2.77,9.57,0.25,18.66,6250.7,0.0,0.44,0.21,0.12,7.76,0.29,0.07,10.4
2026-09-13 15:25:17,26.7,23.17,3.27,0.0,0.25,19.37,6196.0,0.0,0.49,0.22,0.13,0.0,0.01,0.33,10.4
2026-09-13 15:25:18,4.02,2.51,1.26,0.0,0.25,19.14,6213.7,0.0,0.49,0.22,0.13,0.0,0.06,0.0,0.03
2026-09-13 15:25:19,4.27,2.01,1.76,0.0,0.5,19.28,6202.7,0.0,0.49,0.22,0.13,0.0,0.0,0.06,15.56
2026-09-13 15:25:20,5.29,3.53,1.51,12.34,0.25,19.1,6216.6,0.0,0.49,0.22,0.13,0.0,32.33,0.03,8.2
2026-09-13 15:25:21,4.04,2.02,1.77,0.0,0.25,19.77,6164.8,0.0,0.49,0.22,0.13,0.0,0.03,0.05,12.56
2026-09-13 15:25:22,7.04,5.53,1.51,0.25,0.0,19.75,6166.9,0.0,0.53,0.24,0.13,0.0,0.51,0.01,0.01
2026-09-13 15:25:23,12.91,8.86,3.29,0.51,0.76,19.79,6163.4,0.0,0.53,0.24,0.13,0.25,0.01,0.11,25.95
2026-09-13 15:25:24,1.26,0.5,0.75,0.0,0.0,19.79,6163.4,0.0,0.53,0.24,0.13,0.0,0.0,0.0,0.0
2026-09-13 15:25:25,2.51,1.51,1.01,0.0,0.0,19.79,6163.4,0.0,0.53,0.24,0.13,0.0,0.0,0.0,0.01
2026-09-13 15:25:26,7.83,3.54,3.28,14.65,1.01,20.56,6104.8,0.0,0.53,0.24,0.13,0.0,112.3,0.12,31.13
2026-09-13 15:25:27,1.75,0.75,1.0,0.0,0.0,20.46,6112.0,0.0,0.65,0.26,0.14,0.0,0.0,0.0,0.01
2026-09-13 15:25:28,3.28,2.27,1.01,0.0,0.0,20.44,6113.7,0.0,0.65,0.26,0.14,0.0,0.0,0.01,2.47
2026-09-13 15:25:29,6.05,3.27,2.27,0.0,0.5,20.36,6119.9,0.0,0.65,0.26,0.14,0.0,0.0,0.11,28.67
2026-09-13 15:25:30,1.5,0.5,0.75,0.0,0.25,20.33,6121.8,0.0,0.65,0.26,0.14,0.0,0.0,0.0,0.01
2026-09-13 15:25:31,5.34,3.05,1.78,2.8,0.51,19.8,6162.7,0.0,0.65,0.26,0.14,0.0,1.68,0.12,31.13
2026-09-13 15:25:32,3.28,1.52,1.77,6.57,0.0,20.4,6116.9,0.0,0.6,0.26,0.14,0.0,72.67,0.0,0.01
2026-09-13 15:25:33,2.76,1.26,1.26,0.0,0.25,20.43,6114.5,0.0,0.6,0.26,0.14,0.25,0.0,0.0,0.02
2026-09-13 15:25:34,7.61,4.82,2.54,0.0,0.25,20.15,6135.6,0.0,0.6,0.26,0.14,0.0,0.0,0.12,31.13
2026-09-13 15:25:35,1.26,0.5,0.76,0.0,0.0,20.15,6135.7,0.0,0.6,0.26,0.14,0.0,0.0,0.0,0.0
2026-09-13 15:25:36,1.26,0.5,0.76,1.01,0.0,20.13,6137.4,0.0,0.6,0.26,0.14,0.0,0.06,0.0,0.01
2026-09-13 15:25:37,10.33,6.3,3.27,0.0,0.76,20.04,6144.4,0.0,0.55,0.26,0.14,0.0,0.0,0.13,31.13
2026-09-13 15:25:38,8.82,7.3,1.51,0.5,0.0,20.06,6142.8,0.0,0.55,0.26,0.14,0.0,0.02,0.0,0.01
2026-09-13 15:25:39,4.51,3.51,1.0,0.5,0.0,19.97,6149.7,0.0,0.55,0.26,0.14,0.0,0.0,0.0,0.01
2026-09-13 15:25:40,6.06,3.28,2.02,0.0,0.76,19.94,6152.1,0.0,0.55,0.26,0.14,0.0,0.0,0.12,31.12
2026-09-13 15:25:41,1.26,0.5,0.75,0.0,0.0,19.94,6152.1,0.0,0.55,0.26,0.14,0.0,0.02,0.0,0.01
2026-09-13 15:25:42,4.57,2.54,1.52,0.25,0.51,20.03,6145.4,0.0,0.5,0.25,0.14,0.0,0.05,0.12,29.92
2026-09-13 15:25:43,5.53,3.27,2.26,0.25,0.0,20.18,6133.2,0.0,0.5,0.25,0.14,0.25,0.0,0.01,1.22
2026-09-13 15:25:44,1.01,0.25,0.76,0.0,0.0,20.11,6138.7,0.0,0.5,0.25,0.14,0.0,0.0,0.0,0.01
2026-09-13 15:25:45,7.85,4.81,2.28,0.0,0.76,20.74,6090.4,0.0,0.5,0.25,0.14,0.0,0.0,0.12,31.14
2026-09-13 15:25:46,1.26,0.5,0.75,1.01,0.0,20.73,6091.4,0.0,0.5,0.25,0.14,0.0,1.38,0.0,0.01
2026-09-13 15:25:47,1.01,0.5,0.5,0.0,0.0,20.68,6095.5,0.0,0.46,0.25,0.14,0.0,0.01,0.0,0.01
2026-09-13 15:25:48,9.67,5.09,3.82,20.36,0.76,20.66,6096.8,0.0,0.46,0.25,0.14,0.0,167.66,0.12,31.13
2026-09-13 15:25:49,2.53,0.51,1.77,13.38,0.25,20.67,6096.2,0.0,0.46,0.25,0.14,0.0,150.29,0.0,0.01
2026-09-13 15:25:50,2.5,1.5,1.0,0.0,0.0,20.67,6096.2,0.0,0.46,0.25,0.14,0.0,0.0,0.0,0.01
2026-09-13 15:25:51,6.84,4.3,2.03,0.0,0.51,20.05,6143.5,0.0,0.46,0.25,0.14,0.0,0.0,0.12,31.13
2026-09-13 15:25:52,1.26,0.5,0.5,0.0,0.25,20.05,6143.5,0.0,0.43,0.24,0.14,0.0,2.13,0.0,0.01
2026-09-13 15:25:53,14.54,11.53,3.01,1.0,0.0,20.16,6135.5,0.0,0.43,0.24,0.14,0.25,0.1,0.02,2.63
2026-09-13 15:25:54,5.05,2.02,2.53,0.0,0.51,21.34,6044.3,0.0,0.43,0.24,0.14,0.0,0.0,0.11,28.5
2026-09-13 15:25:55,11.31,9.05,2.01,10.55,0.25,20.8,6085.9,0.0,0.43,0.24,0.14,0.0,4.5,0.03,7.09
2026-09-13 15:25:56,10.08,7.3,2.27,6.3,0.5,19.98,6148.7,0.0,0.43,0.24,0.14,0.0,2.5,0.05,11.28
2026-09-13 15:25:57,3.53,2.77,0.76,4.53,0.0,19.83,6160.5,0.0,0.39,0.24,0.14,0.0,1.43,0.0,0.01
2026-09-13 15:25:58,9.57,7.3,2.02,3.53,0.25,19.42,6191.7,0.0,0.39,0.24,0.14,0.0,1.68,0.04,8.68
2026-09-13 15:25:59,5.3,3.79,1.52,2.53,0.0,19.22,6207.0,0.0,0.39,0.24,0.14,0.0,22.8,0.02,5.2
2026-09-13 15:26:00,12.41,8.35,3.29,4.81,0.76,19.8,6162.8,0.0,0.39,0.24,0.14,0.0,18.85,0.14,34.08
2026-09-13 15:26:01,11.56,8.29,2.76,6.53,0.5,20.07,6142.0,0.0,0.39,0.24,0.14,0.0,3.04,0.08,17.83
2026-09-13 15:26:02,4.79,3.53,1.26,4.79,0.0,20.0,6147.3,0.0,0.36,0.23,0.14,0.0,2.56,0.02,4.24
2026-09-13 15:26:03,7.34,5.57,1.52,0.76,0.25,19.91,6154.4,0.0,0.36,0.23,0.14,0.25,0.26,0.02,3.13
2026-09-13 15:26:04,9.64,7.61,1.78,1.52,0.25,19.55,6182.1,0.0,0.36,0.23,0.14,0.0,0.05,0.06,14.69
2026-09-13 15:26:05,2.51,1.51,1.01,3.52,0.0,19.53,6183.8,0.0,0.36,0.23,0.14,0.0,2.24,0.0,0.0
2026-09-13 15:26:06,1.26,0.5,0.75,0.0,0.0,19.49,6186.2,0.0,0.36,0.23,0.14,0.0,0.0,0.0,0.01
2026-09-13 15:26:07,7.58,5.81,1.52,2.27,0.25,19.34,6198.1,0.0,0.41,0.25,0.14,0.0,1.7,0.02,3.86
2026-09-13 15:26:08,12.09,9.07,2.27,0.5,0.76,18.71,6246.6,0.0,0.41,0.25,0.14,0.0,0.03,0.12,28.17
2026-09-13 15:26:09,7.58,4.8,2.53,2.02,0.25,19.77,6165.0,0.0,0.41,0.25,0.14,0.0,0.04,0.03,6.82
2026-09-13 15:26:10,7.56,5.29,2.02,2.77,0.25,20.25,6128.3,0.0,0.41,0.25,0.14,0.0,1.71,0.06,14.97
2026-09-13 15:26:11,5.03,3.52,1.26,0.0,0.25,20.21,6130.9,0.0,0.41,0.25,0.14,0.0,0.0,0.02,5.21
2026-09-13 15:26:12,13.89,9.34,3.54,7.83,1.01,20.38,6118.1,0.0,0.38,0.24,0.14,0.0,3.95,0.16,37.12
2026-09-13 15:26:13,2.26,1.01,1.26,0.5,0.0,20.35,6120.5,0.0,0.38,0.24,0.14,0.25,0.0,0.0,0.01
2026-09-13 15:26:14,6.03,4.77,1.26,0.0,0.0,20.4,6117.0,0.0,0.38,0.24,0.14,0.0,0.0,0.0,0.01
2026-09-13 15:26:15,10.33,6.55,3.27,0.25,0.5,19.91,6154.0,0.0,0.38,0.24,0.14,0.0,0.04,0.09,20.86
2026-09-13 15:26:16,7.54,5.78,1.51,8.04,0.25,19.81,6162.1,0.0,0.38,0.24,0.14,0.0,3.36,0.02,2.88
2026-09-13 15:26:17,14.18,9.62,3.8,3.29,0.76,20.38,6118.0,0.0,0.35,0.24,0.14,0.0,1.4,0.16,38.56
2026-09-13 15:26:18,5.54,4.03,1.51,2.27,0.0,20.28,6125.8,0.0,0.35,0.24,0.14,0.0,0.85,0.02,5.21
2026-09-13 15:26:19,10.53,7.52,2.51,4.76,0.5,19.67,6172.4,0.0,0.35,0.24,0.14,0.0,1.68,0.07,16.12
2026-09-13 15:26:20,7.29,5.03,2.01,14.07,0.25,19.29,6201.9,0.0,0.35,0.24,0.14,0.0,21.41,0.02,5.72
2026-09-13 15:26:21,4.02,2.76,1.01,11.81,0.25,19.2,6208.6,0.0,0.35,0.24,0.14,0.0,14.66,0.0,0.01
2026-09-13 15:26:22,13.35,10.83,2.52,2.27,0.0,19.23,6206.5,0.0,0.4,0.25,0.14,0.0,0.8,0.03,5.74
2026-09-13 15:26:23,18.99,13.67,4.56,3.29,0.76,19.85,6158.6,0.0,0.4,0.25,0.14,0.25,1.17,0.15,36.34
2026-09-13 15:26:24,7.34,5.82,1.52,3.29,0.0,19.41,6193.1,0.0,0.4,0.25,0.14,0.0,1.68,0.02,4.7
2026-09-13 15:26:25,1.77,0.76,0.76,0.0,0.25,19.36,6196.4,0.0,0.4,0.25,0.14,0.0,0.0,0.02,5.2
2026-09-13 15:26:26,4.29,2.53,1.77,16.92,0.0,19.21,6207.8,0.0,0.4,0.25,0.14,0.0,75.43,0.0,0.01
2026-09-13 15:26:27,3.54,0.51,2.78,22.98,0.25,19.19,6209.3,0.0,0.45,0.26,0.15,0.0,238.74,0.0,0.01
2026-09-13 15:26:28,20.56,14.21,5.08,1.52,1.27,20.58,6103.0,0.0,0.45,0.26,0.15,0.0,21.81,0.23,47.35
2026-09-13 15:26:29,12.06,9.05,2.51,19.85,0.5,20.39,6117.5,0.0,0.45,0.26,0.15,0.0,10.03,0.06,15.05
2026-09-13 15:26:30,3.53,2.52,1.01,0.0,0.0,20.35,6120.6,0.0,0.45,0.26,0.15,0.0,0.0,0.01,1.93
2026-09-13 15:26:31,6.57,4.8,1.52,0.0,0.25,20.42,6114.8,0.0,0.45,0.26,0.15,0.0,0.0,0.02,3.28
2026-09-13 15:26:32,4.02,2.26,1.51,0.0,0.25,20.1,6139.4,0.0,0.41,0.26,0.15,0.0,0.01,0.04,10.4
2026-09-13 15:26:33,2.78,1.52,1.26,0.51,0.0,20.01,6146.3,0.0,0.41,0.26,0.15,0.25,0.04,0.0,0.02
2026-09-13 15:26:34,6.33,3.8,2.03,0.0,0.51,20.07,6141.9,0.0,0.41,0.26,0.15,0.0,0.0,0.08,20.76
2026-09-13 15:26:35,6.05,4.03,1.76,5.54,0.25,20.18,6133.4,0.0,0.41,0.26,0.15,0.0,1.35,0.04,10.64
2026-09-13 15:26:36,8.08,6.06,1.77,6.31,0.25,20.07,6142.3,0.0,0.41,0.26,0.15,0.0,2.84,0.05,13.36
2026-09-13 15:26:37,1.51,0.75,0.75,0.0,0.0,20.02,6145.6,0.0,0.38,0.25,0.15,0.0,0.0,0.0,0.01
2026-09-13 15:26:38,12.59,10.58,2.02,1.01,0.0,19.78,6164.1,0.0,0.38,0.25,0.15,0.0,0.04,0.01,0.01
2026-09-13 15:26:39,9.9,6.85,2.28,1.78,0.76,19.18,6210.8,0.0,0.38,0.25,0.15,0.0,0.05,0.12,27.61
2026-09-13 15:26:40,15.7,10.89,3.8,4.56,1.01,19.86,6158.4,0.0,0.38,0.25,0.15,0.0,1.94,0.2,42.78
2026-09-13 15:26:41,9.32,6.55,2.52,13.1,0.25,20.12,6138.3,0.0,0.38,0.25,0.15,0.0,3.94,0.01,2.03
2026-09-13 15:26:42,5.53,4.02,1.51,5.03,0.0,20.53,6106.7,0.0,0.43,0.27,0.15,0.0,0.81,0.02,4.37
2026-09-13 15:26:43,4.53,3.27,1.26,2.52,0.0,20.43,6114.0,0.0,0.43,0.27,0.15,0.25,0.89,0.0,0.02
2026-09-13 15:26:44,1.26,0.5,0.5,0.5,0.25,20.41,6115.8,0.0,0.43,0.27,0.15,0.0,0.04,0.01,2.72
2026-09-13 15:26:45,14.65,10.1,4.04,5.3,0.51,20.62,6099.5,0.0,0.43,0.27,0.15,0.0,2.25,0.11,27.48
2026-09-13 15:26:46,11.9,8.35,3.04,0.76,0.51,20.37,6119.2,0.0,0.43,0.27,0.15,0.0,0.52,0.12,28.96
2026-09-13 15:26:47,1.26,0.76,0.51,3.03,0.0,20.37,6119.1,0.0,0.39,0.26,0.15,0.0,1.42,0.0,0.01
2026-09-13 15:26:48,1.26,0.5,0.76,0.0,0.0,20.38,6118.4,0.0,0.39,0.26,0.15,0.0,0.0,0.0,0.01
2026-09-13 15:26:49,8.79,6.53,1.76,2.51,0.5,20.31,6123.6,0.0,0.39,0.26,0.15,0.0,0.52,0.04,10.23
2026-09-13 15:26:50,16.33,12.31,3.52,13.57,0.5,20.3,6124.6,0.0,0.39,0.26,0.15,0.0,4.29,0.11,26.16
2026-09-13 15:26:51,6.33,4.05,2.03,4.3,0.25,20.3,6124.3,0.0,0.39,0.26,0.15,0.0,0.85,0.06,15.57
2026-09-13 15:26:52,16.37,12.59,3.02,1.26,0.76,19.91,6154.5,0.0,0.36,0.26,0.15,0.0,1.1,0.09,19.97
2026-09-13 15:26:53,13.35,10.33,2.77,8.31,0.25,19.61,6177.4,0.0,0.36,0.26,0.15,0.25,41.37,0.01,0.01
2026-09-13 15:26:54,6.02,4.26,1.5,0.25,0.25,19.56,6181.0,0.0,0.36,0.26,0.15,0.0,0.0,0.02,3.95
2026-09-13 15:26:55,15.82,11.73,3.32,16.07,0.77,19.51,6184.7,0.0,0.36,0.26,0.15,0.0,19.25,0.15,29.9
2026-09-13 15:26:56,2.26,1.0,1.0,0.0,0.25,19.51,6184.8,0.0,0.36,0.26,0.15,0.0,0.0,0.0,0.01
2026-09-13 15:26:57,8.86,6.84,1.77,2.28,0.25,19.49,6186.8,0.0,0.41,0.27,0.16,0.0,3.28,0.03,5.22
2026-09-13 15:26:58,8.56,6.05,2.02,8.82,0.5,19.22,6207.7,0.0,0.41,0.27,0.16,0.0,1.69,0.07,17.72
2026-09-13 15:26:59,11.2,7.89,3.05,33.59,0.25,19.58,6179.8,0.0,0.41,0.27,0.16,0.0,101.99,0.08,18.08
2026-09-13 15:27:00,2.02,0.76,1.01,25.19,0.25,19.58,6179.5,0.0,0.41,0.27,0.16,0.0,48.05,0.0,0.01
2026-09-13 15:27:01,18.64,13.85,3.78,10.08,1.01,19.42,6192.2,0.0,0.41,0.27,0.16,0.0,2.82,0.15,34.96
2026-09-13 15:27:02,3.27,1.76,1.51,10.83,0.0,19.42,6192.0,0.0,0.46,0.28,0.16,0.0,2.83,0.0,0.01
2026-09-13 15:27:03,10.1,8.08,2.02,0.0,0.0,19.18,6210.3,0.0,0.46,0.28,0.16,0.25,0.04,0.03,5.21
2026-09-13 15:27:04,13.28,9.27,3.26,4.26,0.75,19.21,6208.1,0.0,0.46,0.28,0.16,0.0,1.69,0.1,22.96
2026-09-13 15:27:05,1.51,0.5,1.01,0.5,0.0,19.21,6208.0,0.0,0.46,0.28,0.16,0.0,6.5,0.0,0.0
2026-09-13 15:27:06,8.35,6.33,1.77,11.39,0.25,19.11,6215.9,0.0,0.46,0.28,0.16,0.0,87.42,0.03,6.91
2026-09-13 15:27:07,13.13,9.34,3.28,10.86,0.51,19.31,6200.6,0.0,0.5,0.3,0.16,0.0,2.26,0.11,27.42
2026-09-13 15:27:08,19.19,16.16,2.78,3.79,0.25,19.28,6202.5,0.0,0.5,0.3,0.16,0.0,1.69,0.04,7.92
2026-09-13 15:27:09,13.16,10.13,2.78,3.8,0.25,19.18,6210.4,0.0,0.5,0.3,0.16,0.0,1.7,0.07,17.59
2026-09-13 15:27:10,1.26,0.25,1.01,0.0,0.0,19.18,6210.2,0.0,0.5,0.3,0.16,0.0,0.0,0.0,0.01
2026-09-13 15:27:11,4.02,2.76,1.01,3.02,0.25,19.24,6206.2,0.0,0.5,0.3,0.16,0.0,19.76,0.0,0.11
2026-09-13 15:27:12,3.02,1.51,1.26,1.01,0.25,19.42,6191.8,0.0,0.46,0.29,0.16,0.0,0.05,0.04,10.29
2026-09-13 15:27:13,10.1,6.31,3.28,0.0,0.51,19.98,6148.8,0.0,0.46,0.29,0.16,0.25,0.0,0.13,31.14
2026-09-13 15:27:14,14.68,11.65,2.78,4.05,0.25,20.17,6134.2,0.0,0.46,0.29,0.16,0.0,1.99,0.12,17.6
2026-09-13 15:27:15,28.14,25.88,2.01,0.75,0.25,19.73,6168.5,0.0,0.46,0.29,0.16,0.0,0.27,0.33,10.4
2026-09-13 15:27:16,5.58,3.81,1.52,3.05,0.25,19.32,6199.9,0.0,0.46,0.29,0.16,0.0,43.62,0.04,10.39
2026-09-13 15:27:17,5.05,3.28,1.52,1.77,0.25,19.47,6188.5,0.0,0.43,0.29,0.16,0.0,0.05,0.04,10.39
2026-09-13 15:27:18,6.27,4.01,2.01,0.25,0.25,19.61,6177.1,0.0,0.43,0.29,0.16,0.0,0.01,0.04,10.39
2026-09-13 15:27:19,5.53,3.52,1.76,0.0,0.25,19.93,6153.1,0.0,0.43,0.29,0.16,0.0,0.0,0.04,10.39
2026-09-13 15:27:20,5.29,3.53,1.76,0.0,0.0,20.06,6142.8,0.0,0.43,0.29,0.16,0.0,0.38,0.04,10.39
2026-09-13 15:27:21,6.06,3.79,1.77,0.0,0.51,20.11,6138.9,0.0,0.43,0.29,0.16,0.0,0.01,0.06,15.57
2026-09-13 15:27:22,1.5,0.5,1.0,0.5,0.0,20.0,6147.2,0.0,0.39,0.28,0.16,0.0,8.52,0.0,0.0
2026-09-13 15:27:23,11.65,7.85,3.29,0.25,0.51,20.24,6129.2,0.0,0.39,0.28,0.16,0.25,0.05,0.09,20.76
2026-09-13 15:27:24,7.27,5.76,1.5,0.75,0.0,20.24,6128.6,0.0,0.39,0.28,0.16,0.0,0.02,0.0,0.0
2026-09-13 15:27:25,3.79,2.53,1.01,0.0,0.25,20.25,6128.6,0.0,0.39,0.28,0.16,0.0,0.03,0.02,4.9
2026-09-13 15:27:26,5.53,3.27,2.01,0.0,0.25,20.24,6128.9,0.0,0.39,0.28,0.16,0.0,0.0,0.08,21.05
2026-09-13 15:27:27,1.76,0.5,1.01,22.17,0.25,20.22,6130.6,0.0,0.6,0.33,0.18,0.0,62.66,0.0,0.01
2026-09-13 15:27:28,3.79,2.78,1.01,4.55,0.0,20.08,6141.3,0.0,0.6,0.33,0.18,0.0,0.06,0.02,4.59
2026-09-13 15:27:29,5.32,2.78,2.03,0.0,0.51,20.56,6104.5,0.0,0.6,0.33,0.18,0.0,0.01,0.11,26.55
2026-09-13 15:27:30,1.51,0.5,1.01,0.0,0.0,20.51,6108.3,0.0,0.6,0.33,0.18,0.0,0.0,0.0,0.01
2026-09-13 15:27:31,8.06,5.29,2.02,0.0,0.76,20.37,6119.3,0.0,0.6,0.33,0.18,0.0,0.01,0.12,31.13
2026-09-13 15:27:32,1.26,0.5,0.76,0.0,0.0,20.37,6119.3,0.0,0.55,0.32,0.18,0.0,0.0,0.0,0.01
2026-09-13 15:27:33,3.8,1.77,1.77,11.9,0.25,20.32,6122.9,0.0,0.55,0.32,0.18,0.25,129.47,0.0,0.01
2026-09-13 15:27:34,10.13,5.06,4.05,25.57,1.01,21.05,6066.9,0.0,0.55,0.32,0.18,0.0,186.73,0.12,31.14
2026-09-13 15:27:35,1.5,0.75,0.75,1.25,0.0,21.05,6067.0,0.0,0.55,0.32,0.18,0.0,19.6,0.0,0.0
2026-09-13 15:27:36,3.53,2.52,1.01,0.0,0.0,21.05,6066.9,0.0,0.55,0.32,0.18,0.0,0.0,0.0,0.01
2026-09-13 15:27:37,6.55,3.02,2.77,0.0,0.76,20.84,6082.6,0.0,0.51,0.31,0.18,0.0,0.0,0.12,31.13
2026-09-13 15:27:38,1.26,0.51,0.76,0.0,0.0,20.78,6087.3,0.0,0.51,0.31,0.18,0.0,2.13,0.0,0.01
2026-09-13 15:27:39,13.78,11.03,2.26,1.5,0.5,20.3,6124.2,0.0,0.51,0.31,0.18,0.0,0.07,0.05,11.88
2026-09-13 15:27:40,4.82,2.03,2.54,4.31,0.25,20.49,6109.9,0.0,0.51,0.31,0.18,0.0,56.48,0.08,19.26
2026-09-13 15:27:41,1.01,0.25,0.76,0.0,0.0,20.49,6109.9,0.0,0.51,0.31,0.18,0.0,0.0,0.0,0.01
2026-09-13 15:27:42,5.82,3.8,1.52,0.0,0.51,20.77,6088.5,0.0,0.47,0.31,0.17,0.0,0.0,0.12,31.13
2026-09-13 15:27:43,4.52,2.26,2.01,0.0,0.25,21.61,6024.0,0.0,0.47,0.31,0.17,0.25,0.0,0.0,0.01
2026-09-13 15:27:44,1.76,1.01,0.76,0.25,0.0,21.39,6040.8,0.0,0.47,0.31,0.17,0.0,0.0,0.0,0.01
2026-09-13 15:27:45,5.05,2.53,2.02,0.25,0.51,21.35,6043.5,0.0,0.47,0.31,0.17,0.0,0.05,0.12,30.32
2026-09-13 15:27:46,4.04,2.53,1.52,0.0,0.0,21.07,6065.5,0.0,0.47,0.31,0.17,0.0,0.0,0.0,0.82
2026-09-13 15:27:47,1.26,0.5,0.75,0.0,0.0,20.85,6082.2,0.0,0.43,0.3,0.17,0.0,0.0,0.0,0.01
2026-09-13 15:27:48,7.59,4.3,2.53,0.0,0.76,21.23,6052.7,0.0,0.43,0.3,0.17,0.0,0.0,0.12,31.13
2026-09-13 15:27:49,1.26,0.5,0.75,0.0,0.0,21.2,6055.2,0.0,0.43,0.3,0.17,0.0,0.01,0.0,0.01
2026-09-13 15:27:50,3.75,2.5,1.0,0.0,0.25,21.21,6054.6,0.0,0.43,0.3,0.17,0.0,0.0,0.0,0.01
2026-09-13 15:27:51,6.11,2.8,2.8,1.27,0.51,20.9,6078.2,0.0,0.43,0.3,0.17,0.0,0.04,0.12,31.13
2026-09-13 15:27:52,2.5,1.75,0.75,0.25,0.0,20.9,6078.1,0.0,0.39,0.3,0.17,0.0,0.0,0.0,0.01
2026-09-13 15:27:53,4.3,2.53,1.52,0.0,0.25,20.83,6083.9,0.0,0.39,0.3,0.17,0.25,0.0,0.06,13.94
2026-09-13 15:27:54,16.16,12.63,3.03,0.51,0.51,20.63,6098.8,0.0,0.39,0.3,0.17,0.0,0.03,0.07,17.2
2026-09-13 15:27:55,1.5,0.75,0.75,0.0,0.0,20.63,6098.8,0.0,0.39,0.3,0.17,0.0,0.0,0.0,0.01
2026-09-13 15:27:56,8.04,4.27,3.02,2.01,0.75,21.12,6061.1,0.0,0.39,0.3,0.17,0.0,0.04,0.12,31.13
2026-09-13 15:27:57,1.5,0.75,0.75,0.0,0.0,20.99,6071.5,0.0,0.36,0.29,0.17,0.0,0.0,0.0,0.01
2026-09-13 15:27:58,1.01,0.51,0.51,1.01,0.0,20.99,6071.5,0.0,0.36,0.29,0.17,0.0,1.89,0.0,0.01
2026-09-13 15:27:59,8.82,5.04,3.02,0.25,0.76,20.87,6080.3,0.0,0.36,0.29,0.17,0.0,0.01,0.12,31.13
2026-09-13 15:28:00,1.01,0.25,0.76,0.0,0.0,20.87,6080.3,0.0,0.36,0.29,0.17,0.0,0.0,0.0,0.01
2026-09-13 15:28:01,1.51,0.25,1.26,0.0,0.0,20.81,6084.9,0.0,0.36,0.29,0.17,0.0,0.0,0.0,0.01
2026-09-13 15:28:02,8.29,5.28,2.26,1.01,0.75,20.87,6080.9,0.0,0.33,0.29,0.17,0.0,0.05,0.12,31.13
2026-09-13 15:28:03,2.01,0.75,1.26,0.0,0.0,20.87,6080.3,0.0,0.33,0.29,0.17,0.25,0.0,0.0,0.01
2026-09-13 15:28:04,1.26,0.76,0.51,0.25,0.0,20.83,6084.0,0.0,0.33,0.29,0.17,0.0,0.0,0.0,0.0
2026-09-13 15:28:05,8.06,4.79,2.52,0.0,0.76,20.94,6075.4,0.0,0.33,0.29,0.17,0.0,0.01,0.12,31.12
2026-09-13 15:28:06,1.26,0.5,0.75,0.0,0.0,20.83,6083.6,0.0,0.33,0.29,0.17,0.0,0.0,0.0,0.01
2026-09-13 15:28:07,1.51,0.5,1.01,0.75,0.0,20.75,6089.9,0.0,0.31,0.28,0.17,0.0,0.0,0.0,0.01
2026-09-13 15:28:08,7.85,5.06,2.28,2.03,0.51,20.64,6098.6,0.0,0.31,0.28,0.17,0.0,0.04,0.12,31.12
2026-09-13 15:28:09,10.55,8.79,1.76,0.75,0.0,20.39,6117.7,0.0,0.31,0.28,0.17,0.0,0.03,0.01,0.01
2026-09-13 15:28:10,3.53,2.52,1.01,0.0,0.0,20.39,6117.4,0.0,0.31,0.28,0.17,0.0,0.0,0.02,4.8
2026-09-13 15:28:11,7.61,2.79,4.06,18.02,0.76,20.85,6081.8,0.0,0.31,0.28,0.17,0.0,172.77,0.1,26.33
2026-09-13 15:28:12,3.27,0.5,2.26,18.59,0.5,20.85,6082.4,0.0,0.36,0.3,0.17,0.0,217.23,0.0,0.01
2026-09-13 15:28:13,4.55,2.53,1.52,1.77,0.51,20.85,6082.0,0.0,0.36,0.3,0.17,0.25,0.04,0.06,16.33
2026-09-13 15:28:14,6.3,3.78,2.27,0.0,0.25,20.57,6103.8,0.0,0.36,0.3,0.17,0.0,0.0,0.06,14.82
2026-09-13 15:28:15,1.51,1.01,0.5,0.5,0.0,20.52,6107.7,0.0,0.36,0.3,0.17,0.0,2.67,0.0,0.01
2026-09-13 15:28:16,7.81,5.04,2.27,0.0,0.5,20.81,6085.2,0.0,0.36,0.3,0.17,0.0,0.0,0.12,31.12
2026-09-13 15:28:17,2.26,0.75,1.25,0.0,0.25,20.7,6093.9,0.0,0.33,0.29,0.17,0.0,0.01,0.0,0.01
2026-09-13 15:28:18,1.26,0.5,0.76,1.76,0.0,20.57,6103.3,0.0,0.33,0.29,0.17,0.0,0.39,0.0,0.01
2026-09-13 15:28:19,8.06,4.53,2.52,0.0,1.01,20.92,6077.0,0.0,0.33,0.29,0.17,0.0,0.01,0.12,31.13
2026-09-13 15:28:20,1.26,0.5,0.76,0.0,0.0,20.92,6077.1,0.0,0.33,0.29,0.17,0.0,0.01,0.0,0.01
2026-09-13 15:28:21,1.01,0.5,0.5,0.0,0.0,20.92,6077.1,0.0,0.33,0.29,0.17,0.0,0.0,0.0,0.01
2026-09-13 15:28:22,8.29,4.77,2.76,0.0,0.75,20.6,6101.3,0.0,0.39,0.3,0.18,0.0,0.0,0.12,31.13
2026-09-13 15:28:23,1.5,0.5,1.0,0.0,0.0,20.55,6104.9,0.0,0.39,0.3,0.18,0.0,0.0,0.0,0.01
2026-09-13 15:28:24,13.6,11.08,2.52,1.01,0.0,20.07,6142.3,0.0,0.39,0.3,0.18,0.25,0.08,0.01,0.01
2026-09-13 15:28:25,5.57,2.78,2.28,0.0,0.51,20.72,6092.0,0.0,0.39,0.3,0.18,0.0,0.01,0.12,31.13
2026-09-13 15:28:26,1.5,0.75,0.75,0.0,0.0,20.72,6092.0,0.0,0.39,0.3,0.18,0.0,0.0,0.0,0.01
2026-09-13 15:28:27,4.55,2.53,1.26,0.0,0.76,20.64,6098.1,0.0,0.36,0.3,0.18,0.0,0.0,0.1,24.94
2026-09-13 15:28:28,5.03,2.76,2.01,0.0,0.25,20.73,6091.1,0.0,0.36,0.3,0.18,0.0,0.0,0.03,6.2
2026-09-13 15:28:29,1.26,0.5,0.75,0.0,0.0,20.5,6108.6,0.0,0.36,0.3,0.18,0.0,0.0,0.0,0.01
2026-09-13 15:28:30,4.76,3.51,1.25,0.5,0.0,20.49,6109.8,0.0,0.36,0.3,0.18,0.0,0.04,0.0,0.01
2026-09-13 15:28:31,5.79,2.77,2.27,0.0,0.76,20.35,6120.3,0.0,0.36,0.3,0.18,0.0,0.0,0.12,31.12
2026-09-13 15:28:32,1.01,0.25,0.76,0.0,0.0,20.35,6120.4,0.0,0.33,0.29,0.18,0.0,0.0,0.0,0.01
2026-09-13 15:28:33,7.61,4.57,2.28,1.02,0.76,20.23,6129.5,0.0,0.33,0.29,0.18,0.0,1.26,0.13,31.14
2026-09-13 15:28:34,2.26,1.01,1.26,0.25,0.0,20.11,6138.9,0.0,0.33,0.29,0.18,0.25,0.0,0.0,0.01
2026-09-13 15:28:35,1.75,0.75,0.75,0.0,0.25,20.11,6139.0,0.0,0.33,0.29,0.18,0.0,0.01,0.0,0.0
2026-09-13 15:28:36,8.35,5.32,2.53,4.3,0.51,20.57,6103.5,0.0,0.33,0.29,0.18,0.0,0.04,0.12,31.13
2026-09-13 15:28:37,1.75,0.75,1.0,0.0,0.0,20.46,6111.8,0.0,0.3,0.29,0.18,0.0,0.0,0.0,0.01
2026-09-13 15:28:38,1.01,0.5,0.5,0.0,0.0,20.46,6111.8,0.0,0.3,0.29,0.18,0.0,0.0,0.0,0.01
2026-09-13 15:28:39,17.01,13.2,3.3,0.76,0.51,20.63,6099.2,0.0,0.3,0.29,0.18,0.0,0.1,0.13,31.13
2026-09-13 15:28:40,1.5,0.75,0.75,0.0,0.0,20.59,6102.1,0.0,0.3,0.29,0.18,0.0,0.01,0.0,0.01
2026-09-13 15:28:41,1.5,0.25,1.0,0.0,0.25,20.58,6102.5,0.0,0.3,0.29,0.18,0.0,0.0,0.0,0.01
2026-09-13 15:28:42,7.83,4.8,2.27,3.79,0.76,20.51,6107.9,0.0,0.28,0.28,0.17,0.0,0.04,0.12,31.13
2026-09-13 15:28:43,1.5,0.75,0.75,0.0,0.0,20.51,6107.9,0.0,0.28,0.28,0.17,0.0,0.0,0.0,0.01
2026-09-13 15:28:44,5.3,3.28,1.52,0.25,0.51,20.52,6107.7,0.0,0.28,0.28,0.17,0.25,0.0,0.08,19.17
2026-09-13 15:28:45,7.34,3.04,3.54,20.25,0.76,20.58,6102.9,0.0,0.28,0.28,0.17,0.0,249.72,0.05,11.98
2026-09-13 15:28:46,2.51,0.5,1.76,8.79,0.25,20.57,6103.3,0.0,0.28,0.28,0.17,0.0,110.28,0.0,0.01
2026-09-13 15:28:47,4.3,2.53,1.52,1.77,0.25,20.34,6121.0,0.0,0.25,0.28,0.17,0.0,0.04,0.08,20.63
2026-09-13 15:28:48,4.53,2.27,2.02,0.5,0.25,20.96,6074.0,0.0,0.25,0.28,0.17,0.0,2.01,0.04,10.52
2026-09-13 15:28:49,2.51,1.5,1.0,0.5,0.0,20.96,6073.9,0.0,0.25,0.28,0.17,0.0,0.0,0.0,0.01
2026-09-13 15:28:50,8.59,5.3,2.53,0.0,0.76,20.79,6086.5,0.0,0.25,0.28,0.17,0.0,0.01,0.12,31.12
2026-09-13 15:28:51,1.26,0.5,0.75,0.0,0.0,20.7,6093.8,0.0,0.25,0.28,0.17,0.0,0.0,0.0,0.01
2026-09-13 15:28:52,1.26,0.5,0.75,0.0,0.0,20.7,6093.8,0.0,0.23,0.27,0.17,0.0,0.0,0.0,0.01
2026-09-13 15:28:53,7.11,4.31,2.28,0.25,0.51,20.95,6074.2,0.0,0.23,0.27,0.17,0.0,0.04,0.12,31.13
2026-09-13 15:28:54,9.3,7.54,1.76,0.25,0.0,20.88,6079.8,0.0,0.23,0.27,0.17,0.25,0.0,0.01,0.01
2026-09-13 15:28:55,4.27,3.02,1.26,2.76,0.0,20.56,6104.5,0.0,0.23,0.27,0.17,0.0,0.55,0.0,0.01
2026-09-13 15:28:56,7.11,4.06,2.54,0.0,0.51,20.6,6101.0,0.0,0.23,0.27,0.17,0.0,0.0,0.12,31.13
2026-09-13 15:28:57,1.26,0.25,1.01,0.0,0.0,20.61,6100.9,0.0,0.21,0.27,0.17,0.0,0.0,0.0,0.02
2026-09-13 15:28:58,3.53,2.52,1.01,0.0,0.0,20.65,6097.2,0.0,0.21,0.27,0.17,0.0,0.25,0.0,0.01
2026-09-13 15:28:59,5.06,2.28,2.28,1.77,0.51,20.78,6087.8,0.0,0.21,0.27,0.17,0.0,0.04,0.12,31.13
2026-09-13 15:29:00,1.01,0.25,0.76,0.0,0.0,20.67,6095.6,0.0,0.21,0.27,0.17,0.0,0.01,0.0,0.01
2026-09-13 15:29:01,4.01,2.76,1.0,0.0,0.25,20.66,6097.1,0.0,0.21,0.27,0.17,0.0,0.25,0.0,0.01
2026-09-13 15:29:02,4.57,2.54,1.52,0.0,0.51,20.53,6106.8,0.0,0.2,0.26,0.17,0.0,0.01,0.12,31.12
2026-09-13 15:29:03,1.51,0.5,1.01,0.0,0.0,20.48,6110.7,0.0,0.2,0.26,0.17,0.0,0.0,0.0,0.01
2026-09-13 15:29:04,6.05,3.53,1.76,2.52,0.76,20.35,6120.3,0.0,0.2,0.26,0.17,0.25,0.29,0.11,27.13
2026-09-13 15:29:05,4.79,2.52,2.27,2.02,0.0,20.11,6139.2,0.0,0.2,0.26,0.17,0.0,2.01,0.02,4.0
2026-09-13 15:29:06,1.5,0.75,0.75,0.0,0.0,20.11,6139.2,0.0,0.2,0.26,0.17,0.0,0.0,0.0,0.01
2026-09-13 15:29:07,4.31,2.54,1.27,3.81,0.51,19.79,6163.6,0.0,0.18,0.26,0.17,0.0,1.76,0.11,26.26
2026-09-13 15:29:08,6.28,4.02,2.01,6.28,0.25,20.57,6103.6,0.0,0.18,0.26,0.17,0.0,3.57,0.02,4.88
2026-09-13 15:29:09,5.03,3.52,1.51,0.0,0.0,20.43,6114.1,0.0,0.18,0.26,0.17,0.0,0.0,0.01,0.01
2026-09-13 15:29:10,13.89,10.1,3.03,3.54,0.76,20.79,6086.5,0.0,0.18,0.26,0.17,0.0,0.06,0.12,31.12
2026-09-13 15:29:11,1.26,0.5,0.75,0.0,0.0,20.77,6087.9,0.0,0.18,0.26,0.17,0.0,0.0,0.0,0.01
2026-09-13 15:29:12,1.01,0.5,0.5,0.0,0.0,20.77,6087.9,0.0,0.17,0.25,0.17,0.0,0.0,0.0,0.01
2026-09-13 15:29:13,8.33,5.05,2.53,0.0,0.76,20.99,6071.3,0.0,0.17,0.25,0.17,0.0,0.0,0.12,31.13
2026-09-13 15:29:14,2.02,1.26,0.76,0.25,0.0,21.1,6063.2,0.0,0.17,0.25,0.17,0.25,0.0,0.0,0.01
2026-09-13 15:29:15,1.26,0.5,0.76,0.0,0.0,20.99,6071.1,0.0,0.17,0.25,0.17,0.0,0.0,0.0,0.01
2026-09-13 15:29:16,7.56,4.28,2.77,0.5,0.5,21.26,6050.8,0.0,0.17,0.25,0.17,0.0,0.04,0.12,31.12
2026-09-13 15:29:17,1.75,0.75,0.75,0.0,0.25,21.26,6050.9,0.0,0.15,0.25,0.17,0.0,0.0,0.0,0.01
2026-09-13 15:29:18,2.27,1.01,1.26,5.29,0.0,21.25,6051.6,0.0,0.15,0.25,0.17,0.0,51.23,0.0,0.01
2026-09-13 15:29:19,10.86,4.8,4.8,22.47,1.26,20.72,6092.0,0.0,0.15,0.25,0.17,0.0,263.88,0.12,31.13
2026-09-13 15:29:20,1.27,0.51,0.76,3.54,0.0,20.7,6093.9,0.0,0.15,0.25,0.17,0.0,45.17,0.0,0.01
2026-09-13 15:29:21,3.51,2.51,1.0,0.75,0.0,20.72,6091.9,0.0,0.15,0.25,0.17,0.0,0.02,0.0,0.72
2026-09-13 15:29:22,5.29,2.52,2.27,1.01,0.5,20.99,6071.7,0.0,0.14,0.24,0.17,0.0,0.04,0.12,30.41
2026-09-13 15:29:24,1.26,0.51,0.76,0.0,0.0,20.98,6072.0,0.0,0.14,0.24,0.17,0.0,3.13,0.0,0.01
2026-09-13 15:29:25,5.56,3.54,1.52,0.25,0.51,21.05,6067.0,0.0,0.14,0.24,0.17,0.25,0.0,0.08,19.52
2026-09-13 15:29:26,15.66,11.87,3.79,0.51,0.0,20.46,6111.9,0.0,0.14,0.24,0.17,0.0,0.03,0.05,11.63
2026-09-13 15:29:27,1.5,0.5,0.75,0.0,0.25,20.46,6112.2,0.0,0.14,0.24,0.17,0.0,0.0,0.0,0.01
2026-09-13 15:29:28,5.32,3.54,1.52,2.28,0.25,20.63,6099.0,0.0,0.13,0.24,0.17,0.0,0.04,0.11,27.1
2026-09-13 15:29:29,4.27,2.26,1.76,0.0,0.25,21.23,6052.8,0.0,0.13,0.24,0.17,0.0,0.0,0.02,4.04
2026-09-13 15:29:30,1.26,0.5,0.75,0.0,0.0,21.23,6052.8,0.0,0.13,0.24,0.17,0.0,0.0,0.0,0.01
2026-09-13 15:29:31,8.06,5.04,2.52,0.0,0.5,20.55,6105.1,0.0,0.13,0.24,0.17,0.0,0.0,0.12,31.12
2026-09-13 15:29:32,1.51,0.5,0.75,0.0,0.25,20.55,6105.2,0.0,0.13,0.24,0.17,0.0,0.0,0.0,0.01
2026-09-13 15:29:33,1.25,0.5,0.75,0.0,0.0,20.55,6105.2,0.0,0.12,0.24,0.16,0.0,0.0,0.0,0.01
2026-09-13 15:29:34,7.89,4.83,2.54,0.51,0.51,20.6,6101.7,0.0,0.12,0.24,0.16,0.0,0.05,0.12,31.13
2026-09-13 15:29:35,2.26,1.26,1.01,0.25,0.0,20.6,6101.5,0.0,0.12,0.24,0.16,0.25,0.0,0.0,0.01
2026-09-13 15:29:36,3.53,2.27,1.26,0.0,0.0,20.55,6105.4,0.0,0.12,0.24,0.16,0.0,0.0,0.02,4.18
2026-09-13 15:29:37,5.81,2.78,2.53,0.0,0.51,20.55,6105.3,0.0,0.12,0.24,0.16,0.0,0.0,0.11,26.94
2026-09-13 15:29:38,1.5,0.5,0.75,1.25,0.25,20.55,6105.3,0.0,0.11,0.23,0.16,0.0,1.76,0.0,0.01
2026-09-13 15:29:39,3.29,2.53,0.76,1.01,0.0,20.38,6118.1,0.0,0.11,0.23,0.16,0.0,0.05,0.01,1.4
2026-09-13 15:29:40,5.54,2.52,2.52,0.25,0.5,20.95,6074.4,0.0,0.11,0.23,0.16,0.0,0.0,0.12,29.74
2026-09-13 15:29:41,10.83,8.82,2.02,0.25,0.0,20.75,6089.9,0.0,0.11,0.23,0.16,0.0,0.03,0.01,0.01
2026-09-13 15:29:42,7.07,4.55,2.02,0.25,0.51,20.79,6086.4,0.0,0.11,0.23,0.16,0.0,0.01,0.12,31.13
2026-09-13 15:29:43,1.26,0.5,0.76,0.0,0.0,20.79,6086.5,0.0,0.1,0.23,0.16,0.0,0.38,0.0,0.01
2026-09-13 15:29:44,1.5,0.5,0.75,0.0,0.25,20.79,6086.5,0.0,0.1,0.23,0.16,0.0,0.0,0.0,0.01
2026-09-13 15:29:45,9.55,6.03,2.76,1.76,0.75,20.36,6119.5,0.0,0.1,0.23,0.16,0.25,0.04,0.12,31.13
2026-09-13 15:29:46,1.26,0.5,0.76,0.0,0.0,20.3,6124.6,0.0,0.1,0.23,0.16,0.0,0.0,0.0,0.02
2026-09-13 15:29:47,2.51,1.51,1.01,0.25,0.0,20.28,6126.2,0.0,0.1,0.23,0.16,0.0,0.01,0.0,0.01
2026-09-13 15:29:48,8.06,5.04,2.27,0.0,0.76,20.37,6119.1,0.0,0.09,0.22,0.16,0.0,0.0,0.12,31.13
2026-09-13 15:29:49,1.26,0.5,0.76,0.0,0.0,20.37,6118.6,0.0,0.09,0.22,0.16,0.0,0.0,0.0,0.01
2026-09-13 15:29:50,3.77,2.51,1.01,1.01,0.25,20.36,6119.9,0.0,0.09,0.22,0.16,0.0,0.0,0.0,0.1
2026-09-13 15:29:51,5.56,2.53,2.53,0.76,0.51,20.45,6112.8,0.0,0.09,0.22,0.16,0.0,0.04,0.12,31.03
2026-09-13 15:29:52,1.5,0.75,0.75,0.0,0.0,20.45,6112.8,0.0,0.09,0.22,0.16,0.0,0.0,0.0,0.01
2026-09-13 15:29:53,3.79,2.53,1.26,0.0,0.0,20.28,6125.8,0.0,0.08,0.22,0.16,0.0,0.01,0.05,13.69
2026-09-13 15:29:54,6.85,2.54,3.55,21.07,0.76,20.03,6145.1,0.0,0.08,0.22,0.16,0.0,253.72,0.07,17.45
2026-09-13 15:29:55,3.28,1.26,2.02,7.83,0.0,20.02,6146.2,0.0,0.08,0.22,0.16,0.25,106.28,0.0,0.0
2026-09-13 15:29:56,13.53,10.78,2.51,1.75,0.25,20.17,6134.5,0.0,0.08,0.22,0.16,0.0,1.69,0.03,5.54
2026-09-13 15:29:57,5.82,3.29,2.28,0.0,0.25,20.48,6110.3,0.0,0.08,0.22,0.16,0.0,0.0,0.1,25.61
2026-09-13 15:29:58,1.5,0.75,0.75,0.0,0.0,20.46,6111.8,0.0,0.08,0.22,0.16,0.0,0.0,0.0,0.01
2026-09-13 15:29:59,6.05,3.53,1.76,0.0,0.76,20.51,6108.1,0.0,0.08,0.22,0.16,0.0,0.0,0.12,31.13
2026-09-13 15:30:00,2.28,1.01,1.27,0.0,0.0,21.02,6068.8,0.0,0.08,0.22,0.16,0.0,0.0,0.0,0.0
2026-09-13 15:30:01,1.5,0.75,0.75,0.0,0.0,20.93,6075.6,0.0,0.08,0.22,0.16,0.0,0.0,0.0,0.0
2026-09-13 15:30:02,8.59,4.8,3.28,0.25,0.51,21.02,6069.1,0.0,0.08,0.22,0.16,0.0,0.04,0.12,31.13
2026-09-13 15:30:03,1.01,0.5,0.5,0.25,0.0,21.02,6069.1,0.0,0.07,0.21,0.16,0.0,0.01,0.0,0.01
2026-09-13 15:30:04,1.01,0.5,0.5,0.0,0.0,20.89,6078.7,0.0,0.07,0.21,0.16,0.0,0.0,0.0,0.01
2026-09-13 15:30:05,9.6,5.56,3.28,0.25,0.76,21.06,6066.2,0.0,0.07,0.21,0.16,0.25,0.0,0.12,31.13
2026-09-13 15:30:06,2.26,1.26,1.01,0.25,0.0,21.05,6066.5,0.0,0.07,0.21,0.16,0.0,0.0,0.0,0.0
2026-09-13 15:30:07,1.26,0.75,0.5,0.0,0.0,21.0,6070.6,0.0,0.07,0.21,0.16,0.0,0.0,0.0,0.01
2026-09-13 15:30:08,8.1,4.81,2.78,1.77,0.51,20.8,6085.7,0.0,0.06,0.21,0.16,0.0,0.04,0.13,31.13
2026-09-13 15:30:09,1.01,0.5,0.5,0.0,0.0,20.8,6085.7,0.0,0.06,0.21,0.16,0.0,0.0,0.0,0.0
2026-09-13 15:30:10,4.26,2.76,1.25,1.0,0.25,20.85,6082.4,0.0,0.06,0.21,0.16,0.0,1.27,0.02,5.51
2026-09-13 15:30:11,14.68,10.63,3.8,1.01,0.25,21.04,6067.6,0.0,0.06,0.21,0.16,0.0,0.03,0.11,25.62
2026-09-13 15:30:12,1.26,0.75,0.5,0.0,0.0,21.02,6069.4,0.0,0.06,0.21,0.16,0.0,0.0,0.0,0.01
2026-09-13 15:30:13,3.54,2.27,1.01,2.02,0.25,20.9,6078.3,0.0,0.06,0.2,0.16,0.0,0.04,0.02,5.26
2026-09-13 15:30:14,5.29,2.77,2.02,0.0,0.5,20.7,6093.8,0.0,0.06,0.2,0.16,0.0,0.0,0.1,25.89
2026-09-13 15:30:15,2.51,1.26,1.26,0.25,0.0,20.61,6100.2,0.0,0.06,0.2,0.16,0.25,0.0,0.0,0.01
2026-09-13 15:30:16,7.61,4.57,2.54,0.0,0.51,20.89,6079.3,0.0,0.06,0.2,0.16,0.0,0.0,0.12,31.14
2026-09-13 15:30:17,1.26,0.25,1.01,0.0,0.0,20.89,6079.3,0.0,0.06,0.2,0.16,0.0,0.0,0.0,0.0
2026-09-13 15:30:18,1.01,0.5,0.25,0.0,0.25,20.86,6081.1,0.0,0.05,0.2,0.16,0.0,0.0,0.0,0.01
2026-09-13 15:30:19,8.1,5.06,2.53,1.77,0.51,20.8,6086.1,0.0,0.05,0.2,0.16,0.0,0.04,0.12,31.13
2026-09-13 15:30:20,1.26,0.5,0.76,0.0,0.0,20.8,6086.1,0.0,0.05,0.2,0.16,0.0,0.0,0.0,0.01
2026-09-13 15:30:21,1.5,0.5,1.0,0.0,0.0,20.8,6086.3,0.0,0.05,0.2,0.16,0.0,0.01,0.0,0.01
2026-09-13 15:30:22,7.85,5.06,2.03,0.0,0.76,21.05,6066.4,0.0,0.05,0.2,0.16,0.0,0.0,0.12,31.13
2026-09-13 15:30:23,1.25,0.25,1.0,0.25,0.0,21.05,6066.6,0.0,0.13,0.21,0.16,0.0,0.02,0.0,0.0
2026-09-13 15:30:24,1.75,0.5,1.0,0.0,0.25,21.05,6066.5,0.0,0.13,0.21,0.16,0.0,0.01,0.0,0.01
2026-09-13 15:30:25,10.13,6.58,2.78,2.28,0.76,20.99,6071.2,0.0,0.13,0.21,0.16,0.25,0.04,0.12,31.13
2026-09-13 15:30:26,10.8,8.79,2.01,0.75,0.0,20.74,6090.6,0.0,0.13,0.21,0.16,0.0,0.02,0.01,0.01
2026-09-13 15:30:27,3.77,2.51,1.01,0.0,0.25,20.75,6090.2,0.0,0.13,0.21,0.16,0.0,0.0,0.0,0.01
2026-09-13 15:30:28,7.58,3.03,3.79,14.9,0.76,20.51,6108.4,0.0,0.2,0.23,0.17,0.0,182.46,0.13,31.13
2026-09-13 15:30:29,3.02,0.5,2.26,14.57,0.25,20.51,6107.9,0.0,0.2,0.23,0.17,0.0,177.54,0.0,0.01
2026-09-13 15:30:30,4.27,2.51,1.26,1.76,0.5,20.53,6106.4,0.0,0.2,0.23,0.17,0.0,0.04,0.05,13.19
2026-09-13 15:30:31,4.3,2.28,1.77,0.0,0.25,21.13,6060.4,0.0,0.2,0.23,0.17,0.0,1.75,0.07,17.95
2026-09-13 15:30:32,1.26,0.5,0.75,0.0,0.0,21.13,6060.4,0.0,0.2,0.23,0.17,0.0,0.0,0.0,0.01
2026-09-13 15:30:33,4.52,2.51,1.51,0.0,0.5,21.0,6070.7,0.0,0.18,0.22,0.16,0.0,0.0,0.08,19.36
2026-09-13 15:30:34,5.56,3.03,2.27,0.0,0.25,20.89,6079.0,0.0,0.18,0.22,0.16,0.0,0.0,0.05,11.79
2026-09-13 15:30:35,2.27,1.51,0.76,0.25,0.0,20.87,6080.3,0.0,0.18,0.22,0.16,0.25,0.0,0.0,0.01
2026-09-13 15:30:36,7.83,4.55,2.78,1.26,0.51,20.76,6089.4,0.0,0.18,0.22,0.16,0.0,0.05,0.12,31.14
2026-09-13 15:30:37,1.26,0.75,0.5,0.0,0.0,20.76,6089.1,0.0,0.18,0.22,0.16,0.0,0.0,0.0,0.01
2026-09-13 15:30:38,1.75,0.75,0.75,0.0,0.25,20.76,6089.1,0.0,0.17,0.22,0.16,0.0,0.0,0.0,0.01
2026-09-13 15:30:39,8.06,4.79,2.52,0.0,0.76,20.61,6100.6,0.0,0.17,0.22,0.16,0.0,0.0,0.12,31.12
2026-09-13 15:30:40,1.26,0.5,0.76,0.0,0.0,20.61,6100.7,0.0,0.17,0.22,0.16,0.0,0.0,0.0,0.01
2026-09-13 15:30:41,9.8,7.79,2.01,2.51,0.0,20.62,6100.0,0.0,0.17,0.22,0.16,0.0,1.33,0.0,0.01
2026-09-13 15:30:42,8.86,5.57,2.78,0.25,0.51,21.43,6037.6,0.0,0.17,0.22,0.16,0.0,0.02,0.12,31.13
2026-09-13 15:30:43,1.26,0.5,0.75,0.0,0.0,21.43,6037.8,0.0,0.16,0.22,0.16,0.0,0.0,0.0,0.01
2026-09-13 15:30:44,4.51,3.26,1.25,0.25,0.0,21.41,6038.8,0.0,0.16,0.22,0.16,0.0,0.0,0.0,0.01
2026-09-13 15:30:45,6.84,3.8,2.28,0.25,0.76,21.09,6063.8,0.0,0.16,0.22,0.16,0.25,0.0,0.12,31.13
2026-09-13 15:30:46,1.01,0.5,0.5,0.0,0.0,21.09,6063.9,0.0,0.16,0.22,0.16,0.0,0.0,0.0,0.02
2026-09-13 15:30:47,4.01,2.76,1.25,1.25,0.0,20.87,6080.3,0.0,0.16,0.22,0.16,0.0,0.04,0.01,2.29
2026-09-13 15:30:48,5.04,2.27,2.27,0.25,0.5,21.66,6019.9,0.0,0.14,0.21,0.16,0.0,0.01,0.12,28.85
2026-09-13 15:30:49,1.01,0.25,0.76,0.0,0.0,21.62,6022.6,0.0,0.14,0.21,0.16,0.0,0.0,0.0,0.01
2026-09-13 15:30:50,7.87,5.08,2.28,0.0,0.51,20.88,6080.1,0.0,0.14,0.21,0.16,0.0,0.0,0.12,31.13
2026-09-13 15:30:51,1.26,0.5,0.76,0.0,0.0,21.1,6062.6,0.0,0.14,0.21,0.16,0.0,0.0,0.0,0.01
2026-09-13 15:30:52,1.26,0.5,0.75,0.0,0.0,21.02,6068.7,0.0,0.14,0.21,0.16,0.0,0.0,0.0,0.01
2026-09-13 15:30:53,7.83,4.55,2.78,1.52,0.51,21.14,6059.5,0.0,0.45,0.27,0.18,0.0,0.04,0.12,31.14
2026-09-13 15:30:54,1.51,0.5,0.75,0.0,0.25,21.14,6059.5,0.0,0.45,0.27,0.18,0.0,0.0,0.0,0.02
2026-09-13 15:30:55,2.26,1.25,1.0,0.25,0.0,21.11,6062.1,0.0,0.45,0.27,0.18,0.25,0.02,0.0,0.0
2026-09-13 15:30:56,12.91,9.11,3.29,0.0,0.51,20.85,6082.4,0.0,0.45,0.27,0.18,0.0,0.0,0.13,31.13
2026-09-13 15:30:57,5.29,4.28,1.01,1.01,0.0,20.77,6088.6,0.0,0.45,0.27,0.18,0.0,0.02,0.0,0.0
2026-09-13 15:30:58,9.82,6.3,2.77,2.27,0.76,21.27,6049.9,0.0,0.42,0.27,0.18,0.19,0.05,0.14,25.49
2026-09-13 15:30:59,11.34,9.32,2.02,7.81,0.0,21.91,6000.7,0.0,0.42,0.27,0.18,0.75,2.23,0.01,0.02
2026-09-13 15:31:00,1.26,0.5,0.75,0.0,0.0,21.75,6012.6,0.0,0.42,0.27,0.18,0.0,0.0,0.0,0.0
2026-09-13 15:31:01,1.26,0.75,0.5,0.5,0.0,21.72,6015.1,0.0,0.42,0.27,0.18,0.0,0.26,0.0,0.0
2026-09-13 15:31:02,2.78,0.51,2.03,23.04,0.25,21.55,6028.6,0.0,0.42,0.27,0.18,0.0,204.21,0.0,0.0
2026-09-13 15:31:03,3.03,1.26,1.52,13.64,0.25,21.52,6030.9,0.0,0.54,0.3,0.19,0.0,120.37,0.0,0.0
2026-09-13 15:31:04,1.51,0.75,0.75,0.5,0.0,21.49,6032.6,0.0,0.54,0.3,0.19,0.0,3.19,0.0,0.0
2026-09-13 15:31:05,2.02,1.01,1.01,0.25,0.0,21.53,6029.6,0.0,0.54,0.3,0.19,0.25,0.0,0.0,0.0
2026-09-13 15:31:06,1.26,0.5,0.75,0.0,0.0,21.51,6031.1,0.0,0.54,0.3,0.19,0.0,0.0,0.0,0.0
2026-09-13 15:31:07,1.26,0.5,0.75,0.0,0.0,21.47,6034.8,0.0,0.54,0.3,0.19,0.0,0.0,0.0,0.0
2026-09-13 15:31:08,1.5,0.75,0.75,0.0,0.0,21.44,6036.9,0.0,0.5,0.29,0.19,0.0,0.0,0.0,0.01
2026-09-13 15:31:09,1.01,0.5,0.5,0.0,0.0,21.42,6038.6,0.0,0.5,0.29,0.19,0.0,0.0,0.0,0.0
2026-09-13 15:31:10,1.26,0.5,0.75,0.0,0.0,21.4,6040.2,0.0,0.5,0.29,0.19,0.0,0.0,0.0,0.0
2026-09-13 15:31:11,2.01,1.01,1.01,1.26,0.0,21.28,6049.4,0.0,0.5,0.29,0.19,0.0,1.64,0.0,0.0
2026-09-13 15:31:12,10.05,8.29,1.51,0.5,0.25,21.44,6036.7,0.0,0.5,0.29,0.19,0.0,0.05,0.0,0.0
2026-09-13 15:31:13,1.26,0.25,1.01,0.0,0.0,21.44,6036.7,0.0,0.46,0.29,0.19,0.0,0.0,0.0,0.0
2026-09-13 15:31:14,1.01,0.5,0.5,0.0,0.0,21.44,6036.8,0.0,0.46,0.29,0.19,0.0,0.01,0.0,0.0
2026-09-13 15:31:15,2.26,1.01,1.26,0.25,0.0,21.39,6040.7,0.0,0.46,0.29,0.19,0.25,0.0,0.0,0.02
2026-09-13 15:31:16,1.26,0.5,0.75,0.0,0.0,21.38,6041.5,0.0,0.46,0.29,0.19,0.0,0.0,0.0,0.02
2026-09-13 15:31:17,1.26,0.5,0.75,0.5,0.0,21.24,6052.1,0.0,0.46,0.29,0.19,0.0,0.02,0.0,0.01
2026-09-13 15:31:18,1.51,0.5,1.01,0.0,0.0,21.24,6052.4,0.0,0.5,0.3,0.19,0.0,0.0,0.0,0.02
2026-09-13 15:31:19,1.5,0.5,1.0,0.0,0.0,21.23,6052.9,0.0,0.5,0.3,0.19,0.0,0.0,0.0,0.02
2026-09-13 15:31:20,1.26,0.5,0.76,0.0,0.0,21.22,6053.8,0.0,0.5,0.3,0.19,0.0,0.0,0.0,0.01
2026-09-13 15:31:21,1.01,0.25,0.76,0.0,0.0,21.21,6054.6,0.0,0.5,0.3,0.19,0.0,0.0,0.0,0.01
2026-09-13 15:31:22,2.51,1.51,1.01,0.25,0.0,21.2,6055.2,0.0,0.5,0.3,0.19,0.0,0.0,0.0,0.01
2026-09-13 15:31:23,1.5,0.5,1.0,0.0,0.0,21.19,6055.8,0.0,0.46,0.3,0.19,0.0,0.01,0.0,0.01
2026-09-13 15:31:24,1.5,0.5,0.75,0.0,0.25,21.19,6055.8,0.0,0.46,0.3,0.19,0.0,0.0,0.0,0.01
2026-09-13 15:31:25,2.02,1.01,1.01,0.25,0.0,21.2,6055.6,0.0,0.46,0.3,0.19,0.25,0.01,0.0,0.01
2026-09-13 15:31:26,1.26,0.76,0.5,0.0,0.0,21.2,6055.6,0.0,0.46,0.3,0.19,0.0,0.01,0.0,0.01
2026-09-13 15:31:27,10.55,9.05,1.51,0.5,0.0,21.01,6069.6,0.0,0.46,0.3,0.19,0.0,0.02,0.01,0.01
2026-09-13 15:31:28,1.26,0.5,0.76,0.0,0.0,21.02,6069.3,0.0,0.42,0.29,0.19,0.0,0.0,0.0,0.01
2026-09-13 15:31:29,1.26,0.5,0.75,0.5,0.0,21.02,6069.1,0.0,0.42,0.29,0.19,0.0,0.06,0.0,0.01
2026-09-13 15:31:30,1.5,0.25,1.25,0.0,0.0,21.02,6069.1,0.0,0.42,0.29,0.19,0.0,0.0,0.0,0.0
2026-09-13 15:31:31,1.5,0.5,0.75,0.0,0.25,21.02,6069.1,0.0,0.42,0.29,0.19,0.0,0.0,0.0,0.01
2026-09-13 15:31:32,1.26,0.5,0.75,0.0,0.0,20.99,6071.2,0.0,0.42,0.29,0.19,0.0,0.0,0.0,0.01
2026-09-13 15:31:33,0.76,0.25,0.51,0.0,0.0,20.99,6071.2,0.0,0.39,0.29,0.19,0.0,0.0,0.0,0.02
2026-09-13 15:31:34,1.76,0.75,1.01,0.0,0.0,21.0,6070.8,0.0,0.39,0.29,0.19,0.0,0.0,0.0,0.02
2026-09-13 15:31:35,2.02,1.01,1.01,0.0,0.0,21.06,6066.1,0.0,0.39,0.29,0.19,0.25,0.0,0.0,0.01
2026-09-13 15:31:36,1.26,0.25,1.01,0.0,0.0,21.06,6066.1,0.0,0.39,0.29,0.19,0.0,0.0,0.0,0.01
2026-09-13 15:31:37,1.26,0.5,0.5,0.0,0.25,21.06,6065.8,0.0,0.39,0.29,0.19,0.0,0.0,0.0,0.01
2026-09-13 15:31:38,1.75,0.75,1.0,0.0,0.0,21.06,6065.6,0.0,0.36,0.28,0.19,0.0,0.0,0.0,0.01
2026-09-13 15:31:39,1.26,0.25,0.75,0.0,0.25,21.06,6065.6,0.0,0.36,0.28,0.19,0.0,0.0,0.0,0.01
2026-09-13 15:31:40,1.5,0.5,1.0,0.0,0.0,21.07,6065.4,0.0,0.36,0.28,0.19,0.0,0.0,0.0,0.01
2026-09-13 15:31:41,2.02,1.26,0.76,0.25,0.0,21.07,6065.4,0.0,0.36,0.28,0.19,0.0,0.0,0.0,0.01
2026-09-13 15:31:42,10.33,8.31,2.02,1.01,0.0,20.95,6074.6,0.0,0.36,0.28,0.19,0.0,0.03,0.01,0.01
2026-09-13 15:31:43,1.26,0.5,0.75,1.51,0.0,20.94,6074.8,0.0,0.33,0.28,0.19,0.0,1.41,0.0,0.01
2026-09-13 15:31:44,1.75,0.5,1.0,0.0,0.25,20.94,6074.8,0.0,0.33,0.28,0.19,0.0,0.0,0.0,0.01
2026-09-13 15:31:45,2.27,1.26,1.01,0.25,0.0,21.01,6069.6,0.0,0.33,0.28,0.19,0.25,0.0,0.0,0.02
2026-09-13 15:31:46,1.26,0.5,0.75,0.0,0.0,21.02,6069.2,0.0,0.33,0.28,0.19,0.0,0.0,0.0,0.01
2026-09-13 15:31:47,1.26,0.5,0.75,0.0,0.0,21.0,6070.8,0.0,0.33,0.28,0.19,0.0,0.0,0.0,0.01
2026-09-13 15:31:48,1.5,0.75,0.75,0.5,0.0,21.0,6070.5,0.0,0.3,0.27,0.18,0.0,0.01,0.0,0.01
2026-09-13 15:31:49,2.0,0.75,1.0,0.0,0.25,21.01,6070.1,0.0,0.3,0.27,0.18,0.0,0.0,0.0,0.01
2026-09-13 15:31:50,1.51,0.5,1.01,0.0,0.0,21.01,6069.9,0.0,0.3,0.27,0.18,0.0,0.0,0.0,0.01
2026-09-13 15:31:51,1.26,0.5,0.75,0.0,0.0,21.01,6069.9,0.0,0.3,0.27,0.18,0.0,0.0,0.0,0.01
2026-09-13 15:31:52,1.26,0.25,1.01,0.0,0.0,21.01,6069.9,0.0,0.3,0.27,0.18,0.0,0.0,0.0,0.01
2026-09-13 15:31:53,1.01,0.25,0.76,0.0,0.0,21.01,6069.9,0.0,0.28,0.27,0.18,0.0,0.0,0.0,0.01
2026-09-13 15:31:54,1.5,0.75,0.75,0.0,0.0,21.01,6069.6,0.0,0.28,0.27,0.18,0.0,0.0,0.0,0.01
2026-09-13 15:31:55,2.02,1.01,1.01,0.25,0.0,21.09,6063.7,0.0,0.28,0.27,0.18,0.25,0.0,0.0,0.01
2026-09-13 15:31:56,1.01,0.5,0.5,0.0,0.0,21.09,6063.8,0.0,0.28,0.27,0.18,0.0,0.01,0.0,0.01
2026-09-13 15:31:57,10.83,8.56,2.27,1.01,0.0,21.1,6063.1,0.0,0.28,0.27,0.18,0.0,0.03,0.01,0.01
2026-09-13 15:31:58,1.75,0.5,1.0,0.0,0.25,21.06,6066.3,0.0,0.26,0.26,0.18,0.0,0.0,0.0,0.01
2026-09-13 15:31:59,1.26,0.76,0.5,0.0,0.0,21.04,6067.5,0.0,0.26,0.26,0.18,0.0,0.0,0.0,0.01
2026-09-13 15:32:00,2.02,1.26,0.76,0.25,0.0,21.05,6067.1,0.0,0.26,0.26,0.18,0.0,0.0,0.0,0.0
2026-09-13 15:32:01,1.01,0.5,0.5,0.0,0.0,21.05,6066.8,0.0,0.26,0.26,0.18,0.0,0.0,0.0,0.01
2026-09-13 15:32:02,1.26,0.5,0.75,0.5,0.0,21.03,6068.2,0.0,0.26,0.26,0.18,0.0,0.03,0.0,0.0
2026-09-13 15:32:03,1.51,0.25,1.01,0.0,0.25,21.03,6068.2,0.0,0.24,0.26,0.18,0.0,0.01,0.0,0.01
2026-09-13 15:32:04,1.51,0.5,1.01,0.0,0.0,21.03,6068.0,0.0,0.24,0.26,0.18,0.0,0.0,0.0,0.01
2026-09-13 15:32:05,2.51,1.5,1.0,0.25,0.0,21.06,6066.1,0.0,0.24,0.26,0.18,0.25,0.0,0.0,0.01
2026-09-13 15:32:06,1.26,0.5,0.75,0.0,0.0,21.06,6066.1,0.0,0.24,0.26,0.18,0.0,0.0,0.0,0.0
2026-09-13 15:32:07,1.26,0.5,0.75,0.0,0.0,21.06,6066.1,0.0,0.24,0.26,0.18,0.0,0.0,0.0,0.0
2026-09-13 15:32:08,1.26,0.5,0.76,0.0,0.0,21.06,6066.1,0.0,0.3,0.27,0.19,0.0,0.0,0.0,0.01
2026-09-13 15:32:09,1.5,0.75,0.75,0.0,0.0,21.06,6066.1,0.0,0.3,0.27,0.19,0.0,0.01,0.0,0.0
2026-09-13 15:32:10,1.01,0.25,0.75,0.5,0.0,21.06,6066.1,0.0,0.3,0.27,0.19,0.0,0.01,0.0,0.0
2026-09-13 15:32:11,1.5,0.75,0.75,0.0,0.0,21.06,6066.1,0.0,0.3,0.27,0.19,0.0,0.0,0.0,0.0
2026-09-13 15:32:12,10.8,8.54,2.01,0.5,0.25,21.06,6066.1,0.0,0.3,0.27,0.19,0.0,0.02,0.01,0.01
2026-09-13 15:32:13,1.01,0.5,0.5,0.0,0.0,21.06,6066.3,0.0,0.27,0.26,0.18,0.0,0.0,0.0,0.01
2026-09-13 15:32:14,1.26,0.5,0.75,0.0,0.0,21.06,6066.3,0.0,0.27,0.26,0.18,0.0,0.01,0.0,0.01
2026-09-13 15:32:15,2.51,1.25,1.25,1.75,0.0,21.07,6065.0,0.0,0.27,0.26,0.18,0.25,1.4,0.0,0.01
2026-09-13 15:32:16,1.01,0.5,0.5,0.0,0.0,21.07,6064.9,0.0,0.27,0.26,0.18,0.0,0.0,0.0,0.01
2026-09-13 15:32:17,1.01,0.5,0.5,0.5,0.0,20.97,6072.6,0.0,0.27,0.26,0.18,0.0,0.01,0.0,0.01
2026-09-13 15:32:18,1.01,0.51,0.51,0.0,0.0,20.97,6072.8,0.0,0.25,0.26,0.18,0.0,0.01,0.0,0.01
2026-09-13 15:32:19,2.76,1.75,1.0,0.25,0.0,20.99,6071.6,0.0,0.25,0.26,0.18,0.0,0.0,0.0,0.01
2026-09-13 15:32:20,1.01,0.25,0.76,0.0,0.0,20.99,6071.2,0.0,0.25,0.26,0.18,0.0,0.01,0.0,0.01
2026-09-13 15:32:21,1.75,0.75,0.75,0.0,0.25,20.99,6071.2,0.0,0.25,0.26,0.18,0.0,0.0,0.0,0.01
2026-09-13 15:32:22,1.25,0.5,0.75,0.0,0.0,20.99,6071.2,0.0,0.25,0.26,0.18,0.0,0.0,0.0,0.01
2026-09-13 15:32:23,1.26,0.5,0.75,0.0,0.0,20.99,6071.2,0.0,0.23,0.26,0.18,0.0,0.0,0.0,0.01
2026-09-13 15:32:24,1.26,0.5,0.76,0.0,0.0,20.99,6071.2,0.0,0.23,0.26,0.18,0.0,0.01,0.0,0.01
2026-09-13 15:32:25,2.02,1.01,1.01,0.25,0.0,21.04,6067.2,0.0,0.23,0.26,0.18,0.25,0.0,0.0,0.01
2026-09-13 15:32:26,1.01,0.5,0.5,0.5,0.0,21.05,6067.1,0.0,0.23,0.26,0.18,0.0,0.0,0.0,0.01
2026-09-13 15:32:27,10.55,8.54,2.01,0.5,0.0,21.0,6070.4,0.0,0.23,0.26,0.18,0.0,0.02,0.01,0.01
2026-09-13 15:32:28,1.51,0.5,0.75,0.0,0.25,21.01,6069.9,0.0,0.21,0.25,0.18,0.0,0.0,0.0,0.01
2026-09-13 15:32:29,1.5,0.5,1.0,0.0,0.0,21.01,6069.9,0.0,0.21,0.25,0.18,0.0,0.0,0.0,0.01
2026-09-13 15:32:30,1.01,0.5,0.5,0.5,0.0,21.01,6069.9,0.0,0.21,0.25,0.18,0.0,0.01,0.0,0.0
2026-09-13 15:32:31,1.26,0.5,0.75,0.0,0.0,21.01,6069.9,0.0,0.21,0.25,0.18,0.0,0.0,0.0,0.01
2026-09-13 15:32:32,1.26,0.5,0.75,0.0,0.0,20.99,6071.4,0.0,0.21,0.25,0.18,0.0,0.0,0.0,0.01
2026-09-13 15:32:33,1.01,0.25,0.76,0.0,0.0,20.99,6071.3,0.0,0.19,0.25,0.18,0.0,0.01,0.0,0.01
2026-09-13 15:32:34,1.01,0.51,0.51,0.0,0.0,20.99,6071.6,0.0,0.19,0.25,0.18,0.0,0.0,0.0,0.02
2026-09-13 15:32:35,2.76,1.5,1.25,0.0,0.0,20.99,6071.2,0.0,0.19,0.25,0.18,0.25,0.0,0.0,0.01
2026-09-13 15:32:36,0.76,0.25,0.51,0.0,0.0,20.99,6071.1,0.0,0.19,0.25,0.18,0.0,0.0,0.0,0.01
2026-09-13 15:32:37,1.75,0.75,1.0,0.0,0.0,20.99,6071.1,0.0,0.19,0.25,0.18,0.0,0.0,0.0,0.01
2026-09-13 15:32:38,2.52,1.76,0.76,0.25,0.0,21.0,6070.9,0.0,0.18,0.24,0.18,0.0,0.0,0.0,0.01
2026-09-13 15:32:39,1.26,0.5,0.75,0.0,0.0,21.0,6070.9,0.0,0.18,0.24,0.18,0.0,0.0,0.0,0.01
2026-09-13 15:32:40,1.75,0.75,0.75,0.0,0.25,21.0,6070.6,0.0,0.18,0.24,0.18,0.0,0.0,0.0,0.0
2026-09-13 15:32:41,1.26,0.5,0.75,0.0,0.0,21.0,6070.6,0.0,0.18,0.24,0.18,0.0,0.0,0.0,0.0
2026-09-13 15:32:42,7.04,5.53,1.51,0.0,0.0,21.06,6065.7,0.0,0.18,0.24,0.18,0.0,0.01,0.0,0.01
2026-09-13 15:32:43,4.79,3.78,1.01,1.01,0.0,21.0,6070.6,0.0,0.16,0.24,0.18,0.0,0.02,0.0,0.01
2026-09-13 15:32:44,1.01,0.5,0.5,0.0,0.0,21.0,6070.6,0.0,0.16,0.24,0.18,0.0,0.01,0.0,0.01
2026-09-13 15:32:45,2.26,1.26,1.01,0.25,0.0,21.07,6065.1,0.0,0.16,0.24,0.18,0.25,0.0,0.0,0.01
2026-09-13 15:32:46,1.26,0.5,0.76,0.0,0.0,21.07,6065.0,0.0,0.16,0.24,0.18,0.0,0.01,0.0,0.01
2026-09-13 15:32:47,1.5,0.5,0.75,0.0,0.25,21.07,6065.0,0.0,0.16,0.24,0.18,0.0,0.0,0.0,0.01
2026-09-13 15:32:48,1.26,0.76,0.5,0.25,0.0,21.01,6070.1,0.0,0.15,0.23,0.18,0.0,0.01,0.0,0.01
2026-09-13 15:32:49,1.51,0.5,1.01,0.0,0.0,21.01,6069.9,0.0,0.15,0.23,0.18,0.0,0.01,0.0,0.02
2026-09-13 15:32:50,1.26,0.5,0.76,0.0,0.0,21.01,6069.9,0.0,0.15,0.23,0.18,0.0,0.0,0.0,0.01
2026-09-13 15:32:51,1.5,0.75,0.5,0.0,0.25,21.01,6070.1,0.0,0.15,0.23,0.18,0.0,0.0,0.0,0.01
2026-09-13 15:32:52,1.52,0.51,1.01,1.27,0.0,21.02,6068.9,0.0,0.15,0.23,0.18,0.0,1.39,0.0,0.01
2026-09-13 15:32:53,2.01,1.01,1.01,0.0,0.0,21.02,6068.9,0.0,0.14,0.23,0.18,0.0,0.0,0.01,0.01
2026-09-13 15:32:54,1.75,0.5,1.0,0.0,0.25,21.02,6068.9,0.0,0.14,0.23,0.18,0.0,0.0,0.0,0.01
2026-09-13 15:32:55,1.76,1.01,0.76,0.25,0.0,21.03,6068.6,0.0,0.14,0.23,0.18,0.0,0.0,0.0,0.01
2026-09-13 15:32:56,1.76,0.75,1.01,0.0,0.0,21.03,6068.4,0.0,0.14,0.23,0.18,0.25,0.0,0.0,0.01
2026-09-13 15:32:57,3.77,2.76,1.01,0.25,0.0,21.04,6067.3,0.0,0.14,0.23,0.18,0.0,0.0,0.0,0.01
2026-09-13 15:32:58,10.03,8.02,1.75,0.5,0.25,20.51,6108.2,0.0,0.13,0.23,0.17,0.0,0.03,0.0,0.01
2026-09-13 15:32:59,1.01,0.25,0.76,0.0,0.0,20.51,6108.3,0.0,0.13,0.23,0.17,0.0,0.0,0.0,0.01
2026-09-13 15:33:00,1.5,0.5,1.0,0.0,0.0,20.5,6109.2,0.0,0.13,0.23,0.17,0.0,0.0,0.0,0.0
2026-09-13 15:33:01,1.5,0.75,0.75,0.0,0.0,20.49,6110.0,0.0,0.13,0.23,0.17,0.0,0.0,0.0,0.01
2026-09-13 15:33:02,1.26,0.5,0.75,0.0,0.0,20.47,6111.0,0.0,0.13,0.23,0.17,0.0,0.0,0.0,0.0
2026-09-13 15:33:03,1.26,0.5,0.75,0.5,0.0,20.48,6110.3,0.0,0.12,0.22,0.17,0.0,0.01,0.0,0.01
2026-09-13 15:33:04,1.26,0.5,0.76,0.0,0.0,20.48,6110.2,0.0,0.12,0.22,0.17,0.0,0.01,0.0,0.01
2026-09-13 15:33:05,1.76,1.01,0.76,0.25,0.0,20.49,6109.9,0.0,0.12,0.22,0.17,0.0,0.01,0.0,0.01
2026-09-13 15:33:06,1.51,0.76,0.76,0.0,0.0,20.56,6104.6,0.0,0.12,0.22,0.17,0.25,0.0,0.0,0.01
2026-09-13 15:33:07,1.5,0.5,0.75,0.0,0.25,20.56,6104.6,0.0,0.12,0.22,0.17,0.0,0.0,0.0,0.0
2026-09-13 15:33:08,1.5,0.5,1.0,0.0,0.0,20.56,6104.6,0.0,0.11,0.22,0.17,0.0,0.0,0.0,0.01
2026-09-13 15:33:09,1.26,0.5,0.75,0.0,0.0,20.56,6104.6,0.0,0.11,0.22,0.17,0.0,0.0,0.0,0.01
2026-09-13 15:33:10,1.26,0.5,0.75,0.5,0.0,20.56,6104.6,0.0,0.11,0.22,0.17,0.0,0.01,0.0,0.0
2026-09-13 15:33:11,1.26,0.75,0.5,0.0,0.0,20.56,6104.6,0.0,0.11,0.22,0.17,0.0,0.0,0.0,0.01
2026-09-13 15:33:12,1.51,0.5,1.01,0.0,0.0,20.56,6104.6,0.0,0.11,0.22,0.17,0.0,0.0,0.0,0.01
2026-09-13 15:33:13,10.1,8.59,1.52,0.51,0.0,20.45,6113.0,0.0,0.18,0.23,0.18,0.0,0.02,0.0,0.01
2026-09-13 15:33:14,1.5,0.25,1.0,0.0,0.25,20.45,6113.0,0.0,0.18,0.23,0.18,0.0,0.0,0.0,0.01
2026-09-13 15:33:15,2.01,1.25,0.75,0.25,0.0,20.47,6111.3,0.0,0.18,0.23,0.18,0.0,0.0,0.0,0.01
2026-09-13 15:33:16,1.52,0.51,1.01,0.25,0.0,20.48,6110.6,0.0,0.18,0.23,0.18,0.25,0.02,0.0,0.01
2026-09-13 15:33:17,2.51,1.51,1.01,0.0,0.0,20.48,6110.6,0.0,0.18,0.23,0.18,0.0,0.02,0.0,0.01
2026-09-13 15:33:18,16.08,9.8,6.03,9.3,0.25,20.4,6116.9,0.0,0.33,0.26,0.19,0.0,25.01,0.0,0.01
2026-09-13 15:33:19,11.84,9.07,2.52,24.18,0.25,20.54,6106.3,0.0,0.33,0.26,0.19,0.0,27.09,0.01,0.02
2026-09-13 15:33:20,1.77,0.76,1.01,24.75,0.0,20.43,6114.3,0.0,0.33,0.26,0.19,0.0,11.95,0.0,0.01
2026-09-13 15:33:21,1.76,0.5,1.01,24.43,0.25,20.4,6116.7,0.0,0.33,0.26,0.19,0.0,10.67,0.0,0.01
2026-09-13 15:33:22,1.51,0.5,1.01,24.62,0.0,20.31,6123.8,0.0,0.33,0.26,0.19,0.0,14.02,0.0,0.01
2026-09-13 15:33:23,1.51,0.5,1.01,24.69,0.0,20.27,6126.3,0.0,0.38,0.27,0.19,0.0,16.72,0.0,0.01
2026-09-13 15:33:24,1.76,0.5,1.01,24.43,0.25,20.16,6135.1,0.0,0.38,0.27,0.19,0.0,15.92,0.0,0.01
2026-09-13 15:33:25,5.81,3.28,2.53,23.99,0.0,20.38,6118.4,0.0,0.38,0.27,0.19,0.0,13.27,0.16,0.01
2026-09-13 15:33:26,20.55,18.55,1.75,23.56,0.25,20.63,6099.1,0.0,0.38,0.27,0.19,0.25,15.28,0.0,0.01
2026-09-13 15:33:27,14.14,9.09,5.05,19.95,0.0,20.59,6101.8,0.0,0.38,0.27,0.19,0.0,27.32,0.01,0.01
2026-09-13 15:33:28,23.04,20.25,2.78,24.81,0.0,20.7,6093.8,0.0,0.91,0.39,0.23,0.0,9.98,0.01,0.01
2026-09-13 15:33:29,4.03,1.51,2.27,23.68,0.25,20.72,6091.9,0.0,0.91,0.39,0.23,0.0,8.27,0.0,0.01
2026-09-13 15:33:30,5.79,2.27,3.53,25.19,0.0,20.69,6094.2,0.0,0.91,0.39,0.23,0.0,8.17,0.0,0.0
2026-09-13 15:33:31,1.77,0.51,1.26,23.99,0.0,20.68,6095.4,0.0,0.91,0.39,0.23,0.0,7.63,0.01,0.15
2026-09-13 15:33:32,5.54,3.78,1.51,20.4,0.25,21.17,6057.2,0.0,0.91,0.39,0.23,0.0,7.02,0.0,0.01
2026-09-13 15:33:33,11.34,10.08,1.26,14.86,0.0,21.24,6052.4,0.0,0.92,0.4,0.23,0.0,6.04,0.0,0.02
2026-09-13 15:33:34,9.05,8.29,0.75,16.83,0.0,21.23,6052.7,0.0,0.92,0.4,0.23,0.0,4.57,0.0,0.01
2026-09-13 15:33:35,9.6,8.59,1.01,17.68,0.0,21.21,6054.2,0.0,0.92,0.4,0.23,0.0,5.52,0.0,0.01
2026-09-13 15:33:36,10.53,9.27,1.0,18.3,0.25,21.17,6057.8,0.0,0.92,0.4,0.23,0.25,5.25,0.0,0.01
2026-09-13 15:33:37,7.83,6.82,1.01,22.47,0.0,21.0,6070.3,0.0,0.92,0.4,0.23,0.0,4.05,0.0,0.01
2026-09-13 15:33:38,37.28,33.0,4.28,10.33,0.0,22.06,5989.4,0.0,1.0,0.42,0.24,0.0,4.11,0.0,0.01
2026-09-13 15:33:39,6.75,3.75,2.75,0.0,0.25,21.08,6064.8,0.0,1.0,0.42,0.24,0.0,0.0,0.0,0.01
2026-09-13 15:33:40,1.75,0.5,1.25,0.0,0.0,20.85,6082.2,0.0,1.0,0.42,0.24,0.0,0.0,0.0,0.01
2026-09-13 15:33:41,1.26,0.51,0.76,7.32,0.0,20.83,6083.4,0.0,1.0,0.42,0.24,0.0,88.0,0.0,0.01
2026-09-13 15:33:42,1.5,0.5,1.0,2.01,0.0,20.82,6084.3,0.0,1.0,0.42,0.24,0.0,0.34,0.0,0.01
2026-09-13 15:33:43,10.8,8.54,2.26,0.5,0.0,21.17,6057.2,0.0,1.0,0.43,0.25,0.0,0.03,0.01,0.01
2026-09-13 15:33:44,1.01,0.5,0.5,0.0,0.0,21.17,6057.2,0.0,1.0,0.43,0.25,0.0,0.0,0.0,0.01
2026-09-13 15:33:45,1.51,0.75,0.75,0.0,0.0,21.17,6057.8,0.0,1.0,0.43,0.25,0.0,0.0,0.0,0.01
2026-09-13 15:33:46,2.74,1.5,1.0,0.25,0.25,21.14,6059.9,0.0,1.0,0.43,0.25,0.25,0.0,0.0,0.01
2026-09-13 15:33:47,1.51,0.5,1.01,4.79,0.0,21.11,6062.0,0.0,1.0,0.43,0.25,0.0,45.44,0.0,0.01
2026-09-13 15:33:48,1.26,0.25,1.01,0.5,0.0,20.99,6071.5,0.0,0.92,0.42,0.25,0.0,0.06,0.0,0.01
2026-09-13 15:33:49,1.51,0.75,0.75,0.0,0.0,20.98,6072.0,0.0,0.92,0.42,0.25,0.0,0.02,0.0,0.01
2026-09-13 15:33:50,1.26,0.25,1.01,0.0,0.0,20.97,6072.7,0.0,0.92,0.42,0.25,0.0,0.1,0.0,0.01
2026-09-13 15:33:51,1.26,0.5,0.5,0.0,0.25,20.96,6073.3,0.0,0.92,0.42,0.25,0.0,0.0,0.0,0.01
2026-09-13 15:33:52,1.26,0.5,0.76,0.0,0.0,20.96,6073.3,0.0,0.92,0.42,0.25,0.0,0.01,0.0,0.01
2026-09-13 15:33:53,1.26,0.5,0.75,0.0,0.0,20.76,6088.8,0.0,0.85,0.42,0.24,0.0,0.0,0.0,0.01
2026-09-13 15:33:54,10.55,8.79,1.76,1.01,0.0,20.55,6105.5,0.0,0.85,0.42,0.24,0.0,0.05,0.01,0.01
2026-09-13 15:33:55,2.27,1.52,0.76,0.0,0.0,20.59,6102.0,0.0,0.85,0.42,0.24,0.0,0.0,0.0,0.01
2026-09-13 15:33:56,2.02,1.26,0.76,0.25,0.0,20.65,6097.9,0.0,0.85,0.42,0.24,0.25,0.0,0.0,0.01
2026-09-13 15:33:57,1.01,0.5,0.5,2.52,0.0,20.64,6098.0,0.0,0.85,0.42,0.24,0.0,2.26,0.0,0.01
2026-09-13 15:33:58,10.8,8.54,2.01,0.5,0.25,20.7,6093.6,0.0,0.86,0.43,0.25,0.0,0.02,0.01,0.01
2026-09-13 15:33:59,1.51,0.75,0.75,0.0,0.0,20.69,6094.8,0.0,0.86,0.43,0.25,0.0,0.0,0.0,0.01
2026-09-13 15:34:00,2.01,1.01,1.01,4.77,0.0,20.69,6094.1,0.0,0.86,0.43,0.25,0.0,0.51,0.0,0.01
2026-09-13 15:34:01,2.02,0.76,1.26,24.18,0.0,20.58,6102.8,0.0,0.86,0.43,0.25,0.0,7.43,0.0,0.01
2026-09-13 15:34:02,1.27,0.51,0.76,24.56,0.0,20.66,6096.8,0.0,0.86,0.43,0.25,0.0,10.69,0.0,0.0
2026-09-13 15:34:03,4.51,1.5,2.76,20.8,0.25,20.58,6103.2,0.0,0.95,0.45,0.26,0.0,22.19,0.0,0.02
2026-09-13 15:34:04,10.13,6.08,4.05,3.54,0.0,20.65,6097.6,0.0,0.95,0.45,0.26,0.0,1.31,0.06,0.01
2026-09-13 15:34:05,2.01,0.75,1.0,0.0,0.25,20.63,6098.7,0.0,0.95,0.45,0.26,0.0,0.01,0.01,0.01
2026-09-13 15:34:06,2.52,1.51,1.01,0.25,0.0,20.65,6097.1,0.0,0.95,0.45,0.26,0.25,0.07,0.15,0.02
2026-09-13 15:34:07,1.5,0.75,0.75,0.0,0.0,20.65,6097.1,0.0,0.95,0.45,0.26,0.0,0.0,0.05,0.01
2026-09-13 15:34:08,1.01,0.51,0.51,0.25,0.0,20.65,6097.1,0.0,0.88,0.45,0.26,0.0,0.11,0.0,0.01
2026-09-13 15:34:09,1.5,0.5,1.0,0.0,0.0,20.65,6097.2,0.0,0.88,0.45,0.26,0.0,0.04,0.0,0.01
2026-09-13 15:34:10,1.01,0.25,0.76,0.0,0.0,20.65,6097.2,0.0,0.88,0.45,0.26,0.0,0.0,0.0,0.0
2026-09-13 15:34:11,1.75,0.75,0.75,0.0,0.25,20.66,6097.0,0.0,0.88,0.45,0.26,0.0,0.0,0.0,0.01
2026-09-13 15:34:12,1.26,0.5,0.76,0.0,0.0,20.66,6097.0,0.0,0.88,0.45,0.26,0.0,0.0,0.0,0.01
2026-09-13 15:34:13,10.55,8.54,2.01,0.75,0.0,21.11,6062.0,0.0,0.81,0.44,0.26,0.0,0.03,0.01,0.01
2026-09-13 15:34:14,4.27,3.27,1.01,0.0,0.0,21.13,6060.7,0.0,0.81,0.44,0.26,0.0,0.0,0.0,0.01
2026-09-13 15:34:15,10.03,8.27,1.75,0.75,0.0,20.88,6079.8,0.0,0.81,0.44,0.26,0.0,0.04,0.0,0.04
2026-09-13 15:34:16,2.27,1.26,1.01,0.0,0.0,20.91,6077.6,0.0,0.81,0.44,0.26,0.25,0.0,0.0,0.01
2026-09-13 15:34:17,1.01,0.25,0.5,0.0,0.25,20.91,6077.6,0.0,0.81,0.44,0.26,0.0,0.0,0.0,0.01
2026-09-13 15:34:18,1.5,0.75,0.75,0.0,0.0,20.8,6086.0,0.0,0.74,0.43,0.25,0.0,0.0,0.0,0.01
2026-09-13 15:34:19,1.5,0.5,0.75,1.25,0.25,20.81,6085.4,0.0,0.74,0.43,0.25,0.0,0.3,0.0,0.01
2026-09-13 15:34:20,1.01,0.51,0.51,0.0,0.0,20.78,6087.5,0.0,0.74,0.43,0.25,0.0,0.01,0.0,0.01
2026-09-13 15:34:21,1.5,0.5,0.75,0.0,0.25,20.78,6087.5,0.0,0.74,0.43,0.25,0.0,0.0,0.0,0.01
2026-09-13 15:34:22,1.01,0.25,0.76,0.0,0.0,20.78,6087.5,0.0,0.74,0.43,0.25,0.0,0.0,0.0,0.01
2026-09-13 15:34:23,1.01,0.25,0.76,0.0,0.0,20.78,6087.5,0.0,0.68,0.42,0.25,0.0,0.0,0.0,0.01
2026-09-13 15:34:24,0.76,0.5,0.25,0.0,0.0,20.78,6087.5,0.0,0.68,0.42,0.25,0.0,0.0,0.0,0.01
2026-09-13 15:34:25,1.26,0.5,0.75,0.25,0.0,20.76,6088.7,0.0,0.68,0.42,0.25,0.0,0.01,0.0,0.01
2026-09-13 15:34:26,1.76,1.01,0.76,0.25,0.0,20.82,6084.2,0.0,0.68,0.42,0.25,0.25,0.0,0.0,0.01
2026-09-13 15:34:27,10.58,8.06,2.27,1.01,0.25,20.79,6086.5,0.0,0.68,0.42,0.25,0.0,0.03,0.01,0.01
2026-09-13 15:34:28,8.56,7.3,1.26,0.25,0.0,20.91,6077.2,0.0,0.63,0.42,0.25,0.0,0.02,0.01,0.01
2026-09-13 15:34:29,3.5,2.0,1.25,6.0,0.25,20.86,6081.3,0.0,0.63,0.42,0.25,0.0,2.9,0.0,0.01
2026-09-13 15:34:30,1.01,0.25,0.75,0.0,0.0,20.86,6081.3,0.0,0.63,0.42,0.25,0.0,0.0,0.0,0.0
2026-09-13 15:34:31,1.01,0.25,0.76,0.0,0.0,20.86,6081.3,0.0,0.63,0.42,0.25,0.0,0.0,0.0,0.01
2026-09-13 15:34:32,1.26,0.5,0.76,0.25,0.0,20.84,6083.0,0.0,0.63,0.42,0.25,0.0,0.03,0.0,0.01
2026-09-13 15:34:33,2.26,1.5,0.75,0.25,0.0,20.87,6080.9,0.0,0.58,0.41,0.25,0.0,0.0,0.0,0.02
2026-09-13 15:34:34,1.26,0.5,0.75,0.0,0.0,20.86,6081.0,0.0,0.58,0.41,0.25,0.0,0.17,0.0,0.01
2026-09-13 15:34:35,1.26,0.5,0.75,0.0,0.0,20.87,6080.8,0.0,0.58,0.41,0.25,0.0,0.0,0.0,0.01
2026-09-13 15:34:36,2.51,1.25,1.0,0.25,0.25,20.94,6074.9,0.0,0.58,0.41,0.25,0.25,0.0,0.0,0.01
2026-09-13 15:34:37,1.01,0.5,0.5,0.0,0.0,20.94,6074.9,0.0,0.58,0.41,0.25,0.0,0.0,0.0,0.01
2026-09-13 15:34:38,1.01,0.51,0.51,0.0,0.0,20.94,6074.9,0.0,0.53,0.4,0.25,0.0,0.0,0.0,0.01
2026-09-13 15:34:39,1.25,0.5,0.75,0.0,0.0,20.94,6074.9,0.0,0.53,0.4,0.25,0.0,0.0,0.0,0.0
2026-09-13 15:34:40,1.25,0.5,0.75,0.0,0.0,20.94,6074.9,0.0,0.53,0.4,0.25,0.0,0.0,0.0,0.0
2026-09-13 15:34:41,1.26,0.5,0.75,0.0,0.0,20.94,6074.9,0.0,0.53,0.4,0.25,0.0,0.0,0.0,0.0
2026-09-13 15:34:42,1.01,0.5,0.5,0.0,0.0,20.94,6074.9,0.0,0.53,0.4,0.25,0.0,0.0,0.0,0.01
2026-09-13 15:34:43,5.54,4.03,1.26,0.0,0.25,20.96,6073.9,0.0,0.49,0.39,0.25,0.0,0.0,0.0,0.01
2026-09-13 15:34:44,5.79,4.53,1.26,1.01,0.0,21.12,6061.4,0.0,0.49,0.39,0.25,0.0,0.03,0.0,0.01
2026-09-13 15:34:45,1.01,0.25,0.75,0.0,0.0,21.12,6061.4,0.0,0.49,0.39,0.25,0.0,0.0,0.0,0.01
2026-09-13 15:34:46,2.02,1.26,0.76,0.25,0.0,21.14,6059.5,0.0,0.49,0.39,0.25,0.25,0.0,0.0,0.01
2026-09-13 15:34:47,1.25,0.5,0.75,0.0,0.0,21.14,6059.5,0.0,0.49,0.39,0.25,0.0,0.0,0.0,0.01
2026-09-13 15:34:48,1.26,0.5,0.76,0.5,0.0,21.15,6058.8,0.0,0.45,0.39,0.25,0.0,0.02,0.0,0.01
2026-09-13 15:34:49,1.51,0.75,0.75,0.25,0.0,21.13,6060.7,0.0,0.45,0.39,0.25,0.0,0.02,0.0,0.01
2026-09-13 15:34:50,0.76,0.25,0.51,0.0,0.0,21.13,6060.5,0.0,0.45,0.39,0.25,0.0,0.0,0.0,0.01
2026-09-13 15:34:51,1.5,0.5,1.0,0.0,0.0,21.13,6060.5,0.0,0.45,0.39,0.25,0.0,0.01,0.0,0.01
2026-09-13 15:34:52,2.26,1.25,0.75,0.25,0.25,21.13,6060.5,0.0,0.45,0.39,0.25,0.0,0.0,0.0,0.01
2026-09-13 15:34:53,1.26,0.5,0.75,0.0,0.0,21.13,6060.2,0.0,0.41,0.38,0.24,0.0,0.0,0.0,0.01
2026-09-13 15:34:54,0.76,0.25,0.51,0.0,0.0,21.13,6060.2,0.0,0.41,0.38,0.24,0.0,0.0,0.0,0.01
2026-09-13 15:34:55,1.25,0.5,0.75,0.0,0.0,21.13,6060.2,0.0,0.41,0.38,0.24,0.0,0.01,0.0,0.01
2026-09-13 15:34:56,1.76,1.01,0.76,0.25,0.0,21.13,6060.2,0.0,0.41,0.38,0.24,0.25,0.0,0.0,0.01
2026-09-13 15:34:57,1.01,0.25,0.76,0.0,0.0,21.13,6060.2,0.0,0.41,0.38,0.24,0.0,0.0,0.0,0.01
2026-09-13 15:34:58,2.26,1.26,0.75,0.0,0.25,20.53,6106.8,0.0,0.38,0.37,0.24,0.0,0.0,0.0,0.01
2026-09-13 15:34:59,9.55,8.04,1.51,0.75,0.0,20.26,6127.1,0.0,0.38,0.37,0.24,0.0,0.03,0.0,0.01
2026-09-13 15:35:00,1.25,0.5,0.75,0.0,0.0,20.25,6128.0,0.0,0.38,0.37,0.24,0.0,0.0,0.0,0.0
2026-09-13 15:35:01,1.01,0.25,0.76,0.0,0.0,20.24,6128.8,0.0,0.38,0.37,0.24,0.0,0.0,0.0,0.01
2026-09-13 15:35:02,1.01,0.25,0.76,1.01,0.0,20.23,6129.9,0.0,0.38,0.37,0.24,0.0,1.76,0.0,0.01
2026-09-13 15:35:03,1.26,0.5,0.75,0.0,0.0,20.23,6129.6,0.0,0.43,0.39,0.25,0.0,0.0,0.0,0.01
2026-09-13 15:35:04,1.26,0.5,0.75,0.5,0.0,20.16,6135.2,0.0,0.43,0.39,0.25,0.0,0.03,0.0,0.01
2026-09-13 15:35:05,1.25,0.25,0.75,0.0,0.25,20.16,6135.2,0.0,0.43,0.39,0.25,0.0,0.0,0.0,0.01
2026-09-13 15:35:06,2.26,1.26,1.01,0.25,0.0,20.19,6133.2,0.0,0.43,0.39,0.25,0.25,0.0,0.0,0.01
2026-09-13 15:35:07,1.26,0.25,1.01,0.0,0.0,20.18,6133.3,0.0,0.43,0.39,0.25,0.0,0.0,0.0,0.01
2026-09-13 15:35:08,1.26,0.5,0.76,0.0,0.0,20.19,6133.2,0.0,0.39,0.38,0.25,0.0,0.02,0.0,0.01
2026-09-13 15:35:09,1.5,0.5,1.0,0.0,0.0,20.19,6133.0,0.0,0.39,0.38,0.25,0.0,0.0,0.0,0.01
2026-09-13 15:35:10,1.26,0.5,0.75,0.0,0.0,20.19,6133.0,0.0,0.39,0.38,0.25,0.0,0.0,0.0,0.0
2026-09-13 15:35:11,1.76,1.26,0.5,0.25,0.0,20.19,6133.0,0.0,0.39,0.38,0.25,0.0,0.0,0.0,0.0
2026-09-13 15:35:12,1.5,0.5,0.75,0.0,0.25,20.19,6133.0,0.0,0.39,0.38,0.25,0.0,0.0,0.0,0.01
2026-09-13 15:35:13,1.25,0.5,0.75,0.0,0.0,20.19,6133.0,0.0,0.36,0.37,0.24,0.0,0.0,0.0,0.01
2026-09-13 15:35:14,10.33,8.56,1.76,1.51,0.0,20.14,6136.7,0.0,0.36,0.37,0.24,0.0,0.05,0.01,0.01
2026-09-13 15:35:15,1.26,0.5,0.5,0.0,0.25,20.14,6136.7,0.0,0.36,0.37,0.24,0.0,0.0,0.0,0.01
2026-09-13 15:35:16,2.02,1.01,1.01,0.25,0.0,20.17,6134.2,0.0,0.36,0.37,0.24,0.25,0.0,0.0,0.01
2026-09-13 15:35:17,1.25,0.5,0.75,0.0,0.0,20.17,6134.2,0.0,0.36,0.37,0.24,0.0,0.0,0.0,0.01
2026-09-13 15:35:18,1.51,0.5,1.01,0.0,0.0,20.18,6133.6,0.0,0.33,0.37,0.24,0.0,0.0,0.0,0.01
2026-09-13 15:35:19,1.26,0.5,0.5,1.26,0.25,20.15,6135.5,0.0,0.33,0.37,0.24,0.0,0.02,0.0,0.01
2026-09-13 15:35:20,1.26,0.5,0.75,0.0,0.0,20.15,6135.5,0.0,0.33,0.37,0.24,0.0,0.02,0.0,0.01
2026-09-13 15:35:21,1.25,0.5,0.75,0.0,0.0,20.15,6135.5,0.0,0.33,0.37,0.24,0.0,0.0,0.0,0.01
2026-09-13 15:35:22,1.26,0.5,0.75,0.0,0.0,20.15,6135.5,0.0,0.33,0.37,0.24,0.0,0.0,0.0,0.01
2026-09-13 15:35:23,1.25,0.5,0.75,0.0,0.0,20.16,6135.3,0.0,0.31,0.36,0.24,0.0,0.0,0.0,0.01
2026-09-13 15:35:24,1.26,0.25,0.75,0.0,0.25,20.16,6135.3,0.0,0.31,0.36,0.24,0.0,0.0,0.0,0.01
2026-09-13 15:35:25,1.01,0.25,0.75,0.0,0.0,20.16,6135.3,0.0,0.31,0.36,0.24,0.0,0.0,0.0,0.01
2026-09-13 15:35:26,2.26,1.26,1.01,0.25,0.0,20.18,6133.6,0.0,0.31,0.36,0.24,0.25,0.0,0.0,0.01
2026-09-13 15:35:27,1.26,0.5,0.75,0.0,0.0,20.18,6133.6,0.0,0.31,0.36,0.24,0.0,0.0,0.0,0.01
2026-09-13 15:35:28,1.5,0.5,1.0,0.0,0.0,20.18,6133.6,0.0,0.44,0.39,0.25,0.0,0.0,0.0,0.0
2026-09-13 15:35:29,22.36,18.34,3.77,2.76,0.25,20.28,6125.6,0.0,0.44,0.39,0.25,0.09,0.06,0.01,0.02
2026-09-13 15:35:30,2.26,1.5,0.75,0.25,0.0,20.24,6129.2,0.0,0.44,0.39,0.25,0.0,0.0,0.0,0.0
2026-09-13 15:35:31,1.01,0.5,0.5,0.0,0.0,20.23,6129.8,0.0,0.44,0.39,0.25,0.0,0.0,0.0,0.01
2026-09-13 15:35:32,1.5,0.5,0.75,0.0,0.25,20.2,6131.9,0.0,0.44,0.39,0.25,0.0,0.0,0.0,0.01
2026-09-13 15:35:33,1.26,0.5,0.75,0.0,0.0,20.18,6133.6,0.0,0.41,0.38,0.25,0.0,0.0,0.0,0.02
2026-09-13 15:35:34,1.26,0.5,0.75,0.25,0.0,20.08,6141.4,0.0,0.41,0.38,0.25,0.0,0.02,0.0,0.01
2026-09-13 15:35:35,1.26,0.5,0.75,0.0,0.0,20.08,6141.3,0.0,0.41,0.38,0.25,0.0,0.0,0.0,0.01
2026-09-13 15:35:36,2.26,1.26,1.01,0.25,0.0,20.16,6135.4,0.0,0.41,0.38,0.25,0.25,0.0,0.0,0.01
2026-09-13 15:35:37,1.01,0.25,0.75,0.0,0.0,20.16,6135.4,0.0,0.41,0.38,0.25,0.0,0.0,0.0,0.01
2026-09-13 15:35:38,1.51,0.75,0.75,0.0,0.0,20.14,6136.4,0.0,0.37,0.37,0.25,0.0,0.0,0.0,0.01
2026-09-13 15:35:39,1.26,0.25,0.75,1.26,0.25,20.15,6136.2,0.0,0.37,0.37,0.25,0.0,1.15,0.01,0.01
2026-09-13 15:35:40,1.01,0.5,0.5,0.0,0.0,20.15,6136.2,0.0,0.37,0.37,0.25,0.0,0.0,0.0,0.01
2026-09-13 15:35:41,0.76,0.25,0.51,0.0,0.0,20.16,6135.2,0.0,0.37,0.37,0.25,0.0,0.0,0.0,0.01
2026-09-13 15:35:42,1.25,0.5,0.75,0.0,0.0,20.16,6135.2,0.0,0.37,0.37,0.25,0.0,0.0,0.0,0.01
2026-09-13 15:35:43,1.01,0.5,0.5,0.0,0.0,20.16,6135.0,0.0,0.34,0.37,0.25,0.0,0.0,0.0,0.02
2026-09-13 15:35:44,11.0,8.5,2.25,1.0,0.25,20.0,6147.8,0.0,0.34,0.37,0.25,0.0,0.03,0.01,0.01
2026-09-13 15:35:45,0.76,0.25,0.51,0.0,0.0,20.0,6147.6,0.0,0.34,0.37,0.25,0.0,0.0,0.01,0.01
2026-09-13 15:35:46,2.26,1.01,1.26,0.25,0.0,20.09,6140.4,0.0,0.34,0.37,0.25,0.25,0.0,0.0,0.01
2026-09-13 15:35:47,1.01,0.5,0.5,0.0,0.0,20.09,6140.4,0.0,0.34,0.37,0.25,0.0,0.0,0.0,0.01
2026-09-13 15:35:48,1.01,0.5,0.5,0.0,0.0,20.1,6140.0,0.0,0.32,0.36,0.24,0.0,0.0,0.0,0.01
2026-09-13 15:35:49,2.51,1.75,0.75,0.25,0.0,20.07,6141.8,0.0,0.32,0.36,0.24,0.0,0.0,0.0,0.01
2026-09-13 15:35:50,1.26,0.5,0.75,0.75,0.0,20.08,6141.5,0.0,0.32,0.36,0.24,0.0,0.02,0.0,0.01
2026-09-13 15:35:51,1.26,0.5,0.5,0.0,0.25,20.08,6141.5,0.0,0.32,0.36,0.24,0.0,0.0,0.0,0.02
2026-09-13 15:35:52,1.01,0.25,0.76,0.0,0.0,20.08,6141.5,0.0,0.32,0.36,0.24,0.0,0.0,0.0,0.01
2026-09-13 15:35:53,1.25,0.75,0.5,0.0,0.0,20.08,6141.5,0.0,0.29,0.35,0.24,0.0,0.0,0.0,0.01
2026-09-13 15:35:54,1.26,0.5,0.75,0.0,0.0,20.08,6141.5,0.0,0.29,0.35,0.24,0.0,0.0,0.0,0.01
2026-09-13 15:35:55,1.26,0.5,0.75,0.5,0.0,20.08,6141.0,0.0,0.29,0.35,0.24,0.14,0.0,0.0,0.01
2026-09-13 15:35:56,2.01,1.01,0.75,0.25,0.25,20.15,6135.6,0.0,0.29,0.35,0.24,0.25,0.0,0.0,0.01
2026-09-13 15:35:57,0.76,0.25,0.5,0.0,0.0,20.15,6135.6,0.0,0.29,0.35,0.24,0.0,0.0,0.0,0.01
2026-09-13 15:35:58,1.26,0.75,0.5,0.0,0.0,20.15,6135.6,0.0,0.27,0.35,0.24,0.0,0.01,0.0,0.01
2026-09-13 15:35:59,11.03,9.02,2.01,0.75,0.0,20.09,6140.8,0.0,0.27,0.35,0.24,0.0,0.02,0.01,0.01
2026-09-13 15:36:00,1.01,0.25,0.75,0.0,0.0,20.09,6140.7,0.0,0.27,0.35,0.24,0.0,0.01,0.0,0.0
2026-09-13 15:36:01,1.01,0.5,0.5,0.25,0.0,20.09,6140.4,0.0,0.27,0.35,0.24,0.0,0.06,0.0,0.01
2026-09-13 15:36:02,1.01,0.5,0.5,0.0,0.0,20.09,6140.4,0.0,0.27,0.35,0.24,0.0,0.0,0.0,0.0
2026-09-13 15:36:03,1.26,0.5,0.5,0.0,0.25,20.09,6140.3,0.0,0.25,0.34,0.24,0.0,0.0,0.0,0.01
2026-09-13 15:36:04,2.02,1.01,1.01,0.0,0.0,20.05,6143.9,0.0,0.25,0.34,0.24,0.0,0.0,0.0,0.01
2026-09-13 15:36:05,10.03,8.02,2.01,0.75,0.0,20.02,6146.2,0.0,0.25,0.34,0.24,0.0,0.05,0.01,0.01
2026-09-13 15:36:06,2.02,1.26,0.76,0.25,0.0,20.08,6141.3,0.0,0.25,0.34,0.24,0.25,0.03,0.0,0.01
2026-09-13 15:36:07,1.26,0.5,0.75,0.0,0.0,20.08,6141.3,0.0,0.25,0.34,0.24,0.0,0.0,0.0,0.01
2026-09-13 15:36:08,2.26,1.51,0.75,0.0,0.0,20.08,6141.3,0.0,0.22,0.34,0.24,0.0,0.01,0.0,0.01
2026-09-13 15:36:09,1.5,0.5,0.75,0.0,0.25,20.08,6141.3,0.0,0.22,0.34,0.24,0.0,0.0,0.0,0.01
2026-09-13 15:36:10,1.01,0.5,0.5,0.75,0.0,20.0,6147.5,0.0,0.22,0.34,0.24,0.0,0.03,0.0,0.0
2026-09-13 15:36:11,1.01,0.25,0.76,0.0,0.0,20.0,6147.5,0.0,0.22,0.34,0.24,0.0,0.0,0.01,0.01
2026-09-13 15:36:12,1.01,0.5,0.5,0.0,0.0,20.0,6147.5,0.0,0.22,0.34,0.24,0.0,0.0,0.0,0.01
2026-09-13 15:36:13,1.25,0.5,0.75,1.25,0.0,20.01,6146.8,0.0,0.21,0.33,0.24,0.0,1.14,0.0,0.01
2026-09-13 15:36:14,10.58,8.82,1.51,0.5,0.25,20.25,6128.3,0.0,0.21,0.33,0.24,0.0,0.02,0.01,0.01
2026-09-13 15:36:15,1.01,0.5,0.5,0.0,0.0,20.25,6128.1,0.0,0.21,0.33,0.24,0.0,0.0,0.0,0.01
2026-09-13 15:36:16,2.51,1.25,1.25,0.5,0.0,20.34,6121.4,0.0,0.21,0.33,0.24,0.25,0.01,0.0,0.01
2026-09-13 15:36:17,1.01,0.25,0.76,0.0,0.0,20.3,6124.7,0.0,0.21,0.33,0.24,0.0,0.0,0.0,0.01
2026-09-13 15:36:18,1.5,0.5,1.0,0.0,0.0,20.26,6127.4,0.0,0.19,0.33,0.24,0.0,0.0,0.01,0.01
2026-09-13 15:36:19,1.26,0.75,0.5,0.0,0.0,20.14,6136.5,0.0,0.19,0.33,0.24,0.0,0.0,0.0,0.01
2026-09-13 15:36:20,1.01,0.25,0.76,0.0,0.0,20.12,6138.3,0.0,0.19,0.33,0.24,0.0,0.0,0.0,0.01
2026-09-13 15:36:21,1.01,0.25,0.75,0.0,0.0,20.12,6138.3,0.0,0.19,0.33,0.24,0.0,0.0,0.0,0.01
2026-09-13 15:36:22,1.25,0.5,0.75,0.0,0.0,20.12,6138.3,0.0,0.19,0.33,0.24,0.0,0.0,0.0,0.01
2026-09-13 15:36:23,0.76,0.25,0.51,0.0,0.0,20.12,6138.1,0.0,0.17,0.32,0.23,0.0,0.0,0.0,0.01
2026-09-13 15:36:24,0.76,0.5,0.25,0.0,0.0,20.12,6138.1,0.0,0.17,0.32,0.23,0.0,0.0,0.0,0.01
2026-09-13 15:36:25,1.01,0.5,0.5,0.0,0.0,20.12,6138.1,0.0,0.17,0.32,0.23,0.0,0.0,0.01,0.01
2026-09-13 15:36:26,2.26,1.01,1.26,0.25,0.0,20.16,6135.4,0.0,0.17,0.32,0.23,0.25,0.0,0.0,0.01
2026-09-13 15:36:27,1.76,1.01,0.5,0.25,0.25,20.16,6135.2,0.0,0.17,0.32,0.23,0.0,0.0,0.0,0.01
2026-09-13 15:36:28,1.26,0.5,0.75,0.0,0.0,20.16,6135.2,0.0,0.16,0.31,0.23,0.0,0.0,0.0,0.01
2026-09-13 15:36:29,8.27,6.77,1.5,0.5,0.0,20.29,6125.2,0.0,0.16,0.31,0.23,0.0,0.39,0.0,0.01
2026-09-13 15:36:30,3.28,2.27,1.01,1.01,0.0,20.1,6139.8,0.0,0.16,0.31,0.23,0.0,0.01,0.0,0.0
2026-09-13 15:36:31,1.01,0.25,0.75,0.25,0.0,20.1,6139.8,0.0,0.16,0.31,0.23,0.0,0.01,0.0,0.01
2026-09-13 15:36:32,1.25,0.5,0.75,0.0,0.0,20.1,6139.8,0.0,0.15,0.31,0.23,0.0,0.0,0.0,0.01
2026-09-13 15:36:33,1.01,0.5,0.5,0.0,0.0,20.09,6140.3,0.0,0.15,0.31,0.23,0.0,0.01,0.0,0.02
2026-09-13 15:36:34,1.01,0.25,0.76,0.0,0.0,20.06,6142.5,0.0,0.15,0.31,0.23,0.0,0.0,0.0,0.01
2026-09-13 15:36:35,1.26,0.5,0.76,0.25,0.0,20.06,6142.6,0.0,0.15,0.31,0.23,0.0,0.39,0.0,0.01
2026-09-13 15:36:36,2.51,1.25,1.0,0.25,0.25,20.09,6140.4,0.0,0.15,0.31,0.23,0.25,0.0,0.0,0.01
2026-09-13 15:36:37,1.01,0.25,0.75,0.0,0.0,20.09,6140.4,0.0,0.14,0.3,0.23,0.0,0.01,0.03,0.01
2026-09-13 15:36:38,1.75,0.75,1.0,0.0,0.0,20.09,6140.4,0.0,0.14,0.3,0.23,0.0,0.0,0.0,0.01
2026-09-13 15:36:39,1.01,0.5,0.5,0.0,0.0,20.09,6140.4,0.0,0.14,0.3,0.23,0.0,0.0,0.0,0.0
2026-09-13 15:36:40,1.26,0.5,0.75,0.0,0.0,20.09,6140.4,0.0,0.14,0.3,0.23,0.0,0.0,0.0,0.01
2026-09-13 15:36:41,1.01,0.5,0.5,0.0,0.0,20.09,6140.5,0.0,0.14,0.3,0.23,0.0,0.01,0.0,0.0
2026-09-13 15:36:42,1.01,0.25,0.75,0.0,0.0,20.09,6140.5,0.0,0.12,0.3,0.23,0.0,0.0,0.0,0.01
2026-09-13 15:36:43,1.25,0.5,0.75,0.0,0.0,20.09,6140.5,0.0,0.12,0.3,0.23,0.0,0.0,0.0,0.01
2026-09-13 15:36:44,4.55,3.28,1.26,0.0,0.0,20.06,6143.2,0.0,0.12,0.3,0.23,0.0,0.0,0.0,0.01
2026-09-13 15:36:45,7.04,5.53,1.26,0.25,0.25,20.2,6132.2,0.0,0.12,0.3,0.23,0.0,0.02,0.0,0.01
2026-09-13 15:36:46,3.27,2.01,1.26,1.51,0.0,20.2,6132.1,0.0,0.12,0.3,0.23,0.25,1.14,0.0,0.01
2026-09-13 15:36:47,1.01,0.5,0.5,0.0,0.0,20.2,6132.2,0.0,0.19,0.31,0.23,0.0,0.0,0.0,0.01
2026-09-13 15:36:48,1.26,0.5,0.75,0.0,0.0,20.2,6132.2,0.0,0.19,0.31,0.23,0.0,0.0,0.0,0.01
2026-09-13 15:36:49,1.01,0.25,0.76,0.0,0.0,20.2,6132.2,0.0,0.19,0.31,0.23,0.0,0.0,0.0,0.01
2026-09-13 15:36:50,1.26,0.5,0.5,0.5,0.25,20.07,6142.0,0.0,0.19,0.31,0.23,0.0,0.01,0.0,0.01
2026-09-13 15:36:51,1.26,0.25,1.01,0.0,0.0,20.07,6141.8,0.0,0.19,0.31,0.23,0.0,0.01,0.0,0.01
2026-09-13 15:36:52,0.76,0.25,0.5,0.0,0.0,20.07,6141.8,0.0,0.18,0.3,0.23,0.0,0.0,0.0,0.01
2026-09-13 15:36:53,1.01,0.5,0.5,0.0,0.0,20.07,6141.8,0.0,0.18,0.3,0.23,0.0,0.0,0.0,0.01
2026-09-13 15:36:54,1.26,0.5,0.75,0.0,0.0,20.08,6141.5,0.0,0.18,0.3,0.23,0.0,0.0,0.0,0.01
2026-09-13 15:36:55,1.01,0.25,0.75,0.0,0.0,20.08,6141.5,0.0,0.18,0.3,0.23,0.0,0.0,0.0,0.01
2026-09-13 15:36:56,2.26,1.26,1.01,0.25,0.0,20.08,6141.0,0.0,0.18,0.3,0.23,0.25,0.0,0.0,0.01
2026-09-13 15:36:57,0.76,0.25,0.5,0.5,0.0,20.08,6141.0,0.0,0.16,0.3,0.23,0.0,0.01,0.0,0.01
2026-09-13 15:36:58,1.5,0.75,0.75,0.0,0.0,20.09,6140.8,0.0,0.16,0.3,0.23,0.0,0.0,0.0,0.01
2026-09-13 15:36:59,2.0,0.75,1.0,0.0,0.25,20.09,6140.9,0.0,0.16,0.3,0.23,0.0,0.0,0.0,0.01
2026-09-13 15:37:00,10.3,8.29,2.01,0.75,0.0,20.53,6106.7,0.0,0.16,0.3,0.23,0.0,0.02,0.0,0.0
2026-09-13 15:37:01,1.01,0.5,0.5,0.0,0.0,20.52,6107.5,0.0,0.16,0.3,0.23,0.0,0.0,0.0,0.01
2026-09-13 15:37:02,0.76,0.25,0.5,0.0,0.0,20.51,6108.3,0.0,0.15,0.29,0.23,0.0,0.0,0.0,0.0
2026-09-13 15:37:03,1.26,0.5,0.76,0.0,0.0,20.45,6112.5,0.0,0.15,0.29,0.23,0.0,0.0,0.0,0.02
2026-09-13 15:37:04,1.25,0.5,0.75,0.0,0.0,20.46,6112.4,0.0,0.15,0.29,0.23,0.0,0.0,0.0,0.01
2026-09-13 15:37:05,2.51,1.5,1.0,1.5,0.0,20.46,6112.4,0.0,0.15,0.29,0.23,0.0,0.03,0.0,0.0
2026-09-13 15:37:06,2.01,1.01,1.01,0.25,0.0,20.43,6114.6,0.0,0.15,0.29,0.23,0.25,0.0,0.0,0.01
2026-09-13 15:37:07,1.01,0.5,0.5,0.0,0.0,20.43,6114.6,0.0,0.14,0.29,0.23,0.0,0.0,0.0,0.01
2026-09-13 15:37:08,1.01,0.5,0.5,0.0,0.0,20.43,6114.6,0.0,0.14,0.29,0.23,0.0,0.0,0.0,0.01
2026-09-13 15:37:09,0.76,0.25,0.5,0.0,0.0,20.43,6114.6,0.0,0.14,0.29,0.23,0.0,0.0,0.0,0.01
2026-09-13 15:37:10,1.01,0.25,0.76,0.0,0.0,20.43,6114.6,0.0,0.14,0.29,0.23,0.0,0.01,0.0,0.0
2026-09-13 15:37:11,1.5,0.5,0.75,0.0,0.25,20.43,6114.7,0.0,0.14,0.29,0.23,0.0,0.01,0.0,0.01
2026-09-13 15:37:12,1.25,0.5,0.75,0.0,0.0,20.43,6114.7,0.0,0.13,0.28,0.23,0.0,0.01,0.0,0.01
2026-09-13 15:37:13,0.76,0.25,0.5,0.0,0.0,20.43,6114.7,0.0,0.13,0.28,0.23,0.0,0.0,0.0,0.01
2026-09-13 15:37:14,1.01,0.25,0.76,0.0,0.0,20.43,6114.7,0.0,0.13,0.28,0.23,0.0,0.0,0.0,0.01
2026-09-13 15:37:15,10.55,8.54,2.01,0.75,0.0,20.46,6111.7,0.0,0.13,0.28,0.23,0.0,0.03,0.01,0.01
2026-09-13 15:37:16,2.01,1.26,0.75,0.25,0.0,20.48,6110.9,0.0,0.13,0.28,0.23,0.25,0.0,0.0,0.01
2026-09-13 15:37:17,0.76,0.25,0.51,0.25,0.0,20.47,6111.2,0.0,0.12,0.28,0.22,0.0,0.02,0.0,0.01
2026-09-13 15:37:18,1.75,0.75,0.75,0.0,0.25,20.47,6111.6,0.0,0.12,0.28,0.22,0.0,0.0,0.0,0.01
2026-09-13 15:37:19,1.01,0.5,0.5,1.51,0.0,20.47,6111.6,0.0,0.12,0.28,0.22,0.0,1.14,0.0,0.01
2026-09-13 15:37:20,1.5,0.5,1.0,0.0,0.0,20.41,6115.7,0.0,0.12,0.28,0.22,0.0,0.0,0.0,0.01
2026-09-13 15:37:21,1.26,0.5,0.75,0.0,0.0,20.41,6115.6,0.0,0.12,0.28,0.22,0.0,0.01,0.0,0.01
2026-09-13 15:37:22,1.25,0.25,1.0,0.0,0.0,20.42,6115.4,0.0,0.27,0.31,0.23,0.0,0.0,0.0,0.01
2026-09-13 15:37:23,1.5,0.5,1.0,0.0,0.0,20.42,6115.5,0.0,0.27,0.31,0.23,0.0,0.0,0.0,0.01
2026-09-13 15:37:24,2.75,1.5,1.0,0.25,0.25,20.44,6113.3,0.0,0.27,0.31,0.23,0.0,0.0,0.0,0.01
2026-09-13 15:37:25,1.01,0.25,0.76,0.0,0.0,20.44,6113.3,0.0,0.27,0.31,0.23,0.0,0.0,0.0,0.01
2026-09-13 15:37:26,2.01,1.01,1.01,0.25,0.0,20.44,6113.3,0.0,0.27,0.31,0.23,0.25,0.0,0.0,0.0
2026-09-13 15:37:27,1.26,0.5,0.76,0.0,0.0,20.44,6113.3,0.0,0.25,0.3,0.23,0.0,0.0,0.0,0.01
2026-09-13 15:37:28,1.25,0.5,0.75,0.0,0.0,20.44,6113.3,0.0,0.25,0.3,0.23,0.0,0.38,0.0,0.01
2026-09-13 15:37:29,1.26,0.5,0.75,0.0,0.0,20.44,6113.4,0.0,0.25,0.3,0.23,0.0,0.0,0.0,0.01
2026-09-13 15:37:30,10.33,8.56,1.76,0.76,0.0,20.63,6098.9,0.0,0.25,0.3,0.23,0.0,0.03,0.01,0.01
2026-09-13 15:37:31,0.76,0.25,0.25,0.0,0.25,20.63,6098.8,0.0,0.25,0.3,0.23,0.0,0.0,0.0,0.01
2026-09-13 15:37:32,1.01,0.5,0.5,0.25,0.0,20.63,6098.8,0.0,0.23,0.3,0.23,0.0,0.01,0.0,0.01
2026-09-13 15:37:33,1.26,0.5,0.75,0.0,0.0,20.64,6098.5,0.0,0.23,0.3,0.23,0.0,0.0,0.0,0.02
2026-09-13 15:37:34,1.01,0.51,0.51,0.0,0.0,20.64,6098.4,0.0,0.23,0.3,0.23,0.0,0.38,0.0,0.01
2026-09-13 15:37:35,1.5,0.25,1.0,0.0,0.25,20.62,6100.0,0.0,0.23,0.3,0.23,0.0,0.0,0.0,0.01
2026-09-13 15:37:36,1.51,0.76,0.76,0.5,0.0,20.63,6099.1,0.0,0.23,0.3,0.23,0.0,0.01,0.0,0.01
2026-09-13 15:37:37,1.51,0.5,1.01,0.0,0.0,20.69,6094.3,0.0,0.21,0.29,0.23,0.25,0.0,0.0,0.01
2026-09-13 15:37:38,1.5,0.5,1.0,0.0,0.0,20.69,6094.3,0.0,0.21,0.29,0.23,0.0,0.0,0.0,0.01
2026-09-13 15:37:39,1.01,0.25,0.76,0.0,0.0,20.69,6094.2,0.0,0.21,0.29,0.23,0.0,0.0,0.0,0.01
2026-09-13 15:37:40,1.26,0.5,0.75,0.0,0.0,20.69,6094.1,0.0,0.21,0.29,0.23,0.0,0.39,0.0,0.01
2026-09-13 15:37:41,1.5,0.5,0.75,0.0,0.25,20.69,6094.5,0.0,0.21,0.29,0.23,0.0,0.0,0.0,0.0
2026-09-13 15:37:42,1.01,0.5,0.5,0.0,0.0,20.69,6094.7,0.0,0.19,0.29,0.23,0.0,0.01,0.0,0.01
2026-09-13 15:37:43,1.76,1.26,0.5,0.25,0.0,20.69,6094.7,0.0,0.19,0.29,0.23,0.0,0.0,0.0,0.01
2026-09-13 15:37:44,1.26,0.25,1.01,0.0,0.0,20.69,6094.7,0.0,0.19,0.29,0.23,0.0,0.0,0.0,0.01
2026-09-13 15:37:45,10.33,8.82,1.51,0.76,0.0,20.73,6091.5,0.0,0.19,0.29,0.23,0.0,0.03,0.01,0.02
2026-09-13 15:37:46,1.51,0.75,0.75,0.25,0.0,20.73,6091.1,0.0,0.19,0.29,0.23,0.0,0.0,0.0,0.01
2026-09-13 15:37:47,1.51,0.76,0.76,0.0,0.0,20.75,6089.8,0.0,0.18,0.28,0.23,0.25,0.0,0.0,0.01
2026-09-13 15:37:48,1.5,0.75,0.75,0.0,0.0,20.75,6089.9,0.0,0.18,0.28,0.23,0.0,0.0,0.0,0.01
2026-09-13 15:37:49,1.26,0.5,0.76,0.0,0.0,20.74,6090.7,0.0,0.18,0.28,0.23,0.0,0.0,0.0,0.02
2026-09-13 15:37:50,1.5,0.5,0.75,0.0,0.25,20.67,6096.0,0.0,0.18,0.28,0.23,0.0,0.0,0.0,0.01
2026-09-13 15:37:51,1.01,0.25,0.76,0.25,0.0,20.67,6095.6,0.0,0.18,0.28,0.23,0.0,0.01,0.0,0.02
2026-09-13 15:37:52,1.25,0.5,0.75,0.25,0.0,20.67,6095.6,0.0,0.24,0.29,0.23,0.0,0.01,0.0,0.01
2026-09-13 15:37:53,1.01,0.5,0.5,1.01,0.0,20.67,6096.1,0.0,0.24,0.29,0.23,0.0,1.14,0.0,0.01
2026-09-13 15:37:54,1.25,0.5,0.75,0.0,0.0,20.66,6096.4,0.0,0.24,0.29,0.23,0.0,0.0,0.0,0.01
2026-09-13 15:37:55,1.26,0.5,0.75,0.0,0.0,20.66,6096.4,0.0,0.24,0.29,0.23,0.0,0.0,0.0,0.01
2026-09-13 15:37:56,1.75,1.0,0.75,0.25,0.0,20.69,6094.8,0.0,0.24,0.29,0.23,0.0,0.0,0.0,0.01
2026-09-13 15:37:57,2.0,0.75,1.0,0.0,0.25,20.69,6094.3,0.0,0.22,0.29,0.23,0.25,0.0,0.0,0.01
2026-09-13 15:37:58,1.01,0.25,0.76,0.25,0.0,20.7,6094.0,0.0,0.22,0.29,0.23,0.0,0.01,0.0,0.01
2026-09-13 15:37:59,0.76,0.51,0.25,0.0,0.0,20.7,6094.0,0.0,0.22,0.29,0.23,0.0,0.0,0.0,0.01
2026-09-13 15:38:00,10.53,8.77,1.75,0.75,0.0,20.68,6095.0,0.0,0.22,0.29,0.23,0.0,0.02,0.01,0.01
2026-09-13 15:38:01,0.76,0.25,0.5,0.0,0.0,20.68,6095.1,0.0,0.22,0.29,0.23,0.0,0.0,0.0,0.01
2026-09-13 15:38:02,2.51,1.25,1.0,0.0,0.25,20.71,6093.1,0.0,0.2,0.28,0.23,0.0,0.0,0.0,0.0
2026-09-13 15:38:03,1.5,0.5,1.0,0.0,0.0,20.71,6092.8,0.0,0.2,0.28,0.23,0.0,0.0,0.0,0.02
2026-09-13 15:38:04,1.25,0.5,0.75,0.0,0.0,20.71,6092.7,0.0,0.2,0.28,0.23,0.0,0.0,0.0,0.01
2026-09-13 15:38:05,1.26,0.5,0.75,0.0,0.0,20.67,6095.9,0.0,0.2,0.28,0.23,0.0,0.0,0.0,0.0
2026-09-13 15:38:06,1.51,1.01,0.5,0.75,0.0,20.68,6095.2,0.0,0.2,0.28,0.23,0.0,0.02,0.0,0.01
2026-09-13 15:38:07,2.01,0.75,1.25,0.0,0.0,20.75,6089.8,0.0,0.19,0.28,0.23,0.25,0.0,0.0,0.01
2026-09-13 15:38:08,1.25,0.25,0.75,0.0,0.25,20.75,6089.8,0.0,0.19,0.28,0.23,0.0,0.0,0.0,0.01
2026-09-13 15:38:09,1.01,0.5,0.5,0.0,0.0,20.75,6089.8,0.0,0.19,0.28,0.23,0.0,0.0,0.0,0.01
2026-09-13 15:38:10,1.25,0.5,0.75,0.0,0.0,20.75,6089.8,0.0,0.19,0.28,0.23,0.0,0.0,0.0,0.0
2026-09-13 15:38:11,1.01,0.25,0.75,0.0,0.0,20.74,6090.4,0.0,0.19,0.28,0.23,0.0,0.01,0.0,0.0
2026-09-13 15:38:12,1.01,0.25,0.76,0.0,0.0,20.73,6091.5,0.0,0.17,0.27,0.22,0.0,0.01,0.0,0.01
2026-09-13 15:38:13,1.25,0.5,0.75,0.0,0.0,20.72,6092.2,0.0,0.17,0.27,0.22,0.0,0.0,0.0,0.01
2026-09-13 15:38:14,0.76,0.25,0.5,0.0,0.0,20.72,6092.4,0.0,0.17,0.27,0.22,0.0,0.0,0.0,0.01
2026-09-13 15:38:15,8.79,7.54,1.26,0.25,0.0,20.89,6079.2,0.0,0.17,0.27,0.22,0.0,0.01,0.0,0.01
2026-09-13 15:38:16,3.52,2.01,1.26,1.26,0.25,20.66,6096.7,0.0,0.17,0.27,0.22,0.0,0.55,0.0,0.01
2026-09-13 15:38:17,1.51,0.76,0.76,2.77,0.0,20.69,6094.7,0.0,0.24,0.29,0.23,0.25,0.27,0.0,0.01
2026-09-13 15:38:18,1.26,0.5,0.75,0.0,0.0,20.69,6094.3,0.0,0.24,0.29,0.23,0.0,0.0,0.0,0.01
2026-09-13 15:38:19,1.5,0.5,0.75,0.0,0.25,20.69,6094.3,0.0,0.24,0.29,0.23,0.0,0.0,0.0,0.01
2026-09-13 15:38:20,0.76,0.5,0.25,0.0,0.0,20.63,6099.4,0.0,0.24,0.29,0.23,0.0,0.0,0.0,0.01
2026-09-13 15:38:21,2.02,1.26,0.76,0.25,0.0,20.63,6098.8,0.0,0.24,0.29,0.23,0.0,0.0,0.0,0.01
2026-09-13 15:38:22,1.01,0.5,0.5,0.0,0.0,20.64,6098.6,0.0,0.22,0.28,0.23,0.0,0.0,0.0,0.0
2026-09-13 15:38:23,1.26,0.25,1.01,0.0,0.0,20.63,6098.8,0.0,0.22,0.28,0.23,0.0,0.01,0.0,0.01
2026-09-13 15:38:24,0.76,0.25,0.5,0.0,0.0,20.64,6098.6,0.0,0.22,0.28,0.23,0.0,0.0,0.0,0.01
2026-09-13 15:38:25,1.25,0.5,0.75,0.0,0.0,20.63,6098.7,0.0,0.22,0.28,0.23,0.0,0.0,0.0,0.01
2026-09-13 15:38:26,1.76,1.01,0.75,0.25,0.0,20.65,6097.7,0.0,0.22,0.28,0.23,0.0,0.0,0.0,0.0
2026-09-13 15:38:27,1.26,0.5,0.76,0.0,0.0,20.68,6095.3,0.0,0.2,0.28,0.23,0.25,0.0,0.0,0.01
2026-09-13 15:38:28,1.26,0.25,1.01,0.0,0.0,20.68,6095.2,0.0,0.2,0.28,0.23,0.0,0.0,0.0,0.01
2026-09-13 15:38:29,1.5,0.5,0.75,0.0,0.25,20.67,6095.7,0.0,0.2,0.28,0.23,0.0,0.0,0.0,0.01
2026-09-13 15:38:30,5.79,4.53,1.26,0.0,0.0,20.77,6088.6,0.0,0.2,0.28,0.23,0.0,0.0,0.0,0.01
2026-09-13 15:38:31,5.53,4.52,1.01,1.51,0.0,20.74,6090.4,0.0,0.2,0.28,0.23,0.0,1.17,0.0,0.01
2026-09-13 15:38:32,1.01,0.5,0.5,0.0,0.0,20.74,6090.4,0.0,0.18,0.27,0.22,0.0,0.0,0.0,0.01
2026-09-13 15:38:33,1.26,0.5,0.75,0.25,0.0,20.75,6089.8,0.0,0.18,0.27,0.22,0.0,0.01,0.0,0.02
2026-09-13 15:38:34,1.26,0.5,0.5,0.0,0.25,20.74,6090.2,0.0,0.18,0.27,0.22,0.0,0.0,0.0,0.01
2026-09-13 15:38:35,1.26,0.5,0.75,0.0,0.0,20.73,6091.4,0.0,0.18,0.27,0.22,0.0,0.0,0.0,0.01
2026-09-13 15:38:36,1.51,1.01,0.5,0.5,0.0,20.63,6099.2,0.0,0.18,0.27,0.22,0.0,0.01,0.0,0.01
2026-09-13 15:38:37,1.76,1.01,0.75,0.0,0.0,20.68,6095.0,0.0,0.17,0.27,0.22,0.25,0.0,0.0,0.01
2026-09-13 15:38:38,1.5,0.5,1.0,0.0,0.0,20.68,6095.0,0.0,0.17,0.27,0.22,0.0,0.0,0.0,0.01
2026-09-13 15:38:39,1.01,0.25,0.75,0.0,0.0,20.68,6095.0,0.0,0.17,0.27,0.22,0.0,0.0,0.0,0.01
2026-09-13 15:38:40,2.51,1.5,1.0,0.0,0.0,20.71,6093.0,0.0,0.17,0.27,0.22,0.0,0.0,0.0,0.0
2026-09-13 15:38:41,1.01,0.25,0.75,0.0,0.0,20.7,6093.7,0.0,0.17,0.27,0.22,0.0,0.0,0.0,0.0
2026-09-13 15:38:42,1.26,0.25,1.01,0.0,0.0,20.69,6094.3,0.0,0.16,0.26,0.22,0.0,0.01,0.0,0.01
2026-09-13 15:38:43,1.25,0.5,0.5,0.0,0.25,20.69,6094.6,0.0,0.16,0.26,0.22,0.0,0.0,0.0,0.01
2026-09-13 15:38:44,1.25,0.5,0.75,0.0,0.0,20.69,6094.6,0.0,0.16,0.26,0.22,0.0,0.0,0.0,0.01
2026-09-13 15:38:45,2.27,1.26,1.01,0.0,0.0,20.72,6091.9,0.0,0.16,0.26,0.22,0.0,0.0,0.0,0.01
2026-09-13 15:38:46,9.82,8.06,1.76,3.27,0.0,20.64,6098.4,0.0,0.16,0.26,0.22,0.0,0.59,0.0,0.01
2026-09-13 15:38:47,2.01,0.75,1.0,0.0,0.25,20.71,6093.2,0.0,0.14,0.26,0.22,0.25,0.0,0.0,0.01
2026-09-13 15:38:48,1.01,0.25,0.75,0.0,0.0,20.71,6093.0,0.0,0.14,0.26,0.22,0.0,0.0,0.0,0.01
2026-09-13 15:38:49,1.26,0.5,0.75,0.0,0.0,20.71,6092.9,0.0,0.14,0.26,0.22,0.0,0.0,0.0,0.01
2026-09-13 15:38:50,1.26,0.5,0.75,0.0,0.0,20.71,6092.9,0.0,0.14,0.26,0.22,0.0,0.01,0.0,0.01
2026-09-13 15:38:51,1.26,0.5,0.5,0.0,0.25,20.66,6096.4,0.0,0.14,0.26,0.22,0.0,0.0,0.0,0.01
2026-09-13 15:38:52,1.25,0.25,1.0,0.5,0.0,20.66,6096.4,0.0,0.21,0.27,0.22,0.0,0.01,0.0,0.01
2026-09-13 15:38:53,1.26,0.25,1.01,0.0,0.0,20.66,6097.0,0.0,0.21,0.27,0.22,0.0,0.01,0.0,0.01
2026-09-13 15:38:54,0.76,0.25,0.5,0.0,0.0,20.66,6097.0,0.0,0.21,0.27,0.22,0.0,0.01,0.0,0.01
2026-09-13 15:38:55,1.01,0.25,0.75,0.0,0.0,20.67,6096.0,0.0,0.21,0.27,0.22,0.0,0.0,0.0,0.01
2026-09-13 15:38:56,1.51,1.01,0.5,0.25,0.0,20.68,6094.8,0.0,0.21,0.27,0.22,0.0,0.0,0.0,0.01
2026-09-13 15:38:57,1.76,0.75,1.01,0.0,0.0,20.67,6096.3,0.0,0.2,0.27,0.22,0.25,0.0,0.0,0.01
2026-09-13 15:38:58,1.51,0.5,0.75,0.0,0.25,20.67,6096.1,0.0,0.2,0.27,0.22,0.0,0.0,0.0,0.01
2026-09-13 15:38:59,2.02,1.26,0.76,3.53,0.0,20.67,6096.3,0.0,0.2,0.27,0.22,0.0,0.01,0.0,0.01
2026-09-13 15:39:00,1.25,0.5,0.75,0.0,0.0,20.65,6097.5,0.0,0.2,0.27,0.22,0.0,0.0,0.0,0.0
2026-09-13 15:39:01,10.55,8.54,2.01,0.75,0.0,20.87,6080.6,0.0,0.2,0.27,0.22,0.0,0.03,0.01,0.01
2026-09-13 15:39:02,1.01,0.25,0.76,0.0,0.0,20.84,6082.5,0.0,0.18,0.26,0.22,0.0,0.0,0.0,0.0
2026-09-13 15:39:03,1.26,0.5,0.75,2.01,0.0,20.82,6084.7,0.0,0.18,0.26,0.22,0.0,0.79,0.0,0.02
2026-09-13 15:39:04,1.5,0.5,0.75,4.01,0.25,20.8,6085.9,0.0,0.18,0.26,0.22,0.0,1.54,0.0,0.01
2026-09-13 15:39:05,1.01,0.5,0.5,0.0,0.0,20.77,6088.2,0.0,0.18,0.26,0.22,0.0,0.0,0.0,0.0
2026-09-13 15:39:06,1.52,0.76,0.76,3.28,0.0,20.73,6091.2,0.0,0.18,0.26,0.22,0.0,2.15,0.0,0.01
2026-09-13 15:39:07,1.75,1.0,0.75,0.5,0.0,20.77,6088.0,0.0,0.16,0.26,0.22,0.25,0.01,0.0,0.01
2026-09-13 15:39:08,1.01,0.5,0.5,0.0,0.0,20.76,6089.3,0.0,0.16,0.26,0.22,0.0,0.0,0.0,0.01
2026-09-13 15:39:09,1.01,0.25,0.76,0.0,0.0,20.74,6090.8,0.0,0.16,0.26,0.22,0.0,0.0,0.0,0.01
2026-09-13 15:39:10,1.01,0.25,0.76,0.0,0.0,20.72,6092.0,0.0,0.16,0.26,0.22,0.0,0.0,0.0,0.0
2026-09-13 15:39:11,1.01,0.5,0.5,0.0,0.0,20.7,6093.4,0.0,0.16,0.26,0.22,0.0,0.0,0.0,0.0
2026-09-13 15:39:12,1.26,0.5,0.75,1.01,0.0,20.69,6094.6,0.0,0.15,0.25,0.22,0.0,0.26,0.0,0.01
2026-09-13 15:39:13,1.01,0.25,0.76,0.0,0.0,20.67,6095.9,0.0,0.15,0.25,0.22,0.0,0.01,0.0,0.01
2026-09-13 15:39:14,1.26,0.5,0.75,0.25,0.0,20.66,6096.5,0.0,0.15,0.25,0.22,0.0,0.01,0.0,0.01
2026-09-13 15:39:15,1.01,0.5,0.5,0.0,0.0,20.66,6096.8,0.0,0.15,0.25,0.22,0.0,0.0,0.0,0.01
2026-09-13 15:39:16,11.31,9.05,2.01,0.75,0.25,20.66,6096.7,0.0,0.15,0.25,0.22,0.0,0.03,0.01,0.01
2026-09-13 15:39:17,1.51,0.5,1.01,0.0,0.0,20.71,6092.5,0.0,0.14,0.25,0.22,0.25,0.0,0.0,0.01
2026-09-13 15:39:18,2.02,1.52,0.51,0.25,0.0,20.73,6091.3,0.0,0.14,0.25,0.22,0.0,0.0,0.0,0.01
2026-09-13 15:39:19,1.01,0.5,0.5,0.0,0.0,20.72,6092.1,0.0,0.14,0.25,0.22,0.0,0.0,0.0,0.01
2026-09-13 15:39:20,1.01,0.5,0.5,0.5,0.0,20.71,6092.9,0.0,0.14,0.25,0.22,0.0,0.01,0.0,0.01
2026-09-13 15:39:21,1.5,0.75,0.75,0.0,0.0,20.66,6096.5,0.0,0.14,0.25,0.22,0.0,0.01,0.0,0.01
2026-09-13 15:39:22,1.25,0.5,0.75,0.0,0.0,20.66,6097.0,0.0,0.13,0.24,0.22,0.0,0.0,0.0,0.0
2026-09-13 15:39:23,1.01,0.5,0.5,0.0,0.0,20.65,6097.7,0.0,0.13,0.24,0.22,0.0,0.01,0.0,0.01
2026-09-13 15:39:24,1.01,0.5,0.5,0.0,0.0,20.64,6098.0,0.0,0.13,0.24,0.22,0.0,0.0,0.0,0.01
2026-09-13 15:39:25,1.25,0.5,0.75,0.0,0.0,20.64,6098.0,0.0,0.13,0.24,0.22,0.0,0.0,0.0,0.01
2026-09-13 15:39:26,1.76,1.01,0.5,0.0,0.25,20.65,6097.7,0.0,0.13,0.24,0.22,0.0,0.0,0.0,0.01
2026-09-13 15:39:27,1.76,0.75,1.01,0.5,0.0,20.7,6093.8,0.0,0.12,0.24,0.21,0.25,0.05,0.0,0.01
2026-09-13 15:39:28,1.25,0.5,0.75,0.0,0.0,20.7,6094.0,0.0,0.12,0.24,0.21,0.0,0.0,0.0,0.01
2026-09-13 15:39:29,0.76,0.25,0.51,0.0,0.0,20.7,6094.0,0.0,0.12,0.24,0.21,0.0,0.0,0.0,0.01
2026-09-13 15:39:30,1.25,0.5,0.75,0.0,0.0,20.69,6094.7,0.0,0.12,0.24,0.21,0.0,0.0,0.0,0.0
2026-09-13 15:39:31,10.55,8.79,1.76,3.02,0.0,20.56,6104.8,0.0,0.12,0.24,0.21,0.0,0.02,0.01,0.01
2026-09-13 15:39:32,1.5,0.5,0.75,0.0,0.25,20.56,6104.6,0.0,0.11,0.23,0.21,0.0,0.0,0.0,0.01
2026-09-13 15:39:33,1.51,0.75,0.75,0.25,0.0,20.57,6103.8,0.0,0.11,0.23,0.21,0.0,0.02,0.0,0.02
2026-09-13 15:39:34,1.01,0.5,0.5,0.25,0.0,20.57,6103.7,0.0,0.11,0.23,0.21,0.0,0.01,0.0,0.01
2026-09-13 15:39:35,1.01,0.25,0.76,0.0,0.0,20.57,6103.7,0.0,0.11,0.23,0.21,0.0,0.0,0.0,0.01
2026-09-13 15:39:36,1.76,1.01,0.75,2.01,0.0,20.51,6108.1,0.0,0.11,0.23,0.21,0.0,1.76,0.0,0.01
2026-09-13 15:39:37,2.77,1.76,1.01,0.0,0.0,20.62,6100.1,0.0,0.18,0.25,0.22,0.25,0.0,0.0,0.01
2026-09-13 15:39:38,1.75,0.75,0.75,0.0,0.25,20.62,6100.0,0.0,0.18,0.25,0.22,0.0,0.0,0.0,0.01
2026-09-13 15:39:39,1.01,0.25,0.75,0.0,0.0,20.62,6100.0,0.0,0.18,0.25,0.22,0.0,0.0,0.0,0.01
2026-09-13 15:39:40,1.01,0.5,0.5,0.5,0.0,20.62,6100.0,0.0,0.18,0.25,0.22,0.0,0.01,0.0,0.01
2026-09-13 15:39:41,1.01,0.25,0.75,0.0,0.0,20.62,6099.8,0.0,0.18,0.25,0.22,0.0,0.0,0.0,0.01
2026-09-13 15:39:42,1.25,0.25,0.75,0.0,0.25,20.62,6099.8,0.0,0.16,0.24,0.22,0.0,0.0,0.0,0.01
2026-09-13 15:39:43,1.26,0.5,0.75,0.0,0.0,20.62,6100.0,0.0,0.16,0.24,0.22,0.0,0.0,0.0,0.01
2026-09-13 15:39:44,1.01,0.25,0.75,0.0,0.0,20.61,6100.6,0.0,0.16,0.24,0.22,0.0,0.0,0.0,0.01
2026-09-13 15:39:45,1.01,0.5,0.5,0.0,0.0,20.61,6100.5,0.0,0.16,0.24,0.22,0.0,0.0,0.0,0.01
2026-09-13 15:39:46,11.5,8.75,2.5,1.0,0.25,20.56,6104.4,0.0,0.16,0.24,0.22,0.0,0.03,0.01,0.01
2026-09-13 15:39:47,1.51,0.5,1.01,0.0,0.0,20.63,6099.0,0.0,0.15,0.24,0.21,0.25,0.0,0.0,0.01
2026-09-13 15:39:48,1.26,0.5,0.76,0.0,0.0,20.64,6098.5,0.0,0.15,0.24,0.21,0.0,0.0,0.0,0.01
2026-09-13 15:39:49,1.5,0.75,0.75,0.0,0.0,20.64,6098.5,0.0,0.15,0.24,0.21,0.0,0.0,0.0,0.02
2026-09-13 15:39:50,1.26,0.5,0.5,0.0,0.25,20.64,6098.5,0.0,0.15,0.24,0.21,0.0,0.0,0.0,0.01
2026-09-13 15:39:51,1.26,0.5,0.75,0.0,0.0,20.61,6100.4,0.0,0.15,0.24,0.21,0.0,0.0,0.0,0.02
2026-09-13 15:39:52,1.26,0.25,1.01,0.25,0.0,20.62,6100.1,0.0,0.14,0.23,0.21,0.0,0.01,0.0,0.01
2026-09-13 15:39:53,1.5,0.75,0.75,0.0,0.0,20.62,6100.1,0.0,0.14,0.23,0.21,0.0,0.0,0.0,0.01
2026-09-13 15:39:54,1.25,0.5,0.75,0.25,0.0,20.62,6100.1,0.0,0.14,0.23,0.21,0.0,0.01,0.0,0.01
2026-09-13 15:39:55,1.26,0.5,0.5,0.0,0.25,20.62,6100.1,0.0,0.14,0.23,0.21,0.0,0.0,0.0,0.01
2026-09-13 15:39:56,2.52,1.76,0.76,0.25,0.0,20.65,6097.2,0.0,0.14,0.23,0.21,0.0,0.01,0.0,0.01
2026-09-13 15:39:57,1.76,0.75,1.01,0.0,0.0,20.69,6094.7,0.0,0.13,0.23,0.21,0.25,0.01,0.0,0.01
2026-09-13 15:39:58,1.51,0.75,0.75,0.0,0.0,20.69,6094.8,0.0,0.13,0.23,0.21,0.0,0.04,0.0,0.01
2026-09-13 15:39:59,1.01,0.25,0.75,0.0,0.0,20.69,6094.8,0.0,0.13,0.23,0.21,0.0,0.0,0.0,0.01
2026-09-13 15:40:00,1.01,0.25,0.75,0.5,0.0,20.69,6094.8,0.0,0.13,0.23,0.21,0.0,0.01,0.0,0.0
2026-09-13 15:40:01,10.55,8.54,1.76,0.5,0.25,20.56,6104.2,0.0,0.13,0.23,0.21,0.0,0.02,0.01,0.01
2026-09-13 15:40:02,1.25,0.5,0.75,0.0,0.0,20.56,6104.3,0.0,0.12,0.23,0.21,0.0,0.0,0.0,0.0
2026-09-13 15:40:03,1.01,0.5,0.5,0.0,0.0,20.57,6103.8,0.0,0.12,0.23,0.21,0.0,0.0,0.0,0.02
2026-09-13 15:40:04,1.01,0.25,0.76,0.0,0.0,20.57,6103.8,0.0,0.12,0.23,0.21,0.0,0.0,0.0,0.01
2026-09-13 15:40:05,1.5,0.75,0.5,0.0,0.25,20.57,6103.8,0.0,0.12,0.23,0.21,0.0,0.0,0.0,0.01
2026-09-13 15:40:06,1.51,0.76,0.76,0.25,0.0,20.53,6106.9,0.0,0.12,0.23,0.21,0.0,0.0,0.0,0.0
2026-09-13 15:40:07,1.75,0.75,1.0,0.5,0.0,20.61,6100.8,0.0,0.11,0.22,0.21,0.25,0.01,0.0,0.01
2026-09-13 15:40:08,1.25,0.25,1.0,0.0,0.0,20.61,6100.6,0.0,0.11,0.22,0.21,0.0,0.0,0.0,0.01
2026-09-13 15:40:09,1.01,0.5,0.5,0.0,0.0,20.61,6100.6,0.0,0.11,0.22,0.21,0.0,0.0,0.0,0.0
2026-09-13 15:40:10,1.01,0.5,0.5,0.0,0.0,20.61,6100.8,0.0,0.11,0.22,0.21,0.0,0.0,0.0,0.0
2026-09-13 15:40:11,1.01,0.25,0.76,0.0,0.0,20.6,6101.5,0.0,0.11,0.22,0.21,0.0,0.0,0.0,0.01
2026-09-13 15:40:12,1.25,0.25,1.0,0.0,0.0,20.6,6101.5,0.0,0.1,0.22,0.21,0.0,0.0,0.0,0.01
2026-09-13 15:40:13,1.26,0.5,0.75,0.0,0.0,20.6,6101.5,0.0,0.1,0.22,0.21,0.0,0.0,0.0,0.01
2026-09-13 15:40:14,1.01,0.5,0.5,0.0,0.0,20.6,6101.5,0.0,0.1,0.22,0.21,0.0,0.0,0.0,0.01
2026-09-13 15:40:15,2.51,1.26,1.01,1.51,0.25,20.62,6100.0,0.0,0.1,0.22,0.21,0.0,1.15,0.0,0.01
2026-09-13 15:40:16,8.82,7.56,1.26,1.01,0.0,20.81,6085.3,0.0,0.1,0.22,0.21,0.0,0.02,0.0,0.01
2026-09-13 15:40:17,4.01,2.51,1.5,0.75,0.0,20.74,6090.7,0.0,0.09,0.21,0.21,0.25,0.01,0.0,0.01
2026-09-13 15:40:18,1.26,0.5,0.76,0.0,0.0,20.74,6090.3,0.0,0.09,0.21,0.21,0.0,0.0,0.0,0.01
2026-09-13 15:40:19,1.01,0.25,0.5,0.0,0.25,20.74,6090.4,0.0,0.09,0.21,0.21,0.0,0.0,0.0,0.02
2026-09-13 15:40:20,1.25,0.5,0.75,0.0,0.0,20.72,6092.0,0.0,0.09,0.21,0.21,0.0,0.01,0.0,0.01
2026-09-13 15:40:21,1.26,0.5,0.76,0.25,0.0,20.58,6102.5,0.0,0.09,0.21,0.21,0.0,0.02,0.0,0.01
2026-09-13 15:40:22,1.25,0.5,0.75,0.0,0.0,20.58,6103.0,0.0,0.08,0.21,0.2,0.0,0.0,0.0,0.0
2026-09-13 15:40:23,1.01,0.25,0.5,0.0,0.25,20.58,6102.7,0.0,0.08,0.21,0.2,0.0,0.0,0.0,0.01
2026-09-13 15:40:24,1.26,0.25,1.01,0.0,0.0,20.57,6103.6,0.0,0.08,0.21,0.2,0.0,0.0,0.0,0.01
2026-09-13 15:40:25,1.25,0.5,0.75,0.0,0.0,20.57,6103.9,0.0,0.08,0.21,0.2,0.0,0.0,0.0,0.01
2026-09-13 15:40:26,1.51,1.01,0.5,0.25,0.0,20.57,6103.4,0.0,0.08,0.21,0.2,0.0,0.0,0.0,0.01
2026-09-13 15:40:27,1.51,0.5,1.01,0.0,0.0,20.6,6101.2,0.0,0.16,0.22,0.21,0.25,0.0,0.0,0.01
2026-09-13 15:40:28,1.01,0.5,0.5,0.0,0.0,20.6,6101.5,0.0,0.16,0.22,0.21,0.0,0.01,0.0,0.01
2026-09-13 15:40:29,1.25,0.5,0.5,0.0,0.25,20.6,6101.7,0.0,0.16,0.22,0.21,0.0,0.0,0.0,0.01
2026-09-13 15:40:30,1.01,0.25,0.75,0.0,0.0,20.6,6101.6,0.0,0.16,0.22,0.21,0.0,0.0,0.0,0.0
2026-09-13 15:40:31,4.52,3.02,1.51,0.0,0.0,20.64,6098.6,0.0,0.16,0.22,0.21,0.0,0.01,0.0,0.01
2026-09-13 15:40:32,7.27,6.27,1.0,0.75,0.0,20.54,6106.3,0.0,0.14,0.22,0.21,0.0,0.03,0.0,0.01
2026-09-13 15:40:33,1.26,0.25,0.76,0.0,0.25,20.54,6105.9,0.0,0.14,0.22,0.21,0.0,0.0,0.0,0.02
2026-09-13 15:40:34,2.26,1.51,0.75,0.0,0.0,20.57,6103.6,0.0,0.14,0.22,0.21,0.0,0.0,0.0,0.01
2026-09-13 15:40:35,0.76,0.25,0.51,0.25,0.0,20.57,6103.6,0.0,0.14,0.22,0.21,0.0,0.01,0.0,0.01
2026-09-13 15:40:36,1.75,1.0,0.75,0.25,0.0,20.59,6102.2,0.0,0.14,0.22,0.21,0.0,0.0,0.0,0.01
2026-09-13 15:40:37,2.25,0.75,1.25,0.0,0.25,20.61,6100.6,0.0,0.21,0.23,0.21,0.25,0.0,0.0,0.01
2026-09-13 15:40:38,1.26,0.5,0.76,0.25,0.0,20.61,6100.6,0.0,0.21,0.23,0.21,0.0,0.01,0.0,0.01
2026-09-13 15:40:39,0.51,0.25,0.25,0.0,0.0,20.61,6100.6,0.0,0.21,0.23,0.21,0.0,0.0,0.0,0.01
2026-09-13 15:40:40,1.25,0.5,0.75,0.0,0.0,20.61,6100.6,0.0,0.21,0.23,0.21,0.0,0.0,0.0,0.0
2026-09-13 15:40:41,0.76,0.25,0.5,0.0,0.0,20.61,6100.6,0.0,0.21,0.23,0.21,0.0,0.0,0.0,0.0
2026-09-13 15:40:43,10.55,8.54,1.76,1.01,0.25,20.7,6093.8,0.0,0.28,0.25,0.22,0.0,0.02,0.01,0.01
2026-09-13 15:40:44,1.01,0.25,0.75,0.0,0.0,20.69,6094.7,0.0,0.28,0.25,0.22,0.0,0.0,0.0,0.01
2026-09-13 15:40:45,1.5,0.75,0.75,0.0,0.0,20.68,6095.4,0.0,0.28,0.25,0.22,0.0,0.0,0.0,0.01
2026-09-13 15:40:46,1.01,0.25,0.76,0.0,0.0,20.67,6096.1,0.0,0.28,0.25,0.22,0.0,0.0,0.0,0.01
2026-09-13 15:40:47,2.01,1.25,0.75,0.25,0.0,20.69,6094.6,0.0,0.28,0.25,0.22,0.0,0.0,0.0,0.01
2026-09-13 15:40:48,11.08,9.07,1.76,2.27,0.25,20.61,6100.9,0.0,0.25,0.24,0.21,0.25,1.29,0.01,0.01
2026-09-13 15:40:49,1.01,0.51,0.51,3.79,0.0,20.61,6100.3,0.0,0.25,0.24,0.21,0.0,0.01,0.0,0.01
2026-09-13 15:40:50,1.01,0.25,0.76,0.0,0.0,20.63,6099.4,0.0,0.25,0.24,0.21,0.0,0.0,1.91,0.02
2026-09-13 15:40:51,1.01,0.25,0.5,0.0,0.25,20.63,6099.4,0.0,0.25,0.24,0.21,0.0,0.0,2.34,0.01
2026-09-13 15:40:52,1.26,0.5,0.75,0.0,0.0,20.63,6099.4,0.0,0.25,0.24,0.21,0.0,0.0,2.6,0.02
2026-09-13 15:40:53,1.23,0.49,0.74,0.49,0.0,20.6,6101.0,0.0,0.23,0.24,0.21,0.0,0.01,1.54,0.01
2026-09-13 15:40:54,2.01,1.26,0.75,0.25,0.0,20.63,6099.1,0.0,0.23,0.24,0.21,0.0,0.0,0.0,0.01
2026-09-13 15:40:55,1.25,0.5,0.75,0.0,0.0,20.63,6099.1,0.0,0.23,0.24,0.21,0.0,0.0,0.0,0.01
2026-09-13 15:40:56,1.51,0.5,0.5,0.0,0.5,20.63,6099.1,0.0,0.23,0.24,0.21,0.0,0.0,10.34,0.07
2026-09-13 15:40:57,1.51,0.76,0.76,0.25,0.0,20.63,6099.1,0.0,0.23,0.24,0.21,0.0,0.01,0.0,0.01
2026-09-13 15:40:58,1.51,0.5,1.01,0.0,0.0,20.68,6094.9,0.0,0.21,0.23,0.21,0.25,0.0,0.0,0.01
2026-09-13 15:40:59,1.51,0.75,0.75,0.0,0.0,20.68,6094.9,0.0,0.21,0.23,0.21,0.0,0.0,0.26,0.01
2026-09-13 15:41:00,0.76,0.25,0.51,0.0,0.0,20.67,6096.2,0.0,0.21,0.23,0.21,0.0,0.02,0.0,0.01
2026-09-13 15:41:01,1.25,0.5,0.75,0.0,0.0,20.65,6097.5,0.0,0.21,0.23,0.21,0.0,0.0,0.26,0.0
2026-09-13 15:41:02,1.26,0.5,0.75,0.0,0.0,20.64,6097.9,0.0,0.21,0.23,0.21,0.0,0.0,0.0,0.01
2026-09-13 15:41:03,10.08,8.82,1.01,0.76,0.25,20.78,6087.3,0.0,0.2,0.23,0.21,0.0,0.03,0.01,0.01
2026-09-13 15:41:04,1.51,0.5,1.01,0.0,0.0,20.76,6089.1,0.0,0.2,0.23,0.21,0.0,0.0,1.04,0.02
2026-09-13 15:41:05,0.76,0.25,0.51,0.0,0.0,20.73,6091.1,0.0,0.2,0.23,0.21,0.0,0.0,1.56,0.01
2026-09-13 15:41:06,1.5,0.5,0.75,0.0,0.25,20.71,6092.8,0.0,0.2,0.23,0.21,0.0,0.0,1.3,0.01
2026-09-13 15:41:07,1.26,0.76,0.5,0.25,0.0,20.71,6093.1,0.0,0.2,0.23,0.21,0.0,0.0,1.3,0.01
2026-09-13 15:41:08,1.01,0.51,0.51,0.0,0.0,20.64,6098.0,0.0,0.18,0.23,0.21,0.0,0.0,1.56,0.01
2026-09-13 15:41:09,1.52,0.51,1.01,0.0,0.0,20.71,6092.9,0.0,0.18,0.23,0.21,0.25,0.01,1.3,0.02
2026-09-13 15:41:10,1.26,0.5,0.75,0.0,0.0,20.7,6093.8,0.0,0.18,0.23,0.21,0.0,0.01,1.3,0.01
2026-09-13 15:41:11,1.01,0.25,0.76,0.0,0.0,20.69,6094.6,0.0,0.18,0.23,0.21,0.0,0.0,1.56,0.01
2026-09-13 15:41:12,1.25,0.5,0.75,0.0,0.0,20.68,6095.3,0.0,0.18,0.23,0.21,0.0,0.0,1.3,0.01
2026-09-13 15:41:13,2.26,1.51,0.75,0.25,0.0,20.67,6096.2,0.0,0.17,0.22,0.21,0.0,0.0,1.3,0.01
2026-09-13 15:41:14,0.76,0.25,0.25,0.0,0.25,20.67,6096.3,0.0,0.17,0.22,0.21,0.0,0.0,1.56,0.02
2026-09-13 15:41:15,1.01,0.5,0.5,0.0,0.0,20.66,6096.5,0.0,0.17,0.22,0.21,0.0,0.0,1.3,0.02
2026-09-13 15:41:16,0.76,0.25,0.51,0.0,0.0,20.66,6096.7,0.0,0.17,0.22,0.21,0.0,0.0,1.3,0.02
2026-09-13 15:41:17,1.76,0.75,1.01,0.25,0.0,20.66,6096.9,0.0,0.17,0.22,0.21,0.0,0.01,1.31,0.01
2026-09-13 15:41:18,10.35,8.84,1.52,1.01,0.0,20.53,6106.4,0.0,0.55,0.3,0.23,0.0,0.03,1.55,0.02
2026-09-13 15:41:19,1.26,0.25,1.01,1.51,0.0,20.54,6105.7,0.0,0.55,0.3,0.23,0.0,1.39,1.3,0.02
2026-09-13 15:41:20,2.01,0.75,1.01,0.0,0.25,20.61,6100.3,0.0,0.55,0.3,0.23,0.25,0.0,1.3,0.02
2026-09-13 15:41:21,1.01,0.5,0.5,0.0,0.0,20.61,6100.3,0.0,0.55,0.3,0.23,0.0,0.0,1.56,0.02
2026-09-13 15:41:22,1.25,0.5,0.75,0.0,0.0,20.61,6100.3,0.0,0.55,0.3,0.23,0.0,0.0,1.3,0.02
2026-09-13 15:41:23,1.26,0.5,0.76,0.25,0.0,20.59,6101.9,0.0,0.51,0.3,0.23,0.0,0.02,1.3,0.01
2026-09-13 15:41:24,2.01,1.0,0.75,0.0,0.25,20.65,6097.3,0.0,0.51,0.3,0.23,0.0,0.0,1.56,0.02
2026-09-13 15:41:25,9.82,8.06,1.76,0.76,0.0,20.69,6094.2,0.0,0.51,0.3,0.23,0.0,0.03,1.3,0.02
2026-09-13 15:41:26,1.26,0.5,0.75,0.0,0.0,20.68,6094.8,0.0,0.51,0.3,0.23,0.0,0.0,1.3,0.01
2026-09-13 15:41:27,1.26,0.76,0.5,0.0,0.0,20.67,6095.8,0.0,0.51,0.3,0.23,0.0,0.0,1.56,0.01
2026-09-13 15:41:28,1.01,0.51,0.51,0.25,0.0,20.67,6096.3,0.0,0.47,0.29,0.23,0.0,0.0,1.3,0.01
2026-09-13 15:41:29,1.26,0.5,0.75,0.0,0.0,20.66,6096.4,0.0,0.47,0.29,0.23,0.0,0.0,1.3,0.01
2026-09-13 15:41:30,1.5,0.5,0.75,0.0,0.25,20.62,6099.4,0.0,0.47,0.29,0.23,0.0,0.0,1.56,0.02
2026-09-13 15:41:31,1.76,0.76,1.01,0.25,0.0,20.67,6096.3,0.0,0.47,0.29,0.23,0.25,0.02,1.3,0.01
2026-09-13 15:41:32,2.02,1.26,0.76,0.25,0.0,20.67,6095.6,0.0,0.47,0.29,0.23,0.0,0.0,1.3,0.02
2026-09-13 15:41:33,10.1,8.33,1.52,0.25,0.25,20.76,6088.8,0.0,0.67,0.34,0.25,0.0,0.02,1.3,0.02
2026-09-13 15:41:34,1.51,0.75,0.75,0.0,0.0,20.67,6096.0,0.0,0.67,0.34,0.25,0.0,0.0,1.56,0.02
2026-09-13 15:41:35,1.01,0.25,0.76,0.0,0.0,20.67,6096.0,0.0,0.67,0.34,0.25,0.0,0.0,1.3,0.02
2026-09-13 15:41:36,1.25,0.5,0.75,0.0,0.0,20.66,6096.9,0.0,0.67,0.34,0.25,0.0,0.0,1.3,0.01
2026-09-13 15:41:37,1.51,0.5,0.75,0.0,0.25,20.64,6098.4,0.0,0.67,0.34,0.25,0.0,0.01,1.56,0.01
2026-09-13 15:41:38,2.01,1.0,1.0,0.25,0.0,20.61,6100.4,0.0,0.62,0.33,0.24,0.0,0.0,1.3,0.01
2026-09-13 15:41:39,0.76,0.25,0.5,0.5,0.0,20.6,6101.1,0.0,0.62,0.33,0.24,0.0,0.01,1.3,0.02
2026-09-13 15:41:40,1.01,0.25,0.76,0.0,0.0,20.61,6100.8,0.0,0.62,0.33,0.24,0.0,0.0,1.56,0.02
2026-09-13 15:41:41,1.01,0.5,0.5,0.0,0.0,20.6,6101.1,0.0,0.62,0.33,0.24,0.0,0.0,1.3,0.01
2026-09-13 15:41:42,1.76,0.75,1.01,0.0,0.0,20.66,6097.0,0.0,0.62,0.33,0.24,0.25,0.0,1.3,0.01
2026-09-13 15:41:43,1.01,0.25,0.76,0.0,0.0,20.66,6096.7,0.0,0.57,0.32,0.24,0.0,0.0,1.56,0.01
2026-09-13 15:41:44,0.76,0.25,0.5,0.0,0.0,20.66,6096.7,0.0,0.57,0.32,0.24,0.0,0.0,1.3,0.02
2026-09-13 15:41:45,1.5,0.5,0.75,0.0,0.25,20.65,6097.5,0.0,0.57,0.32,0.24,0.0,0.0,1.3,0.02
2026-09-13 15:41:46,0.76,0.25,0.51,0.0,0.0,20.64,6098.0,0.0,0.57,0.32,0.24,0.0,0.0,1.56,0.02
2026-09-13 15:41:47,0.76,0.25,0.51,0.0,0.0,20.64,6098.2,0.0,0.57,0.32,0.24,0.0,0.0,1.3,0.01
2026-09-13 15:41:48,11.28,9.27,2.01,1.0,0.0,20.81,6085.5,0.0,0.6,0.34,0.25,0.0,0.02,1.3,0.02
2026-09-13 15:41:49,1.51,0.5,0.75,0.0,0.25,20.83,6083.8,0.0,0.6,0.34,0.25,0.0,0.0,1.3,0.02
2026-09-13 15:41:50,1.01,0.5,0.5,0.0,0.0,20.82,6084.6,0.0,0.6,0.34,0.25,0.0,0.0,1.56,0.02
2026-09-13 15:41:51,2.26,1.26,1.01,0.25,0.0,20.8,6086.2,0.0,0.6,0.34,0.25,0.0,0.0,1.3,0.02
2026-09-13 15:41:52,1.26,0.5,0.5,0.0,0.25,20.78,6087.5,0.0,0.6,0.34,0.25,0.0,0.0,1.3,0.02
2026-09-13 15:41:53,1.76,0.5,1.26,0.0,0.0,20.76,6088.7,0.0,0.55,0.33,0.25,0.25,0.0,1.56,0.01
2026-09-13 15:41:54,1.51,0.5,1.01,1.51,0.0,20.77,6088.2,0.0,0.55,0.33,0.25,0.0,1.15,1.3,0.01
2026-09-13 15:41:55,1.01,0.5,0.25,0.0,0.25,20.75,6089.7,0.0,0.55,0.33,0.25,0.0,0.0,1.3,0.02
2026-09-13 15:41:56,1.01,0.5,0.5,0.0,0.0,20.74,6090.8,0.0,0.55,0.33,0.25,0.0,0.0,1.56,0.02
2026-09-13 15:41:57,0.76,0.25,0.5,0.0,0.0,20.72,6092.5,0.0,0.55,0.33,0.25,0.0,0.0,1.3,0.01
2026-09-13 15:41:58,1.52,1.01,0.51,0.25,0.0,20.71,6093.0,0.0,0.51,0.32,0.24,0.0,0.01,1.3,0.01
2026-09-13 15:41:59,1.26,0.5,0.75,0.0,0.0,20.7,6094.0,0.0,0.51,0.32,0.24,0.0,0.01,1.31,0.01
2026-09-13 15:42:00,1.26,0.5,0.5,0.0,0.25,20.69,6094.7,0.0,0.51,0.32,0.24,0.0,0.0,1.55,0.02
2026-09-13 15:42:01,1.25,0.5,0.75,0.0,0.0,20.68,6095.6,0.0,0.51,0.32,0.24,0.0,0.01,1.3,0.01
2026-09-13 15:42:02,1.01,0.25,0.76,0.0,0.0,20.67,6096.3,0.0,0.51,0.32,0.24,0.0,0.01,1.3,0.01
2026-09-13 15:42:03,9.27,7.52,1.5,1.5,0.25,20.79,6086.9,0.0,0.47,0.32,0.24,0.0,0.03,1.56,0.01
2026-09-13 15:42:04,3.03,1.77,1.26,0.51,0.0,20.73,6091.2,0.0,0.47,0.32,0.24,0.25,0.01,1.3,0.02
2026-09-13 15:42:05,1.25,0.25,1.0,0.0,0.0,20.73,6091.5,0.0,0.47,0.32,0.24,0.0,0.0,1.3,0.01
2026-09-13 15:42:06,1.01,0.51,0.51,0.0,0.0,20.72,6092.1,0.0,0.47,0.32,0.24,0.0,0.0,1.56,0.01
2026-09-13 15:42:07,1.5,0.25,1.0,0.0,0.25,20.71,6093.1,0.0,0.47,0.32,0.24,0.0,0.0,1.3,0.01
2026-09-13 15:42:08,1.76,1.01,0.75,0.25,0.0,20.63,6099.3,0.0,0.43,0.31,0.24,0.0,0.0,1.3,0.01
2026-09-13 15:42:09,1.01,0.5,0.5,0.0,0.0,20.63,6099.4,0.0,0.43,0.31,0.24,0.0,0.0,1.56,0.02
2026-09-13 15:42:10,2.51,1.75,0.75,0.5,0.0,20.63,6099.4,0.0,0.43,0.31,0.24,0.0,0.02,1.3,0.01
2026-09-13 15:42:11,1.01,0.25,0.75,0.0,0.0,20.63,6099.4,0.0,0.43,0.31,0.24,0.0,0.01,1.3,0.01
2026-09-13 15:42:12,1.5,0.5,0.75,0.0,0.25,20.63,6099.4,0.0,0.43,0.31,0.24,0.0,0.0,1.56,0.01
2026-09-13 15:42:13,0.76,0.5,0.25,0.0,0.0,20.63,6099.4,0.0,0.4,0.31,0.24,0.0,0.0,1.3,0.01
2026-09-13 15:42:14,1.26,0.5,0.76,0.0,0.0,20.63,6099.4,0.0,0.4,0.31,0.24,0.0,0.01,1.3,0.02
2026-09-13 15:42:15,1.52,0.51,1.01,0.0,0.0,20.59,6102.3,0.0,0.4,0.31,0.24,0.25,0.0,1.56,0.02
2026-09-13 15:42:16,1.01,0.5,0.5,0.0,0.0,20.59,6102.3,0.0,0.4,0.31,0.24,0.0,0.0,1.3,0.02
2026-09-13 15:42:17,1.26,0.5,0.75,0.0,0.0,20.59,6102.3,0.0,0.4,0.31,0.24,0.0,0.0,1.3,0.01
2026-09-13 15:42:18,5.78,4.02,1.51,0.25,0.25,20.68,6094.9,0.0,0.36,0.3,0.24,0.0,0.01,1.31,0.02
2026-09-13 15:42:19,6.78,5.53,1.26,0.75,0.0,20.66,6097.0,0.0,0.36,0.3,0.24,0.0,0.05,1.55,0.02
2026-09-13 15:42:20,1.01,0.5,0.5,0.0,0.0,20.63,6099.4,0.0,0.36,0.3,0.24,0.0,0.0,1.3,0.02
2026-09-13 15:42:21,1.75,0.75,0.75,0.0,0.25,20.63,6099.1,0.0,0.36,0.3,0.24,0.0,0.0,1.3,0.01
2026-09-13 15:42:22,1.01,0.25,0.76,0.0,0.0,20.63,6099.1,0.0,0.36,0.3,0.24,0.0,0.0,1.56,0.02
2026-09-13 15:42:23,1.01,0.5,0.5,0.0,0.0,20.63,6099.1,0.0,0.5,0.33,0.25,0.0,0.0,1.3,0.01
2026-09-13 15:42:24,0.76,0.51,0.25,0.0,0.0,20.6,6101.4,0.0,0.5,0.33,0.25,0.0,0.0,1.3,0.02
2026-09-13 15:42:25,1.01,0.25,0.76,2.77,0.0,20.6,6101.6,0.0,0.5,0.33,0.25,0.0,1.16,1.56,0.02
2026-09-13 15:42:26,2.25,1.0,1.0,0.0,0.25,20.67,6096.0,0.0,0.5,0.33,0.25,0.25,0.0,1.3,0.02
2026-09-13 15:42:27,1.25,0.5,0.75,0.0,0.0,20.67,6096.2,0.0,0.5,0.33,0.25,0.0,0.0,1.3,0.01
2026-09-13 15:42:28,1.51,0.76,0.76,0.25,0.0,20.67,6096.0,0.0,0.46,0.32,0.25,0.0,0.0,1.56,0.01
2026-09-13 15:42:29,1.77,1.26,0.51,0.25,0.0,20.67,6095.7,0.0,0.46,0.32,0.25,0.0,0.0,1.3,0.01
2026-09-13 15:42:30,1.01,0.25,0.75,0.0,0.0,20.67,6096.3,0.0,0.46,0.32,0.25,0.0,0.0,1.3,0.02
2026-09-13 15:42:31,1.01,0.5,0.5,0.0,0.0,20.66,6096.8,0.0,0.46,0.32,0.25,0.0,0.0,1.3,0.01
2026-09-13 15:42:32,1.01,0.5,0.5,0.0,0.0,20.65,6097.1,0.0,0.46,0.32,0.25,0.0,0.01,1.56,0.02
2026-09-13 15:42:33,1.76,1.01,0.75,0.0,0.0,20.66,6096.5,0.0,0.42,0.32,0.25,0.0,0.01,1.3,0.02
2026-09-13 15:42:34,10.75,8.75,1.75,0.5,0.25,20.55,6105.1,0.0,0.42,0.32,0.25,0.0,0.03,1.3,0.02
2026-09-13 15:42:35,1.01,0.25,0.76,0.25,0.0,20.55,6105.1,0.0,0.42,0.32,0.25,0.0,0.01,1.56,0.02
2026-09-13 15:42:36,1.01,0.25,0.76,0.0,0.0,20.55,6105.1,0.0,0.42,0.32,0.25,0.0,0.0,1.3,0.01
2026-09-13 15:42:37,1.51,0.76,0.76,0.0,0.0,20.63,6098.7,0.0,0.42,0.32,0.25,0.25,0.0,1.3,0.01
2026-09-13 15:42:38,2.01,1.01,0.75,0.25,0.25,20.62,6100.2,0.0,0.39,0.31,0.24,0.0,0.0,1.56,0.01
2026-09-13 15:42:39,1.26,0.5,0.75,0.25,0.0,20.59,6102.2,0.0,0.39,0.31,0.24,0.0,0.01,1.3,0.01
2026-09-13 15:42:40,1.01,0.5,0.5,0.0,0.0,20.59,6102.2,0.0,0.39,0.31,0.24,0.0,0.0,1.3,0.01
2026-09-13 15:42:41,1.26,0.75,0.5,0.0,0.0,20.59,6101.9,0.0,0.39,0.31,0.24,0.0,0.0,1.56,0.01
2026-09-13 15:42:42,1.01,0.25,0.75,0.0,0.0,20.59,6101.9,0.0,0.39,0.31,0.24,0.0,0.0,1.3,0.01
2026-09-13 15:42:43,0.51,0.25,0.25,0.0,0.0,20.59,6101.9,0.0,0.35,0.31,0.24,0.0,0.0,1.3,0.01
2026-09-13 15:42:44,1.5,0.5,0.75,0.0,0.25,20.59,6102.0,0.0,0.35,0.31,0.24,0.0,0.0,1.56,0.02
2026-09-13 15:42:45,0.76,0.25,0.51,0.0,0.0,20.59,6102.0,0.0,0.35,0.31,0.24,0.0,0.0,1.3,0.02
2026-09-13 15:42:46,1.01,0.5,0.5,0.0,0.0,20.58,6102.9,0.0,0.35,0.31,0.24,0.0,0.0,1.3,0.02
2026-09-13 15:42:47,1.01,0.25,0.76,0.0,0.0,20.58,6103.0,0.0,0.35,0.31,0.24,0.0,0.0,1.56,0.01
2026-09-13 15:42:48,2.27,1.52,0.76,0.51,0.0,20.6,6101.5,0.0,0.33,0.3,0.24,0.25,0.0,1.3,0.02
2026-09-13 15:42:49,11.53,9.52,1.75,0.75,0.25,20.57,6103.8,0.0,0.33,0.3,0.24,0.0,0.02,1.3,0.02
2026-09-13 15:42:50,1.26,0.25,0.75,0.0,0.25,20.57,6103.5,0.0,0.33,0.3,0.24,0.0,0.0,1.3,0.02
2026-09-13 15:42:51,1.01,0.25,0.76,0.0,0.0,20.58,6103.1,0.0,0.33,0.3,0.24,0.0,0.0,1.56,0.02
2026-09-13 15:42:52,1.01,0.5,0.5,0.0,0.0,20.58,6103.1,0.0,0.33,0.3,0.24,0.0,0.0,1.3,0.02
2026-09-13 15:42:53,1.01,0.5,0.5,0.0,0.0,20.58,6103.1,0.0,0.3,0.3,0.24,0.0,0.0,1.31,0.01
2026-09-13 15:42:54,1.26,0.5,0.5,0.0,0.25,20.56,6104.7,0.0,0.3,0.3,0.24,0.0,0.0,1.54,0.01
2026-09-13 15:42:55,1.01,0.5,0.5,0.76,0.0,20.57,6103.7,0.0,0.3,0.3,0.24,0.0,0.03,1.3,0.01
2026-09-13 15:42:56,1.26,0.25,1.01,0.0,0.0,20.57,6103.7,0.0,0.3,0.3,0.24,0.0,0.0,1.3,0.02
2026-09-13 15:42:57,1.01,0.5,0.5,0.0,0.0,20.57,6103.7,0.0,0.3,0.3,0.24,0.0,0.0,1.56,0.01
2026-09-13 15:42:58,1.51,0.76,0.76,0.25,0.0,20.58,6102.8,0.0,0.27,0.29,0.24,0.0,0.0,1.3,0.01
2026-09-13 15:42:59,2.01,1.01,1.01,0.0,0.0,20.65,6097.8,0.0,0.27,0.29,0.24,0.25,0.0,1.3,0.02
2026-09-13 15:43:00,1.26,0.5,0.5,1.51,0.25,20.64,6098.3,0.0,0.27,0.29,0.24,0.0,1.16,1.56,0.02
2026-09-13 15:43:01,1.26,0.5,0.75,0.0,0.0,20.64,6098.3,0.0,0.27,0.29,0.24,0.0,0.0,1.3,0.01
2026-09-13 15:43:02,1.01,0.25,0.76,0.0,0.0,20.64,6098.3,0.0,0.27,0.29,0.24,0.0,0.0,1.3,0.01
2026-09-13 15:43:03,1.25,0.5,0.5,0.0,0.25,20.64,6098.3,0.0,0.25,0.29,0.24,0.0,0.0,1.56,0.01
2026-09-13 15:43:04,11.06,9.05,2.01,0.75,0.0,20.61,6100.6,0.0,0.25,0.29,0.24,0.0,0.03,1.31,0.03
2026-09-13 15:43:05,1.01,0.5,0.5,0.0,0.0,20.61,6100.4,0.0,0.25,0.29,0.24,0.0,0.0,1.3,0.01
2026-09-13 15:43:06,1.26,0.25,1.01,0.0,0.0,20.61,6100.4,0.0,0.25,0.29,0.24,0.0,0.0,1.3,0.01
2026-09-13 15:43:07,0.76,0.25,0.51,0.0,0.0,20.61,6100.4,0.0,0.25,0.29,0.24,0.0,0.0,1.56,0.01
2026-09-13 15:43:08,2.76,1.76,0.75,0.5,0.25,20.63,6098.6,0.0,0.39,0.32,0.25,0.0,0.0,1.3,0.02
2026-09-13 15:43:09,1.01,0.5,0.5,0.0,0.0,20.59,6102.0,0.0,0.39,0.32,0.25,0.0,0.0,1.3,0.01
2026-09-13 15:43:10,1.77,0.76,1.01,0.25,0.0,20.66,6096.8,0.0,0.39,0.32,0.25,0.25,0.02,1.56,0.02
2026-09-13 15:43:11,1.01,0.5,0.5,0.0,0.0,20.66,6097.0,0.0,0.39,0.32,0.25,0.0,0.5,1.3,0.01
2026-09-13 15:43:12,1.26,0.25,0.75,0.0,0.25,20.65,6097.5,0.0,0.39,0.32,0.25,0.0,0.0,1.31,0.01
2026-09-13 15:43:13,1.01,0.5,0.5,0.0,0.0,20.64,6098.1,0.0,0.36,0.31,0.24,0.0,0.0,1.55,0.01
2026-09-13 15:43:14,1.25,0.5,0.75,0.0,0.0,20.64,6098.5,0.0,0.36,0.31,0.24,0.0,0.0,1.3,0.01
2026-09-13 15:43:15,1.01,0.5,0.5,0.25,0.0,20.63,6098.8,0.0,0.36,0.31,0.24,0.0,0.01,1.3,0.02
2026-09-13 15:43:16,1.26,0.25,0.76,0.25,0.25,20.63,6099.3,0.0,0.36,0.31,0.24,0.0,0.02,1.56,0.02
2026-09-13 15:43:17,1.01,0.5,0.5,2.02,0.0,20.62,6099.6,0.0,0.36,0.31,0.24,0.0,0.22,1.3,0.01
2026-09-13 15:43:18,1.51,0.75,0.75,0.25,0.0,20.63,6098.9,0.0,0.41,0.32,0.25,0.0,0.0,1.3,0.01
2026-09-13 15:43:19,10.8,8.79,2.01,0.75,0.0,20.62,6099.9,0.0,0.41,0.32,0.25,0.0,0.06,1.56,0.02
2026-09-13 15:43:20,1.01,0.25,0.5,0.0,0.25,20.62,6099.9,0.0,0.41,0.32,0.25,0.0,0.0,1.3,0.02
2026-09-13 15:43:21,1.76,0.76,1.01,0.0,0.0,20.64,6098.4,0.0,0.41,0.32,0.25,0.25,0.38,1.3,0.02
2026-09-13 15:43:22,1.01,0.5,0.5,0.0,0.0,20.64,6098.2,0.0,0.41,0.32,0.25,0.0,0.0,1.56,0.02
2026-09-13 15:43:23,1.26,0.5,0.75,0.0,0.0,20.65,6097.7,0.0,0.38,0.32,0.25,0.0,0.0,1.3,0.01
2026-09-13 15:43:24,1.26,0.5,0.76,0.25,0.0,20.63,6099.4,0.0,0.38,0.32,0.25,0.0,0.01,1.3,0.02
2026-09-13 15:43:25,0.76,0.25,0.51,0.0,0.0,20.62,6100.0,0.0,0.38,0.32,0.25,0.0,0.0,1.3,0.01
2026-09-13 15:43:26,1.25,0.5,0.75,0.0,0.0,20.62,6099.8,0.0,0.38,0.32,0.25,0.0,0.0,1.56,0.01
2026-09-13 15:43:27,2.02,1.52,0.51,0.25,0.0,20.62,6099.5,0.0,0.38,0.32,0.25,0.0,0.0,1.3,0.01
2026-09-13 15:43:28,1.5,0.75,0.75,0.5,0.0,20.64,6098.1,0.0,0.35,0.31,0.25,0.0,0.0,1.3,0.01
2026-09-13 15:43:29,1.26,0.5,0.5,0.0,0.25,20.64,6098.0,0.0,0.35,0.31,0.25,0.0,0.0,1.56,0.02
2026-09-13 15:43:30,1.01,0.5,0.5,1.01,0.0,20.64,6097.9,0.0,0.35,0.31,0.25,0.0,1.14,1.3,0.01
2026-09-13 15:43:31,1.26,0.5,0.76,0.0,0.0,20.64,6098.0,0.0,0.35,0.31,0.25,0.0,0.0,1.3,0.01
2026-09-13 15:43:32,1.51,0.5,0.76,0.0,0.25,20.69,6094.6,0.0,0.35,0.31,0.25,0.25,0.0,1.56,0.02
2026-09-13 15:43:33,1.25,0.5,0.75,0.0,0.0,20.69,6094.5,0.0,0.32,0.31,0.24,0.0,0.0,1.3,0.02
2026-09-13 15:43:34,10.61,8.59,2.02,1.01,0.0,20.63,6098.9,0.0,0.32,0.31,0.24,0.0,0.02,1.3,0.02
2026-09-13 15:43:35,1.01,0.5,0.5,0.0,0.0,20.63,6098.7,0.0,0.32,0.31,0.24,0.0,0.02,1.56,0.02
2026-09-13 15:43:36,1.5,0.5,0.75,0.0,0.25,20.63,6098.7,0.0,0.32,0.31,0.24,0.0,0.0,1.3,0.01
2026-09-13 15:43:37,1.01,0.5,0.5,0.0,0.0,20.63,6099.1,0.0,0.32,0.31,0.24,0.0,0.0,1.3,0.01
2026-09-13 15:43:38,1.52,0.76,0.76,0.25,0.0,20.65,6097.3,0.0,0.29,0.3,0.24,0.0,0.0,1.56,0.02
2026-09-13 15:43:39,1.26,0.5,0.75,0.0,0.0,20.57,6103.5,0.0,0.29,0.3,0.24,0.0,0.0,1.3,0.02
2026-09-13 15:43:40,0.76,0.25,0.5,0.5,0.0,20.57,6103.3,0.0,0.29,0.3,0.24,0.0,0.02,1.3,0.01
2026-09-13 15:43:41,1.26,0.5,0.75,0.0,0.0,20.57,6103.3,0.0,0.29,0.3,0.24,0.0,0.0,1.3,0.01
2026-09-13 15:43:42,1.5,0.5,0.75,0.0,0.25,20.58,6102.8,0.0,0.29,0.3,0.24,0.0,0.0,1.56,0.02
2026-09-13 15:43:43,1.76,0.75,1.01,0.0,0.0,20.65,6097.4,0.0,0.35,0.31,0.25,0.25,0.0,1.3,0.02
2026-09-13 15:43:44,1.01,0.25,0.76,0.0,0.0,20.65,6097.4,0.0,0.35,0.31,0.25,0.0,0.0,1.3,0.02
2026-09-13 15:43:45,1.5,0.5,1.0,0.0,0.0,20.65,6097.6,0.0,0.35,0.31,0.25,0.0,0.0,1.56,0.02
2026-09-13 15:43:46,2.51,1.51,0.75,0.0,0.25,20.63,6099.0,0.0,0.35,0.31,0.25,0.0,0.01,1.3,0.02
2026-09-13 15:43:47,1.01,0.51,0.51,0.0,0.0,20.63,6098.9,0.0,0.35,0.31,0.25,0.0,0.05,1.3,0.02
2026-09-13 15:43:48,1.75,0.75,1.0,0.25,0.0,20.64,6098.6,0.0,0.32,0.31,0.25,0.0,0.0,1.56,0.01
2026-09-13 15:43:49,8.79,7.29,1.26,0.0,0.25,20.86,6081.5,0.0,0.32,0.31,0.25,0.0,0.0,1.3,0.02
2026-09-13 15:43:50,3.27,2.27,1.01,0.25,0.0,20.64,6098.2,0.0,0.32,0.31,0.25,0.0,0.03,1.3,0.02
2026-09-13 15:43:51,1.5,0.5,0.75,0.0,0.25,20.64,6098.6,0.0,0.32,0.31,0.25,0.0,0.0,1.56,0.02
2026-09-13 15:43:52,0.76,0.25,0.5,0.0,0.0,20.63,6099.3,0.0,0.32,0.31,0.25,0.0,0.0,1.3,0.01
2026-09-13 15:43:53,1.01,0.5,0.5,0.5,0.0,20.62,6100.0,0.0,0.3,0.3,0.24,0.0,0.03,1.3,0.01
2026-09-13 15:43:54,1.76,0.5,1.01,0.0,0.25,20.6,6101.5,0.0,0.3,0.3,0.24,0.25,0.0,1.56,0.02
2026-09-13 15:43:55,1.5,0.75,0.75,0.25,0.0,20.58,6102.9,0.0,0.3,0.3,0.24,0.0,0.01,1.3,0.02
2026-09-13 15:43:56,0.76,0.25,0.51,0.0,0.0,20.58,6102.9,0.0,0.3,0.3,0.24,0.0,0.0,1.3,0.01
2026-09-13 15:43:57,1.01,0.5,0.5,0.0,0.0,20.58,6102.9,0.0,0.3,0.3,0.24,0.0,0.0,1.3,0.01
2026-09-13 15:43:58,1.26,0.76,0.51,0.25,0.0,20.59,6102.4,0.0,0.27,0.3,0.24,0.0,0.0,1.56,0.02
2026-09-13 15:43:59,1.51,0.75,0.5,0.0,0.25,20.59,6102.4,0.0,0.27,0.3,0.24,0.0,0.0,1.3,0.02
2026-09-13 15:44:00,1.26,0.5,0.75,0.25,0.0,20.59,6102.4,0.0,0.27,0.3,0.24,0.0,0.01,1.3,0.01
2026-09-13 15:44:01,1.01,0.5,0.5,0.0,0.0,20.59,6102.4,0.0,0.27,0.3,0.24,0.0,0.0,1.56,0.02
2026-09-13 15:44:02,0.76,0.25,0.5,1.26,0.0,20.58,6102.8,0.0,0.27,0.3,0.24,0.0,1.15,1.3,0.01
2026-09-13 15:44:03,1.26,0.5,0.5,0.0,0.25,20.58,6102.8,0.0,0.33,0.31,0.25,0.0,0.0,1.3,0.02
2026-09-13 15:44:04,5.04,3.53,1.51,0.0,0.0,20.63,6099.2,0.0,0.33,0.31,0.25,0.0,0.0,1.53,0.02
2026-09-13 15:44:05,8.31,6.8,1.26,1.01,0.25,20.7,6093.3,0.0,0.33,0.31,0.25,0.25,0.03,1.33,0.02
2026-09-13 15:44:06,0.76,0.25,0.51,0.0,0.0,20.7,6093.3,0.0,0.33,0.31,0.25,0.0,0.01,1.3,0.01
2026-09-13 15:44:07,1.01,0.5,0.5,0.0,0.0,20.7,6093.3,0.0,0.33,0.31,0.25,0.0,0.0,1.55,0.01
2026-09-13 15:44:08,1.51,0.75,0.75,0.25,0.0,20.72,6092.3,0.0,0.3,0.3,0.25,0.0,0.0,1.31,0.01
2026-09-13 15:44:09,1.26,0.5,0.5,0.0,0.25,20.71,6092.8,0.0,0.3,0.3,0.25,0.0,0.0,1.3,0.01
2026-09-13 15:44:10,1.26,0.5,0.75,0.0,0.0,20.62,6099.6,0.0,0.3,0.3,0.25,0.0,0.0,1.3,0.01
2026-09-13 15:44:11,1.01,0.5,0.5,0.25,0.0,20.63,6099.4,0.0,0.3,0.3,0.25,0.0,0.01,1.56,0.01
2026-09-13 15:44:12,1.25,0.25,1.0,0.0,0.0,20.63,6099.4,0.0,0.3,0.3,0.25,0.0,0.0,1.3,0.01
2026-09-13 15:44:13,1.01,0.5,0.5,0.0,0.0,20.63,6099.3,0.0,0.28,0.3,0.24,0.0,0.0,1.3,0.01
2026-09-13 15:44:14,1.01,0.25,0.75,0.0,0.0,20.63,6099.3,0.0,0.28,0.3,0.24,0.0,0.0,1.56,0.01
2026-09-13 15:44:15,1.26,0.5,0.5,0.0,0.25,20.63,6099.4,0.0,0.28,0.3,0.24,0.0,0.0,1.3,0.02
2026-09-13 15:44:16,1.76,0.75,1.01,0.25,0.0,20.71,6093.2,0.0,0.28,0.3,0.24,0.25,0.01,1.3,0.02
2026-09-13 15:44:17,1.26,0.75,0.5,0.0,0.0,20.71,6093.0,0.0,0.28,0.3,0.24,0.0,0.0,1.56,0.01
2026-09-13 15:44:18,1.51,0.76,0.76,0.25,0.0,20.71,6092.7,0.0,0.26,0.29,0.24,0.0,0.0,1.3,0.01
2026-09-13 15:44:19,1.26,0.5,0.76,0.0,0.0,20.71,6092.6,0.0,0.26,0.29,0.24,0.0,0.0,1.3,0.02
2026-09-13 15:44:20,10.58,8.56,1.76,0.5,0.25,20.87,6080.8,0.0,0.26,0.29,0.24,0.0,0.02,1.56,0.02
2026-09-13 15:44:21,1.25,0.5,0.75,0.0,0.0,20.85,6081.9,0.0,0.26,0.29,0.24,0.0,0.0,1.3,0.02
2026-09-13 15:44:22,1.26,0.5,0.75,0.5,0.0,20.79,6086.8,0.0,0.26,0.29,0.24,0.0,0.01,1.3,0.01
2026-09-13 15:44:23,0.76,0.25,0.51,0.0,0.0,20.79,6086.6,0.0,0.24,0.29,0.24,0.0,0.02,1.56,0.02
2026-09-13 15:44:24,1.76,1.26,0.5,0.25,0.0,20.77,6088.3,0.0,0.24,0.29,0.24,0.0,0.0,1.3,0.01
2026-09-13 15:44:25,1.5,0.5,1.0,0.0,0.0,20.74,6090.3,0.0,0.24,0.29,0.24,0.0,0.0,1.3,0.01
2026-09-13 15:44:26,1.01,0.25,0.5,0.0,0.25,20.72,6092.0,0.0,0.24,0.29,0.24,0.0,0.0,1.56,0.01
2026-09-13 15:44:27,1.51,0.5,1.01,0.0,0.0,20.74,6090.7,0.0,0.24,0.29,0.24,0.25,0.0,1.3,0.01
2026-09-13 15:44:28,1.76,1.01,0.75,0.25,0.0,20.72,6092.5,0.0,0.22,0.28,0.24,0.0,0.0,1.3,0.01
2026-09-13 15:44:29,0.76,0.25,0.5,0.0,0.0,20.7,6093.7,0.0,0.22,0.28,0.24,0.0,0.0,1.56,0.02
2026-09-13 15:44:30,1.26,0.25,0.75,0.0,0.25,20.7,6094.0,0.0,0.22,0.28,0.24,0.0,0.0,1.3,0.01
2026-09-13 15:44:31,1.01,0.5,0.5,0.0,0.0,20.69,6094.7,0.0,0.22,0.28,0.24,0.0,0.0,1.3,0.01
2026-09-13 15:44:32,1.26,0.5,0.76,1.01,0.0,20.69,6094.7,0.0,0.22,0.28,0.24,0.0,1.14,1.3,0.02
2026-09-13 15:44:33,1.26,0.25,0.76,0.0,0.25,20.69,6094.4,0.0,0.2,0.28,0.24,0.0,0.01,1.56,0.02
2026-09-13 15:44:34,1.01,0.5,0.5,0.0,0.0,20.69,6094.4,0.0,0.2,0.28,0.24,0.0,0.0,1.3,0.02
