时间,CPU占用(%),用户态(%),系统态(%),iowait(%),软中断(%),内存使用(%),内存可用(MB),swap使用(MB),load1,load5,load15,磁盘读(MB/s),磁盘写(MB/s),网络发送(MB/s),网络接收(MB/s)
2026-09-13 15:24:31,14.07,12.31,1.76,1.01,0.0,15.34,6505.8,0.0,0.22,0.14,0.1,0.0,0.07,0.0,0.01
2026-09-13 15:24:32,1.26,0.76,0.5,0.0,0.0,15.31,6507.5,0.0,0.22,0.14,0.1,0.0,0.01,0.0,0.01
2026-09-13 15:24:33,2.02,0.76,1.26,0.0,0.0,15.34,6505.7,0.0,0.2,0.13,0.1,0.25,0.0,0.0,0.02
2026-09-13 15:24:34,1.76,1.01,0.75,0.5,0.0,15.35,6504.5,0.0,0.2,0.13,0.1,0.0,0.01,0.0,0.01
2026-09-13 15:24:35,1.75,0.75,0.75,0.0,0.25,15.35,6504.5,0.0,0.2,0.13,0.1,0.0,0.0,0.0,0.01
2026-09-13 15:24:36,1.26,0.25,1.01,0.0,0.0,15.26,6511.7,0.0,0.2,0.13,0.1,0.0,0.0,0.0,0.0
2026-09-13 15:24:37,1.51,0.75,0.75,0.25,0.0,15.26,6511.4,0.0,0.2,0.13,0.1,0.0,0.02,0.0,0.01
2026-09-13 15:24:38,1.51,0.5,1.01,0.0,0.0,15.26,6511.4,0.0,0.18,0.13,0.1,0.0,0.0,0.0,0.01
2026-09-13 15:24:39,1.01,0.25,0.75,0.0,0.0,15.26,6511.4,0.0,0.18,0.13,0.1,0.0,0.0,0.0,0.01
2026-09-13 15:24:40,1.26,0.5,0.76,0.0,0.0,15.27,6511.2,0.0,0.18,0.13,0.1,0.0,0.0,0.0,0.01
2026-09-13 15:24:41,1.5,0.5,0.75,0.0,0.25,15.27,6511.2,0.0,0.18,0.13,0.1,0.0,0.88,0.0,0.01
2026-09-13 15:24:42,2.51,1.76,0.75,0.25,0.0,15.28,6509.8,0.0,0.18,0.13,0.1,0.0,0.0,0.0,0.01
2026-09-13 15:24:43,1.76,0.75,1.01,0.0,0.0,15.34,6505.8,0.0,0.17,0.13,0.1,0.25,0.0,0.0,0.01
2026-09-13 15:24:44,1.76,0.76,1.01,0.25,0.0,15.34,6505.8,0.0,0.17,0.13,0.1,0.0,0.0,0.0,0.01
2026-09-13 15:24:45,6.03,4.77,1.01,0.75,0.25,15.4,6500.6,0.0,0.17,0.13,0.1,0.2,0.01,0.0,0.02
2026-09-13 15:24:46,17.05,12.21,4.33,14.25,0.51,15.77,6472.3,0.0,0.17,0.13,0.1,7.83,3.29,0.09,20.89
2026-09-13 15:24:47,9.07,7.05,2.02,7.56,0.0,15.81,6469.1,0.0,0.17,0.13,0.1,0.14,2.27,0.03,4.06
2026-09-13 15:24:48,7.07,5.05,1.77,0.0,0.25,15.99,6455.9,0.0,0.48,0.19,0.12,0.0,0.01,0.05,10.4
2026-09-13 15:24:49,11.34,8.31,2.52,8.31,0.5,15.98,6456.4,0.0,0.48,0.19,0.12,0.0,4.18,0.07,16.93
2026-09-13 15:24:50,4.79,3.27,1.26,0.5,0.25,16.11,6446.0,0.0,0.48,0.19,0.12,0.0,0.05,0.02,5.21
2026-09-13 15:24:51,1.51,0.25,1.26,2.01,0.0,15.92,6461.0,0.0,0.48,0.19,0.12,0.0,20.09,0.0,0.01
2026-09-13 15:24:52,2.01,1.0,1.0,0.0,0.0,15.93,6460.3,0.0,0.48,0.19,0.12,0.0,0.0,0.0,0.01
2026-09-13 15:24:53,13.32,10.8,2.26,0.75,0.25,15.89,6463.2,0.0,0.52,0.21,0.12,0.25,0.03,0.01,0.01
2026-09-13 15:24:54,6.31,3.28,2.53,0.25,0.51,17.1,6370.0,0.0,0.52,0.21,0.12,0.0,0.01,0.12,31.13
2026-09-13 15:24:55,3.52,2.51,1.01,0.0,0.0,17.05,6373.9,0.0,0.52,0.21,0.12,0.0,0.0,0.0,0.0
2026-09-13 15:24:56,5.6,2.54,2.54,13.23,0.51,16.74,6398.0,0.0,0.52,0.21,0.12,0.0,87.07,0.12,31.13
2026-09-13 15:24:57,1.5,0.75,0.5,0.75,0.25,16.74,6397.9,0.0,0.52,0.21,0.12,0.0,8.13,0.0,0.01
2026-09-13 15:24:58,1.26,0.5,0.76,0.0,0.0,16.66,6403.9,0.0,0.48,0.2,0.12,0.0,0.0,0.0,0.02
2026-09-13 15:24:59,4.06,2.54,1.27,2.28,0.25,16.57,6411.0,0.0,0.48,0.2,0.12,0.0,2.18,0.09,20.49
2026-09-13 15:25:00,6.06,3.79,2.02,0.0,0.25,17.59,6332.8,0.0,0.48,0.2,0.12,0.0,0.01,0.05,10.63
2026-09-13 15:25:01,8.33,5.05,2.53,1.01,0.76,18.09,6294.2,0.0,0.48,0.2,0.12,0.0,0.26,0.12,31.12
2026-09-13 15:25:02,1.26,0.75,0.5,0.0,0.0,18.09,6294.2,0.0,0.48,0.2,0.12,0.0,0.0,0.0,0.01
2026-09-13 15:25:03,1.76,0.76,1.01,0.0,0.0,18.08,6294.8,0.0,0.44,0.2,0.12,0.25,0.0,0.0,0.01
2026-09-13 15:25:04,4.27,3.02,1.26,0.25,0.0,18.0,6300.8,0.0,0.44,0.2,0.12,0.0,0.0,0.0,0.01
2026-09-13 15:25:05,6.8,3.27,2.77,1.01,0.76,17.3,6354.7,0.0,0.44,0.2,0.12,0.0,0.04,0.12,31.12
2026-09-13 15:25:06,4.27,2.76,1.26,0.0,0.25,17.29,6355.7,0.0,0.44,0.2,0.12,0.0,0.02,0.04,9.33
2026-09-13 15:25:07,4.8,2.53,2.02,0.0,0.25,17.59,6332.3,0.0,0.44,0.2,0.12,0.0,0.01,0.09,21.8
2026-09-13 15:25:08,10.58,8.31,2.02,0.5,0.25,17.65,6328.0,0.0,0.48,0.21,0.12,0.0,0.03,0.01,0.01
2026-09-13 15:25:09,3.28,2.53,0.76,0.0,0.0,17.52,6338.3,0.0,0.48,0.21,0.12,0.0,0.0,0.0,0.01
2026-09-13 15:25:10,5.05,2.27,2.53,1.77,0.25,18.16,6288.9,0.0,0.48,0.21,0.12,0.0,0.04,0.12,31.13
2026-09-13 15:25:11,1.5,0.5,0.75,0.75,0.25,18.11,6292.6,0.0,0.48,0.21,0.12,0.0,0.01,0.0,0.0
2026-09-13 15:25:12,8.38,5.08,2.79,0.0,0.51,17.35,6351.0,0.0,0.48,0.21,0.12,0.0,0.01,0.12,31.13
2026-09-13 15:25:13,1.51,0.5,1.01,0.0,0.0,17.23,6360.6,0.0,0.44,0.21,0.12,0.25,0.0,0.0,0.01
2026-09-13 15:25:14,2.26,1.0,1.0,0.25,0.25,17.23,6360.6,0.0,0.44,0.21,0.12,0.0,0.0,0.0,0.01
2026-09-13 15:25:15,16.5,11.68,3.81,5.58,1.02,17.07,6372.4,0.0,0.44,0.21,0.12,0.0,14.52,0.26,46.54
2026-09-13 15:25:16,21.72,19.19,2.27,17.68,0.25,17.6,6332.0,0.0,0.44,0.21,0.12,1.31,19.73,0.04,5.21
2026-09-13 15:25:17,26.13,23.62,2.51,5.53,0.0,18.79,6240.3,0.0,0.44,0.21,0.12,6.59,0.0,0.08,5.2
2026-09-13 15:25:18,11.08,7.81,3.02,0.0,0.25,19.05,6220.3,0.0,0.49,0.22,0.13,0.0,0.02,0.3,10.39
2026-09-13 15:25:19,6.3,4.03,1.51,0.0,0.76,19.28,6202.7,0.0,0.49,0.22,0.13,0.0,0.05,0.06,15.58
2026-09-13 15:25:20,2.51,1.51,1.01,0.25,0.0,19.18,6210.7,0.0,0.49,0.22,0.13,0.0,0.0,0.0,0.01
2026-09-13 15:25:21,7.3,4.03,2.77,12.09,0.5,19.77,6164.8,0.0,0.49,0.22,0.13,0.0,32.37,0.08,20.76
2026-09-13 15:25:22,1.01,0.51,0.51,0.0,0.0,19.78,6164.6,0.0,0.49,0.22,0.13,0.0,0.5,0.0,0.01
2026-09-13 15:25:23,14.14,11.11,2.53,0.51,0.51,19.9,6155.4,0.0,0.53,0.24,0.13,0.25,0.02,0.07,16.12
2026-09-13 15:25:24,5.78,3.27,2.26,0.25,0.25,19.79,6163.4,0.0,0.53,0.24,0.13,0.0,0.0,0.04,9.83
2026-09-13 15:25:25,1.26,0.5,0.75,0.0,0.0,19.79,6163.4,0.0,0.53,0.24,0.13,0.0,0.0,0.0,0.01
2026-09-13 15:25:26,5.29,2.52,2.02,9.57,0.76,19.5,6186.1,0.0,0.53,0.24,0.13,0.0,56.82,0.08,20.08
2026-09-13 15:25:27,5.28,2.51,2.51,5.03,0.25,20.56,6104.6,0.0,0.53,0.24,0.13,0.0,55.48,0.04,11.07
2026-09-13 15:25:28,1.75,0.75,1.0,0.0,0.0,20.46,6112.2,0.0,0.65,0.26,0.14,0.0,0.0,0.0,0.01
2026-09-13 15:25:29,8.1,5.06,2.53,0.0,0.51,20.36,6119.8,0.0,0.65,0.26,0.14,0.0,0.0,0.12,31.13
2026-09-13 15:25:30,1.26,0.5,0.76,0.0,0.0,20.33,6121.8,0.0,0.65,0.26,0.14,0.0,0.0,0.0,0.01
2026-09-13 15:25:31,2.52,1.51,0.76,2.77,0.25,20.2,6131.8,0.0,0.65,0.26,0.14,0.0,1.67,0.0,0.01
2026-09-13 15:25:32,6.36,3.05,2.8,5.34,0.51,20.4,6116.8,0.0,0.65,0.26,0.14,0.0,53.64,0.12,31.13
2026-09-13 15:25:33,2.01,0.75,1.01,1.26,0.25,20.4,6116.8,0.0,0.6,0.26,0.14,0.25,19.04,0.0,0.02
2026-09-13 15:25:34,4.28,3.27,1.01,0.0,0.0,20.43,6114.3,0.0,0.6,0.26,0.14,0.0,0.0,0.01,3.06
2026-09-13 15:25:35,5.57,2.78,2.53,0.0,0.25,20.15,6135.7,0.0,0.6,0.26,0.14,0.0,0.0,0.11,28.08
2026-09-13 15:25:36,0.76,0.25,0.51,0.0,0.0,20.13,6137.7,0.0,0.6,0.26,0.14,0.0,0.0,0.0,0.01
2026-09-13 15:25:37,7.3,4.03,2.52,1.01,0.76,19.81,6161.7,0.0,0.6,0.26,0.14,0.0,0.06,0.12,31.13
2026-09-13 15:25:38,11.84,9.57,2.27,0.5,0.0,20.06,6142.8,0.0,0.55,0.26,0.14,0.0,0.02,0.01,0.01
2026-09-13 15:25:39,2.26,1.26,1.01,0.5,0.0,20.01,6146.8,0.0,0.55,0.26,0.14,0.0,0.0,0.0,0.01
2026-09-13 15:25:40,8.33,5.3,2.27,0.0,0.76,19.94,6152.0,0.0,0.55,0.26,0.14,0.0,0.0,0.12,31.12
2026-09-13 15:25:41,1.26,0.75,0.5,0.0,0.0,19.94,6152.1,0.0,0.55,0.26,0.14,0.0,0.02,0.0,0.01
2026-09-13 15:25:42,1.26,0.25,1.01,0.0,0.0,19.94,6152.1,0.0,0.55,0.26,0.14,0.0,0.01,0.0,0.01
2026-09-13 15:25:43,8.12,4.82,2.79,0.25,0.51,20.18,6133.3,0.0,0.5,0.25,0.14,0.25,0.04,0.12,31.13
2026-09-13 15:25:44,1.76,1.01,0.76,0.25,0.0,20.11,6138.7,0.0,0.5,0.25,0.14,0.0,0.0,0.0,0.01
2026-09-13 15:25:45,3.53,2.52,1.01,0.0,0.0,20.12,6138.0,0.0,0.5,0.25,0.14,0.0,0.0,0.0,0.02
2026-09-13 15:25:46,5.56,2.78,2.02,0.0,0.76,20.73,6091.3,0.0,0.5,0.25,0.14,0.0,0.0,0.12,31.13
2026-09-13 15:25:47,1.01,0.5,0.5,1.01,0.0,20.68,6095.1,0.0,0.5,0.25,0.14,0.0,1.38,0.0,0.01
2026-09-13 15:25:48,5.06,2.53,2.03,8.86,0.51,20.25,6128.4,0.0,0.46,0.25,0.14,0.0,73.36,0.08,18.88
2026-09-13 15:25:49,7.09,3.04,3.54,23.54,0.51,20.66,6096.7,0.0,0.46,0.25,0.14,0.0,225.49,0.05,12.25
2026-09-13 15:25:50,1.26,0.5,0.76,1.26,0.0,20.66,6096.5,0.0,0.46,0.25,0.14,0.0,19.11,0.0,0.01
2026-09-13 15:25:51,5.03,3.02,1.51,0.0,0.5,20.26,6127.2,0.0,0.46,0.25,0.14,0.0,0.0,0.11,28.56
2026-09-13 15:25:52,4.29,2.78,1.52,0.0,0.0,20.05,6143.5,0.0,0.46,0.25,0.14,0.0,0.0,0.01,2.58
2026-09-13 15:25:53,11.53,9.02,2.26,0.75,0.25,20.13,6137.8,0.0,0.43,0.24,0.14,0.25,2.19,0.01,0.01
2026-09-13 15:25:54,8.31,4.53,3.27,0.25,0.5,21.34,6044.3,0.0,0.43,0.24,0.14,0.0,0.04,0.12,31.12
2026-09-13 15:25:55,8.56,6.55,1.76,5.04,0.25,20.89,6078.9,0.0,0.43,0.24,0.14,0.0,2.81,0.03,7.08
2026-09-13 15:25:56,5.56,4.04,1.26,5.56,0.25,20.15,6136.1,0.0,0.43,0.24,0.14,0.0,1.69,0.02,5.2
2026-09-13 15:25:57,10.55,8.29,2.01,10.8,0.25,19.83,6160.5,0.0,0.43,0.24,0.14,0.0,3.92,0.03,6.1
2026-09-13 15:25:58,5.3,4.04,1.26,0.0,0.0,19.46,6188.7,0.0,0.39,0.24,0.14,0.0,0.0,0.02,5.2
2026-09-13 15:25:59,5.79,4.28,1.26,4.03,0.25,19.39,6194.3,0.0,0.39,0.24,0.14,0.0,1.72,0.02,3.49
2026-09-13 15:26:00,7.3,5.04,2.02,3.02,0.25,19.25,6205.4,0.0,0.39,0.24,0.14,0.0,39.93,0.02,5.2
2026-09-13 15:26:01,14.25,9.67,3.82,3.82,0.76,19.92,6153.9,0.0,0.39,0.24,0.14,0.0,1.68,0.2,49.12
2026-09-13 15:26:02,11.06,8.29,2.51,11.31,0.25,20.0,6147.3,0.0,0.39,0.24,0.14,0.0,5.59,0.03,7.03
2026-09-13 15:26:03,5.29,4.28,1.01,0.5,0.0,19.97,6149.4,0.0,0.36,0.23,0.14,0.25,0.26,0.0,0.01
2026-09-13 15:26:04,7.87,5.84,1.52,0.25,0.51,19.64,6174.8,0.0,0.36,0.23,0.14,0.0,0.01,0.05,10.4
2026-09-13 15:26:05,6.31,4.8,1.52,5.05,0.0,19.53,6183.8,0.0,0.36,0.23,0.14,0.0,2.28,0.03,7.42
2026-09-13 15:26:06,1.26,0.5,0.75,0.0,0.0,19.49,6186.2,0.0,0.36,0.23,0.14,0.0,0.0,0.0,0.01
2026-09-13 15:26:07,3.77,2.51,1.01,0.0,0.25,19.42,6191.9,0.0,0.36,0.23,0.14,0.0,0.0,0.02,3.09
2026-09-13 15:26:08,13.64,11.36,2.27,2.78,0.0,19.29,6202.2,0.0,0.41,0.25,0.14,0.0,1.71,0.01,0.78
2026-09-13 15:26:09,7.34,3.54,2.78,0.0,1.01,20.08,6141.0,0.0,0.41,0.25,0.14,0.0,0.01,0.12,31.13
2026-09-13 15:26:10,9.85,7.32,2.27,4.8,0.25,20.25,6128.3,0.0,0.41,0.25,0.14,0.0,1.75,0.07,18.82
2026-09-13 15:26:11,2.26,1.01,1.01,0.0,0.25,20.22,6130.8,0.0,0.41,0.25,0.14,0.0,0.0,0.02,5.2
2026-09-13 15:26:12,13.42,10.13,2.53,7.09,0.76,19.88,6156.7,0.0,0.41,0.25,0.14,0.0,3.06,0.15,34.46
2026-09-13 15:26:13,5.01,2.51,2.26,0.75,0.25,20.33,6122.3,0.0,0.38,0.24,0.14,0.25,0.89,0.01,2.68
2026-09-13 15:26:14,2.01,1.01,1.01,0.5,0.0,20.35,6120.9,0.0,0.38,0.24,0.14,0.0,0.0,0.0,0.01
2026-09-13 15:26:15,6.03,4.77,1.26,0.25,0.0,20.37,6119.1,0.0,0.38,0.24,0.14,0.0,0.04,0.0,0.02
2026-09-13 15:26:16,12.85,8.82,3.53,4.53,0.5,19.91,6154.6,0.0,0.38,0.24,0.14,0.0,1.69,0.09,20.86
2026-09-13 15:26:17,11.56,7.54,3.27,3.77,0.75,19.7,6170.7,0.0,0.38,0.24,0.14,0.0,1.68,0.14,34.0
2026-09-13 15:26:18,11.9,8.86,2.78,5.32,0.25,20.38,6118.6,0.0,0.35,0.24,0.14,0.0,2.25,0.06,12.64
2026-09-13 15:26:19,6.3,4.53,1.51,3.78,0.25,20.24,6128.8,0.0,0.35,0.24,0.14,0.0,1.38,0.04,8.57
2026-09-13 15:26:20,6.02,4.26,1.5,5.51,0.25,19.62,6176.9,0.0,0.35,0.24,0.14,0.0,1.98,0.03,7.55
2026-09-13 15:26:21,7.04,4.52,2.01,20.85,0.5,19.2,6209.1,0.0,0.35,0.24,0.14,0.0,34.37,0.03,5.72
2026-09-13 15:26:22,5.51,4.26,1.25,0.5,0.0,19.23,6206.9,0.0,0.35,0.24,0.14,0.0,0.01,0.0,0.01
2026-09-13 15:26:23,23.66,17.3,5.6,4.58,0.76,19.99,6148.5,0.0,0.4,0.25,0.14,0.0,1.95,0.18,42.07
2026-09-13 15:26:24,9.55,7.79,1.76,1.01,0.0,19.81,6161.8,0.0,0.4,0.25,0.14,0.25,0.02,0.0,0.09
2026-09-13 15:26:25,5.08,3.81,1.02,3.3,0.25,19.36,6196.4,0.0,0.4,0.25,0.14,0.0,1.68,0.04,9.82
2026-09-13 15:26:26,1.75,0.75,1.0,0.0,0.0,19.29,6201.6,0.0,0.4,0.25,0.14,0.0,0.0,0.0,0.01
2026-09-13 15:26:27,5.58,2.54,2.79,28.93,0.25,19.2,6208.9,0.0,0.4,0.25,0.14,0.0,193.07,0.0,0.01
2026-09-13 15:26:28,8.84,5.81,2.78,12.63,0.25,19.1,6216.7,0.0,0.45,0.26,0.15,0.0,142.91,0.02,5.21
2026-09-13 15:26:29,20.05,14.21,4.82,11.68,1.02,20.66,6096.7,0.0,0.45,0.26,0.15,0.0,6.08,0.21,43.63
2026-09-13 15:26:30,8.06,5.79,1.76,8.31,0.5,20.37,6118.9,0.0,0.45,0.26,0.15,0.0,3.95,0.06,13.57
2026-09-13 15:26:31,5.29,3.53,1.51,0.0,0.25,20.42,6114.8,0.0,0.45,0.26,0.15,0.0,0.0,0.02,5.2
2026-09-13 15:26:32,5.29,3.53,1.51,0.0,0.25,20.1,6139.4,0.0,0.45,0.26,0.15,0.0,0.01,0.04,10.4
2026-09-13 15:26:33,1.26,0.25,1.01,0.0,0.0,20.01,6146.9,0.0,0.41,0.26,0.15,0.0,0.01,0.0,0.01
2026-09-13 15:26:34,4.8,3.54,1.26,0.51,0.0,19.88,6156.7,0.0,0.41,0.26,0.15,0.25,0.04,0.0,0.02
2026-09-13 15:26:35,6.84,4.05,2.28,0.0,0.51,20.08,6141.2,0.0,0.41,0.26,0.15,0.0,0.0,0.1,23.92
2026-09-13 15:26:36,9.07,6.3,2.27,9.07,0.5,20.0,6147.4,0.0,0.41,0.26,0.15,0.0,2.51,0.08,20.83
2026-09-13 15:26:37,3.02,2.02,1.01,2.77,0.0,20.02,6145.6,0.0,0.41,0.26,0.15,0.0,1.68,0.0,0.01
2026-09-13 15:26:38,4.53,3.27,1.26,0.25,0.0,20.0,6147.3,0.0,0.38,0.25,0.15,0.0,0.01,0.0,0.01
2026-09-13 15:26:39,15.11,12.59,2.27,0.76,0.25,19.64,6174.8,0.0,0.38,0.25,0.15,0.0,0.03,0.03,5.2
2026-09-13 15:26:40,12.69,8.63,3.3,2.03,0.76,20.19,6132.5,0.0,0.38,0.25,0.15,0.0,0.3,0.15,36.32
2026-09-13 15:26:41,14.97,10.41,3.81,14.72,0.76,20.12,6138.1,0.0,0.38,0.25,0.15,0.0,4.72,0.15,30.89
2026-09-13 15:26:42,1.51,0.5,0.75,2.76,0.25,20.12,6138.3,0.0,0.38,0.25,0.15,0.0,0.9,0.0,0.01
2026-09-13 15:26:43,5.76,4.26,1.5,7.52,0.0,20.53,6106.8,0.0,0.43,0.27,0.15,0.0,1.7,0.02,4.37
2026-09-13 15:26:44,4.53,3.27,1.01,0.0,0.25,20.43,6114.0,0.0,0.43,0.27,0.15,0.25,0.0,0.0,0.01
2026-09-13 15:26:45,5.08,3.05,1.78,0.51,0.25,19.66,6173.9,0.0,0.43,0.27,0.15,0.0,0.05,0.1,26.09
2026-09-13 15:26:46,13.57,9.8,3.52,5.28,0.25,20.56,6104.2,0.0,0.43,0.27,0.15,0.0,2.25,0.04,9.31
2026-09-13 15:26:47,8.88,6.09,2.28,3.81,0.51,20.37,6119.0,0.0,0.43,0.27,0.15,0.0,1.93,0.1,23.76
2026-09-13 15:26:48,1.26,0.5,0.76,0.0,0.0,20.37,6119.1,0.0,0.39,0.26,0.15,0.0,0.0,0.0,0.01
2026-09-13 15:26:49,3.27,2.26,0.75,0.0,0.25,20.38,6118.4,0.0,0.39,0.26,0.15,0.0,0.0,0.0,0.01
2026-09-13 15:26:50,12.59,9.32,2.77,10.33,0.5,20.13,6137.3,0.0,0.39,0.26,0.15,0.0,1.71,0.11,27.64
2026-09-13 15:26:51,15.15,10.86,3.79,10.1,0.51,20.3,6124.3,0.0,0.39,0.26,0.15,0.0,3.95,0.1,24.32
2026-09-13 15:26:52,7.54,5.78,1.26,0.0,0.5,20.11,6138.6,0.0,0.39,0.26,0.15,0.0,0.01,0.03,5.21
2026-09-13 15:26:53,11.84,8.82,2.52,6.05,0.5,19.9,6154.8,0.0,0.36,0.26,0.15,0.0,3.36,0.06,14.77
2026-09-13 15:26:54,12.34,9.57,2.77,3.78,0.0,19.61,6177.3,0.0,0.36,0.26,0.15,0.25,39.1,0.01,0.01
2026-09-13 15:26:55,17.42,13.64,3.03,7.07,0.76,19.26,6204.5,0.0,0.36,0.26,0.15,0.0,2.56,0.1,23.03
2026-09-13 15:26:56,4.3,2.03,1.77,8.86,0.51,19.51,6184.7,0.0,0.36,0.26,0.15,0.0,16.69,0.06,10.81
2026-09-13 15:26:57,5.54,4.28,1.26,2.27,0.0,19.52,6184.6,0.0,0.36,0.26,0.15,0.0,3.28,0.0,0.02
2026-09-13 15:26:58,13.03,9.27,3.01,2.76,0.75,19.29,6201.9,0.0,0.41,0.27,0.16,0.0,0.8,0.1,22.92
2026-09-13 15:26:59,9.92,7.38,2.29,14.76,0.25,19.6,6178.5,0.0,0.41,0.27,0.16,0.0,49.79,0.07,16.11
2026-09-13 15:27:00,2.8,1.02,1.53,46.06,0.25,19.58,6179.5,0.0,0.41,0.27,0.16,0.0,100.84,0.01,1.97
2026-09-13 15:27:01,11.31,9.05,2.01,4.77,0.25,19.4,6193.9,0.0,0.41,0.27,0.16,0.0,0.34,0.05,11.31
2026-09-13 15:27:02,10.61,6.82,3.03,20.45,0.76,19.42,6192.0,0.0,0.41,0.27,0.16,0.0,5.6,0.1,23.65
2026-09-13 15:27:03,3.52,2.51,1.01,0.0,0.0,19.39,6194.4,0.0,0.46,0.28,0.16,0.0,0.01,0.0,0.01
2026-09-13 15:27:04,14.14,10.35,3.54,0.0,0.25,19.27,6203.9,0.0,0.46,0.28,0.16,0.25,0.03,0.07,15.59
2026-09-13 15:27:05,7.25,4.75,2.0,4.25,0.5,19.21,6208.1,0.0,0.46,0.28,0.16,0.0,1.69,0.06,12.57
2026-09-13 15:27:06,2.53,1.26,1.26,7.83,0.0,19.06,6219.4,0.0,0.46,0.28,0.16,0.0,92.22,0.0,0.01
2026-09-13 15:27:07,17.42,13.89,2.78,8.33,0.76,19.31,6200.5,0.0,0.46,0.28,0.16,0.0,2.51,0.1,23.95
2026-09-13 15:27:08,9.05,6.28,2.51,10.05,0.25,19.31,6200.3,0.0,0.5,0.3,0.16,0.0,3.14,0.05,13.1
2026-09-13 15:27:09,23.1,19.29,3.55,4.06,0.25,19.03,6221.7,0.0,0.5,0.3,0.16,0.0,1.71,0.06,12.41
2026-09-13 15:27:10,3.04,1.77,1.27,0.0,0.0,19.18,6210.2,0.0,0.5,0.3,0.16,0.0,0.0,0.04,10.39
2026-09-13 15:27:11,4.01,2.51,1.25,0.25,0.25,19.23,6206.4,0.0,0.5,0.3,0.16,0.0,5.25,0.0,0.01
2026-09-13 15:27:12,3.03,1.52,1.26,3.79,0.25,19.42,6191.8,0.0,0.5,0.3,0.16,0.0,14.55,0.04,10.4
2026-09-13 15:27:13,3.53,2.77,0.76,0.0,0.0,19.48,6187.8,0.0,0.46,0.29,0.16,0.0,0.0,0.01,1.7
2026-09-13 15:27:14,12.18,7.36,4.31,0.51,0.51,20.14,6136.3,0.0,0.46,0.29,0.16,0.25,0.0,0.16,39.82
2026-09-13 15:27:15,26.2,23.43,2.27,3.53,0.5,19.95,6151.4,0.0,0.46,0.29,0.16,0.0,2.0,0.26,16.08
2026-09-13 15:27:16,16.62,14.11,2.27,0.76,0.25,19.41,6192.7,0.0,0.46,0.29,0.16,0.0,0.27,0.19,11.92
2026-09-13 15:27:17,4.05,2.78,1.01,4.81,0.25,19.26,6204.6,0.0,0.46,0.29,0.16,0.0,43.66,0.04,10.39
2026-09-13 15:27:18,4.8,3.28,1.52,0.0,0.0,19.44,6190.3,0.0,0.43,0.29,0.16,0.0,0.01,0.02,3.76
2026-09-13 15:27:19,6.28,4.02,2.01,0.25,0.25,19.78,6164.5,0.0,0.43,0.29,0.16,0.0,0.01,0.06,14.56
2026-09-13 15:27:20,7.04,4.27,2.51,0.0,0.25,20.06,6142.8,0.0,0.43,0.29,0.16,0.0,0.38,0.05,12.85
2026-09-13 15:27:21,1.26,0.5,0.5,0.0,0.25,20.06,6142.8,0.0,0.43,0.29,0.16,0.0,0.0,0.0,0.01
2026-09-13 15:27:22,6.06,3.79,2.02,0.51,0.25,20.0,6147.1,0.0,0.43,0.29,0.16,0.0,8.53,0.06,15.57
2026-09-13 15:27:23,3.02,2.01,1.01,0.25,0.0,20.0,6147.2,0.0,0.39,0.28,0.16,0.0,0.04,0.0,0.01
2026-09-13 15:27:24,15.91,11.62,3.79,0.76,0.51,20.24,6128.6,0.0,0.39,0.28,0.16,0.25,0.03,0.09,20.75
2026-09-13 15:27:25,1.26,0.5,0.75,0.0,0.0,20.24,6128.7,0.0,0.39,0.28,0.16,0.0,0.03,0.0,0.01
2026-09-13 15:27:26,8.29,5.28,2.51,0.0,0.5,20.24,6128.9,0.0,0.39,0.28,0.16,0.0,0.0,0.1,25.94
2026-09-13 15:27:27,1.26,0.5,0.76,6.05,0.0,20.26,6127.2,0.0,0.39,0.28,0.16,0.0,8.32,0.0,0.01
2026-09-13 15:27:28,2.01,0.75,1.01,16.08,0.25,20.18,6133.4,0.0,0.6,0.33,0.18,0.0,54.34,0.0,0.01
2026-09-13 15:27:29,7.63,4.83,2.29,4.58,0.51,20.56,6104.3,0.0,0.6,0.33,0.18,0.0,0.06,0.12,31.13
2026-09-13 15:27:30,1.51,0.5,1.01,0.0,0.0,20.51,6108.3,0.0,0.6,0.33,0.18,0.0,0.0,0.0,0.01
2026-09-13 15:27:31,4.03,2.77,1.01,0.0,0.25,20.35,6120.6,0.0,0.6,0.33,0.18,0.0,0.01,0.04,8.85
2026-09-13 15:27:32,5.29,3.02,1.76,0.0,0.5,20.37,6119.3,0.0,0.6,0.33,0.18,0.0,0.0,0.09,22.29
2026-09-13 15:27:33,2.51,1.76,0.75,0.75,0.0,20.36,6120.0,0.0,0.55,0.32,0.18,0.0,7.0,0.0,0.01
2026-09-13 15:27:34,7.09,3.29,3.04,25.57,0.76,20.13,6137.7,0.0,0.55,0.32,0.18,0.25,209.62,0.04,8.79
2026-09-13 15:27:35,5.82,2.53,2.78,12.41,0.51,21.05,6067.0,0.0,0.55,0.32,0.18,0.0,119.18,0.09,22.35
2026-09-13 15:27:36,1.26,0.5,0.75,0.0,0.0,21.05,6067.0,0.0,0.55,0.32,0.18,0.0,0.0,0.0,0.01
2026-09-13 15:27:37,8.61,5.06,2.78,0.0,0.76,20.85,6082.5,0.0,0.55,0.32,0.18,0.0,0.0,0.12,31.13
2026-09-13 15:27:38,1.5,0.5,1.0,0.0,0.0,20.78,6087.3,0.0,0.51,0.31,0.18,0.0,2.13,0.0,0.01
2026-09-13 15:27:39,10.83,9.07,1.76,1.51,0.0,20.38,6117.9,0.0,0.51,0.31,0.18,0.0,0.07,0.01,0.01
2026-09-13 15:27:40,7.83,4.04,3.03,4.29,0.76,20.49,6109.9,0.0,0.51,0.31,0.18,0.0,56.48,0.12,31.13
2026-09-13 15:27:41,1.01,0.5,0.5,0.0,0.0,20.49,6109.9,0.0,0.51,0.31,0.18,0.0,0.0,0.0,0.01
2026-09-13 15:27:42,1.01,0.25,0.76,0.0,0.0,20.49,6109.9,0.0,0.51,0.31,0.18,0.0,0.0,0.0,0.01
2026-09-13 15:27:43,8.82,5.29,2.77,0.0,0.76,21.6,6024.1,0.0,0.47,0.31,0.17,0.0,0.0,0.12,31.13
2026-09-13 15:27:44,2.02,1.01,1.01,0.25,0.0,21.39,6040.8,0.0,0.47,0.31,0.17,0.25,0.0,0.0,0.01
2026-09-13 15:27:45,1.26,0.5,0.76,0.25,0.0,21.32,6046.2,0.0,0.47,0.31,0.17,0.0,0.04,0.0,0.02
2026-09-13 15:27:46,7.85,4.56,2.78,0.0,0.51,21.07,6065.5,0.0,0.47,0.31,0.17,0.0,0.01,0.12,31.13
2026-09-13 15:27:47,1.26,0.5,0.76,0.0,0.0,20.85,6082.2,0.0,0.47,0.31,0.17,0.0,0.0,0.0,0.01
2026-09-13 15:27:48,5.04,2.77,1.51,0.0,0.76,20.74,6090.9,0.0,0.43,0.3,0.17,0.0,0.0,0.12,29.36
2026-09-13 15:27:49,4.03,2.27,1.76,0.0,0.0,21.2,6055.2,0.0,0.43,0.3,0.17,0.0,0.0,0.01,1.78
2026-09-13 15:27:50,1.01,0.25,0.76,0.0,0.0,21.16,6058.4,0.0,0.43,0.3,0.17,0.0,0.01,0.0,0.01
2026-09-13 15:27:51,8.82,5.04,3.02,1.26,0.76,20.9,6078.2,0.0,0.43,0.3,0.17,0.0,0.04,0.12,31.13
2026-09-13 15:27:52,2.02,1.51,0.5,0.25,0.0,20.9,6078.1,0.0,0.43,0.3,0.17,0.0,0.0,0.0,0.01
2026-09-13 15:27:53,1.26,0.5,0.75,0.0,0.0,20.89,6079.4,0.0,0.39,0.3,0.17,0.0,0.0,0.0,0.01
2026-09-13 15:27:54,19.49,14.94,3.8,0.51,0.76,20.83,6083.4,0.0,0.39,0.3,0.17,0.25,0.02,0.13,31.13
2026-09-13 15:27:55,1.51,0.5,1.01,0.0,0.0,20.63,6098.8,0.0,0.39,0.3,0.17,0.0,0.0,0.0,0.01
2026-09-13 15:27:56,3.52,2.76,0.75,0.0,0.0,20.52,6107.4,0.0,0.39,0.3,0.17,0.0,0.0,0.0,0.01
2026-09-13 15:27:57,6.02,2.51,2.76,2.01,0.75,20.99,6071.3,0.0,0.39,0.3,0.17,0.0,0.04,0.12,31.14
2026-09-13 15:27:58,1.01,0.25,0.76,1.01,0.0,20.99,6071.5,0.0,0.36,0.29,0.17,0.0,1.89,0.0,0.01
2026-09-13 15:27:59,4.03,2.77,1.01,0.0,0.25,20.72,6092.2,0.0,0.36,0.29,0.17,0.0,0.0,0.02,4.47
2026-09-13 15:28:00,5.82,2.78,2.53,0.25,0.51,20.87,6080.3,0.0,0.36,0.29,0.17,0.0,0.01,0.11,26.67
2026-09-13 15:28:01,1.5,0.5,1.0,0.0,0.0,20.81,6084.9,0.0,0.36,0.29,0.17,0.0,0.0,0.0,0.01
2026-09-13 15:28:02,8.06,4.79,2.52,1.01,0.76,20.87,6080.7,0.0,0.36,0.29,0.17,0.0,0.04,0.12,31.13
2026-09-13 15:28:03,1.51,0.75,0.75,0.0,0.0,20.87,6080.4,0.0,0.33,0.29,0.17,0.0,0.0,0.0,0.01
2026-09-13 15:28:04,2.27,1.01,1.26,0.25,0.0,20.83,6083.9,0.0,0.33,0.29,0.17,0.25,0.0,0.0,0.0
2026-09-13 15:28:05,4.29,2.53,1.26,0.0,0.51,20.66,6096.4,0.0,0.33,0.29,0.17,0.0,0.02,0.09,23.43
2026-09-13 15:28:06,4.77,2.76,1.76,0.0,0.25,20.83,6083.8,0.0,0.33,0.29,0.17,0.0,0.0,0.03,7.7
2026-09-13 15:28:07,1.51,0.5,1.01,0.0,0.0,20.75,6090.1,0.0,0.33,0.29,0.17,0.0,0.0,0.0,0.01
2026-09-13 15:28:08,6.58,4.3,1.77,2.78,0.51,20.76,6089.2,0.0,0.31,0.28,0.17,0.0,0.04,0.12,31.12
2026-09-13 15:28:09,7.79,5.78,2.01,0.0,0.0,20.54,6106.0,0.0,0.31,0.28,0.17,0.0,0.0,0.01,0.01
2026-09-13 15:28:10,5.29,4.03,1.26,0.76,0.0,20.33,6122.0,0.0,0.31,0.28,0.17,0.0,0.03,0.0,0.0
2026-09-13 15:28:11,8.1,4.56,3.04,5.06,0.51,20.87,6080.2,0.0,0.31,0.28,0.17,0.0,52.15,0.12,31.13
2026-09-13 15:28:12,4.53,1.01,2.77,24.43,0.76,20.86,6081.3,0.0,0.31,0.28,0.17,0.0,253.18,0.0,0.01
2026-09-13 15:28:13,2.01,0.25,1.51,7.04,0.25,20.85,6082.3,0.0,0.36,0.3,0.17,0.0,84.67,0.0,0.01
2026-09-13 15:28:14,9.37,6.08,2.78,1.77,0.51,20.7,6093.3,0.0,0.36,0.3,0.17,0.25,0.05,0.12,31.14
2026-09-13 15:28:15,1.26,0.5,0.76,0.0,0.0,20.52,6107.7,0.0,0.36,0.3,0.17,0.0,0.0,0.0,0.01
2026-09-13 15:28:16,2.26,1.5,0.75,0.5,0.0,20.47,6111.5,0.0,0.36,0.3,0.17,0.0,2.67,0.0,0.01
2026-09-13 15:28:17,7.83,4.55,2.53,0.0,0.76,20.7,6093.9,0.0,0.36,0.3,0.17,0.0,0.01,0.12,31.13
2026-09-13 15:28:18,1.26,0.5,0.75,0.0,0.0,20.57,6103.3,0.0,0.33,0.29,0.17,0.0,0.03,0.0,0.01
2026-09-13 15:28:19,4.27,2.76,1.26,1.76,0.25,20.4,6116.5,0.0,0.33,0.29,0.17,0.0,0.37,0.03,6.39
2026-09-13 15:28:20,5.06,2.28,2.03,0.0,0.76,20.92,6077.1,0.0,0.33,0.29,0.17,0.0,0.01,0.1,24.74
2026-09-13 15:28:21,1.5,0.75,0.75,0.0,0.0,20.92,6077.1,0.0,0.33,0.29,0.17,0.0,0.0,0.0,0.01
2026-09-13 15:28:22,4.55,2.78,1.26,0.0,0.51,20.78,6087.7,0.0,0.33,0.29,0.17,0.0,0.0,0.11,27.46
2026-09-13 15:28:23,5.01,2.51,2.26,0.0,0.25,20.6,6101.3,0.0,0.39,0.3,0.18,0.0,0.0,0.02,3.67
2026-09-13 15:28:24,3.76,2.01,1.75,0.5,0.0,20.56,6104.5,0.0,0.39,0.3,0.18,0.25,0.0,0.0,0.0
2026-09-13 15:28:25,15.48,11.93,3.05,0.51,0.51,20.72,6092.0,0.0,0.39,0.3,0.18,0.0,0.09,0.13,31.13
2026-09-13 15:28:26,1.26,0.5,0.76,0.0,0.0,20.72,6092.0,0.0,0.39,0.3,0.18,0.0,0.0,0.0,0.01
2026-09-13 15:28:27,1.5,0.5,0.75,0.0,0.25,20.72,6091.8,0.0,0.39,0.3,0.18,0.0,0.0,0.0,0.01
2026-09-13 15:28:28,8.33,4.8,2.78,0.0,0.76,20.73,6091.1,0.0,0.36,0.3,0.18,0.0,0.0,0.12,31.13
2026-09-13 15:28:29,1.25,0.5,0.75,0.0,0.0,20.64,6098.4,0.0,0.36,0.3,0.18,0.0,0.0,0.0,0.01
2026-09-13 15:28:30,1.26,0.75,0.5,0.25,0.0,20.48,6110.3,0.0,0.36,0.3,0.18,0.0,0.04,0.0,0.01
2026-09-13 15:28:31,9.09,5.56,2.78,0.25,0.76,20.35,6120.3,0.0,0.36,0.3,0.18,0.0,0.01,0.12,31.13
2026-09-13 15:28:32,1.26,0.5,0.75,0.0,0.0,20.35,6120.4,0.0,0.36,0.3,0.18,0.0,0.0,0.0,0.01
2026-09-13 15:28:33,3.79,2.53,1.26,1.01,0.0,20.3,6124.3,0.0,0.33,0.29,0.18,0.0,1.26,0.03,7.51
2026-09-13 15:28:34,6.06,3.03,2.27,0.25,0.76,20.11,6138.8,0.0,0.33,0.29,0.18,0.25,0.0,0.1,23.64
2026-09-13 15:28:35,1.5,0.5,0.75,0.0,0.25,20.11,6139.0,0.0,0.33,0.29,0.18,0.0,0.01,0.0,0.0
2026-09-13 15:28:36,3.52,2.51,1.01,3.77,0.0,20.16,6135.5,0.0,0.33,0.29,0.18,0.0,0.0,0.0,0.84
2026-09-13 15:28:37,6.58,3.54,2.53,0.51,0.51,20.49,6109.4,0.0,0.33,0.29,0.18,0.0,0.04,0.12,30.31
2026-09-13 15:28:38,1.26,0.75,0.5,0.0,0.0,20.46,6111.8,0.0,0.3,0.29,0.18,0.0,0.0,0.0,0.01
2026-09-13 15:28:39,4.8,2.78,1.52,0.0,0.51,20.27,6126.4,0.0,0.3,0.29,0.18,0.0,0.08,0.12,31.13
2026-09-13 15:28:40,13.6,10.83,2.77,0.76,0.0,20.63,6099.2,0.0,0.3,0.29,0.18,0.0,0.03,0.01,0.01
2026-09-13 15:28:41,1.5,0.5,0.75,0.0,0.25,20.58,6102.5,0.0,0.3,0.29,0.18,0.0,0.0,0.0,0.01
2026-09-13 15:28:42,4.04,2.53,1.26,3.79,0.25,20.34,6121.0,0.0,0.3,0.29,0.18,0.0,0.04,0.08,21.01
2026-09-13 15:28:43,5.01,2.76,1.75,0.0,0.5,20.51,6107.9,0.0,0.28,0.28,0.17,0.0,0.01,0.04,10.13
2026-09-13 15:28:44,2.51,1.26,1.26,0.25,0.0,20.54,6106.3,0.0,0.28,0.28,0.17,0.25,0.0,0.0,0.01
2026-09-13 15:28:45,8.88,5.33,2.79,9.14,0.76,20.57,6103.4,0.0,0.28,0.28,0.17,0.0,114.85,0.12,31.14
2026-09-13 15:28:46,3.78,0.25,2.77,19.9,0.76,20.57,6103.3,0.0,0.28,0.28,0.17,0.0,245.15,0.0,0.01
2026-09-13 15:28:47,1.75,0.75,1.0,0.0,0.0,20.58,6103.2,0.0,0.28,0.28,0.17,0.0,0.0,0.0,0.01
2026-09-13 15:28:48,7.61,4.31,2.79,2.28,0.51,20.96,6074.0,0.0,0.25,0.28,0.17,0.0,2.04,0.12,31.14
2026-09-13 15:28:49,1.26,0.5,0.75,0.0,0.0,20.96,6074.0,0.0,0.25,0.28,0.17,0.0,0.0,0.0,0.01
2026-09-13 15:28:50,5.01,3.51,1.25,0.5,0.25,20.94,6075.0,0.0,0.25,0.28,0.17,0.0,0.01,0.02,5.66
2026-09-13 15:28:51,5.82,3.29,2.03,0.0,0.51,20.8,6086.2,0.0,0.25,0.28,0.17,0.0,0.0,0.1,25.48
2026-09-13 15:28:52,1.26,0.5,0.75,0.0,0.0,20.7,6093.8,0.0,0.25,0.28,0.17,0.0,0.0,0.0,0.01
2026-09-13 15:28:53,4.27,2.76,1.26,0.25,0.25,20.53,6107.0,0.0,0.23,0.27,0.17,0.0,0.04,0.04,10.83
2026-09-13 15:28:54,5.56,3.03,2.27,0.25,0.25,20.96,6074.0,0.0,0.23,0.27,0.17,0.25,0.0,0.08,20.3
2026-09-13 15:28:55,11.06,9.05,2.01,2.76,0.0,20.56,6104.5,0.0,0.23,0.27,0.17,0.0,0.55,0.01,0.01
2026-09-13 15:28:56,6.85,4.06,2.28,0.0,0.51,20.33,6122.4,0.0,0.23,0.27,0.17,0.0,0.0,0.12,31.13
2026-09-13 15:28:57,1.76,0.5,1.26,0.0,0.0,20.61,6100.9,0.0,0.23,0.27,0.17,0.0,0.0,0.0,0.02
2026-09-13 15:28:58,1.01,0.25,0.76,0.0,0.0,20.6,6101.0,0.0,0.21,0.27,0.17,0.0,0.25,0.0,0.01
2026-09-13 15:28:59,7.58,4.29,2.78,1.77,0.51,20.78,6087.8,0.0,0.21,0.27,0.17,0.0,0.04,0.12,31.13
2026-09-13 15:29:00,1.01,0.5,0.5,0.0,0.0,20.67,6095.6,0.0,0.21,0.27,0.17,0.0,0.0,0.0,0.01
2026-09-13 15:29:01,1.01,0.25,0.76,0.0,0.0,20.67,6095.7,0.0,0.21,0.27,0.17,0.0,0.01,0.0,0.01
2026-09-13 15:29:02,7.83,5.05,2.02,0.0,0.76,20.55,6105.2,0.0,0.21,0.27,0.17,0.0,0.25,0.12,31.13
2026-09-13 15:29:03,1.01,0.5,0.5,0.0,0.0,20.48,6110.6,0.0,0.2,0.26,0.17,0.0,0.01,0.0,0.01
2026-09-13 15:29:04,2.51,1.25,1.25,0.5,0.0,20.48,6110.5,0.0,0.2,0.26,0.17,0.25,0.0,0.0,0.01
2026-09-13 15:29:05,8.12,4.57,2.79,2.28,0.76,20.11,6139.2,0.0,0.2,0.26,0.17,0.0,2.29,0.12,31.13
2026-09-13 15:29:06,1.51,0.75,0.75,1.76,0.0,20.11,6139.2,0.0,0.2,0.26,0.17,0.0,0.01,0.0,0.01
2026-09-13 15:29:07,1.26,0.5,0.76,0.0,0.0,20.06,6142.7,0.0,0.2,0.26,0.17,0.0,0.01,0.0,0.01
2026-09-13 15:29:08,8.84,5.3,2.78,9.85,0.76,20.63,6099.3,0.0,0.18,0.26,0.17,0.0,5.32,0.12,31.12
2026-09-13 15:29:09,2.26,1.26,1.01,0.25,0.0,20.56,6104.3,0.0,0.18,0.26,0.17,0.0,0.0,0.0,0.01
2026-09-13 15:29:10,13.35,11.08,2.02,3.53,0.25,20.41,6115.6,0.0,0.18,0.26,0.17,0.0,0.06,0.03,5.76
2026-09-13 15:29:11,5.29,2.52,2.27,0.0,0.5,20.79,6086.5,0.0,0.18,0.26,0.17,0.0,0.0,0.1,25.37
2026-09-13 15:29:12,1.26,0.75,0.5,0.0,0.0,20.77,6087.9,0.0,0.18,0.26,0.17,0.0,0.0,0.0,0.01
2026-09-13 15:29:13,4.8,2.78,1.26,0.0,0.76,20.92,6076.7,0.0,0.17,0.25,0.17,0.0,0.0,0.11,26.91
2026-09-13 15:29:14,5.3,3.28,2.02,0.25,0.0,21.1,6063.2,0.0,0.17,0.25,0.17,0.25,0.0,0.02,4.23
2026-09-13 15:29:15,1.26,0.5,0.75,0.0,0.0,20.99,6071.1,0.0,0.17,0.25,0.17,0.0,0.0,0.0,0.01
2026-09-13 15:29:16,4.28,3.02,1.01,0.5,0.25,20.8,6085.8,0.0,0.17,0.25,0.17,0.0,0.04,0.08,19.96
2026-09-13 15:29:17,5.01,2.01,2.51,0.0,0.5,21.26,6050.9,0.0,0.17,0.25,0.17,0.0,0.0,0.05,11.17
2026-09-13 15:29:18,1.5,0.75,0.75,0.75,0.0,21.26,6050.8,0.0,0.15,0.25,0.17,0.0,0.26,0.0,0.01
2026-09-13 15:29:19,10.63,5.32,4.3,15.19,1.01,20.72,6092.2,0.0,0.15,0.25,0.17,0.0,185.59,0.12,31.13
2026-09-13 15:29:20,2.53,0.25,2.02,15.4,0.25,20.72,6092.4,0.0,0.15,0.25,0.17,0.0,174.42,0.0,0.01
2026-09-13 15:29:21,1.26,0.75,0.5,0.25,0.0,20.69,6094.1,0.0,0.15,0.25,0.17,0.0,0.01,0.0,0.01
2026-09-13 15:29:22,7.34,4.3,2.53,1.52,0.51,20.99,6071.7,0.0,0.15,0.25,0.17,0.0,0.04,0.12,31.13
2026-09-13 15:29:23,1.51,0.75,0.75,0.0,0.0,20.98,6071.9,0.0,0.14,0.24,0.17,0.0,3.13,0.0,0.01
2026-09-13 15:29:24,2.26,1.01,1.01,0.25,0.25,21.05,6067.1,0.0,0.14,0.24,0.17,0.25,0.0,0.0,0.01
2026-09-13 15:29:25,18.78,14.21,4.31,0.51,0.25,20.47,6111.7,0.0,0.14,0.24,0.17,0.0,0.02,0.13,31.14
2026-09-13 15:29:26,1.5,0.5,0.75,0.0,0.25,20.46,6111.9,0.0,0.14,0.24,0.17,0.0,0.0,0.0,0.01
2026-09-13 15:29:27,1.51,0.76,0.76,0.0,0.0,20.46,6111.9,0.0,0.14,0.24,0.17,0.0,0.0,0.0,0.01
2026-09-13 15:29:28,8.08,5.05,2.53,2.27,0.51,21.23,6052.8,0.0,0.13,0.24,0.17,0.0,0.04,0.12,31.13
2026-09-13 15:29:29,1.5,0.75,0.75,0.0,0.0,21.23,6052.8,0.0,0.13,0.24,0.17,0.0,0.0,0.0,0.01
2026-09-13 15:29:30,4.28,2.52,1.26,0.0,0.5,21.14,6059.5,0.0,0.13,0.24,0.17,0.0,0.0,0.06,16.09
2026-09-13 15:29:31,4.8,2.78,1.77,0.0,0.25,20.55,6105.1,0.0,0.13,0.24,0.17,0.0,0.0,0.06,15.04
2026-09-13 15:29:32,1.5,0.5,1.0,0.0,0.0,20.55,6105.2,0.0,0.13,0.24,0.17,0.0,0.0,0.0,0.01
2026-09-13 15:29:33,4.8,3.03,1.26,0.51,0.51,20.59,6102.1,0.0,0.12,0.24,0.16,0.0,0.04,0.1,24.56
2026-09-13 15:29:34,5.32,3.04,2.28,0.25,0.0,20.6,6101.5,0.0,0.12,0.24,0.16,0.25,0.01,0.03,6.57
2026-09-13 15:29:35,1.26,0.5,0.75,0.0,0.0,20.6,6101.5,0.0,0.12,0.24,0.16,0.0,0.0,0.0,0.01
2026-09-13 15:29:36,8.33,4.8,3.03,0.0,0.51,20.55,6105.3,0.0,0.12,0.24,0.16,0.0,0.0,0.12,31.12
2026-09-13 15:29:37,1.26,0.5,0.5,0.0,0.25,20.55,6105.3,0.0,0.12,0.24,0.16,0.0,0.0,0.0,0.01
2026-09-13 15:29:38,1.5,0.5,1.0,1.25,0.0,20.55,6105.3,0.0,0.11,0.23,0.16,0.0,1.76,0.0,0.0
2026-09-13 15:29:39,7.36,4.31,2.54,1.27,0.51,20.95,6074.4,0.0,0.11,0.23,0.16,0.0,0.05,0.12,31.13
2026-09-13 15:29:40,11.06,9.05,2.01,0.25,0.0,20.75,6089.9,0.0,0.11,0.23,0.16,0.0,0.02,0.01,0.01
2026-09-13 15:29:41,2.27,1.51,0.76,0.0,0.0,20.77,6088.2,0.0,0.11,0.23,0.16,0.0,0.0,0.0,0.01
2026-09-13 15:29:42,5.82,3.29,2.03,0.25,0.51,20.79,6086.4,0.0,0.11,0.23,0.16,0.0,0.01,0.12,31.12
2026-09-13 15:29:43,1.5,0.5,0.75,0.0,0.25,20.79,6086.5,0.0,0.1,0.23,0.16,0.0,0.38,0.0,0.01
2026-09-13 15:29:44,5.01,4.01,1.0,1.25,0.0,20.7,6093.5,0.0,0.1,0.23,0.16,0.25,0.0,0.01,0.9
2026-09-13 15:29:45,5.81,2.53,2.53,0.51,0.76,20.3,6124.6,0.0,0.1,0.23,0.16,0.0,0.04,0.12,30.24
2026-09-13 15:29:46,1.26,0.5,0.75,0.0,0.0,20.3,6124.6,0.0,0.1,0.23,0.16,0.0,0.0,0.0,0.01
2026-09-13 15:29:47,9.77,6.27,2.76,0.25,0.75,20.37,6119.0,0.0,0.1,0.23,0.16,0.0,0.01,0.12,31.13
2026-09-13 15:29:48,1.01,0.51,0.51,0.0,0.0,20.37,6118.6,0.0,0.09,0.22,0.16,0.0,0.0,0.0,0.01
2026-09-13 15:29:49,1.01,0.25,0.76,0.0,0.0,20.38,6117.9,0.0,0.09,0.22,0.16,0.0,0.0,0.0,0.01
2026-09-13 15:29:50,8.08,4.8,2.78,1.77,0.51,20.45,6112.8,0.0,0.09,0.22,0.16,0.0,0.04,0.12,31.13
2026-09-13 15:29:51,1.5,0.5,0.75,0.0,0.25,20.45,6112.8,0.0,0.09,0.22,0.16,0.0,0.0,0.0,0.01
2026-09-13 15:29:52,1.26,0.5,0.75,0.0,0.0,20.45,6112.9,0.0,0.08,0.22,0.16,0.0,0.01,0.0,0.01
2026-09-13 15:29:53,8.4,4.58,3.31,9.67,0.51,20.03,6144.9,0.0,0.08,0.22,0.16,0.0,119.85,0.12,31.13
2026-09-13 15:29:54,4.06,1.27,2.54,19.29,0.25,20.02,6146.2,0.0,0.08,0.22,0.16,0.25,240.15,0.0,0.0
2026-09-13 15:29:55,8.23,5.99,2.0,0.5,0.25,20.01,6146.6,0.0,0.08,0.22,0.16,0.0,0.04,0.0,0.01
2026-09-13 15:29:56,11.68,8.38,3.05,1.27,0.25,20.48,6110.3,0.0,0.08,0.22,0.16,0.0,1.65,0.13,31.13
2026-09-13 15:29:57,1.26,0.5,0.75,0.0,0.0,20.48,6110.3,0.0,0.08,0.22,0.16,0.0,0.0,0.0,0.01
2026-09-13 15:29:58,1.01,0.5,0.5,0.0,0.0,20.46,6111.8,0.0,0.08,0.22,0.16,0.0,0.0,0.0,0.01
2026-09-13 15:29:59,7.32,4.04,2.53,0.0,0.76,21.02,6068.8,0.0,0.08,0.22,0.16,0.0,0.0,0.12,31.13
2026-09-13 15:30:00,1.26,0.5,0.75,0.0,0.0,21.02,6068.8,0.0,0.08,0.22,0.16,0.0,0.0,0.0,0.0
2026-09-13 15:30:01,3.78,2.77,1.01,0.25,0.0,21.01,6070.1,0.0,0.08,0.22,0.16,0.0,0.04,0.0,0.01
2026-09-13 15:30:02,6.06,2.78,2.78,0.25,0.51,21.02,6069.1,0.0,0.07,0.21,0.16,0.0,0.01,0.12,31.13
2026-09-13 15:30:03,1.26,0.75,0.5,0.0,0.0,20.92,6076.8,0.0,0.07,0.21,0.16,0.0,0.0,0.0,0.01
2026-09-13 15:30:04,5.05,3.03,1.77,0.25,0.25,20.7,6094.0,0.0,0.07,0.21,0.16,0.25,0.0,0.04,8.7
2026-09-13 15:30:05,5.54,2.77,2.27,0.0,0.5,21.06,6066.3,0.0,0.07,0.21,0.16,0.0,0.0,0.09,22.43
2026-09-13 15:30:06,2.01,1.26,0.75,0.25,0.0,21.05,6066.5,0.0,0.07,0.21,0.16,0.0,0.0,0.0,0.01
2026-09-13 15:30:07,4.79,3.02,1.26,1.76,0.5,20.87,6080.3,0.0,0.06,0.21,0.16,0.0,0.04,0.08,20.55
2026-09-13 15:30:08,4.56,2.53,2.03,0.0,0.0,20.8,6085.7,0.0,0.06,0.21,0.16,0.0,0.0,0.04,10.59
2026-09-13 15:30:09,1.26,0.5,0.75,0.0,0.0,20.8,6085.7,0.0,0.06,0.21,0.16,0.0,0.01,0.0,0.01
2026-09-13 15:30:10,10.35,6.57,3.28,1.01,0.51,21.03,6068.2,0.0,0.06,0.21,0.16,0.0,1.26,0.13,31.13
2026-09-13 15:30:11,8.06,6.8,1.26,1.01,0.0,21.04,6067.4,0.0,0.06,0.21,0.16,0.0,0.03,0.0,0.01
2026-09-13 15:30:12,1.5,0.5,0.75,0.0,0.25,21.02,6069.4,0.0,0.06,0.2,0.16,0.0,0.0,0.0,0.01
2026-09-13 15:30:13,7.83,4.8,2.53,2.02,0.51,20.71,6092.7,0.0,0.06,0.2,0.16,0.0,0.04,0.12,31.14
2026-09-13 15:30:14,2.02,1.01,1.01,0.25,0.0,20.72,6092.0,0.0,0.06,0.2,0.16,0.25,0.0,0.0,0.01
2026-09-13 15:30:15,3.02,2.02,1.01,0.0,0.0,20.67,6096.1,0.0,0.06,0.2,0.16,0.0,0.0,0.0,0.01
2026-09-13 15:30:16,6.08,3.04,2.53,0.0,0.51,20.89,6079.3,0.0,0.06,0.2,0.16,0.0,0.0,0.12,31.13
2026-09-13 15:30:17,1.26,0.5,0.5,0.0,0.25,20.89,6079.3,0.0,0.05,0.2,0.16,0.0,0.0,0.0,0.01
2026-09-13 15:30:18,3.28,2.53,0.76,0.0,0.0,20.9,6078.0,0.0,0.05,0.2,0.16,0.0,0.0,0.0,0.01
2026-09-13 15:30:19,5.81,2.78,2.53,1.77,0.51,20.8,6086.1,0.0,0.05,0.2,0.16,0.0,0.04,0.12,31.13
2026-09-13 15:30:20,1.5,0.75,0.75,0.0,0.0,20.8,6086.2,0.0,0.05,0.2,0.16,0.0,0.0,0.0,0.01
2026-09-13 15:30:21,4.29,2.53,1.26,0.0,0.51,20.81,6085.1,0.0,0.05,0.2,0.16,0.0,0.01,0.08,21.1
2026-09-13 15:30:22,4.79,2.77,1.76,0.25,0.25,21.05,6066.6,0.0,0.13,0.21,0.16,0.0,0.02,0.04,10.03
2026-09-13 15:30:23,1.75,0.5,1.0,0.0,0.25,21.05,6066.4,0.0,0.13,0.21,0.16,0.0,0.01,0.0,0.01
2026-09-13 15:30:24,6.05,3.27,2.02,2.02,0.76,20.93,6076.1,0.0,0.13,0.21,0.16,0.25,0.04,0.12,31.13
2026-09-13 15:30:25,5.54,3.78,1.76,0.25,0.0,20.99,6071.3,0.0,0.13,0.21,0.16,0.0,0.0,0.0,0.01
2026-09-13 15:30:26,10.58,8.82,1.76,0.76,0.0,20.74,6090.4,0.0,0.13,0.21,0.16,0.0,0.03,0.01,0.01
2026-09-13 15:30:27,8.82,5.04,3.02,3.78,0.76,20.51,6108.0,0.0,0.2,0.23,0.17,0.0,41.03,0.13,31.13
2026-09-13 15:30:28,4.02,0.5,3.02,22.61,0.5,20.52,6107.6,0.0,0.2,0.23,0.17,0.0,282.05,0.0,0.01
2026-09-13 15:30:29,1.75,0.25,1.25,3.01,0.25,20.52,6107.7,0.0,0.2,0.23,0.17,0.0,36.92,0.0,0.01
2026-09-13 15:30:30,7.32,4.55,2.27,1.77,0.51,21.13,6060.3,0.0,0.2,0.23,0.17,0.0,0.04,0.12,31.13
2026-09-13 15:30:31,1.26,0.5,0.76,0.0,0.0,21.13,6060.4,0.0,0.2,0.23,0.17,0.0,1.75,0.0,0.01
2026-09-13 15:30:32,1.26,0.5,0.5,0.0,0.25,21.14,6060.2,0.0,0.18,0.22,0.16,0.0,0.0,0.0,0.01
2026-09-13 15:30:33,8.61,5.06,3.04,0.0,0.51,20.99,6071.1,0.0,0.18,0.22,0.16,0.0,0.0,0.12,31.13
2026-09-13 15:30:34,1.26,0.5,0.76,0.0,0.0,20.89,6079.0,0.0,0.18,0.22,0.16,0.0,0.0,0.0,0.01
2026-09-13 15:30:35,4.53,3.27,1.26,0.25,0.0,20.9,6078.6,0.0,0.18,0.22,0.16,0.25,0.0,0.0,0.01
2026-09-13 15:30:36,5.54,2.77,2.27,1.26,0.5,20.76,6089.1,0.0,0.18,0.22,0.16,0.0,0.05,0.12,31.14
2026-09-13 15:30:37,1.51,0.75,0.5,0.0,0.25,20.76,6089.1,0.0,0.17,0.22,0.16,0.0,0.0,0.0,0.01
2026-09-13 15:30:38,4.28,2.52,1.26,0.0,0.5,20.63,6098.8,0.0,0.17,0.22,0.16,0.0,0.0,0.06,15.91
2026-09-13 15:30:39,5.04,2.77,2.02,0.0,0.25,20.61,6100.6,0.0,0.17,0.22,0.16,0.0,0.0,0.06,15.23
2026-09-13 15:30:40,1.51,0.5,1.01,1.26,0.0,20.61,6100.9,0.0,0.17,0.22,0.16,0.0,1.26,0.0,0.01
2026-09-13 15:30:41,14.14,10.61,3.03,1.52,0.51,20.77,6088.0,0.0,0.17,0.22,0.16,0.0,0.08,0.11,26.12
2026-09-13 15:30:42,4.52,2.76,1.76,0.0,0.0,21.43,6037.8,0.0,0.16,0.22,0.16,0.0,0.0,0.02,5.02
2026-09-13 15:30:43,1.26,0.5,0.75,0.0,0.0,21.43,6037.8,0.0,0.16,0.22,0.16,0.0,0.0,0.0,0.01
2026-09-13 15:30:44,8.86,5.82,2.28,0.25,0.76,21.08,6064.2,0.0,0.16,0.22,0.16,0.0,0.0,0.12,31.13
2026-09-13 15:30:45,2.27,1.26,1.01,0.25,0.0,21.09,6063.8,0.0,0.16,0.22,0.16,0.25,0.0,0.0,0.02
2026-09-13 15:30:46,1.5,0.75,0.75,0.0,0.0,21.09,6063.9,0.0,0.16,0.22,0.16,0.0,0.0,0.0,0.01
2026-09-13 15:30:47,7.32,4.29,2.53,1.52,0.51,21.69,6017.8,0.0,0.14,0.21,0.16,0.0,0.05,0.12,31.14
2026-09-13 15:30:48,1.26,0.5,0.75,0.0,0.0,21.66,6020.0,0.0,0.14,0.21,0.16,0.0,0.0,0.0,0.01
2026-09-13 15:30:49,1.01,0.25,0.76,0.0,0.0,21.62,6022.6,0.0,0.14,0.21,0.16,0.0,0.0,0.0,0.01
2026-09-13 15:30:50,8.1,5.32,2.28,0.0,0.51,21.15,6059.4,0.0,0.14,0.21,0.16,0.0,0.0,0.12,31.13
2026-09-13 15:30:51,1.26,0.25,1.01,0.0,0.0,21.1,6062.6,0.0,0.14,0.21,0.16,0.0,0.0,0.0,0.01
2026-09-13 15:30:52,3.77,3.02,0.75,0.0,0.0,21.02,6068.8,0.0,0.45,0.27,0.18,0.0,0.0,0.0,0.01
2026-09-13 15:30:53,5.79,2.27,2.77,1.51,0.76,21.14,6059.5,0.0,0.45,0.27,0.18,0.0,0.04,0.12,31.15
2026-09-13 15:30:54,1.26,0.5,0.75,0.0,0.0,21.14,6059.5,0.0,0.45,0.27,0.18,0.0,0.0,0.0,0.0
2026-09-13 15:30:55,4.57,3.3,1.02,0.25,0.25,20.98,6072.2,0.0,0.45,0.27,0.18,0.25,0.02,0.08,20.33
2026-09-13 15:30:56,14.36,10.83,3.27,1.01,0.25,20.84,6083.2,0.0,0.45,0.27,0.18,0.0,0.02,0.05,10.81
2026-09-13 15:30:57,3.25,2.0,1.0,0.0,0.25,20.81,6084.9,0.0,0.42,0.27,0.18,0.0,0.0,0.0,0.01
2026-09-13 15:30:58,16.75,12.94,3.3,9.64,0.51,21.79,6009.9,0.0,0.42,0.27,0.18,0.93,2.28,0.15,25.5
2026-09-13 15:30:59,2.26,1.01,1.26,0.5,0.0,21.91,6000.7,0.0,0.42,0.27,0.18,0.02,0.0,0.01,0.01
2026-09-13 15:31:00,1.5,0.75,0.75,0.5,0.0,21.76,6012.5,0.0,0.42,0.27,0.18,0.0,0.26,0.0,0.0
2026-09-13 15:31:01,2.03,0.51,1.27,10.38,0.25,21.57,6026.7,0.0,0.42,0.27,0.18,0.0,107.35,0.0,0.0
2026-09-13 15:31:02,2.78,0.51,2.02,24.75,0.25,21.54,6028.9,0.0,0.54,0.3,0.19,0.0,195.43,0.0,0.0
2026-09-13 15:31:03,2.26,1.51,0.75,2.01,0.0,21.52,6030.9,0.0,0.54,0.3,0.19,0.0,21.83,0.0,0.0
2026-09-13 15:31:04,1.26,0.51,0.76,0.0,0.0,21.49,6032.6,0.0,0.54,0.3,0.19,0.0,3.16,0.0,0.0
2026-09-13 15:31:05,2.51,1.25,1.25,0.25,0.0,21.53,6029.6,0.0,0.54,0.3,0.19,0.25,0.0,0.0,0.0
2026-09-13 15:31:06,1.25,0.5,0.75,0.0,0.0,21.51,6031.2,0.0,0.54,0.3,0.19,0.0,0.0,0.0,0.0
2026-09-13 15:31:07,1.26,0.5,0.76,0.0,0.0,21.47,6034.8,0.0,0.5,0.29,0.19,0.0,0.0,0.0,0.01
2026-09-13 15:31:08,1.01,0.5,0.5,0.0,0.0,21.44,6036.9,0.0,0.5,0.29,0.19,0.0,0.0,0.0,0.0
2026-09-13 15:31:09,1.01,0.5,0.5,0.0,0.0,21.42,6038.6,0.0,0.5,0.29,0.19,0.0,0.0,0.0,0.0
2026-09-13 15:31:10,1.26,0.5,0.76,1.26,0.0,21.39,6040.3,0.0,0.5,0.29,0.19,0.0,1.64,0.0,0.0
2026-09-13 15:31:11,10.8,8.79,2.01,0.5,0.0,21.44,6036.7,0.0,0.5,0.29,0.19,0.0,0.04,0.01,0.01
2026-09-13 15:31:12,1.26,0.5,0.5,0.0,0.25,21.44,6036.7,0.0,0.46,0.29,0.19,0.0,0.01,0.0,0.0
2026-09-13 15:31:13,1.5,0.5,1.0,0.0,0.0,21.44,6036.7,0.0,0.46,0.29,0.19,0.0,0.0,0.0,0.0
2026-09-13 15:31:14,1.26,0.5,0.75,0.0,0.0,21.44,6036.8,0.0,0.46,0.29,0.19,0.0,0.01,0.0,0.01
2026-09-13 15:31:15,2.27,1.01,1.26,0.25,0.0,21.39,6040.7,0.0,0.46,0.29,0.19,0.25,0.0,0.0,0.03
2026-09-13 15:31:16,1.26,0.5,0.75,0.0,0.0,21.25,6051.4,0.0,0.46,0.29,0.19,0.0,0.0,0.0,0.01
2026-09-13 15:31:17,1.26,0.5,0.75,0.5,0.0,21.24,6052.1,0.0,0.5,0.3,0.19,0.0,0.03,0.0,0.01
2026-09-13 15:31:18,1.51,0.5,1.01,0.0,0.0,21.24,6052.0,0.0,0.5,0.3,0.19,0.0,0.0,0.0,0.02
2026-09-13 15:31:19,1.26,0.5,0.75,0.0,0.0,21.23,6052.9,0.0,0.5,0.3,0.19,0.0,0.0,0.0,0.01
2026-09-13 15:31:20,1.26,0.5,0.76,0.0,0.0,21.22,6053.8,0.0,0.5,0.3,0.19,0.0,0.0,0.0,0.01
2026-09-13 15:31:21,1.5,0.25,1.25,0.0,0.0,21.21,6054.6,0.0,0.5,0.3,0.19,0.0,0.0,0.0,0.02
2026-09-13 15:31:22,2.02,1.26,0.76,0.25,0.0,21.2,6055.5,0.0,0.46,0.3,0.19,0.0,0.01,0.0,0.01
2026-09-13 15:31:23,1.5,0.75,0.75,0.0,0.0,21.19,6055.8,0.0,0.46,0.3,0.19,0.0,0.0,0.0,0.01
2026-09-13 15:31:24,1.75,0.5,1.0,0.0,0.25,21.19,6055.8,0.0,0.46,0.3,0.19,0.0,0.0,0.0,0.01
2026-09-13 15:31:25,2.02,1.26,0.76,0.25,0.0,21.2,6055.6,0.0,0.46,0.3,0.19,0.25,0.01,0.0,0.01
2026-09-13 15:31:26,10.55,9.05,1.51,0.5,0.0,21.01,6069.7,0.0,0.46,0.3,0.19,0.0,0.03,0.01,0.01
2026-09-13 15:31:27,1.75,0.75,1.0,0.0,0.0,21.01,6069.6,0.0,0.42,0.29,0.19,0.0,0.0,0.0,0.01
2026-09-13 15:31:28,0.76,0.25,0.51,0.51,0.0,21.02,6069.1,0.0,0.42,0.29,0.19,0.0,0.01,0.0,0.01
2026-09-13 15:31:29,1.5,0.5,1.0,0.0,0.0,21.02,6069.1,0.0,0.42,0.29,0.19,0.0,0.05,0.0,0.01
2026-09-13 15:31:30,1.26,0.5,0.75,0.0,0.0,21.02,6069.1,0.0,0.42,0.29,0.19,0.0,0.0,0.0,0.0
2026-09-13 15:31:31,1.51,0.25,1.01,0.0,0.25,20.99,6071.3,0.0,0.42,0.29,0.19,0.0,0.0,0.0,0.01
2026-09-13 15:31:32,1.25,0.5,0.75,0.0,0.0,20.99,6071.2,0.0,0.39,0.29,0.19,0.0,0.0,0.0,0.01
2026-09-13 15:31:33,1.26,0.51,0.76,0.0,0.0,21.0,6070.8,0.0,0.39,0.29,0.19,0.0,0.0,0.0,0.02
2026-09-13 15:31:34,1.26,0.5,0.76,0.0,0.0,21.0,6070.8,0.0,0.39,0.29,0.19,0.0,0.0,0.0,0.01
2026-09-13 15:31:35,2.27,1.01,1.26,0.0,0.0,21.06,6066.1,0.0,0.39,0.29,0.19,0.25,0.0,0.0,0.01
2026-09-13 15:31:36,1.01,0.5,0.5,0.0,0.0,21.06,6066.1,0.0,0.39,0.29,0.19,0.0,0.0,0.0,0.01
2026-09-13 15:31:37,1.5,0.5,0.75,0.0,0.25,21.06,6065.8,0.0,0.36,0.28,0.19,0.0,0.0,0.0,0.01
2026-09-13 15:31:38,1.51,0.5,1.01,0.0,0.0,21.06,6065.6,0.0,0.36,0.28,0.19,0.0,0.0,0.0,0.01
2026-09-13 15:31:39,1.5,0.5,0.75,0.0,0.25,21.06,6065.6,0.0,0.36,0.28,0.19,0.0,0.0,0.0,0.01
2026-09-13 15:31:40,1.01,0.25,0.76,0.0,0.0,21.07,6065.4,0.0,0.36,0.28,0.19,0.0,0.0,0.0,0.01
2026-09-13 15:31:41,9.55,8.04,1.51,0.75,0.0,21.21,6054.4,0.0,0.36,0.28,0.19,0.0,0.02,0.0,0.01
2026-09-13 15:31:42,3.27,1.76,1.51,1.76,0.0,20.94,6075.0,0.0,0.33,0.28,0.19,0.0,1.4,0.0,0.01
2026-09-13 15:31:43,1.5,0.5,1.0,0.25,0.0,20.94,6074.8,0.0,0.33,0.28,0.19,0.0,0.02,0.0,0.01
2026-09-13 15:31:44,1.5,0.5,0.75,0.0,0.25,20.94,6074.8,0.0,0.33,0.28,0.19,0.0,0.0,0.0,0.01
2026-09-13 15:31:45,2.27,1.26,1.01,0.25,0.0,21.01,6069.6,0.0,0.33,0.28,0.19,0.25,0.0,0.0,0.01
2026-09-13 15:31:46,1.26,0.5,0.75,0.0,0.0,21.0,6070.8,0.0,0.33,0.28,0.19,0.0,0.0,0.0,0.01
2026-09-13 15:31:47,1.26,0.5,0.75,0.5,0.0,21.0,6070.6,0.0,0.3,0.27,0.18,0.0,0.01,0.0,0.01
2026-09-13 15:31:48,1.75,0.75,0.75,0.0,0.25,21.01,6070.1,0.0,0.3,0.27,0.18,0.0,0.0,0.0,0.01
2026-09-13 15:31:49,1.75,0.5,1.25,0.0,0.0,21.01,6070.1,0.0,0.3,0.27,0.18,0.0,0.0,0.0,0.01
2026-09-13 15:31:50,1.26,0.5,0.76,0.0,0.0,21.01,6069.9,0.0,0.3,0.27,0.18,0.0,0.0,0.0,0.01
2026-09-13 15:31:51,1.01,0.25,0.76,0.0,0.0,21.01,6069.9,0.0,0.3,0.27,0.18,0.0,0.0,0.0,0.01
2026-09-13 15:31:52,1.5,0.5,1.0,0.0,0.0,21.01,6069.9,0.0,0.28,0.27,0.18,0.0,0.0,0.0,0.01
2026-09-13 15:31:53,1.26,0.5,0.75,0.0,0.0,21.01,6069.9,0.0,0.28,0.27,0.18,0.0,0.0,0.0,0.01
2026-09-13 15:31:54,1.01,0.5,0.5,0.0,0.0,21.01,6069.6,0.0,0.28,0.27,0.18,0.0,0.0,0.0,0.01
2026-09-13 15:31:55,2.02,1.01,1.01,0.25,0.0,21.09,6063.7,0.0,0.28,0.27,0.18,0.25,0.01,0.0,0.01
2026-09-13 15:31:56,5.28,3.77,1.51,0.0,0.0,21.1,6062.6,0.0,0.28,0.27,0.18,0.0,0.0,0.0,0.01
2026-09-13 15:31:57,7.05,5.54,1.51,1.01,0.0,21.1,6062.9,0.0,0.26,0.26,0.18,0.0,0.03,0.0,0.01
2026-09-13 15:31:58,1.5,0.5,0.75,0.0,0.25,21.06,6066.3,0.0,0.26,0.26,0.18,0.0,0.0,0.0,0.01
2026-09-13 15:31:59,1.26,0.5,0.76,0.0,0.0,21.04,6067.4,0.0,0.26,0.26,0.18,0.0,0.0,0.0,0.01
2026-09-13 15:32:00,2.02,1.51,0.5,0.25,0.0,21.05,6067.1,0.0,0.26,0.26,0.18,0.0,0.0,0.0,0.0
2026-09-13 15:32:01,1.25,0.5,0.75,0.0,0.0,21.05,6066.8,0.0,0.26,0.26,0.18,0.0,0.01,0.0,0.01
2026-09-13 15:32:02,1.26,0.25,1.01,0.5,0.0,21.03,6068.2,0.0,0.24,0.26,0.18,0.0,0.02,0.0,0.0
2026-09-13 15:32:03,1.51,0.5,0.75,0.0,0.25,21.03,6068.0,0.0,0.24,0.26,0.18,0.0,0.01,0.0,0.02
2026-09-13 15:32:04,1.51,0.5,1.01,0.0,0.0,21.03,6068.0,0.0,0.24,0.26,0.18,0.0,0.0,0.0,0.01
2026-09-13 15:32:05,2.26,1.26,1.01,0.25,0.0,21.06,6066.1,0.0,0.24,0.26,0.18,0.25,0.0,0.0,0.01
2026-09-13 15:32:06,1.26,0.5,0.75,0.0,0.0,21.06,6066.1,0.0,0.24,0.26,0.18,0.0,0.0,0.0,0.0
2026-09-13 15:32:07,1.5,0.75,0.75,0.0,0.0,21.06,6066.1,0.0,0.3,0.27,0.19,0.0,0.0,0.0,0.01
2026-09-13 15:32:08,1.26,0.5,0.76,0.0,0.0,21.06,6066.1,0.0,0.3,0.27,0.19,0.0,0.0,0.0,0.01
2026-09-13 15:32:09,1.01,0.5,0.5,0.5,0.0,21.06,6066.1,0.0,0.3,0.27,0.19,0.0,0.02,0.0,0.0
2026-09-13 15:32:10,1.26,0.5,0.75,0.0,0.0,21.06,6066.1,0.0,0.3,0.27,0.19,0.0,0.0,0.0,0.0
2026-09-13 15:32:11,1.75,0.75,1.0,0.0,0.0,21.09,6063.9,0.0,0.3,0.27,0.19,0.0,0.0,0.0,0.0
2026-09-13 15:32:12,10.55,8.29,2.01,0.5,0.25,21.06,6066.1,0.0,0.27,0.26,0.18,0.0,0.03,0.0,0.01
2026-09-13 15:32:13,1.26,0.75,0.5,0.0,0.0,21.06,6066.3,0.0,0.27,0.26,0.18,0.0,0.0,0.0,0.01
2026-09-13 15:32:14,1.26,0.5,0.75,0.0,0.0,21.06,6066.3,0.0,0.27,0.26,0.18,0.0,0.02,0.0,0.01
2026-09-13 15:32:15,2.02,1.01,1.01,1.77,0.0,21.07,6065.0,0.0,0.27,0.26,0.18,0.25,1.39,0.0,0.01
2026-09-13 15:32:16,1.26,0.5,0.75,0.0,0.0,21.07,6064.9,0.0,0.27,0.26,0.18,0.0,0.0,0.0,0.01
2026-09-13 15:32:17,1.01,0.5,0.5,0.5,0.0,20.97,6072.6,0.0,0.25,0.26,0.18,0.0,0.01,0.0,0.01
2026-09-13 15:32:18,1.26,0.76,0.5,0.0,0.0,20.97,6072.6,0.0,0.25,0.26,0.18,0.0,0.01,0.0,0.01
2026-09-13 15:32:19,2.51,1.51,1.01,0.25,0.0,20.99,6071.6,0.0,0.25,0.26,0.18,0.0,0.0,0.0,0.01
2026-09-13 15:32:20,1.01,0.5,0.5,0.0,0.0,20.99,6071.2,0.0,0.25,0.26,0.18,0.0,0.01,0.0,0.01
2026-09-13 15:32:21,2.0,0.75,1.0,0.0,0.25,20.99,6071.2,0.0,0.25,0.26,0.18,0.0,0.0,0.0,0.01
2026-09-13 15:32:22,1.01,0.25,0.76,0.0,0.0,20.99,6071.2,0.0,0.23,0.26,0.18,0.0,0.0,0.0,0.0
2026-09-13 15:32:23,1.26,0.5,0.75,0.0,0.0,20.99,6071.2,0.0,0.23,0.26,0.18,0.0,0.01,0.0,0.01
2026-09-13 15:32:24,1.26,0.5,0.75,0.0,0.0,20.99,6071.2,0.0,0.23,0.26,0.18,0.0,0.0,0.0,0.01
2026-09-13 15:32:25,2.02,1.26,0.76,0.76,0.0,21.04,6067.2,0.0,0.23,0.26,0.18,0.25,0.0,0.0,0.01
2026-09-13 15:32:26,1.01,0.25,0.75,0.0,0.0,21.05,6067.1,0.0,0.23,0.26,0.18,0.0,0.0,0.0,0.0
2026-09-13 15:32:27,10.35,8.59,1.77,0.51,0.0,21.0,6070.4,0.0,0.21,0.25,0.18,0.0,0.02,0.01,0.01
2026-09-13 15:32:28,1.75,0.5,1.0,0.0,0.25,21.01,6069.9,0.0,0.21,0.25,0.18,0.0,0.0,0.0,0.0
2026-09-13 15:32:29,1.26,0.5,0.76,0.5,0.0,21.01,6069.9,0.0,0.21,0.25,0.18,0.0,0.01,0.0,0.01
2026-09-13 15:32:30,1.25,0.5,0.75,0.0,0.0,21.01,6069.9,0.0,0.21,0.25,0.18,0.0,0.0,0.0,0.0
2026-09-13 15:32:31,1.26,0.5,0.75,0.0,0.0,21.01,6069.9,0.0,0.21,0.25,0.18,0.0,0.0,0.0,0.01
2026-09-13 15:32:32,1.01,0.51,0.51,0.0,0.0,20.99,6071.4,0.0,0.19,0.25,0.18,0.0,0.01,0.0,0.01
2026-09-13 15:32:33,1.01,0.25,0.76,0.0,0.0,20.99,6071.6,0.0,0.19,0.25,0.18,0.0,0.0,0.0,0.02
2026-09-13 15:32:34,1.51,0.75,0.75,0.0,0.0,20.99,6071.6,0.0,0.19,0.25,0.18,0.0,0.0,0.0,0.01
2026-09-13 15:32:35,2.02,1.01,1.01,0.0,0.0,20.99,6071.2,0.0,0.19,0.25,0.18,0.25,0.0,0.0,0.01
2026-09-13 15:32:36,1.26,0.5,0.75,0.0,0.0,20.99,6071.1,0.0,0.19,0.25,0.18,0.0,0.0,0.0,0.01
2026-09-13 15:32:37,1.75,1.0,0.75,0.0,0.0,21.0,6070.9,0.0,0.18,0.24,0.18,0.0,0.0,0.0,0.01
2026-09-13 15:32:38,2.51,1.51,1.01,0.25,0.0,21.0,6070.9,0.0,0.18,0.24,0.18,0.0,0.0,0.0,0.01
2026-09-13 15:32:39,1.5,0.75,0.75,0.0,0.0,21.0,6070.9,0.0,0.18,0.24,0.18,0.0,0.0,0.0,0.01
2026-09-13 15:32:40,1.5,0.5,0.75,0.0,0.25,21.0,6070.6,0.0,0.18,0.24,0.18,0.0,0.0,0.0,0.0
2026-09-13 15:32:41,0.76,0.25,0.5,0.0,0.0,21.0,6070.6,0.0,0.18,0.24,0.18,0.0,0.0,0.0,0.0
2026-09-13 15:32:42,10.58,8.82,1.76,1.01,0.0,21.0,6070.4,0.0,0.16,0.24,0.18,0.0,0.02,0.01,0.01
2026-09-13 15:32:43,1.5,0.75,0.75,0.0,0.0,21.0,6070.6,0.0,0.16,0.24,0.18,0.0,0.01,0.0,0.01
2026-09-13 15:32:44,1.26,0.5,0.75,0.0,0.0,21.0,6070.6,0.0,0.16,0.24,0.18,0.0,0.01,0.0,0.01
2026-09-13 15:32:45,2.02,1.26,0.76,0.25,0.0,21.07,6065.1,0.0,0.16,0.24,0.18,0.25,0.0,0.0,0.01
2026-09-13 15:32:46,0.76,0.25,0.5,0.0,0.0,21.07,6065.0,0.0,0.16,0.24,0.18,0.0,0.01,0.0,0.01
2026-09-13 15:32:47,2.01,0.75,1.0,0.0,0.25,21.0,6070.2,0.0,0.15,0.23,0.18,0.0,0.0,0.0,0.01
2026-09-13 15:32:48,1.26,0.5,0.75,0.25,0.0,21.01,6069.9,0.0,0.15,0.23,0.18,0.0,0.01,0.0,0.01
2026-09-13 15:32:49,1.26,0.5,0.76,0.0,0.0,21.01,6069.9,0.0,0.15,0.23,0.18,0.0,0.01,0.0,0.01
2026-09-13 15:32:50,1.26,0.76,0.5,0.0,0.0,21.01,6069.9,0.0,0.15,0.23,0.18,0.0,0.0,0.0,0.01
2026-09-13 15:32:51,1.5,0.5,0.75,1.25,0.25,21.0,6070.2,0.0,0.15,0.23,0.18,0.0,1.39,0.0,0.01
2026-09-13 15:32:52,2.27,1.01,1.26,0.0,0.0,21.02,6068.9,0.0,0.14,0.23,0.18,0.0,0.0,0.01,0.01
2026-09-13 15:32:53,1.5,0.5,1.0,0.0,0.0,21.02,6068.9,0.0,0.14,0.23,0.18,0.0,0.0,0.0,0.01
2026-09-13 15:32:54,1.75,0.75,0.75,0.0,0.25,21.02,6068.9,0.0,0.14,0.23,0.18,0.0,0.0,0.0,0.01
2026-09-13 15:32:55,2.26,1.26,1.01,0.25,0.0,21.03,6068.4,0.0,0.14,0.23,0.18,0.25,0.0,0.0,0.01
2026-09-13 15:32:56,1.26,0.5,0.75,0.0,0.0,21.03,6068.4,0.0,0.14,0.23,0.18,0.0,0.0,0.0,0.01
2026-09-13 15:32:57,12.09,9.82,2.27,0.76,0.0,20.98,6072.0,0.0,0.13,0.23,0.17,0.0,0.03,0.01,0.01
2026-09-13 15:32:58,1.5,0.75,0.5,0.0,0.25,20.51,6108.2,0.0,0.13,0.23,0.17,0.0,0.0,0.0,0.01
2026-09-13 15:32:59,1.5,0.5,1.0,0.0,0.0,20.51,6108.3,0.0,0.13,0.23,0.17,0.0,0.0,0.0,0.01
2026-09-13 15:33:00,1.26,0.5,0.75,0.0,0.0,20.5,6109.2,0.0,0.13,0.23,0.17,0.0,0.0,0.0,0.0
2026-09-13 15:33:01,1.26,0.5,0.75,0.0,0.0,20.49,6110.0,0.0,0.13,0.23,0.17,0.0,0.0,0.0,0.01
2026-09-13 15:33:02,1.5,0.5,1.0,0.0,0.0,20.48,6110.3,0.0,0.12,0.22,0.17,0.0,0.0,0.0,0.0
2026-09-13 15:33:03,1.26,0.76,0.5,0.5,0.0,20.49,6110.1,0.0,0.12,0.22,0.17,0.0,0.02,0.0,0.02
2026-09-13 15:33:04,1.26,0.5,0.76,0.0,0.0,20.48,6110.2,0.0,0.12,0.22,0.17,0.0,0.01,0.0,0.01
2026-09-13 15:33:05,2.26,1.26,1.01,0.25,0.0,20.56,6104.7,0.0,0.12,0.22,0.17,0.25,0.0,0.0,0.01
2026-09-13 15:33:06,1.01,0.25,0.76,0.0,0.0,20.56,6104.6,0.0,0.12,0.22,0.17,0.0,0.0,0.0,0.01
2026-09-13 15:33:07,1.75,0.75,0.75,0.0,0.25,20.56,6104.6,0.0,0.11,0.22,0.17,0.0,0.0,0.0,0.01
2026-09-13 15:33:08,1.26,0.5,0.76,0.0,0.0,20.56,6104.6,0.0,0.11,0.22,0.17,0.0,0.0,0.0,0.01
2026-09-13 15:33:09,1.26,0.5,0.75,0.0,0.0,20.56,6104.6,0.0,0.11,0.22,0.17,0.0,0.0,0.0,0.01
2026-09-13 15:33:10,1.26,0.5,0.75,0.5,0.0,20.56,6104.6,0.0,0.11,0.22,0.17,0.0,0.01,0.0,0.01
2026-09-13 15:33:11,1.26,0.5,0.75,0.0,0.0,20.56,6104.6,0.0,0.11,0.22,0.17,0.0,0.0,0.0,0.01
2026-09-13 15:33:12,10.35,8.59,1.77,0.51,0.0,20.45,6113.2,0.0,0.18,0.23,0.18,0.0,0.02,0.01,0.01
2026-09-13 15:33:13,1.26,0.5,0.5,0.0,0.25,20.45,6113.0,0.0,0.18,0.23,0.18,0.0,0.0,0.0,0.01
2026-09-13 15:33:14,1.51,0.5,1.01,0.0,0.0,20.45,6113.0,0.0,0.18,0.23,0.18,0.0,0.0,0.0,0.01
2026-09-13 15:33:15,2.26,1.26,1.01,0.5,0.0,20.48,6110.8,0.0,0.18,0.23,0.18,0.25,0.02,0.0,0.01
2026-09-13 15:33:16,2.51,1.51,1.01,0.0,0.0,20.48,6110.6,0.0,0.18,0.23,0.18,0.0,0.01,0.0,0.01
2026-09-13 15:33:17,6.52,2.51,3.76,6.52,0.25,20.17,6134.5,0.0,0.33,0.26,0.19,0.0,0.88,0.0,0.01
2026-09-13 15:33:18,11.36,7.58,3.54,14.9,0.25,20.4,6116.8,0.0,0.33,0.26,0.19,0.0,44.35,0.0,0.01
2026-09-13 15:33:19,11.81,9.55,2.26,24.62,0.0,20.5,6109.4,0.0,0.33,0.26,0.19,0.0,13.25,0.01,0.01
2026-09-13 15:33:20,1.52,0.51,0.76,24.49,0.25,20.43,6114.5,0.0,0.33,0.26,0.19,0.0,10.66,0.0,0.01
2026-09-13 15:33:21,1.76,0.5,1.26,24.62,0.0,20.35,6120.6,0.0,0.33,0.26,0.19,0.0,13.17,0.0,0.01
2026-09-13 15:33:22,1.02,0.51,0.51,24.37,0.0,20.27,6126.6,0.0,0.38,0.27,0.19,0.0,14.78,0.0,0.01
2026-09-13 15:33:23,2.0,0.25,1.5,24.75,0.25,20.28,6126.1,0.0,0.38,0.27,0.19,0.0,15.96,0.0,0.01
2026-09-13 15:33:24,1.52,0.51,1.01,24.49,0.0,20.22,6130.9,0.0,0.38,0.27,0.19,0.0,15.92,0.0,0.01
2026-09-13 15:33:25,16.62,13.6,3.02,23.17,0.0,20.61,6100.5,0.0,0.38,0.27,0.19,0.25,13.27,0.17,0.01
2026-09-13 15:33:26,13.03,9.52,3.26,21.8,0.25,20.55,6105.5,0.0,0.38,0.27,0.19,0.0,21.33,0.0,0.01
2026-09-13 15:33:27,32.41,27.59,4.81,22.03,0.0,20.7,6093.9,0.0,0.91,0.39,0.23,0.0,19.12,0.02,0.01
2026-09-13 15:33:28,2.02,0.76,1.01,25.19,0.25,20.7,6093.9,0.0,0.91,0.39,0.23,0.0,8.83,0.0,0.01
2026-09-13 15:33:29,7.85,3.04,4.81,23.54,0.0,20.72,6092.0,0.0,0.91,0.39,0.23,0.0,7.31,0.0,0.0
2026-09-13 15:33:30,1.76,0.75,1.01,25.38,0.0,20.69,6094.4,0.0,0.91,0.39,0.23,0.0,7.75,0.0,0.01
2026-09-13 15:33:31,4.29,2.02,2.02,21.72,0.25,21.24,6052.5,0.0,0.91,0.39,0.23,0.0,8.61,0.01,0.14
2026-09-13 15:33:32,8.29,7.54,0.75,17.59,0.0,21.21,6054.5,0.0,0.92,0.4,0.23,0.0,5.78,0.0,0.01
2026-09-13 15:33:33,9.62,8.61,1.01,16.2,0.0,21.24,6051.9,0.0,0.92,0.4,0.23,0.0,5.87,0.0,0.02
2026-09-13 15:33:34,9.3,8.29,1.01,16.83,0.0,21.21,6054.1,0.0,0.92,0.4,0.23,0.0,4.47,0.0,0.01
2026-09-13 15:33:35,10.08,8.82,1.01,19.65,0.25,21.22,6054.0,0.0,0.92,0.4,0.23,0.25,5.25,0.0,0.01
2026-09-13 15:33:36,9.3,8.29,1.01,17.09,0.0,21.17,6057.7,0.0,0.92,0.4,0.23,0.0,5.01,0.0,0.01
2026-09-13 15:33:37,18.69,15.66,3.03,23.23,0.0,21.45,6036.2,0.0,1.0,0.42,0.24,0.0,6.29,0.0,0.01
2026-09-13 15:33:38,28.5,24.25,4.0,0.25,0.25,21.14,6060.1,0.0,1.0,0.42,0.24,0.0,0.02,0.0,0.01
2026-09-13 15:33:39,1.51,0.5,1.01,0.0,0.0,20.87,6080.7,0.0,1.0,0.42,0.24,0.0,0.01,0.0,0.01
2026-09-13 15:33:40,1.5,0.5,1.0,0.0,0.0,20.85,6082.2,0.0,1.0,0.42,0.24,0.0,0.0,0.0,0.01
2026-09-13 15:33:41,1.51,0.5,1.01,7.3,0.0,20.83,6083.4,0.0,1.0,0.42,0.24,0.0,88.0,0.0,0.01
2026-09-13 15:33:42,7.02,5.26,1.75,2.01,0.0,20.91,6077.5,0.0,1.0,0.43,0.25,0.0,0.35,0.0,0.01
2026-09-13 15:33:43,5.28,4.02,1.26,0.5,0.0,21.17,6057.2,0.0,1.0,0.43,0.25,0.0,0.02,0.0,0.01
2026-09-13 15:33:44,1.01,0.25,0.76,0.0,0.0,21.17,6057.2,0.0,1.0,0.43,0.25,0.0,0.0,0.0,0.01
2026-09-13 15:33:45,2.75,1.5,1.0,0.25,0.25,21.17,6057.5,0.0,1.0,0.43,0.25,0.25,0.0,0.0,0.01
2026-09-13 15:33:46,1.76,0.75,1.01,4.77,0.0,21.14,6059.9,0.0,1.0,0.43,0.25,0.0,45.44,0.0,0.01
2026-09-13 15:33:47,1.26,0.25,1.01,0.25,0.0,20.99,6071.2,0.0,0.92,0.42,0.25,0.0,0.01,0.0,0.01
2026-09-13 15:33:48,1.51,0.76,0.76,0.25,0.0,20.99,6071.5,0.0,0.92,0.42,0.25,0.0,0.07,0.0,0.01
2026-09-13 15:33:49,1.01,0.25,0.76,0.0,0.0,20.98,6072.0,0.0,0.92,0.42,0.25,0.0,0.0,0.0,0.01
2026-09-13 15:33:50,1.51,0.5,0.75,0.0,0.25,20.97,6072.8,0.0,0.92,0.42,0.25,0.0,0.1,0.0,0.02
2026-09-13 15:33:51,1.26,0.5,0.75,0.0,0.0,20.96,6073.3,0.0,0.92,0.42,0.25,0.0,0.01,0.0,0.01
2026-09-13 15:33:52,1.26,0.5,0.75,0.0,0.0,20.76,6088.8,0.0,0.85,0.42,0.24,0.0,0.0,0.0,0.01
2026-09-13 15:33:53,1.01,0.51,0.51,0.0,0.0,20.76,6088.8,0.0,0.85,0.42,0.24,0.0,0.0,0.0,0.01
2026-09-13 15:33:54,11.59,9.82,1.76,1.01,0.0,20.59,6102.0,0.0,0.85,0.42,0.24,0.0,0.05,0.01,0.01
2026-09-13 15:33:55,2.26,1.51,0.75,0.25,0.0,20.65,6097.9,0.0,0.85,0.42,0.24,0.25,0.0,0.0,0.01
2026-09-13 15:33:56,1.01,0.25,0.76,1.51,0.0,20.64,6098.0,0.0,0.85,0.42,0.24,0.0,2.25,0.0,0.01
2026-09-13 15:33:57,2.77,1.51,1.01,1.01,0.25,20.65,6097.6,0.0,0.86,0.43,0.25,0.0,0.01,0.0,0.01
2026-09-13 15:33:58,9.75,8.0,1.75,0.5,0.0,20.7,6093.6,0.0,0.86,0.43,0.25,0.0,0.03,0.0,0.01
2026-09-13 15:33:59,1.26,0.5,0.75,0.0,0.0,20.69,6094.8,0.0,0.86,0.43,0.25,0.0,0.0,0.0,0.0
2026-09-13 15:34:00,2.53,1.01,1.52,16.71,0.0,20.59,6102.5,0.0,0.86,0.43,0.25,0.0,3.37,0.0,0.01
2026-09-13 15:34:01,1.26,0.5,0.76,24.69,0.0,20.61,6100.5,0.0,0.86,0.43,0.25,0.0,10.16,0.0,0.0
2026-09-13 15:34:02,2.01,0.75,1.0,24.31,0.25,20.68,6095.5,0.0,0.95,0.45,0.26,0.0,8.16,0.0,0.01
2026-09-13 15:34:03,12.69,6.85,5.84,12.18,0.0,20.65,6097.5,0.0,0.95,0.45,0.26,0.0,20.45,0.02,0.01
2026-09-13 15:34:04,2.01,0.75,1.0,0.0,0.25,20.63,6098.7,0.0,0.95,0.45,0.26,0.0,0.01,0.05,0.01
2026-09-13 15:34:05,2.52,1.51,1.01,0.0,0.0,20.65,6097.2,0.0,0.95,0.45,0.26,0.25,0.01,0.15,0.02
2026-09-13 15:34:06,1.26,0.76,0.5,0.25,0.0,20.65,6097.1,0.0,0.95,0.45,0.26,0.0,0.06,0.05,0.01
2026-09-13 15:34:07,1.5,0.5,1.0,0.0,0.0,20.65,6097.1,0.0,0.88,0.45,0.26,0.0,0.0,0.0,0.01
2026-09-13 15:34:08,1.01,0.5,0.5,0.25,0.0,20.65,6097.1,0.0,0.88,0.45,0.26,0.0,0.11,0.0,0.0
2026-09-13 15:34:09,1.26,0.5,0.75,0.0,0.0,20.65,6097.2,0.0,0.88,0.45,0.26,0.0,0.03,0.0,0.0
2026-09-13 15:34:10,1.5,0.5,1.0,0.0,0.0,20.66,6097.0,0.0,0.88,0.45,0.26,0.0,0.0,0.0,0.0
2026-09-13 15:34:11,1.51,0.5,0.75,0.0,0.25,20.66,6097.0,0.0,0.88,0.45,0.26,0.0,0.0,0.0,0.01
2026-09-13 15:34:12,1.26,0.5,0.75,0.0,0.0,20.66,6097.0,0.0,0.81,0.44,0.26,0.0,0.0,0.0,0.01
2026-09-13 15:34:13,11.59,9.57,2.02,0.76,0.0,21.11,6062.0,0.0,0.81,0.44,0.26,0.0,0.03,0.01,0.01
2026-09-13 15:34:14,12.22,10.22,2.0,0.75,0.0,20.88,6079.7,0.0,0.81,0.44,0.26,0.0,0.04,0.01,0.05
2026-09-13 15:34:15,2.02,1.01,1.01,0.0,0.0,20.91,6077.6,0.0,0.81,0.44,0.26,0.25,0.0,0.0,0.01
2026-09-13 15:34:16,1.26,0.5,0.5,0.0,0.25,20.91,6077.6,0.0,0.81,0.44,0.26,0.0,0.0,0.0,0.01
2026-09-13 15:34:17,1.01,0.5,0.5,0.0,0.0,20.91,6077.6,0.0,0.74,0.43,0.25,0.0,0.0,0.0,0.01
2026-09-13 15:34:18,1.51,0.25,1.01,0.75,0.25,20.8,6085.8,0.0,0.74,0.43,0.25,0.0,0.28,0.0,0.01
2026-09-13 15:34:19,1.76,1.01,0.75,0.5,0.0,20.78,6087.6,0.0,0.74,0.43,0.25,0.0,0.03,0.0,0.01
2026-09-13 15:34:20,1.01,0.25,0.5,0.0,0.25,20.78,6087.5,0.0,0.74,0.43,0.25,0.0,0.0,0.0,0.01
2026-09-13 15:34:21,1.01,0.25,0.75,0.0,0.0,20.78,6087.5,0.0,0.74,0.43,0.25,0.0,0.0,0.0,0.01
2026-09-13 15:34:22,1.25,0.5,0.75,0.0,0.0,20.78,6087.5,0.0,0.68,0.42,0.25,0.0,0.0,0.0,0.01
2026-09-13 15:34:23,0.76,0.25,0.51,0.0,0.0,20.78,6087.5,0.0,0.68,0.42,0.25,0.0,0.0,0.0,0.01
2026-09-13 15:34:24,1.01,0.5,0.5,0.0,0.0,20.78,6087.5,0.0,0.68,0.42,0.25,0.0,0.0,0.0,0.01
2026-09-13 15:34:25,2.01,1.01,1.01,0.5,0.0,20.82,6084.2,0.0,0.68,0.42,0.25,0.25,0.01,0.0,0.0
2026-09-13 15:34:26,6.78,5.03,1.51,0.25,0.25,20.79,6087.0,0.0,0.68,0.42,0.25,0.0,0.01,0.01,0.01
2026-09-13 15:34:27,4.79,3.53,1.26,0.76,0.0,20.79,6086.5,0.0,0.63,0.42,0.25,0.0,0.02,0.01,0.01
2026-09-13 15:34:28,10.55,8.79,1.51,0.5,0.25,20.86,6081.5,0.0,0.63,0.42,0.25,0.0,0.03,0.01,0.01
2026-09-13 15:34:29,1.01,0.25,0.76,5.79,0.0,20.86,6081.3,0.0,0.63,0.42,0.25,0.0,2.89,0.0,0.0
2026-09-13 15:34:30,1.26,0.5,0.75,0.0,0.0,20.86,6081.3,0.0,0.63,0.42,0.25,0.0,0.0,0.0,0.01
2026-09-13 15:34:31,1.26,0.5,0.75,0.0,0.0,20.84,6082.9,0.0,0.63,0.42,0.25,0.0,0.01,0.0,0.01
2026-09-13 15:34:32,2.01,1.26,0.75,0.5,0.0,20.86,6081.3,0.0,0.58,0.41,0.25,0.0,0.02,0.0,0.02
2026-09-13 15:34:33,1.51,0.5,1.01,0.0,0.0,20.87,6080.9,0.0,0.58,0.41,0.25,0.0,0.0,0.0,0.02
2026-09-13 15:34:34,1.01,0.25,0.75,0.0,0.0,20.87,6080.8,0.0,0.58,0.41,0.25,0.0,0.17,0.0,0.01
2026-09-13 15:34:35,2.75,1.5,1.0,0.25,0.25,20.94,6074.9,0.0,0.58,0.41,0.25,0.25,0.0,0.0,0.01
2026-09-13 15:34:36,1.01,0.5,0.5,0.0,0.0,20.94,6074.9,0.0,0.58,0.41,0.25,0.0,0.0,0.0,0.01
2026-09-13 15:34:37,1.26,0.75,0.5,0.0,0.0,20.94,6074.9,0.0,0.53,0.4,0.25,0.0,0.0,0.0,0.01
2026-09-13 15:34:38,1.01,0.25,0.75,0.0,0.0,20.94,6074.9,0.0,0.53,0.4,0.25,0.0,0.0,0.0,0.0
2026-09-13 15:34:39,1.26,0.5,0.75,0.0,0.0,20.94,6074.9,0.0,0.53,0.4,0.25,0.0,0.0,0.0,0.0
2026-09-13 15:34:40,1.01,0.5,0.5,0.0,0.0,20.94,6074.9,0.0,0.53,0.4,0.25,0.0,0.0,0.0,0.0
2026-09-13 15:34:41,1.25,0.5,0.75,0.0,0.0,20.94,6074.9,0.0,0.53,0.4,0.25,0.0,0.0,0.0,0.01
2026-09-13 15:34:42,1.01,0.5,0.5,0.0,0.0,20.94,6074.9,0.0,0.49,0.39,0.25,0.0,0.0,0.0,0.01
2026-09-13 15:34:43,10.3,8.29,1.76,1.01,0.25,21.12,6061.4,0.0,0.49,0.39,0.25,0.0,0.03,0.01,0.01
2026-09-13 15:34:44,1.26,0.25,1.01,0.0,0.0,21.12,6061.4,0.0,0.49,0.39,0.25,0.0,0.0,0.0,0.01
2026-09-13 15:34:45,2.01,1.01,1.01,0.25,0.0,21.14,6059.5,0.0,0.49,0.39,0.25,0.25,0.0,0.0,0.01
2026-09-13 15:34:46,1.01,0.5,0.5,0.0,0.0,21.14,6059.5,0.0,0.49,0.39,0.25,0.0,0.0,0.0,0.01
2026-09-13 15:34:47,1.01,0.51,0.51,0.0,0.0,21.14,6059.5,0.0,0.45,0.39,0.25,0.0,0.01,0.0,0.01
2026-09-13 15:34:48,1.75,0.75,1.0,0.5,0.0,21.13,6060.7,0.0,0.45,0.39,0.25,0.0,0.01,0.0,0.01
2026-09-13 15:34:49,1.01,0.5,0.5,0.25,0.0,21.13,6060.5,0.0,0.45,0.39,0.25,0.0,0.02,0.0,0.01
2026-09-13 15:34:50,1.01,0.25,0.76,0.0,0.0,21.13,6060.5,0.0,0.45,0.39,0.25,0.0,0.01,0.0,0.01
2026-09-13 15:34:51,2.5,1.25,1.0,0.25,0.25,21.13,6060.5,0.0,0.45,0.39,0.25,0.0,0.0,0.0,0.01
2026-09-13 15:34:52,1.01,0.5,0.5,0.0,0.0,21.13,6060.2,0.0,0.41,0.38,0.24,0.0,0.0,0.0,0.01
2026-09-13 15:34:53,1.01,0.25,0.76,0.0,0.0,21.13,6060.2,0.0,0.41,0.38,0.24,0.0,0.0,0.0,0.01
2026-09-13 15:34:54,1.01,0.5,0.5,0.0,0.0,21.13,6060.2,0.0,0.41,0.38,0.24,0.0,0.0,0.0,0.01
2026-09-13 15:34:55,2.02,1.01,1.01,0.25,0.0,21.13,6060.2,0.0,0.41,0.38,0.24,0.25,0.0,0.0,0.01
2026-09-13 15:34:56,1.01,0.25,0.75,0.0,0.0,21.13,6060.2,0.0,0.41,0.38,0.24,0.0,0.0,0.0,0.01
2026-09-13 15:34:57,1.26,0.5,0.5,0.0,0.25,21.14,6060.0,0.0,0.38,0.37,0.24,0.0,0.0,0.0,0.01
2026-09-13 15:34:58,10.55,8.79,1.76,0.75,0.0,20.26,6127.1,0.0,0.38,0.37,0.24,0.0,0.02,0.01,0.01
2026-09-13 15:34:59,1.01,0.25,0.75,0.0,0.0,20.25,6128.0,0.0,0.38,0.37,0.24,0.0,0.01,0.0,0.0
2026-09-13 15:35:00,1.26,0.75,0.5,0.0,0.0,20.24,6128.8,0.0,0.38,0.37,0.24,0.0,0.0,0.0,0.01
2026-09-13 15:35:01,0.76,0.0,0.76,1.01,0.0,20.23,6129.9,0.0,0.38,0.37,0.24,0.0,1.77,0.0,0.0
2026-09-13 15:35:02,1.25,0.5,0.75,0.0,0.0,20.23,6130.0,0.0,0.43,0.39,0.25,0.0,0.0,0.0,0.01
2026-09-13 15:35:04,1.26,0.5,0.76,0.0,0.0,20.16,6135.2,0.0,0.43,0.39,0.25,0.0,0.0,0.0,0.01
2026-09-13 15:35:05,1.25,0.25,0.75,0.5,0.25,20.16,6135.2,0.0,0.43,0.39,0.25,0.0,0.03,0.0,0.01
2026-09-13 15:35:06,2.5,1.25,1.25,0.25,0.0,20.18,6133.3,0.0,0.43,0.39,0.25,0.25,0.0,0.0,0.01
2026-09-13 15:35:07,1.01,0.25,0.76,0.0,0.0,20.19,6133.2,0.0,0.43,0.39,0.25,0.0,0.0,0.0,0.01
2026-09-13 15:35:08,1.26,0.5,0.75,0.0,0.0,20.19,6133.1,0.0,0.39,0.38,0.25,0.0,0.01,0.0,0.01
2026-09-13 15:35:09,1.26,0.5,0.76,0.0,0.0,20.19,6133.0,0.0,0.39,0.38,0.25,0.0,0.01,0.0,0.01
2026-09-13 15:35:10,1.25,0.25,1.0,0.0,0.0,20.19,6133.0,0.0,0.39,0.38,0.25,0.0,0.0,0.0,0.0
2026-09-13 15:35:11,2.26,1.5,0.75,0.25,0.0,20.19,6133.0,0.0,0.39,0.38,0.25,0.0,0.0,0.0,0.0
2026-09-13 15:35:12,1.01,0.25,0.5,0.0,0.25,20.19,6133.0,0.0,0.39,0.38,0.25,0.0,0.0,0.0,0.01
2026-09-13 15:35:13,1.25,0.5,0.75,0.0,0.0,20.19,6133.0,0.0,0.36,0.37,0.24,0.0,0.0,0.0,0.01
2026-09-13 15:35:14,10.78,9.02,1.75,1.5,0.0,20.14,6136.7,0.0,0.36,0.37,0.24,0.0,0.05,0.01,0.01
2026-09-13 15:35:15,1.26,0.25,0.75,0.0,0.25,20.14,6136.7,0.0,0.36,0.37,0.24,0.0,0.0,0.0,0.01
2026-09-13 15:35:16,1.76,1.01,0.76,0.25,0.0,20.17,6134.2,0.0,0.36,0.37,0.24,0.25,0.0,0.0,0.01
2026-09-13 15:35:17,1.51,0.5,1.01,0.0,0.0,20.17,6134.2,0.0,0.36,0.37,0.24,0.0,0.0,0.0,0.01
2026-09-13 15:35:18,1.01,0.25,0.76,0.0,0.0,20.17,6134.2,0.0,0.33,0.37,0.24,0.0,0.0,0.0,0.01
2026-09-13 15:35:19,1.75,0.75,0.75,0.0,0.25,20.15,6135.5,0.0,0.33,0.37,0.24,0.0,0.0,0.0,0.02
2026-09-13 15:35:20,1.26,0.5,0.75,1.26,0.0,20.15,6135.5,0.0,0.33,0.37,0.24,0.0,0.04,0.0,0.01
2026-09-13 15:35:21,1.26,0.5,0.75,0.0,0.0,20.15,6135.5,0.0,0.33,0.37,0.24,0.0,0.0,0.0,0.01
2026-09-13 15:35:22,1.01,0.5,0.5,0.0,0.0,20.15,6135.5,0.0,0.33,0.37,0.24,0.0,0.0,0.0,0.01
2026-09-13 15:35:23,1.25,0.5,0.75,0.0,0.0,20.16,6135.3,0.0,0.31,0.36,0.24,0.0,0.0,0.0,0.01
2026-09-13 15:35:24,1.26,0.25,0.75,0.0,0.25,20.16,6135.3,0.0,0.31,0.36,0.24,0.0,0.0,0.0,0.01
2026-09-13 15:35:25,1.25,0.5,0.75,0.0,0.0,20.16,6135.3,0.0,0.31,0.36,0.24,0.0,0.0,0.0,0.01
2026-09-13 15:35:26,1.51,0.75,0.75,0.25,0.0,20.16,6135.3,0.0,0.31,0.36,0.24,0.0,0.0,0.0,0.01
2026-09-13 15:35:27,1.76,0.76,1.01,0.0,0.0,20.18,6133.6,0.0,0.31,0.36,0.24,0.25,0.0,0.0,0.01
2026-09-13 15:35:28,1.5,0.5,1.0,0.0,0.0,20.18,6133.6,0.0,0.44,0.39,0.25,0.0,0.0,0.0,0.0
2026-09-13 15:35:29,16.0,12.75,3.0,1.75,0.25,20.22,6130.8,0.0,0.44,0.39,0.25,0.09,0.03,0.01,0.02
2026-09-13 15:35:30,8.79,7.04,1.76,1.26,0.0,20.26,6127.7,0.0,0.44,0.39,0.25,0.0,0.02,0.0,0.0
2026-09-13 15:35:31,1.01,0.5,0.5,0.0,0.0,20.23,6130.1,0.0,0.44,0.39,0.25,0.0,0.0,0.0,0.01
2026-09-13 15:35:32,1.25,0.5,0.5,0.0,0.25,20.2,6132.1,0.0,0.44,0.39,0.25,0.0,0.0,0.0,0.01
2026-09-13 15:35:33,1.01,0.25,0.75,0.0,0.0,20.18,6133.6,0.0,0.41,0.38,0.25,0.0,0.0,0.0,0.01
2026-09-13 15:35:34,1.75,0.75,1.0,0.0,0.0,20.08,6141.4,0.0,0.41,0.38,0.25,0.0,0.0,0.0,0.02
2026-09-13 15:35:35,1.01,0.5,0.5,0.25,0.0,20.08,6141.3,0.0,0.41,0.38,0.25,0.0,0.02,0.0,0.01
2026-09-13 15:35:36,1.76,1.01,0.75,0.25,0.0,20.09,6140.5,0.0,0.41,0.38,0.25,0.0,0.0,0.0,0.01
2026-09-13 15:35:37,1.75,0.5,1.25,0.0,0.0,20.16,6135.2,0.0,0.41,0.38,0.25,0.25,0.0,0.0,0.01
2026-09-13 15:35:38,1.26,0.5,0.75,0.0,0.0,20.16,6135.4,0.0,0.37,0.37,0.25,0.0,0.0,0.0,0.01
2026-09-13 15:35:39,1.26,0.5,0.5,0.0,0.25,20.14,6136.6,0.0,0.37,0.37,0.25,0.0,0.01,0.01,0.01
2026-09-13 15:35:40,1.26,0.5,0.75,1.26,0.0,20.15,6136.2,0.0,0.37,0.37,0.25,0.0,1.14,0.0,0.01
2026-09-13 15:35:41,0.76,0.25,0.5,0.0,0.0,20.16,6135.2,0.0,0.37,0.37,0.25,0.0,0.0,0.0,0.01
2026-09-13 15:35:42,1.25,0.75,0.5,0.0,0.0,20.16,6135.2,0.0,0.37,0.37,0.25,0.0,0.0,0.0,0.01
2026-09-13 15:35:43,1.01,0.25,0.76,0.0,0.0,20.16,6135.0,0.0,0.34,0.37,0.25,0.0,0.0,0.0,0.01
2026-09-13 15:35:44,5.51,3.76,1.5,0.0,0.25,20.16,6134.8,0.0,0.34,0.37,0.25,0.0,0.0,0.0,0.02
2026-09-13 15:35:45,6.31,5.05,1.26,1.01,0.0,20.0,6147.6,0.0,0.34,0.37,0.25,0.0,0.03,0.0,0.01
2026-09-13 15:35:46,1.26,0.76,0.51,0.25,0.0,20.01,6146.3,0.0,0.34,0.37,0.25,0.0,0.0,0.01,0.01
2026-09-13 15:35:47,2.0,0.75,1.25,0.0,0.0,20.09,6140.4,0.0,0.34,0.37,0.25,0.25,0.0,0.0,0.01
2026-09-13 15:35:48,1.01,0.5,0.5,0.0,0.0,20.09,6140.4,0.0,0.32,0.36,0.24,0.0,0.0,0.0,0.01
2026-09-13 15:35:49,2.26,1.51,0.75,0.25,0.0,20.1,6140.0,0.0,0.32,0.36,0.24,0.0,0.0,0.0,0.02
2026-09-13 15:35:50,1.26,0.75,0.5,0.75,0.0,20.08,6141.5,0.0,0.32,0.36,0.24,0.0,0.02,0.0,0.01
2026-09-13 15:35:51,1.01,0.25,0.5,0.0,0.25,20.08,6141.5,0.0,0.32,0.36,0.24,0.0,0.0,0.0,0.02
2026-09-13 15:35:52,1.26,0.5,0.75,0.0,0.0,20.08,6141.5,0.0,0.32,0.36,0.24,0.0,0.0,0.0,0.01
2026-09-13 15:35:53,1.5,0.75,0.75,0.0,0.0,20.08,6141.5,0.0,0.29,0.35,0.24,0.0,0.0,0.0,0.01
2026-09-13 15:35:54,1.01,0.5,0.5,0.0,0.0,20.08,6141.5,0.0,0.29,0.35,0.24,0.0,0.0,0.0,0.01
2026-09-13 15:35:55,1.5,0.5,1.0,0.5,0.0,20.08,6141.0,0.0,0.29,0.35,0.24,0.14,0.0,0.0,0.01
2026-09-13 15:35:56,1.51,0.75,0.5,0.25,0.25,20.1,6139.5,0.0,0.29,0.35,0.24,0.0,0.0,0.0,0.01
2026-09-13 15:35:57,1.51,0.76,0.76,0.0,0.0,20.15,6135.6,0.0,0.29,0.35,0.24,0.25,0.0,0.0,0.01
2026-09-13 15:35:58,1.01,0.5,0.5,0.0,0.0,20.15,6135.6,0.0,0.27,0.35,0.24,0.0,0.01,0.0,0.01
2026-09-13 15:35:59,2.01,1.01,1.01,0.0,0.0,20.15,6135.6,0.0,0.27,0.35,0.24,0.0,0.0,0.0,0.01
2026-09-13 15:36:00,10.03,8.52,1.5,0.75,0.0,20.09,6140.7,0.0,0.27,0.35,0.24,0.0,0.04,0.0,0.0
2026-09-13 15:36:01,1.01,0.25,0.76,0.25,0.0,20.09,6140.4,0.0,0.27,0.35,0.24,0.0,0.06,0.0,0.01
2026-09-13 15:36:02,1.01,0.5,0.5,0.0,0.0,20.09,6140.4,0.0,0.27,0.35,0.24,0.0,0.0,0.0,0.0
2026-09-13 15:36:03,1.26,0.5,0.5,0.0,0.25,20.09,6140.7,0.0,0.25,0.34,0.24,0.0,0.0,0.0,0.01
2026-09-13 15:36:04,1.26,0.5,0.75,0.0,0.0,20.1,6140.0,0.0,0.25,0.34,0.24,0.0,0.0,0.0,0.01
2026-09-13 15:36:05,11.03,8.77,2.26,0.75,0.0,20.01,6146.4,0.0,0.25,0.34,0.24,0.0,0.02,0.01,0.01
2026-09-13 15:36:06,1.27,0.76,0.51,0.0,0.0,20.04,6144.4,0.0,0.25,0.34,0.24,0.0,0.05,0.0,0.0
2026-09-13 15:36:07,1.75,0.75,1.0,0.25,0.0,20.08,6141.3,0.0,0.25,0.34,0.24,0.25,0.02,0.0,0.01
2026-09-13 15:36:08,2.27,1.51,0.76,0.0,0.0,20.08,6141.3,0.0,0.22,0.34,0.24,0.0,0.01,0.0,0.01
2026-09-13 15:36:09,1.5,0.5,0.75,0.0,0.25,20.08,6141.3,0.0,0.22,0.34,0.24,0.0,0.0,0.0,0.01
2026-09-13 15:36:10,1.01,0.5,0.5,0.0,0.0,20.08,6141.3,0.0,0.22,0.34,0.24,0.0,0.01,0.0,0.0
2026-09-13 15:36:11,1.25,0.5,0.75,0.75,0.0,20.0,6147.5,0.0,0.22,0.34,0.24,0.0,0.02,0.0,0.01
2026-09-13 15:36:12,0.76,0.25,0.5,0.0,0.0,20.0,6147.5,0.0,0.22,0.34,0.24,0.0,0.0,0.0,0.01
2026-09-13 15:36:13,1.25,0.5,0.75,0.0,0.0,20.0,6147.5,0.0,0.21,0.33,0.24,0.0,0.0,0.0,0.01
2026-09-13 15:36:14,1.01,0.5,0.5,1.26,0.0,20.01,6146.8,0.0,0.21,0.33,0.24,0.0,1.14,0.0,0.0
2026-09-13 15:36:15,10.8,8.79,1.76,0.5,0.25,20.25,6128.1,0.0,0.21,0.33,0.24,0.0,0.02,0.01,0.01
2026-09-13 15:36:16,1.76,1.01,0.75,0.25,0.0,20.27,6126.3,0.0,0.21,0.33,0.24,0.0,0.0,0.0,0.01
2026-09-13 15:36:17,1.76,0.75,1.01,0.25,0.0,20.3,6124.7,0.0,0.21,0.33,0.24,0.25,0.01,0.0,0.01
2026-09-13 15:36:18,1.26,0.5,0.75,0.0,0.0,20.25,6127.9,0.0,0.19,0.33,0.24,0.0,0.0,0.0,0.01
2026-09-13 15:36:19,1.26,0.5,0.75,0.0,0.0,20.23,6129.6,0.0,0.19,0.33,0.24,0.0,0.0,0.01,0.02
2026-09-13 15:36:20,1.26,0.5,0.75,0.0,0.0,20.12,6138.3,0.0,0.19,0.33,0.24,0.0,0.0,0.0,0.01
2026-09-13 15:36:21,1.01,0.25,0.76,0.0,0.0,20.12,6138.3,0.0,0.19,0.33,0.24,0.0,0.0,0.0,0.01
2026-09-13 15:36:22,1.01,0.25,0.75,0.0,0.0,20.12,6138.3,0.0,0.19,0.33,0.24,0.0,0.0,0.0,0.01
2026-09-13 15:36:23,1.01,0.5,0.5,0.0,0.0,20.12,6138.1,0.0,0.17,0.32,0.23,0.0,0.0,0.0,0.01
2026-09-13 15:36:24,0.76,0.25,0.5,0.0,0.0,20.12,6138.1,0.0,0.17,0.32,0.23,0.0,0.0,0.0,0.01
2026-09-13 15:36:25,0.76,0.51,0.25,0.0,0.0,20.12,6138.1,0.0,0.17,0.32,0.23,0.0,0.0,0.01,0.01
2026-09-13 15:36:26,1.51,0.75,0.75,0.25,0.0,20.1,6139.4,0.0,0.17,0.32,0.23,0.0,0.0,0.0,0.01
2026-09-13 15:36:27,3.01,1.5,1.25,0.25,0.25,20.16,6135.2,0.0,0.17,0.32,0.23,0.25,0.0,0.0,0.01
2026-09-13 15:36:28,1.01,0.5,0.5,0.0,0.0,20.16,6135.2,0.0,0.16,0.31,0.23,0.0,0.0,0.0,0.01
2026-09-13 15:36:29,0.76,0.25,0.51,0.0,0.0,20.16,6135.2,0.0,0.16,0.31,0.23,0.0,0.38,0.0,0.01
2026-09-13 15:36:30,10.78,8.77,2.01,1.5,0.0,20.1,6139.9,0.0,0.16,0.31,0.23,0.0,0.03,0.01,0.0
2026-09-13 15:36:31,1.01,0.25,0.75,0.25,0.0,20.1,6139.8,0.0,0.16,0.31,0.23,0.0,0.01,0.0,0.01
2026-09-13 15:36:32,1.01,0.25,0.76,0.0,0.0,20.1,6139.8,0.0,0.16,0.31,0.23,0.0,0.0,0.0,0.01
2026-09-13 15:36:33,1.01,0.5,0.5,0.0,0.0,20.1,6139.8,0.0,0.15,0.31,0.23,0.0,0.0,0.0,0.02
2026-09-13 15:36:34,1.26,0.5,0.76,0.0,0.0,20.09,6140.3,0.0,0.15,0.31,0.23,0.0,0.01,0.0,0.02
2026-09-13 15:36:35,1.01,0.25,0.76,0.25,0.0,20.06,6142.5,0.0,0.15,0.31,0.23,0.0,0.39,0.0,0.01
2026-09-13 15:36:36,2.01,1.0,0.75,0.25,0.25,20.07,6142.2,0.0,0.15,0.31,0.23,0.0,0.0,0.0,0.01
2026-09-13 15:36:37,1.76,0.75,1.01,0.0,0.0,20.09,6140.4,0.0,0.15,0.31,0.23,0.25,0.01,0.04,0.01
2026-09-13 15:36:38,1.5,0.5,1.0,0.0,0.0,20.09,6140.4,0.0,0.14,0.3,0.23,0.0,0.0,0.0,0.01
2026-09-13 15:36:39,1.26,0.75,0.5,0.0,0.0,20.09,6140.4,0.0,0.14,0.3,0.23,0.0,0.0,0.0,0.0
2026-09-13 15:36:40,1.01,0.25,0.76,0.0,0.0,20.09,6140.4,0.0,0.14,0.3,0.23,0.0,0.0,0.0,0.0
2026-09-13 15:36:41,1.01,0.5,0.5,0.0,0.0,20.09,6140.5,0.0,0.14,0.3,0.23,0.0,0.01,0.0,0.0
2026-09-13 15:36:42,1.25,0.5,0.75,0.0,0.0,20.09,6140.5,0.0,0.14,0.3,0.23,0.0,0.0,0.0,0.01
2026-09-13 15:36:43,0.76,0.25,0.5,0.0,0.0,20.09,6140.5,0.0,0.12,0.3,0.23,0.0,0.0,0.0,0.01
2026-09-13 15:36:44,1.5,0.5,1.0,0.0,0.0,20.09,6140.2,0.0,0.12,0.3,0.23,0.0,0.0,0.0,0.01
2026-09-13 15:36:45,10.58,8.56,1.76,0.25,0.25,20.2,6132.4,0.0,0.12,0.3,0.23,0.0,0.02,0.01,0.01
2026-09-13 15:36:46,2.76,1.76,1.01,1.51,0.0,20.17,6134.6,0.0,0.12,0.3,0.23,0.0,1.14,0.0,0.01
2026-09-13 15:36:47,1.26,0.51,0.76,0.0,0.0,20.2,6132.0,0.0,0.12,0.3,0.23,0.25,0.0,0.0,0.01
2026-09-13 15:36:48,1.26,0.5,0.75,0.0,0.0,20.2,6132.2,0.0,0.19,0.31,0.23,0.0,0.0,0.0,0.01
2026-09-13 15:36:49,1.26,0.5,0.75,0.0,0.0,20.2,6132.2,0.0,0.19,0.31,0.23,0.0,0.0,0.0,0.02
2026-09-13 15:36:50,1.01,0.25,0.5,0.0,0.25,20.07,6142.0,0.0,0.19,0.31,0.23,0.0,0.0,0.0,0.01
2026-09-13 15:36:51,1.26,0.5,0.75,0.5,0.0,20.07,6141.8,0.0,0.19,0.31,0.23,0.0,0.02,0.0,0.01
2026-09-13 15:36:52,1.01,0.25,0.75,0.0,0.0,20.07,6141.8,0.0,0.19,0.31,0.23,0.0,0.0,0.0,0.01
2026-09-13 15:36:53,0.76,0.25,0.5,0.0,0.0,20.07,6141.8,0.0,0.18,0.3,0.23,0.0,0.0,0.0,0.01
2026-09-13 15:36:54,1.01,0.5,0.5,0.0,0.0,20.08,6141.5,0.0,0.18,0.3,0.23,0.0,0.0,0.0,0.01
2026-09-13 15:36:55,1.5,0.5,1.0,0.0,0.0,20.08,6141.5,0.0,0.18,0.3,0.23,0.0,0.0,0.0,0.01
2026-09-13 15:36:56,1.26,0.76,0.51,0.25,0.0,20.08,6141.5,0.0,0.18,0.3,0.23,0.0,0.0,0.0,0.01
2026-09-13 15:36:57,1.75,0.75,1.0,0.5,0.0,20.08,6141.0,0.0,0.18,0.3,0.23,0.25,0.01,0.0,0.01
2026-09-13 15:36:58,1.26,0.5,0.75,0.0,0.0,20.09,6140.8,0.0,0.16,0.3,0.23,0.0,0.0,0.0,0.01
2026-09-13 15:36:59,1.51,0.75,0.5,0.0,0.25,20.09,6140.9,0.0,0.16,0.3,0.23,0.0,0.0,0.0,0.01
2026-09-13 15:37:00,10.55,8.29,2.26,0.75,0.0,20.53,6106.7,0.0,0.16,0.3,0.23,0.0,0.02,0.01,0.01
2026-09-13 15:37:01,1.25,0.5,0.75,0.0,0.0,20.52,6107.5,0.0,0.16,0.3,0.23,0.0,0.0,0.0,0.01
2026-09-13 15:37:02,1.01,0.5,0.5,0.0,0.0,20.51,6108.3,0.0,0.16,0.3,0.23,0.0,0.0,0.0,0.0
2026-09-13 15:37:03,1.01,0.25,0.75,0.0,0.0,20.5,6109.1,0.0,0.15,0.29,0.23,0.0,0.0,0.0,0.02
2026-09-13 15:37:04,1.01,0.5,0.5,0.0,0.0,20.46,6112.4,0.0,0.15,0.29,0.23,0.0,0.0,0.0,0.01
2026-09-13 15:37:05,2.51,1.5,1.0,0.25,0.0,20.46,6112.4,0.0,0.15,0.29,0.23,0.0,0.01,0.0,0.01
2026-09-13 15:37:06,1.51,0.75,0.75,1.51,0.0,20.46,6112.4,0.0,0.15,0.29,0.23,0.0,0.02,0.0,0.0
2026-09-13 15:37:07,1.76,0.75,1.01,0.0,0.0,20.43,6114.6,0.0,0.15,0.29,0.23,0.25,0.0,0.0,0.01
2026-09-13 15:37:08,1.01,0.5,0.5,0.0,0.0,20.43,6114.6,0.0,0.14,0.29,0.23,0.0,0.0,0.0,0.01
2026-09-13 15:37:09,0.76,0.25,0.5,0.0,0.0,20.43,6114.6,0.0,0.14,0.29,0.23,0.0,0.0,0.0,0.01
2026-09-13 15:37:10,1.26,0.5,0.75,0.0,0.0,20.43,6114.6,0.0,0.14,0.29,0.23,0.0,0.0,0.0,0.0
2026-09-13 15:37:11,1.25,0.25,0.75,0.0,0.25,20.43,6114.7,0.0,0.14,0.29,0.23,0.0,0.01,0.0,0.0
2026-09-13 15:37:12,0.76,0.25,0.51,0.0,0.0,20.43,6114.7,0.0,0.14,0.29,0.23,0.0,0.02,0.0,0.01
2026-09-13 15:37:13,1.25,0.5,0.75,0.0,0.0,20.43,6114.7,0.0,0.13,0.28,0.23,0.0,0.0,0.0,0.01
2026-09-13 15:37:14,0.76,0.25,0.5,0.0,0.0,20.43,6114.7,0.0,0.13,0.28,0.23,0.0,0.0,0.0,0.01
2026-09-13 15:37:15,10.8,8.79,2.01,0.75,0.0,20.47,6111.5,0.0,0.13,0.28,0.23,0.0,0.02,0.01,0.01
2026-09-13 15:37:16,1.51,0.75,0.75,0.25,0.0,20.48,6110.9,0.0,0.13,0.28,0.23,0.0,0.0,0.0,0.01
2026-09-13 15:37:17,1.51,0.76,0.76,0.25,0.0,20.47,6111.2,0.0,0.13,0.28,0.23,0.25,0.02,0.0,0.01
2026-09-13 15:37:18,0.76,0.25,0.51,0.0,0.0,20.47,6111.7,0.0,0.12,0.28,0.22,0.0,0.0,0.0,0.01
2026-09-13 15:37:19,1.75,0.75,0.75,1.5,0.25,20.47,6111.6,0.0,0.12,0.28,0.22,0.0,1.14,0.0,0.01
2026-09-13 15:37:20,1.26,0.5,0.75,0.0,0.0,20.41,6115.8,0.0,0.12,0.28,0.22,0.0,0.0,0.0,0.01
2026-09-13 15:37:21,1.26,0.5,0.75,0.0,0.0,20.41,6115.6,0.0,0.12,0.28,0.22,0.0,0.01,0.0,0.01
2026-09-13 15:37:22,1.5,0.25,1.25,0.0,0.0,20.41,6115.6,0.0,0.12,0.28,0.22,0.0,0.0,0.0,0.01
2026-09-13 15:37:23,1.26,0.5,0.75,0.0,0.0,20.42,6115.5,0.0,0.27,0.31,0.23,0.0,0.0,0.0,0.01
2026-09-13 15:37:24,2.74,1.5,1.0,0.25,0.25,20.44,6113.3,0.0,0.27,0.31,0.23,0.0,0.0,0.0,0.01
2026-09-13 15:37:25,1.01,0.25,0.76,0.0,0.0,20.44,6113.3,0.0,0.27,0.31,0.23,0.0,0.0,0.0,0.01
2026-09-13 15:37:26,1.75,1.0,0.75,0.25,0.0,20.44,6113.3,0.0,0.27,0.31,0.23,0.0,0.0,0.0,0.0
2026-09-13 15:37:27,1.52,0.51,1.01,0.0,0.0,20.44,6113.3,0.0,0.27,0.31,0.23,0.25,0.0,0.0,0.01
2026-09-13 15:37:28,1.26,0.5,0.75,0.0,0.0,20.44,6113.3,0.0,0.25,0.3,0.23,0.0,0.38,0.01,0.01
2026-09-13 15:37:29,1.25,0.5,0.75,0.0,0.0,20.44,6113.4,0.0,0.25,0.3,0.23,0.0,0.0,0.0,0.01
2026-09-13 15:37:30,6.82,5.56,1.26,0.25,0.0,20.75,6090.0,0.0,0.25,0.3,0.23,0.0,0.02,0.0,0.01
2026-09-13 15:37:31,4.75,3.5,1.0,0.5,0.25,20.63,6098.8,0.0,0.25,0.3,0.23,0.0,0.01,0.0,0.01
2026-09-13 15:37:32,0.51,0.0,0.51,0.25,0.0,20.63,6098.8,0.0,0.25,0.3,0.23,0.0,0.01,0.0,0.01
2026-09-13 15:37:33,1.26,0.75,0.5,0.0,0.0,20.63,6098.8,0.0,0.23,0.3,0.23,0.0,0.0,0.0,0.01
2026-09-13 15:37:34,1.01,0.25,0.76,0.0,0.0,20.64,6098.4,0.0,0.23,0.3,0.23,0.0,0.38,0.0,0.02
2026-09-13 15:37:35,1.5,0.5,0.75,0.0,0.25,20.62,6100.1,0.0,0.23,0.3,0.23,0.0,0.0,0.0,0.01
2026-09-13 15:37:36,1.51,0.76,0.76,0.5,0.0,20.63,6099.1,0.0,0.23,0.3,0.23,0.0,0.01,0.0,0.01
2026-09-13 15:37:37,1.51,0.5,1.01,0.0,0.0,20.69,6094.3,0.0,0.23,0.3,0.23,0.25,0.0,0.0,0.01
2026-09-13 15:37:38,1.5,0.5,1.0,0.0,0.0,20.69,6094.3,0.0,0.21,0.29,0.23,0.0,0.0,0.0,0.01
2026-09-13 15:37:39,1.26,0.5,0.75,0.0,0.0,20.69,6094.2,0.0,0.21,0.29,0.23,0.0,0.0,0.0,0.01
2026-09-13 15:37:40,1.01,0.25,0.75,0.0,0.0,20.69,6094.1,0.0,0.21,0.29,0.23,0.0,0.38,0.0,0.01
2026-09-13 15:37:41,1.75,0.5,1.0,0.0,0.25,20.69,6094.8,0.0,0.21,0.29,0.23,0.0,0.01,0.0,0.0
2026-09-13 15:37:42,0.76,0.25,0.51,0.0,0.0,20.68,6095.0,0.0,0.21,0.29,0.23,0.0,0.0,0.0,0.01
2026-09-13 15:37:43,2.01,1.51,0.5,0.25,0.0,20.68,6094.9,0.0,0.19,0.29,0.23,0.0,0.01,0.0,0.01
2026-09-13 15:37:44,1.25,0.5,0.75,0.0,0.0,20.69,6094.7,0.0,0.19,0.29,0.23,0.0,0.0,0.0,0.01
2026-09-13 15:37:45,2.78,1.77,1.01,0.0,0.0,20.69,6094.2,0.0,0.19,0.29,0.23,0.0,0.0,0.0,0.02
2026-09-13 15:37:46,8.79,7.29,1.51,0.75,0.0,20.73,6091.2,0.0,0.19,0.29,0.23,0.0,0.03,0.0,0.01
2026-09-13 15:37:47,1.52,1.01,0.51,0.25,0.0,20.75,6089.8,0.0,0.19,0.29,0.23,0.25,0.0,0.0,0.01
2026-09-13 15:37:48,1.26,0.5,0.75,0.0,0.0,20.74,6090.5,0.0,0.18,0.28,0.23,0.0,0.0,0.0,0.01
2026-09-13 15:37:49,1.5,0.75,0.75,0.0,0.0,20.74,6090.4,0.0,0.18,0.28,0.23,0.0,0.0,0.0,0.02
2026-09-13 15:37:50,1.5,0.5,0.75,0.0,0.25,20.74,6090.7,0.0,0.18,0.28,0.23,0.0,0.0,0.0,0.01
2026-09-13 15:37:51,1.26,0.5,0.75,0.0,0.0,20.67,6096.1,0.0,0.18,0.28,0.23,0.0,0.0,0.0,0.01
2026-09-13 15:37:52,1.01,0.25,0.76,0.25,0.0,20.67,6095.6,0.0,0.18,0.28,0.23,0.0,0.02,0.0,0.01
2026-09-13 15:37:53,1.25,0.5,0.75,0.25,0.0,20.67,6096.0,0.0,0.24,0.29,0.23,0.0,0.01,0.0,0.01
2026-09-13 15:37:54,1.26,0.5,0.76,1.01,0.0,20.66,6096.4,0.0,0.24,0.29,0.23,0.0,1.14,0.0,0.01
2026-09-13 15:37:55,1.25,0.5,0.75,0.0,0.0,20.66,6096.4,0.0,0.24,0.29,0.23,0.0,0.0,0.0,0.01
2026-09-13 15:37:56,1.01,0.5,0.5,0.0,0.0,20.66,6096.5,0.0,0.24,0.29,0.23,0.0,0.0,0.0,0.01
2026-09-13 15:37:57,2.5,1.0,1.25,0.25,0.25,20.69,6094.3,0.0,0.24,0.29,0.23,0.25,0.0,0.0,0.01
2026-09-13 15:37:58,1.26,0.76,0.5,0.25,0.0,20.7,6094.0,0.0,0.22,0.29,0.23,0.0,0.01,0.0,0.01
2026-09-13 15:37:59,1.01,0.5,0.5,0.0,0.0,20.7,6094.0,0.0,0.22,0.29,0.23,0.0,0.0,0.0,0.01
2026-09-13 15:38:00,0.76,0.25,0.5,0.0,0.0,20.7,6094.0,0.0,0.22,0.29,0.23,0.0,0.0,0.0,0.0
2026-09-13 15:38:01,10.3,8.54,1.76,0.75,0.0,20.68,6095.1,0.0,0.22,0.29,0.23,0.0,0.03,0.01,0.01
2026-09-13 15:38:02,2.26,1.26,0.75,0.0,0.25,20.71,6093.1,0.0,0.22,0.29,0.23,0.0,0.0,0.0,0.0
2026-09-13 15:38:03,1.5,0.5,1.0,0.0,0.0,20.71,6093.1,0.0,0.2,0.28,0.23,0.0,0.0,0.0,0.02
2026-09-13 15:38:04,1.25,0.5,0.75,0.0,0.0,20.71,6092.7,0.0,0.2,0.28,0.23,0.0,0.0,0.0,0.01
2026-09-13 15:38:05,1.26,0.5,0.75,0.0,0.0,20.72,6092.4,0.0,0.2,0.28,0.23,0.0,0.0,0.01,0.01
2026-09-13 15:38:06,1.25,0.5,0.75,0.0,0.0,20.67,6095.7,0.0,0.2,0.28,0.23,0.0,0.0,0.0,0.0
2026-09-13 15:38:07,2.26,1.26,1.01,0.75,0.0,20.75,6089.8,0.0,0.2,0.28,0.23,0.25,0.02,0.0,0.01
2026-09-13 15:38:08,1.5,0.5,0.75,0.0,0.25,20.75,6089.8,0.0,0.19,0.28,0.23,0.0,0.0,0.0,0.01
2026-09-13 15:38:09,1.01,0.25,0.75,0.0,0.0,20.75,6089.8,0.0,0.19,0.28,0.23,0.0,0.0,0.0,0.01
2026-09-13 15:38:10,1.26,0.5,0.75,0.0,0.0,20.75,6089.8,0.0,0.19,0.28,0.23,0.0,0.0,0.0,0.0
2026-09-13 15:38:11,1.01,0.25,0.75,0.0,0.0,20.74,6090.3,0.0,0.19,0.28,0.23,0.0,0.01,0.0,0.0
2026-09-13 15:38:12,1.25,0.5,0.75,0.0,0.0,20.73,6091.5,0.0,0.19,0.28,0.23,0.0,0.0,0.0,0.01
2026-09-13 15:38:13,1.01,0.25,0.76,0.0,0.0,20.72,6092.2,0.0,0.17,0.27,0.22,0.0,0.01,0.0,0.01
2026-09-13 15:38:14,0.76,0.25,0.5,0.0,0.0,20.72,6092.4,0.0,0.17,0.27,0.22,0.0,0.0,0.0,0.01
2026-09-13 15:38:15,1.26,0.75,0.5,0.0,0.0,20.71,6092.6,0.0,0.17,0.27,0.22,0.0,0.0,0.0,0.01
2026-09-13 15:38:16,10.55,8.54,1.76,1.01,0.25,20.65,6097.2,0.0,0.17,0.27,0.22,0.0,0.05,0.01,0.01
2026-09-13 15:38:17,2.02,1.01,1.01,0.51,0.0,20.69,6094.7,0.0,0.17,0.27,0.22,0.25,0.5,0.0,0.01
2026-09-13 15:38:18,1.25,0.5,0.75,2.76,0.0,20.69,6094.7,0.0,0.24,0.29,0.23,0.0,0.27,0.0,0.01
2026-09-13 15:38:19,1.26,0.5,0.5,0.0,0.25,20.69,6094.3,0.0,0.24,0.29,0.23,0.0,0.0,0.0,0.01
2026-09-13 15:38:20,1.01,0.5,0.5,0.0,0.0,20.69,6094.6,0.0,0.24,0.29,0.23,0.0,0.0,0.0,0.01
2026-09-13 15:38:21,1.26,0.76,0.5,0.0,0.0,20.63,6099.0,0.0,0.24,0.29,0.23,0.0,0.0,0.0,0.01
2026-09-13 15:38:22,1.76,1.01,0.76,0.25,0.0,20.64,6098.6,0.0,0.24,0.29,0.23,0.0,0.0,0.0,0.01
2026-09-13 15:38:23,1.5,0.5,1.0,0.0,0.0,20.63,6098.7,0.0,0.22,0.28,0.23,0.0,0.0,0.0,0.01
2026-09-13 15:38:24,0.76,0.25,0.5,0.0,0.0,20.64,6098.6,0.0,0.22,0.28,0.23,0.0,0.01,0.0,0.01
2026-09-13 15:38:25,1.01,0.25,0.76,0.0,0.0,20.63,6098.7,0.0,0.22,0.28,0.23,0.0,0.0,0.0,0.01
2026-09-13 15:38:26,1.01,0.5,0.5,0.0,0.0,20.63,6098.9,0.0,0.22,0.28,0.23,0.0,0.0,0.0,0.01
2026-09-13 15:38:27,2.51,1.25,1.25,0.25,0.0,20.68,6095.3,0.0,0.22,0.28,0.23,0.25,0.0,0.0,0.01
2026-09-13 15:38:28,1.01,0.25,0.75,0.0,0.0,20.68,6095.2,0.0,0.2,0.28,0.23,0.0,0.0,0.0,0.01
2026-09-13 15:38:29,1.01,0.25,0.5,0.0,0.25,20.67,6095.7,0.0,0.2,0.28,0.23,0.0,0.0,0.0,0.01
2026-09-13 15:38:30,1.26,0.5,0.75,0.0,0.0,20.67,6096.0,0.0,0.2,0.28,0.23,0.0,0.0,0.0,0.0
2026-09-13 15:38:31,10.55,8.79,1.76,0.25,0.0,20.75,6090.0,0.0,0.2,0.28,0.23,0.0,0.03,0.01,0.01
2026-09-13 15:38:32,0.76,0.25,0.5,1.26,0.0,20.74,6090.4,0.0,0.2,0.28,0.23,0.0,1.14,0.0,0.01
2026-09-13 15:38:33,1.25,0.5,0.75,0.25,0.0,20.75,6090.2,0.0,0.18,0.27,0.22,0.0,0.01,0.0,0.01
2026-09-13 15:38:34,1.01,0.5,0.5,0.0,0.0,20.74,6090.2,0.0,0.18,0.27,0.22,0.0,0.0,0.0,0.02
2026-09-13 15:38:35,1.5,0.5,0.75,0.0,0.25,20.73,6091.4,0.0,0.18,0.27,0.22,0.0,0.0,0.0,0.01
2026-09-13 15:38:36,1.26,0.75,0.5,0.0,0.0,20.59,6101.9,0.0,0.18,0.27,0.22,0.0,0.0,0.0,0.01
2026-09-13 15:38:37,2.26,1.26,1.01,0.5,0.0,20.68,6095.0,0.0,0.18,0.27,0.22,0.25,0.01,0.0,0.01
2026-09-13 15:38:38,1.26,0.5,0.75,0.0,0.0,20.68,6095.0,0.0,0.17,0.27,0.22,0.0,0.0,0.0,0.01
2026-09-13 15:38:39,1.26,0.5,0.75,0.0,0.0,20.68,6095.0,0.0,0.17,0.27,0.22,0.0,0.0,0.0,0.01
2026-09-13 15:38:40,1.26,0.5,0.75,0.0,0.0,20.68,6095.0,0.0,0.17,0.27,0.22,0.0,0.0,0.0,0.0
2026-09-13 15:38:41,2.01,1.26,0.75,0.0,0.0,20.7,6093.7,0.0,0.17,0.27,0.22,0.0,0.0,0.0,0.0
2026-09-13 15:38:42,1.26,0.25,1.01,0.0,0.0,20.69,6094.3,0.0,0.17,0.27,0.22,0.0,0.0,0.0,0.01
2026-09-13 15:38:43,1.25,0.25,0.75,0.0,0.25,20.69,6094.6,0.0,0.16,0.26,0.22,0.0,0.01,0.0,0.01
2026-09-13 15:38:44,1.26,0.5,0.75,0.0,0.0,20.69,6094.6,0.0,0.16,0.26,0.22,0.0,0.0,0.0,0.01
2026-09-13 15:38:45,0.76,0.25,0.5,0.0,0.0,20.69,6094.3,0.0,0.16,0.26,0.22,0.0,0.0,0.0,0.01
2026-09-13 15:38:46,10.78,8.77,2.01,3.26,0.0,20.6,6101.5,0.0,0.16,0.26,0.22,0.0,0.53,0.01,0.01
2026-09-13 15:38:47,2.75,1.25,1.25,0.0,0.25,20.71,6093.2,0.0,0.16,0.26,0.22,0.25,0.06,0.0,0.01
2026-09-13 15:38:48,1.01,0.25,0.76,0.0,0.0,20.71,6093.2,0.0,0.14,0.26,0.22,0.0,0.0,0.0,0.01
2026-09-13 15:38:49,1.01,0.25,0.76,0.0,0.0,20.71,6092.9,0.0,0.14,0.26,0.22,0.0,0.0,0.0,0.01
2026-09-13 15:38:50,1.26,0.5,0.75,0.0,0.0,20.71,6092.9,0.0,0.14,0.26,0.22,0.0,0.01,0.0,0.01
2026-09-13 15:38:51,1.5,0.5,0.75,0.0,0.25,20.66,6096.4,0.0,0.14,0.26,0.22,0.0,0.0,0.0,0.01
2026-09-13 15:38:52,1.25,0.5,0.75,0.5,0.0,20.66,6096.4,0.0,0.14,0.26,0.22,0.0,0.01,0.0,0.01
2026-09-13 15:38:53,0.76,0.0,0.76,0.0,0.0,20.66,6097.0,0.0,0.21,0.27,0.22,0.0,0.0,0.0,0.01
2026-09-13 15:38:54,1.01,0.25,0.75,0.0,0.0,20.66,6097.0,0.0,0.21,0.27,0.22,0.0,0.02,0.0,0.01
2026-09-13 15:38:55,1.26,0.5,0.75,0.0,0.0,20.66,6097.0,0.0,0.21,0.27,0.22,0.0,0.0,0.0,0.01
2026-09-13 15:38:56,0.76,0.25,0.5,0.0,0.0,20.67,6096.0,0.0,0.21,0.27,0.22,0.0,0.0,0.0,0.01
2026-09-13 15:38:57,2.26,1.25,1.0,0.25,0.0,20.74,6090.9,0.0,0.21,0.27,0.22,0.25,0.0,0.0,0.01
2026-09-13 15:38:58,1.26,0.5,0.5,0.0,0.25,20.67,6096.1,0.0,0.2,0.27,0.22,0.0,0.0,0.0,0.01
2026-09-13 15:38:59,1.5,0.5,1.0,0.0,0.0,20.66,6096.4,0.0,0.2,0.27,0.22,0.0,0.0,0.0,0.01
2026-09-13 15:39:00,2.02,1.26,0.76,3.53,0.0,20.65,6097.5,0.0,0.2,0.27,0.22,0.0,0.01,0.0,0.0
2026-09-13 15:39:01,10.53,8.52,2.01,0.75,0.0,20.87,6080.6,0.0,0.2,0.27,0.22,0.0,0.02,0.01,0.01
2026-09-13 15:39:02,1.26,0.5,0.75,0.0,0.0,20.84,6082.5,0.0,0.2,0.27,0.22,0.0,0.0,0.0,0.0
2026-09-13 15:39:03,1.26,0.5,0.75,0.0,0.0,20.81,6085.0,0.0,0.18,0.26,0.22,0.0,0.0,0.0,0.02
2026-09-13 15:39:04,1.26,0.25,0.75,6.03,0.25,20.8,6085.9,0.0,0.18,0.26,0.22,0.0,2.33,0.0,0.01
2026-09-13 15:39:05,1.01,0.5,0.5,0.0,0.0,20.77,6088.2,0.0,0.18,0.26,0.22,0.0,0.0,0.0,0.01
2026-09-13 15:39:06,1.01,0.5,0.5,2.02,0.0,20.71,6092.7,0.0,0.18,0.26,0.22,0.0,2.14,0.0,0.0
2026-09-13 15:39:07,2.01,1.01,1.01,1.76,0.0,20.77,6088.0,0.0,0.18,0.26,0.22,0.25,0.02,0.0,0.01
2026-09-13 15:39:08,1.26,0.75,0.5,0.0,0.0,20.76,6089.3,0.0,0.16,0.26,0.22,0.0,0.01,0.0,0.01
2026-09-13 15:39:09,1.01,0.25,0.76,0.0,0.0,20.74,6090.8,0.0,0.16,0.26,0.22,0.0,0.0,0.0,0.01
2026-09-13 15:39:10,1.26,0.5,0.75,0.0,0.0,20.72,6092.0,0.0,0.16,0.26,0.22,0.0,0.0,0.0,0.0
2026-09-13 15:39:11,0.76,0.25,0.5,0.0,0.0,20.7,6093.4,0.0,0.16,0.26,0.22,0.0,0.0,0.0,0.0
2026-09-13 15:39:12,1.01,0.5,0.5,1.01,0.0,20.69,6094.6,0.0,0.16,0.26,0.22,0.0,0.26,0.0,0.01
2026-09-13 15:39:13,1.26,0.5,0.75,0.0,0.0,20.67,6095.9,0.0,0.15,0.25,0.22,0.0,0.01,0.0,0.01
2026-09-13 15:39:14,1.01,0.25,0.75,0.25,0.0,20.66,6096.5,0.0,0.15,0.25,0.22,0.0,0.01,0.0,0.01
2026-09-13 15:39:15,1.26,0.5,0.75,0.0,0.0,20.66,6096.8,0.0,0.15,0.25,0.22,0.0,0.0,0.0,0.01
2026-09-13 15:39:16,9.07,7.56,1.51,0.25,0.0,20.85,6081.8,0.0,0.15,0.25,0.22,0.0,0.02,0.0,0.01
2026-09-13 15:39:17,3.77,2.26,1.26,0.5,0.25,20.71,6092.5,0.0,0.15,0.25,0.22,0.25,0.01,0.0,0.01
2026-09-13 15:39:18,1.01,0.25,0.76,0.0,0.0,20.72,6092.3,0.0,0.14,0.25,0.22,0.0,0.0,0.0,0.01
2026-09-13 15:39:19,2.02,1.51,0.5,0.25,0.0,20.72,6092.1,0.0,0.14,0.25,0.22,0.0,0.0,0.0,0.01
2026-09-13 15:39:20,1.01,0.5,0.5,0.0,0.0,20.71,6092.9,0.0,0.14,0.25,0.22,0.0,0.0,0.0,0.01
2026-09-13 15:39:21,1.01,0.5,0.5,0.5,0.0,20.66,6096.5,0.0,0.14,0.25,0.22,0.0,0.01,0.0,0.01
2026-09-13 15:39:22,1.75,0.75,1.0,0.0,0.0,20.66,6097.0,0.0,0.14,0.25,0.22,0.0,0.01,0.0,0.01
2026-09-13 15:39:23,1.01,0.5,0.5,0.0,0.0,20.65,6097.7,0.0,0.13,0.24,0.22,0.0,0.01,0.0,0.01
2026-09-13 15:39:24,1.01,0.5,0.5,0.0,0.0,20.64,6098.0,0.0,0.13,0.24,0.22,0.0,0.0,0.0,0.01
2026-09-13 15:39:25,1.01,0.5,0.5,0.0,0.0,20.64,6098.0,0.0,0.13,0.24,0.22,0.0,0.0,0.0,0.01
2026-09-13 15:39:26,1.5,0.5,0.75,0.0,0.25,20.64,6098.0,0.0,0.13,0.24,0.22,0.0,0.0,0.0,0.01
2026-09-13 15:39:27,2.02,1.26,0.76,0.0,0.0,20.7,6093.8,0.0,0.13,0.24,0.22,0.25,0.0,0.0,0.01
2026-09-13 15:39:28,1.25,0.25,1.0,0.5,0.0,20.7,6094.0,0.0,0.12,0.24,0.21,0.0,0.05,0.0,0.01
2026-09-13 15:39:29,1.26,0.75,0.5,0.0,0.0,20.7,6094.0,0.0,0.12,0.24,0.21,0.0,0.0,0.0,0.01
2026-09-13 15:39:30,0.76,0.25,0.5,0.0,0.0,20.69,6094.5,0.0,0.12,0.24,0.21,0.0,0.0,0.0,0.0
2026-09-13 15:39:31,6.02,4.76,1.25,0.0,0.0,20.73,6091.5,0.0,0.12,0.24,0.21,0.0,0.0,0.0,0.01
2026-09-13 15:39:32,5.78,4.52,1.26,3.02,0.0,20.55,6104.8,0.0,0.12,0.24,0.21,0.0,0.02,0.0,0.01
2026-09-13 15:39:33,1.75,0.75,0.75,0.25,0.25,20.57,6104.0,0.0,0.11,0.23,0.21,0.0,0.02,0.0,0.01
2026-09-13 15:39:34,1.26,0.5,0.75,0.0,0.0,20.57,6103.7,0.0,0.11,0.23,0.21,0.0,0.0,0.0,0.01
2026-09-13 15:39:35,1.01,0.25,0.76,0.25,0.0,20.57,6103.7,0.0,0.11,0.23,0.21,0.0,0.01,0.0,0.01
2026-09-13 15:39:36,1.01,0.5,0.5,1.76,0.0,20.57,6103.8,0.0,0.11,0.23,0.21,0.0,1.76,0.0,0.01
2026-09-13 15:39:37,2.51,1.26,1.26,0.25,0.0,20.58,6102.5,0.0,0.11,0.23,0.21,0.25,0.0,0.0,0.01
2026-09-13 15:39:38,2.26,1.51,0.5,0.0,0.25,20.62,6100.0,0.0,0.18,0.25,0.22,0.0,0.0,0.0,0.01
2026-09-13 15:39:39,1.26,0.5,0.75,0.0,0.0,20.62,6100.0,0.0,0.18,0.25,0.22,0.0,0.0,0.0,0.01
2026-09-13 15:39:40,1.25,0.5,0.75,0.5,0.0,20.62,6100.0,0.0,0.18,0.25,0.22,0.0,0.01,0.0,0.01
2026-09-13 15:39:41,1.01,0.25,0.76,0.0,0.0,20.62,6099.8,0.0,0.18,0.25,0.22,0.0,0.0,0.0,0.01
2026-09-13 15:39:42,1.01,0.25,0.5,0.0,0.25,20.62,6099.8,0.0,0.18,0.25,0.22,0.0,0.0,0.0,0.01
2026-09-13 15:39:43,1.25,0.5,0.75,0.0,0.0,20.62,6100.0,0.0,0.16,0.24,0.22,0.0,0.0,0.0,0.01
2026-09-13 15:39:44,1.01,0.25,0.75,0.0,0.0,20.61,6100.6,0.0,0.16,0.24,0.22,0.0,0.0,0.0,0.01
2026-09-13 15:39:45,1.01,0.5,0.5,0.0,0.0,20.61,6100.5,0.0,0.16,0.24,0.22,0.0,0.0,0.0,0.01
2026-09-13 15:39:46,2.25,1.0,1.0,0.0,0.25,20.64,6098.4,0.0,0.16,0.24,0.22,0.0,0.0,0.0,0.01
2026-09-13 15:39:47,10.55,8.29,2.26,1.01,0.0,20.56,6104.4,0.0,0.16,0.24,0.22,0.0,0.03,0.0,0.01
2026-09-13 15:39:48,1.51,0.5,1.01,0.0,0.0,20.64,6098.5,0.0,0.15,0.24,0.21,0.25,0.0,0.0,0.01
2026-09-13 15:39:49,1.26,0.5,0.75,0.0,0.0,20.64,6098.5,0.0,0.15,0.24,0.21,0.0,0.0,0.0,0.01
2026-09-13 15:39:50,1.75,0.75,0.75,0.0,0.25,20.64,6098.5,0.0,0.15,0.24,0.21,0.0,0.0,0.0,0.01
2026-09-13 15:39:51,1.25,0.5,0.75,0.0,0.0,20.64,6098.5,0.0,0.15,0.24,0.21,0.0,0.0,0.0,0.02
2026-09-13 15:39:52,1.01,0.25,0.76,0.25,0.0,20.61,6100.4,0.0,0.15,0.24,0.21,0.0,0.01,0.0,0.01
2026-09-13 15:39:53,1.25,0.5,0.75,0.0,0.0,20.62,6100.1,0.0,0.14,0.23,0.21,0.0,0.0,0.0,0.01
2026-09-13 15:39:54,1.5,0.75,0.75,0.0,0.0,20.62,6100.1,0.0,0.14,0.23,0.21,0.0,0.0,0.0,0.01
2026-09-13 15:39:55,1.25,0.25,0.75,0.25,0.25,20.62,6100.1,0.0,0.14,0.23,0.21,0.0,0.01,0.0,0.01
2026-09-13 15:39:56,1.01,0.5,0.5,0.0,0.0,20.62,6100.1,0.0,0.14,0.23,0.21,0.0,0.0,0.0,0.01
2026-09-13 15:39:57,3.01,2.01,1.0,0.25,0.0,20.65,6097.2,0.0,0.14,0.23,0.21,0.0,0.02,0.0,0.01
2026-09-13 15:39:58,1.51,0.76,0.76,0.0,0.0,20.69,6094.8,0.0,0.13,0.23,0.21,0.25,0.04,0.0,0.01
2026-09-13 15:39:59,1.26,0.5,0.76,0.0,0.0,20.69,6094.8,0.0,0.13,0.23,0.21,0.0,0.0,0.0,0.01
2026-09-13 15:40:00,1.01,0.25,0.76,0.0,0.0,20.69,6094.8,0.0,0.13,0.23,0.21,0.0,0.0,0.0,0.0
2026-09-13 15:40:01,1.5,0.5,0.75,0.5,0.25,20.69,6094.8,0.0,0.13,0.23,0.21,0.0,0.01,0.0,0.01
2026-09-13 15:40:02,10.3,8.54,1.76,0.5,0.0,20.56,6104.3,0.0,0.13,0.23,0.21,0.0,0.02,0.01,0.01
2026-09-13 15:40:03,1.26,0.5,0.76,0.0,0.0,20.57,6103.8,0.0,0.12,0.23,0.21,0.0,0.0,0.0,0.02
2026-09-13 15:40:04,0.76,0.25,0.5,0.0,0.0,20.57,6103.8,0.0,0.12,0.23,0.21,0.0,0.0,0.0,0.01
2026-09-13 15:40:05,1.75,0.75,0.75,0.0,0.25,20.57,6103.8,0.0,0.12,0.23,0.21,0.0,0.0,0.0,0.01
2026-09-13 15:40:06,0.76,0.25,0.5,0.0,0.0,20.57,6103.8,0.0,0.12,0.23,0.21,0.0,0.0,0.0,0.0
2026-09-13 15:40:07,1.76,1.01,0.75,0.75,0.0,20.53,6106.4,0.0,0.12,0.23,0.21,0.0,0.01,0.0,0.01
2026-09-13 15:40:08,1.76,0.5,1.26,0.0,0.0,20.61,6100.6,0.0,0.11,0.22,0.21,0.25,0.0,0.0,0.01
2026-09-13 15:40:09,1.25,0.5,0.75,0.0,0.0,20.61,6100.6,0.0,0.11,0.22,0.21,0.0,0.0,0.0,0.01
2026-09-13 15:40:10,1.01,0.5,0.5,0.0,0.0,20.61,6100.6,0.0,0.11,0.22,0.21,0.0,0.0,0.0,0.0
2026-09-13 15:40:11,1.01,0.25,0.75,0.0,0.0,20.61,6100.8,0.0,0.11,0.22,0.21,0.0,0.0,0.0,0.0
2026-09-13 15:40:12,1.26,0.5,0.75,0.0,0.0,20.6,6101.5,0.0,0.11,0.22,0.21,0.0,0.0,0.0,0.01
2026-09-13 15:40:13,1.26,0.25,1.01,0.0,0.0,20.6,6101.5,0.0,0.1,0.22,0.21,0.0,0.0,0.0,0.01
2026-09-13 15:40:14,1.01,0.5,0.5,0.0,0.0,20.6,6101.5,0.0,0.1,0.22,0.21,0.0,0.0,0.0,0.01
2026-09-13 15:40:15,1.51,0.5,0.75,0.0,0.25,20.6,6101.5,0.0,0.1,0.22,0.21,0.0,0.01,0.0,0.01
2026-09-13 15:40:16,2.02,1.26,0.76,1.51,0.0,20.62,6100.1,0.0,0.1,0.22,0.21,0.0,1.14,0.0,0.01
2026-09-13 15:40:17,11.28,9.27,2.01,1.75,0.0,20.61,6100.4,0.0,0.1,0.22,0.21,0.0,0.03,0.01,0.01
2026-09-13 15:40:18,1.52,0.76,0.76,0.0,0.0,20.74,6090.4,0.0,0.09,0.21,0.21,0.25,0.0,0.0,0.01
2026-09-13 15:40:19,1.26,0.25,0.75,0.0,0.25,20.74,6090.3,0.0,0.09,0.21,0.21,0.0,0.0,0.0,0.01
2026-09-13 15:40:20,1.01,0.5,0.5,0.0,0.0,20.73,6091.5,0.0,0.09,0.21,0.21,0.0,0.0,0.0,0.01
2026-09-13 15:40:21,1.26,0.5,0.75,0.25,0.0,20.71,6092.9,0.0,0.09,0.21,0.21,0.0,0.02,0.0,0.01
2026-09-13 15:40:22,1.26,0.5,0.75,0.0,0.0,20.58,6102.5,0.0,0.09,0.21,0.21,0.0,0.0,0.0,0.01
2026-09-13 15:40:23,1.01,0.25,0.75,0.0,0.0,20.58,6102.7,0.0,0.08,0.21,0.2,0.0,0.0,0.0,0.01
2026-09-13 15:40:24,1.5,0.5,0.75,0.0,0.25,20.58,6103.2,0.0,0.08,0.21,0.2,0.0,0.0,0.0,0.01
2026-09-13 15:40:25,1.26,0.25,1.01,0.0,0.0,20.57,6103.6,0.0,0.08,0.21,0.2,0.0,0.0,0.0,0.01
2026-09-13 15:40:26,1.01,0.5,0.5,0.0,0.0,20.57,6103.7,0.0,0.08,0.21,0.2,0.0,0.0,0.0,0.01
2026-09-13 15:40:27,1.51,1.01,0.5,0.25,0.0,20.57,6103.4,0.0,0.08,0.21,0.2,0.0,0.0,0.0,0.01
2026-09-13 15:40:28,1.51,0.5,1.01,0.0,0.0,20.6,6101.2,0.0,0.16,0.22,0.21,0.25,0.0,0.0,0.01
2026-09-13 15:40:29,1.25,0.5,0.5,0.0,0.25,20.6,6101.3,0.0,0.16,0.22,0.21,0.0,0.01,0.0,0.01
2026-09-13 15:40:30,1.25,0.5,0.75,0.0,0.0,20.6,6101.4,0.0,0.16,0.22,0.21,0.0,0.0,0.0,0.0
2026-09-13 15:40:31,1.01,0.25,0.76,0.0,0.0,20.6,6101.6,0.0,0.16,0.22,0.21,0.0,0.0,0.0,0.01
2026-09-13 15:40:32,10.55,8.79,1.76,0.75,0.0,20.54,6106.3,0.0,0.16,0.22,0.21,0.0,0.03,0.01,0.01
2026-09-13 15:40:33,1.5,0.5,0.75,0.0,0.25,20.54,6106.0,0.0,0.14,0.22,0.21,0.0,0.0,0.0,0.02
2026-09-13 15:40:34,1.26,0.5,0.75,0.0,0.0,20.54,6105.9,0.0,0.14,0.22,0.21,0.0,0.0,0.0,0.01
2026-09-13 15:40:35,1.77,1.27,0.51,0.0,0.0,20.57,6103.6,0.0,0.14,0.22,0.21,0.0,0.0,0.0,0.01
2026-09-13 15:40:36,1.25,0.5,0.75,0.25,0.0,20.57,6103.6,0.0,0.14,0.22,0.21,0.0,0.01,0.0,0.01
2026-09-13 15:40:37,1.75,0.75,0.75,0.25,0.25,20.57,6103.4,0.0,0.14,0.22,0.21,0.0,0.0,0.0,0.01
2026-09-13 15:40:38,2.01,0.75,1.26,0.25,0.0,20.61,6100.6,0.0,0.21,0.23,0.21,0.25,0.01,0.0,0.01
2026-09-13 15:40:39,1.01,0.5,0.5,0.0,0.0,20.61,6100.6,0.0,0.21,0.23,0.21,0.0,0.0,0.0,0.01
2026-09-13 15:40:40,0.76,0.25,0.5,0.0,0.0,20.61,6100.6,0.0,0.21,0.23,0.21,0.0,0.0,0.0,0.0
2026-09-13 15:40:41,1.25,0.5,0.75,0.0,0.0,20.61,6100.6,0.0,0.21,0.23,0.21,0.0,0.0,0.0,0.0
2026-09-13 15:40:42,3.54,2.53,0.76,0.0,0.25,20.7,6093.8,0.0,0.21,0.23,0.21,0.0,0.0,0.0,0.01
2026-09-13 15:40:43,7.54,6.28,1.26,1.01,0.0,20.7,6093.8,0.0,0.28,0.25,0.22,0.0,0.03,0.0,0.01
2026-09-13 15:40:44,1.5,0.5,1.0,0.0,0.0,20.69,6094.7,0.0,0.28,0.25,0.22,0.0,0.0,0.0,0.01
2026-09-13 15:40:45,1.25,0.5,0.75,0.0,0.0,20.68,6095.4,0.0,0.28,0.25,0.22,0.0,0.0,0.0,0.01
2026-09-13 15:40:46,0.76,0.25,0.51,0.0,0.0,20.67,6096.1,0.0,0.28,0.25,0.22,0.0,0.0,0.0,0.01
2026-09-13 15:40:47,11.31,9.55,1.76,1.01,0.0,20.58,6102.8,0.0,0.28,0.25,0.22,0.0,0.02,0.01,0.01
2026-09-13 15:40:48,1.77,0.76,0.76,5.3,0.25,20.61,6100.3,0.0,0.25,0.24,0.21,0.25,1.28,0.0,0.01
2026-09-13 15:40:49,1.26,0.5,0.75,0.0,0.0,20.61,6100.3,0.0,0.25,0.24,0.21,0.0,0.0,0.0,0.02
2026-09-13 15:40:50,0.76,0.25,0.51,0.0,0.0,20.63,6099.4,0.0,0.25,0.24,0.21,0.0,0.0,3.21,0.01
2026-09-13 15:40:51,1.26,0.25,0.75,0.0,0.25,20.63,6099.4,0.0,0.25,0.24,0.21,0.0,0.0,2.34,0.02
2026-09-13 15:40:52,1.26,0.5,0.75,0.5,0.0,20.6,6101.0,0.0,0.25,0.24,0.21,0.0,0.01,2.6,0.02
2026-09-13 15:40:53,1.26,0.5,0.75,0.0,0.0,20.6,6101.0,0.0,0.23,0.24,0.21,0.0,0.0,0.24,0.02
2026-09-13 15:40:54,1.76,1.26,0.5,0.25,0.0,20.63,6099.1,0.0,0.23,0.24,0.21,0.0,0.0,0.0,0.01
2026-09-13 15:40:55,1.5,0.5,0.75,0.0,0.25,20.63,6099.1,0.0,0.23,0.24,0.21,0.0,0.0,0.0,0.01
2026-09-13 15:40:56,1.51,0.5,0.76,0.0,0.25,20.63,6099.1,0.0,0.23,0.24,0.21,0.0,0.01,10.34,0.06
2026-09-13 15:40:57,1.51,0.75,0.75,0.25,0.0,20.63,6099.1,0.0,0.23,0.24,0.21,0.0,0.0,0.0,0.01
2026-09-13 15:40:58,1.76,0.75,1.01,0.0,0.0,20.68,6094.9,0.0,0.21,0.23,0.21,0.25,0.0,0.26,0.01
2026-09-13 15:40:59,1.26,0.5,0.75,0.0,0.0,20.68,6094.9,0.0,0.21,0.23,0.21,0.0,0.02,0.0,0.01
2026-09-13 15:41:00,0.51,0.25,0.25,0.0,0.0,20.67,6096.2,0.0,0.21,0.23,0.21,0.0,0.0,0.0,0.0
2026-09-13 15:41:01,1.26,0.5,0.75,0.0,0.0,20.65,6097.2,0.0,0.21,0.23,0.21,0.0,0.0,0.26,0.01
2026-09-13 15:41:02,10.55,9.05,1.26,0.75,0.25,20.79,6086.8,0.0,0.21,0.23,0.21,0.0,0.03,0.01,0.01
2026-09-13 15:41:03,1.01,0.25,0.76,0.0,0.0,20.79,6086.9,0.0,0.2,0.23,0.21,0.0,0.0,0.52,0.02
2026-09-13 15:41:04,1.01,0.25,0.76,0.0,0.0,20.76,6089.1,0.0,0.2,0.23,0.21,0.0,0.0,1.3,0.01
2026-09-13 15:41:05,1.26,0.5,0.75,0.0,0.0,20.73,6091.1,0.0,0.2,0.23,0.21,0.0,0.0,1.3,0.01
2026-09-13 15:41:06,1.01,0.25,0.5,0.0,0.25,20.71,6092.6,0.0,0.2,0.23,0.21,0.0,0.0,1.56,0.01
2026-09-13 15:41:07,1.51,1.01,0.5,0.25,0.0,20.68,6095.5,0.0,0.2,0.23,0.21,0.0,0.0,1.3,0.01
2026-09-13 15:41:08,1.26,0.5,0.76,0.0,0.0,20.64,6098.0,0.0,0.18,0.23,0.21,0.0,0.01,1.3,0.01
2026-09-13 15:41:09,1.52,0.51,1.01,0.0,0.0,20.71,6092.9,0.0,0.18,0.23,0.21,0.25,0.01,1.3,0.01
2026-09-13 15:41:10,1.26,0.5,0.75,0.0,0.0,20.7,6093.8,0.0,0.18,0.23,0.21,0.0,0.0,1.56,0.01
2026-09-13 15:41:11,1.01,0.25,0.75,0.0,0.0,20.69,6094.6,0.0,0.18,0.23,0.21,0.0,0.0,1.3,0.01
2026-09-13 15:41:12,1.26,0.5,0.75,0.0,0.0,20.68,6095.3,0.0,0.18,0.23,0.21,0.0,0.0,1.3,0.01
2026-09-13 15:41:13,2.26,1.5,0.5,0.25,0.25,20.67,6096.2,0.0,0.17,0.22,0.21,0.0,0.0,1.56,0.02
2026-09-13 15:41:14,0.51,0.25,0.25,0.0,0.0,20.67,6096.3,0.0,0.17,0.22,0.21,0.0,0.0,1.3,0.01
2026-09-13 15:41:15,1.26,0.5,0.75,0.0,0.0,20.66,6096.4,0.0,0.17,0.22,0.21,0.0,0.0,1.3,0.02
2026-09-13 15:41:16,0.76,0.25,0.51,0.0,0.0,20.66,6096.7,0.0,0.17,0.22,0.21,0.0,0.01,1.56,0.02
2026-09-13 15:41:17,7.04,5.53,1.51,0.5,0.0,20.72,6092.2,0.0,0.17,0.22,0.21,0.0,0.01,1.3,0.02
2026-09-13 15:41:18,5.29,4.03,1.26,0.76,0.0,20.54,6106.0,0.0,0.55,0.3,0.23,0.0,0.02,1.3,0.02
2026-09-13 15:41:19,0.76,0.25,0.51,1.52,0.0,20.54,6105.7,0.0,0.55,0.3,0.23,0.0,1.39,1.56,0.02
2026-09-13 15:41:20,2.26,1.0,1.0,0.0,0.25,20.61,6100.3,0.0,0.55,0.3,0.23,0.25,0.0,1.3,0.02
2026-09-13 15:41:21,1.25,0.5,0.75,0.0,0.0,20.61,6100.3,0.0,0.55,0.3,0.23,0.0,0.0,1.3,0.02
2026-09-13 15:41:22,1.01,0.5,0.5,0.25,0.0,20.59,6101.8,0.0,0.55,0.3,0.23,0.0,0.01,1.56,0.01
2026-09-13 15:41:23,1.75,0.5,1.0,0.0,0.25,20.6,6101.7,0.0,0.51,0.3,0.23,0.0,0.01,1.3,0.02
2026-09-13 15:41:24,10.13,8.35,1.77,0.76,0.0,20.69,6094.1,0.0,0.51,0.3,0.23,0.0,0.02,1.3,0.02
2026-09-13 15:41:25,1.01,0.5,0.5,0.0,0.0,20.69,6094.2,0.0,0.51,0.3,0.23,0.0,0.0,1.31,0.01
2026-09-13 15:41:26,1.26,0.5,0.75,0.0,0.0,20.68,6095.1,0.0,0.51,0.3,0.23,0.0,0.0,1.55,0.01
2026-09-13 15:41:27,1.51,1.01,0.5,0.25,0.0,20.67,6095.8,0.0,0.51,0.3,0.23,0.0,0.0,1.3,0.01
2026-09-13 15:41:28,1.01,0.25,0.76,0.0,0.0,20.67,6096.3,0.0,0.47,0.29,0.23,0.0,0.0,1.31,0.01
2026-09-13 15:41:29,1.5,0.5,0.75,0.0,0.25,20.63,6099.2,0.0,0.47,0.29,0.23,0.0,0.0,1.55,0.02
2026-09-13 15:41:30,1.26,0.5,0.75,0.25,0.0,20.63,6099.2,0.0,0.47,0.29,0.23,0.0,0.03,1.3,0.01
2026-09-13 15:41:31,1.52,0.76,0.76,0.0,0.0,20.67,6096.3,0.0,0.47,0.29,0.23,0.25,0.0,1.31,0.02
2026-09-13 15:41:32,3.53,2.52,1.01,0.25,0.0,20.7,6093.5,0.0,0.47,0.29,0.23,0.0,0.0,1.55,0.02
2026-09-13 15:41:33,9.05,7.29,1.51,0.25,0.25,20.67,6096.0,0.0,0.67,0.34,0.25,0.0,0.02,1.3,0.02
2026-09-13 15:41:34,1.26,0.5,0.75,0.0,0.0,20.67,6096.0,0.0,0.67,0.34,0.25,0.0,0.0,1.3,0.02
2026-09-13 15:41:35,1.01,0.25,0.76,0.0,0.0,20.67,6096.0,0.0,0.67,0.34,0.25,0.0,0.0,1.56,0.01
2026-09-13 15:41:36,1.75,0.75,0.75,0.0,0.25,20.66,6096.9,0.0,0.67,0.34,0.25,0.0,0.0,1.3,0.01
2026-09-13 15:41:37,1.51,0.76,0.76,0.25,0.0,20.67,6096.1,0.0,0.67,0.34,0.25,0.0,0.01,1.3,0.01
2026-09-13 15:41:38,0.76,0.25,0.5,0.5,0.0,20.61,6100.7,0.0,0.62,0.33,0.24,0.0,0.01,1.31,0.02
2026-09-13 15:41:39,1.01,0.25,0.76,0.0,0.0,20.61,6100.9,0.0,0.62,0.33,0.24,0.0,0.0,1.55,0.02
2026-09-13 15:41:40,1.26,0.5,0.75,0.0,0.0,20.61,6100.8,0.0,0.62,0.33,0.24,0.0,0.0,1.3,0.01
2026-09-13 15:41:41,0.76,0.25,0.5,0.0,0.0,20.6,6101.1,0.0,0.62,0.33,0.24,0.0,0.0,1.56,0.01
2026-09-13 15:41:42,1.76,0.76,1.01,0.0,0.0,20.66,6096.7,0.0,0.62,0.33,0.24,0.25,0.0,1.3,0.02
2026-09-13 15:41:43,1.01,0.25,0.75,0.0,0.0,20.66,6096.7,0.0,0.57,0.32,0.24,0.0,0.0,1.3,0.02
2026-09-13 15:41:44,1.26,0.5,0.5,0.0,0.25,20.66,6096.7,0.0,0.57,0.32,0.24,0.0,0.0,1.31,0.02
2026-09-13 15:41:45,0.76,0.25,0.51,0.0,0.0,20.65,6097.6,0.0,0.57,0.32,0.24,0.0,0.0,1.55,0.02
2026-09-13 15:41:46,1.26,0.5,0.75,0.0,0.0,20.64,6098.0,0.0,0.57,0.32,0.24,0.0,0.0,1.3,0.02
2026-09-13 15:41:47,1.51,0.76,0.76,0.25,0.0,20.66,6096.5,0.0,0.57,0.32,0.24,0.0,0.0,1.3,0.02
2026-09-13 15:41:48,10.8,8.79,1.76,0.75,0.25,20.83,6083.8,0.0,0.6,0.34,0.25,0.0,0.03,1.57,0.02
2026-09-13 15:41:49,1.26,0.5,0.76,0.0,0.0,20.83,6083.8,0.0,0.6,0.34,0.25,0.0,0.0,1.3,0.02
2026-09-13 15:41:50,1.26,0.5,0.75,0.0,0.0,20.82,6084.6,0.0,0.6,0.34,0.25,0.0,0.0,1.3,0.02
2026-09-13 15:41:51,2.26,1.26,0.75,0.25,0.25,20.8,6086.2,0.0,0.6,0.34,0.25,0.0,0.0,1.56,0.02
2026-09-13 15:41:52,1.01,0.25,0.76,0.0,0.0,20.78,6087.5,0.0,0.6,0.34,0.25,0.0,0.0,1.3,0.01
2026-09-13 15:41:53,1.76,0.76,1.01,0.25,0.0,20.77,6088.2,0.0,0.55,0.33,0.25,0.25,0.01,1.3,0.02
2026-09-13 15:41:54,1.5,0.25,1.0,1.25,0.25,20.77,6088.2,0.0,0.55,0.33,0.25,0.0,1.14,1.47,0.02
2026-09-13 15:41:55,0.76,0.51,0.25,0.0,0.0,20.75,6089.5,0.0,0.55,0.33,0.25,0.0,0.0,1.38,0.02
2026-09-13 15:41:56,1.01,0.5,0.5,0.0,0.0,20.73,6091.1,0.0,0.55,0.33,0.25,0.0,0.0,1.3,0.01
2026-09-13 15:41:57,1.26,0.76,0.51,0.25,0.0,20.72,6092.2,0.0,0.55,0.33,0.25,0.0,0.01,1.3,0.01
2026-09-13 15:41:58,1.01,0.5,0.5,0.0,0.0,20.71,6093.2,0.0,0.51,0.32,0.24,0.0,0.0,1.56,0.02
2026-09-13 15:41:59,1.51,0.75,0.75,0.0,0.0,20.7,6094.0,0.0,0.51,0.32,0.24,0.0,0.01,1.3,0.02
2026-09-13 15:42:00,1.25,0.5,0.5,0.0,0.25,20.69,6094.7,0.0,0.51,0.32,0.24,0.0,0.0,1.3,0.01
2026-09-13 15:42:01,1.01,0.25,0.76,0.0,0.0,20.67,6095.8,0.0,0.51,0.32,0.24,0.0,0.02,1.56,0.02
2026-09-13 15:42:02,1.25,0.5,0.75,0.0,0.0,20.67,6096.3,0.0,0.51,0.32,0.24,0.0,0.0,1.3,0.01
2026-09-13 15:42:03,10.58,8.56,1.76,2.02,0.25,20.62,6099.5,0.0,0.47,0.32,0.24,0.0,0.04,1.3,0.02
2026-09-13 15:42:04,1.76,0.75,1.01,0.0,0.0,20.73,6091.2,0.0,0.47,0.32,0.24,0.25,0.0,1.56,0.02
2026-09-13 15:42:05,1.26,0.25,1.01,0.0,0.0,20.73,6091.5,0.0,0.47,0.32,0.24,0.0,0.0,1.3,0.01
2026-09-13 15:42:06,1.25,0.25,0.75,0.0,0.25,20.72,6092.1,0.0,0.47,0.32,0.24,0.0,0.0,1.3,0.01
2026-09-13 15:42:07,1.76,0.75,1.01,0.25,0.0,20.73,6091.7,0.0,0.47,0.32,0.24,0.0,0.0,1.56,0.01
2026-09-13 15:42:08,1.26,0.75,0.5,0.0,0.0,20.63,6099.1,0.0,0.43,0.31,0.24,0.0,0.0,1.3,0.01
2026-09-13 15:42:09,1.5,0.75,0.75,0.25,0.0,20.62,6099.6,0.0,0.43,0.31,0.24,0.0,0.02,1.3,0.01
2026-09-13 15:42:10,1.76,1.26,0.5,0.25,0.0,20.63,6099.4,0.0,0.43,0.31,0.24,0.0,0.01,1.3,0.01
2026-09-13 15:42:11,1.26,0.5,0.75,0.0,0.0,20.63,6099.4,0.0,0.43,0.31,0.24,0.0,0.0,1.56,0.01
2026-09-13 15:42:12,1.25,0.5,0.5,0.0,0.25,20.63,6099.4,0.0,0.43,0.31,0.24,0.0,0.0,1.3,0.01
2026-09-13 15:42:13,1.01,0.5,0.5,0.0,0.0,20.63,6099.4,0.0,0.4,0.31,0.24,0.0,0.0,1.3,0.02
2026-09-13 15:42:14,1.01,0.25,0.76,0.0,0.0,20.62,6099.6,0.0,0.4,0.31,0.24,0.0,0.01,1.56,0.01
2026-09-13 15:42:15,1.76,0.76,1.01,0.0,0.0,20.59,6102.3,0.0,0.4,0.31,0.24,0.25,0.0,1.3,0.02
2026-09-13 15:42:16,1.01,0.5,0.5,0.0,0.0,20.59,6102.3,0.0,0.4,0.31,0.24,0.0,0.0,1.3,0.01
2026-09-13 15:42:17,2.0,0.75,1.0,0.25,0.25,20.59,6102.3,0.0,0.4,0.31,0.24,0.0,0.0,1.56,0.01
2026-09-13 15:42:18,10.58,8.82,1.76,0.5,0.0,20.66,6097.0,0.0,0.36,0.3,0.24,0.0,0.03,1.3,0.02
2026-09-13 15:42:19,1.26,0.5,0.76,0.25,0.0,20.66,6097.0,0.0,0.36,0.3,0.24,0.0,0.03,1.3,0.02
2026-09-13 15:42:20,1.5,0.75,0.5,0.0,0.25,20.63,6099.1,0.0,0.36,0.3,0.24,0.0,0.0,1.56,0.02
2026-09-13 15:42:21,1.01,0.25,0.75,0.0,0.0,20.63,6099.1,0.0,0.36,0.3,0.24,0.0,0.0,1.3,0.02
2026-09-13 15:42:22,1.26,0.5,0.75,0.0,0.0,20.63,6099.1,0.0,0.36,0.3,0.24,0.0,0.0,1.3,0.01
2026-09-13 15:42:23,0.76,0.25,0.51,0.0,0.0,20.6,6101.5,0.0,0.5,0.33,0.25,0.0,0.0,1.56,0.02
2026-09-13 15:42:24,1.01,0.5,0.5,2.76,0.0,20.6,6101.6,0.0,0.5,0.33,0.25,0.0,1.16,1.3,0.01
2026-09-13 15:42:25,1.26,0.5,0.5,0.0,0.25,20.6,6101.4,0.0,0.5,0.33,0.25,0.0,0.0,1.3,0.01
2026-09-13 15:42:26,1.76,0.75,1.01,0.0,0.0,20.67,6096.0,0.0,0.5,0.33,0.25,0.25,0.0,1.32,0.01
2026-09-13 15:42:27,1.76,1.01,0.75,0.25,0.0,20.67,6095.7,0.0,0.5,0.33,0.25,0.0,0.0,1.54,0.01
2026-09-13 15:42:28,1.01,0.25,0.75,0.0,0.0,20.67,6095.9,0.0,0.46,0.32,0.25,0.0,0.0,1.3,0.01
2026-09-13 15:42:29,1.77,1.26,0.51,0.25,0.0,20.67,6095.7,0.0,0.46,0.32,0.25,0.0,0.0,1.31,0.02
2026-09-13 15:42:30,1.01,0.5,0.5,0.0,0.0,20.67,6096.3,0.0,0.46,0.32,0.25,0.0,0.0,1.54,0.01
2026-09-13 15:42:31,1.26,0.5,0.75,0.0,0.0,20.65,6097.1,0.0,0.46,0.32,0.25,0.0,0.0,1.3,0.02
2026-09-13 15:42:32,1.01,0.5,0.5,0.0,0.0,20.66,6096.9,0.0,0.46,0.32,0.25,0.0,0.02,1.3,0.02
2026-09-13 15:42:33,11.06,9.05,1.76,0.5,0.25,20.55,6105.2,0.0,0.42,0.32,0.25,0.0,0.03,1.56,0.03
2026-09-13 15:42:34,1.26,0.5,0.75,0.25,0.0,20.55,6105.1,0.0,0.42,0.32,0.25,0.0,0.01,1.3,0.02
2026-09-13 15:42:35,1.01,0.25,0.76,0.0,0.0,20.55,6105.1,0.0,0.42,0.32,0.25,0.0,0.0,1.3,0.01
2026-09-13 15:42:36,1.25,0.5,0.75,0.0,0.0,20.55,6104.8,0.0,0.42,0.32,0.25,0.0,0.0,1.56,0.01
2026-09-13 15:42:37,2.51,1.26,1.01,0.25,0.25,20.61,6100.2,0.0,0.42,0.32,0.25,0.25,0.0,1.3,0.01
2026-09-13 15:42:38,1.26,0.5,0.76,0.0,0.0,20.59,6102.4,0.0,0.39,0.31,0.24,0.0,0.0,1.3,0.01
2026-09-13 15:42:39,1.26,0.5,0.75,0.25,0.0,20.59,6102.2,0.0,0.39,0.31,0.24,0.0,0.01,1.56,0.01
2026-09-13 15:42:40,0.76,0.5,0.25,0.0,0.0,20.59,6101.9,0.0,0.39,0.31,0.24,0.0,0.0,1.3,0.01
2026-09-13 15:42:41,1.01,0.5,0.5,0.0,0.0,20.59,6101.9,0.0,0.39,0.31,0.24,0.0,0.0,1.3,0.01
2026-09-13 15:42:42,1.01,0.25,0.75,0.0,0.0,20.59,6101.9,0.0,0.39,0.31,0.24,0.0,0.0,1.3,0.01
2026-09-13 15:42:43,1.01,0.5,0.25,0.0,0.25,20.59,6101.9,0.0,0.35,0.31,0.24,0.0,0.0,1.56,0.02
2026-09-13 15:42:44,0.76,0.25,0.51,0.0,0.0,20.59,6102.0,0.0,0.35,0.31,0.24,0.0,0.0,1.3,0.01
2026-09-13 15:42:45,1.26,0.5,0.75,0.0,0.0,20.59,6102.0,0.0,0.35,0.31,0.24,0.0,0.0,1.31,0.02
2026-09-13 15:42:46,0.76,0.25,0.51,0.0,0.0,20.58,6102.9,0.0,0.35,0.31,0.24,0.0,0.0,1.55,0.02
2026-09-13 15:42:47,1.51,0.75,0.75,0.25,0.0,20.57,6103.4,0.0,0.35,0.31,0.24,0.0,0.0,1.3,0.02
2026-09-13 15:42:48,12.53,10.28,2.01,1.0,0.25,20.56,6104.2,0.0,0.33,0.3,0.24,0.25,0.02,1.31,0.02
2026-09-13 15:42:49,1.5,0.5,0.75,0.0,0.25,20.57,6103.6,0.0,0.33,0.3,0.24,0.0,0.0,1.56,0.02
2026-09-13 15:42:50,0.76,0.25,0.51,0.0,0.0,20.57,6103.3,0.0,0.33,0.3,0.24,0.0,0.0,1.3,0.01
2026-09-13 15:42:51,1.26,0.25,1.01,0.0,0.0,20.58,6103.1,0.0,0.33,0.3,0.24,0.0,0.0,1.3,0.02
2026-09-13 15:42:52,0.76,0.51,0.25,0.0,0.0,20.58,6103.1,0.0,0.33,0.3,0.24,0.0,0.0,1.56,0.01
2026-09-13 15:42:53,1.25,0.5,0.5,0.0,0.25,20.54,6105.7,0.0,0.3,0.3,0.24,0.0,0.0,1.3,0.01
2026-09-13 15:42:54,1.26,0.5,0.75,0.5,0.0,20.57,6104.0,0.0,0.3,0.3,0.24,0.0,0.02,1.3,0.01
2026-09-13 15:42:55,1.26,0.5,0.76,0.25,0.0,20.57,6103.7,0.0,0.3,0.3,0.24,0.0,0.01,1.56,0.02
2026-09-13 15:42:56,1.01,0.25,0.76,0.0,0.0,20.57,6103.7,0.0,0.3,0.3,0.24,0.0,0.0,1.3,0.01
2026-09-13 15:42:57,1.26,0.76,0.5,0.25,0.0,20.58,6102.8,0.0,0.3,0.3,0.24,0.0,0.0,1.3,0.01
2026-09-13 15:42:58,1.26,0.75,0.5,0.0,0.0,20.58,6102.8,0.0,0.27,0.29,0.24,0.0,0.0,1.31,0.01
2026-09-13 15:42:59,2.01,0.75,1.01,1.26,0.25,20.64,6098.0,0.0,0.27,0.29,0.24,0.25,1.14,1.55,0.02
2026-09-13 15:43:00,1.26,0.5,0.76,0.25,0.0,20.64,6098.3,0.0,0.27,0.29,0.24,0.0,0.02,1.3,0.01
2026-09-13 15:43:01,1.26,0.5,0.75,0.0,0.0,20.64,6098.3,0.0,0.27,0.29,0.24,0.0,0.0,1.3,0.01
2026-09-13 15:43:02,1.01,0.25,0.75,0.0,0.0,20.64,6098.3,0.0,0.25,0.29,0.24,0.0,0.0,1.56,0.01
2026-09-13 15:43:03,6.78,5.03,1.51,0.25,0.25,20.74,6090.4,0.0,0.25,0.29,0.24,0.0,0.02,1.3,0.03
2026-09-13 15:43:04,5.53,4.52,1.01,0.5,0.0,20.61,6100.4,0.0,0.25,0.29,0.24,0.0,0.02,1.3,0.01
2026-09-13 15:43:05,1.01,0.5,0.5,0.0,0.0,20.61,6100.4,0.0,0.25,0.29,0.24,0.0,0.0,1.56,0.01
2026-09-13 15:43:06,1.01,0.25,0.76,0.0,0.0,20.61,6100.4,0.0,0.25,0.29,0.24,0.0,0.0,1.3,0.01
2026-09-13 15:43:07,2.76,1.76,0.75,0.5,0.25,20.63,6098.6,0.0,0.39,0.32,0.25,0.0,0.0,1.3,0.01
2026-09-13 15:43:08,1.01,0.25,0.76,0.0,0.0,20.59,6102.0,0.0,0.39,0.32,0.25,0.0,0.0,1.56,0.02
2026-09-13 15:43:09,1.01,0.5,0.5,0.25,0.0,20.59,6101.8,0.0,0.39,0.32,0.25,0.0,0.01,1.3,0.01
2026-09-13 15:43:10,1.76,0.76,1.01,0.0,0.0,20.66,6096.7,0.0,0.39,0.32,0.25,0.25,0.51,1.3,0.01
2026-09-13 15:43:11,1.01,0.5,0.5,0.0,0.0,20.66,6096.8,0.0,0.39,0.32,0.25,0.0,0.0,1.56,0.01
2026-09-13 15:43:12,1.25,0.5,0.5,0.0,0.25,20.65,6097.5,0.0,0.36,0.31,0.24,0.0,0.0,1.3,0.01
2026-09-13 15:43:13,0.76,0.25,0.51,0.0,0.0,20.64,6098.1,0.0,0.36,0.31,0.24,0.0,0.0,1.3,0.01
2026-09-13 15:43:14,1.26,0.5,0.75,0.0,0.0,20.64,6098.5,0.0,0.36,0.31,0.24,0.0,0.0,1.56,0.02
2026-09-13 15:43:15,1.01,0.25,0.75,0.25,0.0,20.63,6098.8,0.0,0.36,0.31,0.24,0.0,0.01,1.3,0.02
2026-09-13 15:43:16,1.26,0.5,0.5,0.25,0.25,20.63,6099.3,0.0,0.36,0.31,0.24,0.0,0.02,1.3,0.01
2026-09-13 15:43:17,1.75,1.0,0.75,2.26,0.0,20.63,6098.9,0.0,0.41,0.32,0.25,0.0,0.22,1.3,0.01
2026-09-13 15:43:18,1.52,0.76,0.76,0.0,0.0,20.64,6098.1,0.0,0.41,0.32,0.25,0.0,0.0,1.56,0.02
2026-09-13 15:43:19,10.28,8.27,1.75,0.75,0.25,20.62,6099.9,0.0,0.41,0.32,0.25,0.0,0.06,1.3,0.02
2026-09-13 15:43:20,1.01,0.25,0.76,0.0,0.0,20.62,6099.9,0.0,0.41,0.32,0.25,0.0,0.38,1.3,0.01
2026-09-13 15:43:21,1.52,0.76,0.76,0.0,0.0,20.64,6098.2,0.0,0.41,0.32,0.25,0.25,0.0,1.56,0.02
2026-09-13 15:43:22,1.5,0.75,0.75,0.0,0.0,20.65,6097.7,0.0,0.38,0.32,0.25,0.0,0.0,1.3,0.01
2026-09-13 15:43:23,0.76,0.25,0.51,0.0,0.0,20.65,6097.7,0.0,0.38,0.32,0.25,0.0,0.0,1.3,0.02
2026-09-13 15:43:24,1.26,0.5,0.76,0.25,0.0,20.62,6099.6,0.0,0.38,0.32,0.25,0.0,0.01,1.56,0.01
2026-09-13 15:43:25,0.76,0.25,0.5,0.0,0.0,20.62,6099.8,0.0,0.38,0.32,0.25,0.0,0.0,1.3,0.01
2026-09-13 15:43:26,2.26,1.51,0.75,0.25,0.0,20.62,6099.5,0.0,0.38,0.32,0.25,0.0,0.0,1.3,0.01
2026-09-13 15:43:27,1.76,1.01,0.75,0.5,0.0,20.64,6098.3,0.0,0.35,0.31,0.25,0.0,0.0,1.56,0.01
2026-09-13 15:43:28,0.76,0.25,0.5,0.0,0.0,20.64,6098.0,0.0,0.35,0.31,0.25,0.0,0.0,1.3,0.01
2026-09-13 15:43:29,1.5,0.5,0.75,0.0,0.25,20.65,6097.8,0.0,0.35,0.31,0.25,0.0,1.13,1.3,0.02
2026-09-13 15:43:30,0.76,0.51,0.25,1.01,0.0,20.64,6097.9,0.0,0.35,0.31,0.25,0.0,0.01,1.56,0.01
2026-09-13 15:43:31,1.26,0.5,0.75,0.0,0.0,20.64,6098.0,0.0,0.35,0.31,0.25,0.0,0.0,1.3,0.01
2026-09-13 15:43:32,1.76,0.5,1.01,0.0,0.25,20.69,6094.4,0.0,0.32,0.31,0.24,0.25,0.0,1.3,0.02
2026-09-13 15:43:33,1.26,0.5,0.76,0.0,0.0,20.69,6094.2,0.0,0.32,0.31,0.24,0.0,0.0,1.56,0.02
2026-09-13 15:43:34,10.58,8.82,1.76,1.01,0.0,20.63,6098.7,0.0,0.32,0.31,0.24,0.0,0.05,1.3,0.02
2026-09-13 15:43:35,0.76,0.25,0.51,0.0,0.0,20.63,6098.7,0.0,0.32,0.31,0.24,0.0,0.0,1.3,0.01
2026-09-13 15:43:36,1.5,0.5,0.75,0.0,0.25,20.63,6098.7,0.0,0.32,0.31,0.24,0.0,0.0,1.31,0.01
2026-09-13 15:43:37,1.76,1.01,0.75,0.25,0.0,20.66,6097.1,0.0,0.29,0.3,0.24,0.0,0.0,1.55,0.01
2026-09-13 15:43:38,0.76,0.25,0.51,0.0,0.0,20.65,6097.3,0.0,0.29,0.3,0.24,0.0,0.0,1.3,0.02
2026-09-13 15:43:39,1.5,0.5,1.0,0.0,0.0,20.57,6103.5,0.0,0.29,0.3,0.24,0.0,0.0,1.3,0.01
2026-09-13 15:43:40,0.76,0.25,0.51,0.51,0.0,20.57,6103.3,0.0,0.29,0.3,0.24,0.0,0.02,1.56,0.01
2026-09-13 15:43:41,1.26,0.5,0.75,0.0,0.0,20.58,6102.8,0.0,0.29,0.3,0.24,0.0,0.0,1.3,0.01
2026-09-13 15:43:42,1.26,0.5,0.5,0.0,0.25,20.58,6102.5,0.0,0.35,0.31,0.25,0.0,0.0,1.3,0.01
2026-09-13 15:43:43,1.76,0.75,1.01,0.0,0.0,20.65,6097.4,0.0,0.35,0.31,0.25,0.25,0.0,1.56,0.02
2026-09-13 15:43:44,1.5,0.5,1.0,0.0,0.0,20.65,6097.4,0.0,0.35,0.31,0.25,0.0,0.0,1.3,0.02
2026-09-13 15:43:45,2.27,1.26,0.76,0.0,0.25,20.65,6097.6,0.0,0.35,0.31,0.25,0.0,0.0,1.3,0.02
2026-09-13 15:43:46,1.26,0.5,0.75,0.0,0.0,20.63,6099.0,0.0,0.35,0.31,0.25,0.0,0.06,1.56,0.02
2026-09-13 15:43:47,1.76,1.01,0.75,0.25,0.0,20.65,6097.6,0.0,0.32,0.31,0.25,0.0,0.0,1.3,0.02
2026-09-13 15:43:48,1.26,0.25,1.01,0.0,0.0,20.64,6098.2,0.0,0.32,0.31,0.25,0.0,0.0,1.3,0.01
2026-09-13 15:43:49,10.83,9.07,1.51,0.25,0.25,20.64,6098.0,0.0,0.32,0.31,0.25,0.0,0.03,1.3,0.02
2026-09-13 15:43:50,1.01,0.5,0.5,0.0,0.0,20.64,6098.2,0.0,0.32,0.31,0.25,0.0,0.0,1.56,0.02
2026-09-13 15:43:51,1.5,0.5,0.75,0.0,0.25,20.64,6098.6,0.0,0.32,0.31,0.25,0.0,0.0,1.3,0.02
2026-09-13 15:43:52,0.76,0.25,0.5,0.5,0.0,20.63,6099.3,0.0,0.3,0.3,0.24,0.0,0.03,1.3,0.01
2026-09-13 15:43:53,0.76,0.25,0.5,0.0,0.0,20.62,6100.0,0.0,0.3,0.3,0.24,0.0,0.0,1.56,0.01
2026-09-13 15:43:54,2.26,1.0,1.0,0.0,0.25,20.58,6103.1,0.0,0.3,0.3,0.24,0.25,0.0,1.3,0.02
2026-09-13 15:43:55,0.76,0.25,0.51,0.25,0.0,20.58,6102.9,0.0,0.3,0.3,0.24,0.0,0.01,1.3,0.02
2026-09-13 15:43:56,1.25,0.5,0.75,0.0,0.0,20.58,6102.9,0.0,0.3,0.3,0.24,0.0,0.0,1.56,0.02
2026-09-13 15:43:57,1.51,1.01,0.5,0.25,0.0,20.59,6102.4,0.0,0.27,0.3,0.24,0.0,0.0,1.3,0.01
2026-09-13 15:43:58,1.01,0.25,0.5,0.0,0.25,20.59,6102.4,0.0,0.27,0.3,0.24,0.0,0.0,1.3,0.01
2026-09-13 15:43:59,1.51,0.75,0.75,0.0,0.0,20.59,6102.4,0.0,0.27,0.3,0.24,0.0,0.0,1.56,0.02
2026-09-13 15:44:00,1.01,0.5,0.5,0.25,0.0,20.59,6102.4,0.0,0.27,0.3,0.24,0.0,0.01,1.3,0.01
2026-09-13 15:44:01,0.76,0.25,0.5,0.0,0.0,20.59,6102.4,0.0,0.27,0.3,0.24,0.0,0.0,1.3,0.01
2026-09-13 15:44:02,1.01,0.5,0.5,1.26,0.0,20.58,6102.8,0.0,0.33,0.31,0.25,0.0,1.15,1.31,0.01
2026-09-13 15:44:03,1.26,0.5,0.5,0.0,0.25,20.58,6102.6,0.0,0.33,0.31,0.25,0.0,0.0,1.55,0.02
2026-09-13 15:44:04,11.62,9.34,2.02,1.01,0.25,20.62,6099.5,0.0,0.33,0.31,0.25,0.0,0.02,1.3,0.02
2026-09-13 15:44:05,1.52,0.76,0.76,0.0,0.0,20.7,6093.3,0.0,0.33,0.31,0.25,0.25,0.01,1.3,0.01
2026-09-13 15:44:06,1.01,0.5,0.5,0.0,0.0,20.7,6093.3,0.0,0.33,0.31,0.25,0.0,0.0,1.56,0.01
2026-09-13 15:44:07,1.51,0.76,0.76,0.25,0.0,20.72,6092.3,0.0,0.3,0.3,0.25,0.0,0.0,1.3,0.01
2026-09-13 15:44:08,1.01,0.5,0.5,0.0,0.0,20.72,6092.3,0.0,0.3,0.3,0.25,0.0,0.0,1.3,0.01
2026-09-13 15:44:09,1.26,0.5,0.5,0.0,0.25,20.62,6099.6,0.0,0.3,0.3,0.25,0.0,0.0,1.56,0.01
2026-09-13 15:44:10,1.26,0.5,0.75,0.25,0.0,20.62,6099.6,0.0,0.3,0.3,0.25,0.0,0.01,1.3,0.01
2026-09-13 15:44:11,1.26,0.5,0.75,0.0,0.0,20.63,6099.4,0.0,0.3,0.3,0.25,0.0,0.0,1.31,0.01
2026-09-13 15:44:12,1.01,0.25,0.76,0.0,0.0,20.63,6099.4,0.0,0.28,0.3,0.24,0.0,0.0,1.55,0.01
2026-09-13 15:44:13,1.25,0.5,0.75,0.0,0.0,20.63,6099.3,0.0,0.28,0.3,0.24,0.0,0.0,1.3,0.01
2026-09-13 15:44:14,1.01,0.25,0.5,0.0,0.25,20.63,6099.3,0.0,0.28,0.3,0.24,0.0,0.0,1.3,0.01
2026-09-13 15:44:15,1.01,0.5,0.5,0.25,0.0,20.63,6099.4,0.0,0.28,0.3,0.24,0.0,0.01,1.56,0.02
2026-09-13 15:44:16,1.76,0.75,1.01,0.0,0.0,20.71,6093.0,0.0,0.28,0.3,0.24,0.25,0.0,1.3,0.01
2026-09-13 15:44:17,1.51,1.01,0.5,0.25,0.0,20.71,6092.9,0.0,0.26,0.29,0.24,0.0,0.0,1.3,0.01
2026-09-13 15:44:18,1.26,0.5,0.76,0.0,0.0,20.72,6092.3,0.0,0.26,0.29,0.24,0.0,0.0,1.56,0.02
2026-09-13 15:44:19,10.35,8.59,1.77,0.51,0.0,20.87,6081.0,0.0,0.26,0.29,0.24,0.0,0.02,1.3,0.02
2026-09-13 15:44:20,1.26,0.25,0.75,0.0,0.25,20.87,6080.8,0.0,0.26,0.29,0.24,0.0,0.0,1.3,0.02
2026-09-13 15:44:21,1.5,0.5,1.0,0.5,0.0,20.85,6081.7,0.0,0.26,0.29,0.24,0.0,0.01,1.3,0.02
2026-09-13 15:44:22,1.01,0.5,0.5,0.0,0.0,20.79,6086.8,0.0,0.24,0.29,0.24,0.0,0.0,1.56,0.01
2026-09-13 15:44:23,1.77,1.26,0.51,0.25,0.0,20.79,6086.6,0.0,0.24,0.29,0.24,0.0,0.02,1.3,0.02
2026-09-13 15:44:24,1.01,0.25,0.76,0.0,0.0,20.75,6090.0,0.0,0.24,0.29,0.24,0.0,0.0,1.31,0.01
2026-09-13 15:44:25,1.5,0.5,0.75,0.0,0.25,20.74,6090.3,0.0,0.24,0.29,0.24,0.0,0.0,1.54,0.01
2026-09-13 15:44:26,1.01,0.25,0.75,0.0,0.0,20.72,6092.0,0.0,0.24,0.29,0.24,0.0,0.0,1.3,0.01
2026-09-13 15:44:27,2.02,1.26,0.76,0.25,0.0,20.74,6090.2,0.0,0.22,0.28,0.24,0.25,0.0,1.32,0.01
2026-09-13 15:44:28,0.76,0.25,0.5,0.0,0.0,20.72,6092.5,0.0,0.22,0.28,0.24,0.0,0.0,1.55,0.01
2026-09-13 15:44:29,1.01,0.25,0.76,0.0,0.0,20.7,6093.7,0.0,0.22,0.28,0.24,0.0,0.0,1.3,0.01
2026-09-13 15:44:30,1.5,0.5,0.75,0.0,0.25,20.7,6094.0,0.0,0.22,0.28,0.24,0.0,0.0,1.3,0.01
2026-09-13 15:44:31,0.76,0.25,0.5,0.0,0.0,20.69,6094.7,0.0,0.22,0.28,0.24,0.0,0.0,1.56,0.02
2026-09-13 15:44:32,1.26,0.5,0.76,1.01,0.0,20.69,6094.8,0.0,0.2,0.28,0.24,0.0,1.15,1.3,0.02
2026-09-13 15:44:33,1.5,0.5,0.75,0.0,0.25,20.69,6094.4,0.0,0.2,0.28,0.24,0.0,0.0,1.3,0.02
2026-09-13 15:44:34,10.35,8.84,1.52,1.01,0.0,20.99,6071.1,0.0,0.2,0.28,0.24,0.0,0.02,1.56,0.02
2026-09-13 15:44:35,1.26,0.5,0.75,0.25,0.0,20.68,6095.4,0.0,0.2,0.28,0.24,0.0,0.01,1.3,0.01
2026-09-13 15:44:36,1.26,0.5,0.5,0.0,0.25,20.68,6095.4,0.0,0.2,0.28,0.24,0.0,0.01,1.3,0.01
2026-09-13 15:44:37,1.76,0.76,1.01,0.0,0.0,20.52,6107.4,0.0,0.18,0.27,0.24,0.0,0.0,1.56,0.01
2026-09-13 15:44:38,1.76,1.01,0.75,0.0,0.0,20.58,6103.2,0.0,0.18,0.27,0.24,0.25,0.0,1.3,0.02
2026-09-13 15:44:39,1.01,0.5,0.5,0.0,0.0,20.56,6104.4,0.0,0.18,0.27,0.24,0.0,0.0,1.3,0.01
2026-09-13 15:44:40,1.01,0.25,0.75,0.5,0.0,20.56,6104.3,0.0,0.18,0.27,0.24,0.0,0.02,1.3,0.01
2026-09-13 15:44:41,1.01,0.5,0.5,0.0,0.0,20.55,6104.9,0.0,0.18,0.27,0.24,0.0,0.01,1.56,0.01
2026-09-13 15:44:42,2.51,1.25,1.0,0.25,0.25,20.64,6098.2,0.0,0.17,0.27,0.24,0.0,0.0,1.3,0.01
2026-09-13 15:44:43,0.76,0.25,0.5,0.0,0.0,20.63,6099.3,0.0,0.17,0.27,0.24,0.0,0.0,1.56,0.02
2026-09-13 15:44:44,1.01,0.25,0.76,0.0,0.0,20.6,6101.0,0.0,0.17,0.27,0.24,0.0,0.0,1.3,0.01
2026-09-13 15:44:45,1.26,0.75,0.5,0.0,0.0,20.6,6101.4,0.0,0.17,0.27,0.24,0.0,0.0,1.3,0.02
2026-09-13 15:44:46,1.25,0.25,0.75,0.0,0.25,20.59,6101.9,0.0,0.17,0.27,0.24,0.0,0.0,1.3,0.02
2026-09-13 15:44:47,1.76,1.01,0.75,0.25,0.0,20.6,6101.7,0.0,0.15,0.26,0.23,0.0,0.0,1.56,0.02
2026-09-13 15:44:48,1.01,0.5,0.5,0.0,0.0,20.6,6101.3,0.0,0.15,0.26,0.23,0.0,0.0,1.3,0.02
2026-09-13 15:44:49,8.06,6.3,1.76,0.0,0.0,20.88,6079.7,0.0,0.15,0.26,0.23,0.25,0.01,1.31,0.03
2026-09-13 15:44:50,4.52,3.27,1.26,0.5,0.0,20.81,6085.5,0.0,0.15,0.26,0.23,0.0,0.01,1.56,0.02
2026-09-13 15:44:51,0.76,0.25,0.5,0.0,0.0,20.81,6085.3,0.0,0.15,0.26,0.23,0.0,0.0,1.3,0.02
2026-09-13 15:44:52,1.26,0.25,0.75,0.0,0.25,20.81,6085.3,0.0,0.14,0.26,0.23,0.0,0.0,1.3,0.01
2026-09-13 15:44:53,0.76,0.51,0.25,0.0,0.0,20.79,6086.6,0.0,0.14,0.26,0.23,0.0,0.0,1.56,0.01
2026-09-13 15:44:54,1.01,0.25,0.76,0.0,0.0,20.73,6091.2,0.0,0.14,0.26,0.23,0.0,0.0,1.3,0.01
2026-09-13 15:44:55,1.26,0.5,0.75,0.25,0.0,20.72,6092.0,0.0,0.14,0.26,0.23,0.0,0.01,1.3,0.02
2026-09-13 15:44:56,1.25,0.5,0.75,0.25,0.0,20.71,6093.0,0.0,0.14,0.26,0.23,0.0,0.01,1.56,0.01
2026-09-13 15:44:57,1.76,0.75,0.75,0.25,0.25,20.72,6092.0,0.0,0.13,0.25,0.23,0.0,0.0,1.3,0.01
2026-09-13 15:44:58,1.01,0.5,0.5,0.0,0.0,20.7,6093.5,0.0,0.13,0.25,0.23,0.0,0.0,1.3,0.01
2026-09-13 15:44:59,1.25,0.5,0.75,0.0,0.0,20.7,6093.9,0.0,0.13,0.25,0.23,0.0,0.0,1.56,0.02
2026-09-13 15:45:00,1.76,0.76,1.01,0.0,0.0,20.67,6096.1,0.0,0.13,0.25,0.23,0.25,0.0,1.3,0.01
2026-09-13 15:45:01,1.77,1.26,0.51,0.0,0.0,20.67,6096.1,0.0,0.13,0.25,0.23,0.0,0.0,1.3,0.01
2026-09-13 15:45:02,1.5,0.5,1.0,2.51,0.0,20.67,6096.3,0.0,0.12,0.25,0.23,0.0,1.15,1.3,0.01
2026-09-13 15:45:03,1.51,0.5,0.75,0.0,0.25,20.67,6096.1,0.0,0.12,0.25,0.23,0.0,0.0,1.56,0.03
2026-09-13 15:45:04,3.27,2.27,1.01,0.0,0.0,20.68,6095.1,0.0,0.12,0.25,0.23,0.0,0.01,1.3,0.02
2026-09-13 15:45:05,8.06,6.55,1.51,0.76,0.0,20.67,6095.9,0.0,0.12,0.25,0.23,0.0,0.03,1.3,0.01
2026-09-13 15:45:06,1.01,0.25,0.76,0.0,0.0,20.67,6095.9,0.0,0.12,0.25,0.23,0.0,0.0,1.56,0.01
2026-09-13 15:45:07,1.51,1.01,0.5,0.25,0.0,20.68,6095.2,0.0,0.11,0.24,0.23,0.0,0.01,1.3,0.01
2026-09-13 15:45:08,1.26,0.25,1.01,0.0,0.0,20.68,6095.2,0.0,0.11,0.24,0.23,0.0,0.0,1.3,0.01
2026-09-13 15:45:09,1.01,0.5,0.5,0.0,0.0,20.68,6095.2,0.0,0.11,0.24,0.23,0.0,0.0,1.56,0.01
2026-09-13 15:45:10,1.5,0.75,0.75,0.0,0.0,20.66,6096.7,0.0,0.11,0.24,0.23,0.0,0.0,1.3,0.01
2026-09-13 15:45:11,2.01,0.75,1.01,0.25,0.25,20.74,6090.3,0.0,0.11,0.24,0.23,0.25,0.02,1.3,0.01
2026-09-13 15:45:12,0.76,0.25,0.5,0.0,0.0,20.74,6090.3,0.0,0.1,0.24,0.23,0.0,0.0,1.56,0.01
2026-09-13 15:45:13,0.76,0.25,0.51,0.0,0.0,20.74,6090.3,0.0,0.1,0.24,0.23,0.0,0.0,1.3,0.01
2026-09-13 15:45:14,0.76,0.25,0.51,0.0,0.0,20.74,6090.3,0.0,0.1,0.24,0.23,0.0,0.0,1.3,0.02
2026-09-13 15:45:15,1.26,0.5,0.75,0.0,0.0,20.74,6090.3,0.0,0.1,0.24,0.23,0.0,0.0,1.56,0.02
2026-09-13 15:45:16,1.26,0.5,0.75,0.25,0.0,20.73,6091.0,0.0,0.1,0.24,0.23,0.0,0.01,1.3,0.01
2026-09-13 15:45:17,1.51,0.76,0.5,0.0,0.25,20.73,6091.6,0.0,0.09,0.24,0.23,0.0,0.0,1.3,0.01
2026-09-13 15:45:18,1.51,0.75,0.75,0.0,0.0,20.72,6092.2,0.0,0.09,0.24,0.23,0.0,0.0,1.3,0.02
2026-09-13 15:45:19,1.26,0.5,0.75,0.0,0.0,20.71,6093.1,0.0,0.09,0.24,0.23,0.0,0.0,1.56,0.02
2026-09-13 15:45:20,11.56,9.3,2.01,1.01,0.25,20.66,6096.7,0.0,0.09,0.24,0.23,0.0,0.03,1.3,0.02
2026-09-13 15:45:21,1.26,0.5,0.75,0.0,0.0,20.66,6096.7,0.0,0.09,0.24,0.23,0.0,0.0,1.3,0.02
2026-09-13 15:45:22,1.76,0.75,1.01,0.5,0.0,20.7,6093.8,0.0,0.08,0.23,0.22,0.25,0.01,1.56,0.01
2026-09-13 15:45:23,1.01,0.25,0.76,0.0,0.0,20.7,6093.8,0.0,0.08,0.23,0.22,0.0,0.0,1.3,0.02
2026-09-13 15:45:24,1.25,0.5,0.5,0.0,0.25,20.7,6093.8,0.0,0.08,0.23,0.22,0.0,0.0,1.3,0.01
2026-09-13 15:45:25,1.5,0.75,0.75,0.0,0.0,20.68,6095.1,0.0,0.08,0.23,0.22,0.0,0.0,1.56,0.01
2026-09-13 15:45:26,0.76,0.25,0.51,0.0,0.0,20.68,6095.5,0.0,0.08,0.23,0.22,0.0,0.0,1.3,0.01
2026-09-13 15:45:27,1.26,0.75,0.5,0.0,0.0,20.67,6095.8,0.0,0.08,0.23,0.22,0.0,0.0,1.3,0.01
2026-09-13 15:45:28,2.01,1.0,0.75,0.0,0.25,20.69,6094.4,0.0,0.08,0.23,0.22,0.0,0.0,1.56,0.01
2026-09-13 15:45:29,1.01,0.25,0.76,0.0,0.0,20.69,6094.4,0.0,0.08,0.23,0.22,0.0,0.0,1.3,0.02
2026-09-13 15:45:30,0.76,0.25,0.5,0.0,0.0,20.69,6094.4,0.0,0.08,0.23,0.22,0.0,0.0,1.3,0.01
2026-09-13 15:45:31,1.01,0.25,0.76,0.0,0.0,20.69,6094.4,0.0,0.08,0.23,0.22,0.0,0.0,1.31,0.02
2026-09-13 15:45:32,1.01,0.25,0.76,0.0,0.0,20.69,6094.4,0.0,0.15,0.24,0.23,0.0,0.0,1.54,0.02
2026-09-13 15:45:33,1.77,0.76,0.76,0.0,0.25,20.72,6092.0,0.0,0.15,0.24,0.23,0.25,0.0,1.3,0.02
2026-09-13 15:45:34,1.5,0.75,0.75,0.0,0.0,20.72,6092.1,0.0,0.15,0.24,0.23,0.0,0.0,1.3,0.02
2026-09-13 15:45:35,11.06,8.79,2.01,1.76,0.25,20.66,6096.7,0.0,0.15,0.24,0.23,0.0,1.17,1.56,0.02
2026-09-13 15:45:36,1.25,0.5,0.75,0.0,0.0,20.66,6096.8,0.0,0.15,0.24,0.23,0.0,0.0,1.3,0.01
2026-09-13 15:45:37,1.51,0.5,1.01,0.0,0.0,20.66,6096.8,0.0,0.3,0.27,0.24,0.0,0.01,1.31,0.01
2026-09-13 15:45:38,1.26,0.76,0.5,0.5,0.0,20.67,6096.0,0.0,0.3,0.27,0.24,0.0,0.0,1.55,0.02
2026-09-13 15:45:39,2.26,1.51,0.75,0.25,0.0,20.67,6096.0,0.0,0.3,0.27,0.24,0.0,0.0,1.3,0.01
2026-09-13 15:45:40,1.26,0.5,0.5,0.0,0.25,20.67,6096.1,0.0,0.3,0.27,0.24,0.0,0.0,1.3,0.01
2026-09-13 15:45:41,1.01,0.25,0.76,0.25,0.0,20.67,6095.9,0.0,0.3,0.27,0.24,0.0,0.02,1.56,0.01
2026-09-13 15:45:42,1.26,0.5,0.75,0.0,0.0,20.67,6095.9,0.0,0.28,0.27,0.24,0.0,0.01,1.3,0.01
2026-09-13 15:45:43,1.01,0.5,0.5,0.0,0.0,20.67,6095.9,0.0,0.28,0.27,0.24,0.0,0.0,1.3,0.02
2026-09-13 15:45:44,2.01,0.75,1.0,0.0,0.25,20.64,6098.6,0.0,0.28,0.27,0.24,0.25,0.0,1.56,0.02
2026-09-13 15:45:45,1.01,0.5,0.5,0.0,0.0,20.64,6098.6,0.0,0.28,0.27,0.24,0.0,0.0,1.3,0.02
2026-09-13 15:45:46,1.01,0.25,0.76,0.0,0.0,20.64,6098.3,0.0,0.28,0.27,0.24,0.0,0.0,1.3,0.02
2026-09-13 15:45:47,7.77,6.02,1.75,0.25,0.0,20.76,6089.0,0.0,0.33,0.28,0.24,0.0,0.01,1.59,0.02
2026-09-13 15:45:48,4.77,3.27,1.26,0.25,0.25,20.59,6102.0,0.0,0.33,0.28,0.24,0.0,0.02,1.3,0.01
2026-09-13 15:45:49,1.01,0.5,0.5,0.0,0.0,20.59,6101.8,0.0,0.33,0.28,0.24,0.0,0.5,1.3,0.02
2026-09-13 15:45:50,10.1,8.59,1.52,0.51,0.0,20.6,6101.1,0.0,0.33,0.28,0.24,0.0,0.03,1.31,0.02
2026-09-13 15:45:51,1.26,0.5,0.5,0.0,0.25,20.6,6101.1,0.0,0.33,0.28,0.24,0.0,0.0,1.55,0.02
2026-09-13 15:45:52,1.26,0.5,0.75,0.0,0.0,20.57,6104.0,0.0,0.31,0.27,0.24,0.0,0.0,1.3,0.02
2026-09-13 15:45:53,1.01,0.25,0.76,0.25,0.0,20.57,6103.8,0.0,0.31,0.27,0.24,0.0,0.01,1.3,0.01
2026-09-13 15:45:54,1.51,0.76,0.76,0.0,0.0,20.69,6094.5,0.0,0.31,0.27,0.24,0.25,0.0,1.56,0.02
2026-09-13 15:45:55,1.01,0.51,0.51,0.0,0.0,20.71,6093.1,0.0,0.31,0.27,0.24,0.0,0.0,3.3,0.03
2026-09-13 15:45:56,1.26,0.75,0.5,0.0,0.0,20.71,6093.1,0.0,0.31,0.27,0.24,0.0,0.0,4.42,0.03
2026-09-13 15:45:57,1.26,0.25,0.75,0.25,0.25,20.71,6093.1,0.0,0.28,0.27,0.24,0.0,0.01,4.67,0.03
2026-09-13 15:45:58,2.53,1.77,0.76,0.51,0.0,20.74,6090.9,0.0,0.28,0.27,0.24,0.0,0.0,4.41,0.03
2026-09-13 15:45:59,1.51,0.5,1.01,0.0,0.0,20.73,6091.3,0.0,0.28,0.27,0.24,0.0,0.0,4.42,0.03
2026-09-13 15:46:00,1.5,0.5,0.75,0.0,0.25,20.73,6091.3,0.0,0.28,0.27,0.24,0.0,0.0,3.0,0.02
2026-09-13 15:46:01,1.26,0.5,0.75,0.0,0.0,20.72,6091.8,0.0,0.28,0.27,0.24,0.0,0.0,3.12,0.02
2026-09-13 15:46:02,10.58,8.82,1.76,0.76,0.0,20.62,6099.6,0.0,0.26,0.26,0.24,0.0,0.03,2.86,0.02
2026-09-13 15:46:03,1.5,0.5,0.75,0.0,0.25,20.63,6099.4,0.0,0.26,0.26,0.24,0.0,0.0,2.86,0.02
2026-09-13 15:46:04,0.76,0.25,0.51,0.0,0.0,20.63,6099.0,0.0,0.26,0.26,0.24,0.0,0.0,3.11,0.02
2026-09-13 15:46:05,11.34,9.32,1.76,0.25,0.25,20.75,6089.8,0.0,0.26,0.26,0.24,0.25,0.02,2.87,0.02
2026-09-13 15:46:06,0.76,0.25,0.5,0.0,0.0,20.75,6089.7,0.0,0.26,0.26,0.24,0.0,0.0,2.86,0.02
2026-09-13 15:46:07,1.26,0.5,0.5,0.0,0.25,20.72,6092.5,0.0,0.24,0.26,0.23,0.0,0.01,3.12,0.02
2026-09-13 15:46:08,1.51,0.75,0.75,0.75,0.0,20.73,6091.6,0.0,0.24,0.26,0.23,0.0,0.0,2.86,0.02
2026-09-13 15:46:09,0.76,0.25,0.51,0.76,0.0,20.73,6091.6,0.0,0.24,0.26,0.23,0.0,1.02,2.86,0.02
2026-09-13 15:46:10,1.26,0.5,0.75,0.0,0.0,20.72,6091.7,0.0,0.24,0.26,0.23,0.0,0.0,3.12,0.02
2026-09-13 15:46:11,1.26,0.5,0.75,0.0,0.0,20.72,6091.8,0.0,0.24,0.26,0.23,0.0,0.0,2.86,0.02
2026-09-13 15:46:12,0.76,0.25,0.51,0.0,0.0,20.72,6091.8,0.0,0.22,0.25,0.23,0.0,0.0,2.86,0.02
2026-09-13 15:46:13,1.26,0.25,0.75,0.0,0.25,20.73,6091.4,0.0,0.22,0.25,0.23,0.0,0.0,3.12,0.02
2026-09-13 15:46:14,1.5,0.5,1.0,0.0,0.0,20.73,6091.4,0.0,0.22,0.25,0.23,0.0,0.01,2.86,0.02
2026-09-13 15:46:15,1.01,0.25,0.5,0.0,0.25,20.73,6091.4,0.0,0.22,0.25,0.23,0.0,0.0,2.86,0.03
2026-09-13 15:46:16,1.76,0.76,1.01,0.0,0.0,20.68,6094.8,0.0,0.22,0.25,0.23,0.25,0.0,3.12,0.02
2026-09-13 15:46:17,2.26,1.5,0.5,2.26,0.25,20.7,6093.9,0.0,0.2,0.25,0.23,0.0,0.01,2.86,0.02
2026-09-13 15:46:18,1.77,0.76,1.01,0.0,0.0,20.7,6093.6,0.0,0.2,0.25,0.23,0.0,0.0,2.86,0.02
2026-09-13 15:46:19,1.26,0.5,0.75,0.0,0.0,20.7,6093.3,0.0,0.2,0.25,0.23,0.0,0.0,2.86,0.03
2026-09-13 15:46:20,10.58,8.56,1.76,0.5,0.25,20.69,6094.1,0.0,0.2,0.25,0.23,0.0,0.02,3.12,0.03
2026-09-13 15:46:21,1.01,0.5,0.5,0.0,0.0,20.7,6093.9,0.0,0.2,0.25,0.23,0.0,0.0,2.86,0.02
2026-09-13 15:46:22,1.01,0.25,0.76,0.0,0.0,20.7,6093.9,0.0,0.18,0.25,0.23,0.0,0.0,2.86,0.02
2026-09-13 15:46:23,1.01,0.25,0.5,0.25,0.25,20.7,6093.7,0.0,0.18,0.25,0.23,0.0,0.02,3.12,0.02
2026-09-13 15:46:24,1.01,0.5,0.5,0.0,0.0,20.7,6093.7,0.0,0.18,0.25,0.23,0.0,0.0,2.86,0.02
2026-09-13 15:46:25,1.26,0.5,0.75,0.0,0.0,20.7,6093.7,0.0,0.18,0.25,0.23,0.0,0.0,2.86,0.02
2026-09-13 15:46:26,1.01,0.25,0.76,0.0,0.0,20.7,6093.7,0.0,0.18,0.25,0.23,0.0,0.0,3.12,0.02
2026-09-13 15:46:27,1.76,0.75,0.75,0.0,0.25,20.73,6091.2,0.0,0.17,0.24,0.23,0.25,0.0,2.86,0.02
2026-09-13 15:46:28,1.52,0.51,1.01,0.0,0.0,20.73,6091.2,0.0,0.17,0.24,0.23,0.0,0.0,2.86,0.02
2026-09-13 15:46:29,1.01,0.5,0.5,0.0,0.0,20.73,6091.4,0.0,0.17,0.24,0.23,0.0,0.0,2.87,0.02
2026-09-13 15:46:30,1.25,0.5,0.75,0.0,0.0,20.73,6091.4,0.0,0.17,0.24,0.23,0.0,0.0,3.11,0.02
2026-09-13 15:46:32,1.26,0.5,0.5,0.0,0.25,20.73,6091.2,0.0,0.17,0.24,0.23,0.0,0.0,2.86,0.02
2026-09-13 15:46:33,1.26,0.5,0.75,0.0,0.0,20.73,6091.2,0.0,0.16,0.24,0.23,0.0,0.0,3.12,0.03
2026-09-13 15:46:34,1.01,0.51,0.51,0.0,0.0,20.74,6090.9,0.0,0.16,0.24,0.23,0.0,0.0,2.86,0.03
2026-09-13 15:46:35,1.01,0.51,0.51,0.0,0.0,20.74,6090.9,0.0,0.16,0.24,0.23,0.0,0.0,2.86,0.02
2026-09-13 15:46:36,7.54,6.03,1.26,0.25,0.25,20.93,6075.7,0.0,0.16,0.24,0.23,0.0,0.01,2.86,0.02
2026-09-13 15:46:37,5.04,4.03,1.01,0.76,0.0,20.67,6096.1,0.0,0.16,0.24,0.23,0.0,0.02,3.12,0.02
2026-09-13 15:46:38,1.5,0.5,0.75,0.0,0.25,20.67,6096.1,0.0,0.14,0.23,0.22,0.0,0.0,2.86,0.02
2026-09-13 15:46:39,2.52,1.51,1.01,0.5,0.0,20.72,6091.9,0.0,0.14,0.23,0.22,0.25,0.01,2.86,0.02
2026-09-13 15:46:40,0.76,0.0,0.76,0.0,0.0,20.72,6091.9,0.0,0.14,0.23,0.22,0.0,0.0,3.12,0.02
2026-09-13 15:46:41,1.01,0.5,0.5,1.26,0.0,20.73,6091.5,0.0,0.14,0.23,0.22,0.0,1.14,2.86,0.02
2026-09-13 15:46:42,1.01,0.25,0.75,0.0,0.0,20.7,6093.6,0.0,0.14,0.23,0.22,0.0,0.01,2.86,0.02
2026-09-13 15:46:43,1.5,0.5,0.75,0.5,0.25,20.7,6093.6,0.0,0.13,0.23,0.22,0.0,0.01,3.12,0.02
2026-09-13 15:46:44,1.01,0.25,0.76,0.0,0.0,20.7,6093.6,0.0,0.13,0.23,0.22,0.0,0.0,2.86,0.02
2026-09-13 15:46:45,0.76,0.25,0.5,0.0,0.0,20.7,6093.6,0.0,0.13,0.23,0.22,0.0,0.0,2.86,0.02
2026-09-13 15:46:46,1.75,0.5,1.0,0.0,0.25,20.7,6093.5,0.0,0.13,0.23,0.22,0.0,0.0,3.12,0.03
2026-09-13 15:46:47,0.51,0.25,0.25,0.0,0.0,20.71,6093.2,0.0,0.13,0.23,0.22,0.0,0.0,2.86,0.02
2026-09-13 15:46:48,10.8,8.54,2.26,0.25,0.0,20.71,6092.8,0.0,0.12,0.22,0.22,0.0,0.03,2.86,0.03
2026-09-13 15:46:49,1.76,0.75,1.01,0.25,0.0,20.71,6092.7,0.0,0.12,0.22,0.22,0.0,0.0,2.86,0.02
2026-09-13 15:46:50,1.76,0.5,1.01,0.0,0.25,20.78,6087.6,0.0,0.12,0.22,0.22,0.25,0.0,3.12,0.03
2026-09-13 15:46:51,3.02,2.02,1.01,0.0,0.0,20.74,6090.8,0.0,0.12,0.22,0.22,0.0,0.0,2.86,0.02
2026-09-13 15:46:52,8.84,7.32,1.26,0.25,0.25,20.84,6082.9,0.0,0.12,0.22,0.22,0.0,0.03,2.86,0.03
2026-09-13 15:46:53,1.01,0.5,0.5,0.0,0.0,20.81,6084.8,0.0,0.11,0.22,0.22,0.0,0.0,3.12,0.02
2026-09-13 15:46:54,1.26,0.5,0.5,0.5,0.25,20.8,6085.7,0.0,0.11,0.22,0.22,0.0,0.01,2.86,0.02
2026-09-13 15:46:55,1.01,0.25,0.76,0.0,0.0,20.78,6087.2,0.0,0.11,0.22,0.22,0.0,0.0,2.85,0.02
2026-09-13 15:46:56,2.02,1.52,0.51,0.0,0.0,20.8,6085.8,0.0,0.11,0.22,0.22,0.0,0.0,3.12,0.03
2026-09-13 15:46:57,0.76,0.25,0.5,0.0,0.0,20.79,6086.9,0.0,0.11,0.22,0.22,0.0,0.0,2.86,0.02
2026-09-13 15:46:58,11.06,8.79,2.01,0.5,0.25,20.83,6083.8,0.0,0.1,0.22,0.22,0.0,0.03,2.86,0.02
2026-09-13 15:46:59,1.76,1.01,0.76,0.25,0.0,20.81,6085.4,0.0,0.1,0.22,0.22,0.0,0.01,3.12,0.02
2026-09-13 15:47:00,1.26,0.5,0.5,0.0,0.25,20.79,6086.8,0.0,0.1,0.22,0.22,0.0,0.0,2.86,0.02
2026-09-13 15:47:01,1.51,0.5,1.01,0.0,0.0,20.81,6084.8,0.0,0.1,0.22,0.22,0.25,0.0,2.86,0.02
2026-09-13 15:47:02,1.26,0.5,0.75,0.0,0.0,20.8,6086.0,0.0,0.1,0.22,0.22,0.0,0.0,3.12,0.02
2026-09-13 15:47:03,1.26,0.5,0.5,0.0,0.25,20.77,6088.5,0.0,0.09,0.21,0.22,0.0,0.0,2.86,0.02
2026-09-13 15:47:04,1.01,0.25,0.76,0.25,0.0,20.76,6088.8,0.0,0.09,0.21,0.22,0.0,0.01,2.86,0.03
2026-09-13 15:47:05,1.26,0.5,0.75,0.0,0.0,20.75,6089.7,0.0,0.09,0.21,0.22,0.0,0.0,2.87,0.02
2026-09-13 15:47:06,1.26,0.25,0.75,0.0,0.25,20.75,6089.4,0.0,0.09,0.21,0.22,0.0,0.0,3.1,0.02
2026-09-13 15:47:07,10.35,8.84,1.52,0.76,0.0,20.67,6095.8,0.0,0.09,0.21,0.22,0.0,0.03,2.86,0.02
2026-09-13 15:47:08,1.75,0.5,1.0,0.0,0.25,20.67,6095.6,0.0,0.09,0.21,0.22,0.0,0.0,3.05,0.02
2026-09-13 15:47:09,1.26,0.76,0.51,0.25,0.0,20.68,6095.1,0.0,0.09,0.21,0.22,0.0,0.0,2.92,0.02
2026-09-13 15:47:10,10.58,8.56,1.76,6.3,0.25,20.84,6082.8,0.0,0.09,0.21,0.22,0.82,0.02,2.86,0.02
2026-09-13 15:47:11,1.26,0.5,0.76,0.0,0.0,20.82,6084.3,0.0,0.09,0.21,0.22,0.0,0.0,2.86,0.02
2026-09-13 15:47:12,1.26,0.51,0.76,0.51,0.0,20.78,6087.6,0.0,0.09,0.21,0.22,0.25,0.01,3.12,0.02
2026-09-13 15:47:13,1.26,0.5,0.75,1.26,0.0,20.78,6087.5,0.0,0.08,0.2,0.21,0.0,1.14,2.86,0.02
2026-09-13 15:47:14,1.25,0.5,0.5,0.0,0.25,20.77,6088.3,0.0,0.08,0.2,0.21,0.0,0.01,2.85,0.02
2026-09-13 15:47:15,1.52,1.01,0.51,0.25,0.0,20.76,6088.7,0.0,0.08,0.2,0.21,0.0,0.0,3.12,0.02
2026-09-13 15:47:16,1.75,1.0,0.5,0.0,0.25,20.76,6089.2,0.0,0.08,0.2,0.21,0.0,0.01,2.86,0.02
2026-09-13 15:47:17,1.01,0.25,0.76,0.0,0.0,20.75,6089.9,0.0,0.08,0.2,0.21,0.0,0.0,2.85,0.02
2026-09-13 15:47:18,1.01,0.25,0.5,0.0,0.25,20.75,6090.1,0.0,0.07,0.2,0.21,0.0,0.0,3.12,0.02
2026-09-13 15:47:19,1.76,1.01,0.76,0.25,0.0,20.77,6088.1,0.0,0.07,0.2,0.21,0.0,0.01,2.61,0.02
2026-09-13 15:47:20,1.01,0.25,0.76,0.0,0.0,20.77,6088.3,0.0,0.07,0.2,0.21,0.0,0.0,2.86,0.03
2026-09-13 15:47:21,1.01,0.25,0.5,0.0,0.25,20.77,6088.3,0.0,0.07,0.2,0.21,0.0,0.0,3.12,0.02
2026-09-13 15:47:22,10.55,9.05,1.51,1.01,0.0,20.65,6097.1,0.0,0.07,0.2,0.21,0.0,0.03,2.87,0.03
2026-09-13 15:47:23,1.76,0.75,0.75,0.0,0.25,20.72,6091.8,0.0,0.07,0.2,0.21,0.25,0.0,2.86,0.02
2026-09-13 15:47:24,10.13,8.35,1.77,0.51,0.0,21.02,6068.9,0.0,0.07,0.2,0.21,0.0,0.02,2.88,0.03
2026-09-13 15:47:25,1.5,0.5,0.75,0.0,0.25,20.93,6075.6,0.0,0.07,0.2,0.21,0.0,0.0,3.1,0.02
2026-09-13 15:47:26,1.01,0.5,0.5,0.5,0.0,20.86,6081.4,0.0,0.07,0.2,0.21,0.0,0.01,1.82,0.02
2026-09-13 15:47:27,1.01,0.25,0.76,0.0,0.0,20.81,6085.3,0.0,0.07,0.2,0.21,0.0,0.0,1.3,0.01
2026-09-13 15:47:28,1.5,0.5,0.75,0.0,0.25,20.78,6087.4,0.0,0.06,0.19,0.21,0.0,0.0,1.56,0.01
2026-09-13 15:47:29,1.75,1.0,0.75,0.25,0.0,20.76,6088.9,0.0,0.06,0.19,0.21,0.0,0.0,1.3,0.01
2026-09-13 15:47:30,1.01,0.5,0.5,0.0,0.0,20.75,6089.7,0.0,0.06,0.19,0.21,0.0,0.0,1.31,0.02
2026-09-13 15:47:31,1.01,0.5,0.5,0.0,0.0,20.73,6091.0,0.0,0.06,0.19,0.21,0.0,0.0,1.54,0.01
2026-09-13 15:47:32,10.8,8.54,2.26,0.75,0.0,20.81,6085.3,0.0,0.06,0.19,0.21,0.0,0.03,1.34,0.02
2026-09-13 15:47:33,1.01,0.5,0.5,0.0,0.0,20.81,6085.5,0.0,0.06,0.19,0.21,0.0,0.0,1.3,0.02
2026-09-13 15:47:34,2.01,0.75,1.01,0.0,0.25,20.81,6085.5,0.0,0.06,0.19,0.21,0.25,0.0,1.56,0.03
2026-09-13 15:47:35,2.02,1.26,0.76,0.0,0.0,20.81,6085.0,0.0,0.06,0.19,0.21,0.0,0.0,1.3,0.02
2026-09-13 15:47:36,1.01,0.5,0.5,0.0,0.0,20.81,6085.6,0.0,0.06,0.19,0.21,0.0,0.0,1.3,0.01
2026-09-13 15:47:37,10.58,8.82,1.76,1.26,0.0,20.77,6088.4,0.0,0.06,0.19,0.21,0.0,0.04,1.56,0.02
2026-09-13 15:47:38,1.51,0.25,1.01,0.0,0.25,20.78,6087.4,0.0,0.05,0.19,0.21,0.0,0.0,4.91,0.03
2026-09-13 15:47:39,1.77,1.01,0.76,0.25,0.0,20.78,6087.1,0.0,0.05,0.19,0.21,0.0,0.0,7.61,0.05
2026-09-13 15:47:40,1.26,0.25,0.75,0.25,0.25,20.74,6090.7,0.0,0.05,0.19,0.21,0.0,0.01,7.55,0.04
2026-09-13 15:47:41,11.08,9.07,1.76,0.5,0.25,20.64,6098.6,0.0,0.05,0.19,0.21,0.0,0.02,7.07,0.04
2026-09-13 15:47:42,1.26,0.25,0.75,0.0,0.25,20.64,6098.6,0.0,0.05,0.19,0.21,0.0,0.0,5.59,0.03
2026-09-13 15:47:43,1.01,0.25,0.76,1.01,0.0,20.61,6100.2,0.0,0.05,0.18,0.21,0.0,1.15,3.25,0.03
2026-09-13 15:47:44,1.01,0.5,0.5,0.0,0.0,20.62,6100.0,0.0,0.05,0.18,0.21,0.0,0.0,2.86,0.03
2026-09-13 15:47:45,1.76,0.75,1.01,0.0,0.0,20.7,6093.8,0.0,0.05,0.18,0.21,0.25,0.0,2.86,0.03
2026-09-13 15:47:46,1.01,0.25,0.51,0.0,0.25,20.7,6093.8,0.0,0.05,0.18,0.21,0.0,0.0,2.86,0.03
2026-09-13 15:47:47,1.25,0.5,0.75,0.0,0.0,20.7,6093.8,0.0,0.05,0.18,0.21,0.0,0.0,3.12,0.02
2026-09-13 15:47:48,1.01,0.51,0.51,0.0,0.0,20.7,6093.6,0.0,0.04,0.18,0.2,0.0,0.0,2.86,0.02
2026-09-13 15:47:49,1.76,0.75,1.01,0.25,0.0,20.71,6092.9,0.0,0.04,0.18,0.2,0.0,0.0,2.86,0.02
2026-09-13 15:47:50,1.51,0.5,0.75,0.0,0.25,20.71,6092.9,0.0,0.04,0.18,0.2,0.0,0.0,3.12,0.03
2026-09-13 15:47:51,1.01,0.25,0.76,0.0,0.0,20.71,6092.9,0.0,0.04,0.18,0.2,0.0,0.0,2.86,0.02
2026-09-13 15:47:52,11.03,8.77,2.01,0.75,0.25,20.65,6097.8,0.0,0.04,0.18,0.2,0.0,0.02,2.86,0.03
2026-09-13 15:47:53,1.26,0.5,0.75,0.0,0.0,20.65,6097.8,0.0,0.04,0.18,0.2,0.0,0.5,3.12,0.02
2026-09-13 15:47:54,2.02,1.26,0.76,0.25,0.0,20.66,6097.1,0.0,0.04,0.18,0.2,0.0,0.0,2.86,0.02
2026-09-13 15:47:55,1.75,0.5,1.0,0.0,0.25,20.66,6097.1,0.0,0.04,0.18,0.2,0.0,0.0,2.86,0.02
2026-09-13 15:47:56,1.52,0.76,0.76,0.0,0.0,20.73,6091.0,0.0,0.04,0.18,0.2,0.25,0.0,3.12,0.03
2026-09-13 15:47:57,1.26,0.5,0.76,2.02,0.0,20.69,6094.2,0.0,0.04,0.18,0.2,0.0,0.03,2.86,0.02
2026-09-13 15:47:58,1.25,0.25,0.75,0.0,0.25,20.69,6094.2,0.0,0.12,0.19,0.21,0.0,0.0,2.86,0.02
2026-09-13 15:47:59,1.76,1.01,0.75,0.25,0.0,20.71,6093.0,0.0,0.12,0.19,0.21,0.0,0.0,2.87,0.02
2026-09-13 15:48:00,1.5,0.5,0.75,0.25,0.25,20.7,6093.4,0.0,0.12,0.19,0.21,0.0,0.01,3.1,0.02
2026-09-13 15:48:01,1.01,0.5,0.5,0.0,0.0,20.69,6094.1,0.0,0.12,0.19,0.21,0.0,0.0,2.86,0.02
2026-09-13 15:48:02,1.01,0.25,0.76,0.0,0.0,20.7,6094.0,0.0,0.12,0.19,0.21,0.0,0.0,2.86,0.02
2026-09-13 15:48:03,1.25,0.5,0.5,0.75,0.25,20.7,6094.0,0.0,0.11,0.19,0.21,0.0,0.05,3.12,0.02
2026-09-13 15:48:04,1.01,0.51,0.51,0.0,0.0,20.7,6093.5,0.0,0.11,0.19,0.21,0.0,0.0,2.86,0.03
2026-09-13 15:48:05,1.75,0.5,1.0,0.0,0.25,20.7,6093.5,0.0,0.11,0.19,0.21,0.0,0.0,2.85,0.02
2026-09-13 15:48:06,1.01,0.25,0.76,0.0,0.0,20.7,6093.3,0.0,0.11,0.19,0.21,0.0,0.0,3.12,0.02
2026-09-13 15:48:07,11.06,8.79,2.01,0.0,0.25,21.0,6070.8,0.0,0.11,0.19,0.21,0.25,0.0,2.86,0.02
2026-09-13 15:48:08,1.26,0.5,0.76,0.5,0.0,20.65,6097.7,0.0,0.1,0.18,0.2,0.0,0.02,2.86,0.02
2026-09-13 15:48:09,2.01,1.0,0.75,0.5,0.25,20.66,6096.4,0.0,0.1,0.18,0.2,0.0,0.02,3.12,0.02
2026-09-13 15:48:10,0.76,0.25,0.51,0.0,0.0,20.66,6096.4,0.0,0.1,0.18,0.2,0.0,0.0,2.86,0.02
2026-09-13 15:48:11,1.01,0.51,0.51,0.0,0.0,20.66,6096.4,0.0,0.1,0.18,0.2,0.0,0.0,2.86,0.02
2026-09-13 15:48:12,1.01,0.5,0.5,0.0,0.0,20.66,6096.4,0.0,0.1,0.18,0.2,0.0,0.0,3.12,0.02
2026-09-13 15:48:13,2.02,1.26,0.51,0.0,0.25,20.63,6099.2,0.0,0.09,0.18,0.2,0.0,0.0,2.86,0.02
2026-09-13 15:48:14,1.26,0.5,0.75,0.0,0.0,20.63,6099.2,0.0,0.09,0.18,0.2,0.0,0.0,2.85,0.02
2026-09-13 15:48:15,1.01,0.5,0.5,0.0,0.0,20.63,6099.0,0.0,0.09,0.18,0.2,0.0,0.0,3.12,0.02
2026-09-13 15:48:16,1.51,0.5,0.75,1.51,0.25,20.64,6098.1,0.0,0.09,0.18,0.2,0.0,1.04,2.86,0.03
2026-09-13 15:48:17,1.26,0.5,0.76,1.51,0.0,20.64,6098.1,0.0,0.09,0.18,0.2,0.0,0.22,2.86,0.02
2026-09-13 15:48:18,1.26,0.51,0.76,0.0,0.0,20.68,6095.1,0.0,0.16,0.19,0.21,0.25,0.01,2.86,0.02
2026-09-13 15:48:19,2.01,1.0,0.75,0.25,0.25,20.69,6094.8,0.0,0.16,0.19,0.21,0.0,0.0,3.12,0.02
2026-09-13 15:48:20,0.76,0.25,0.51,0.0,0.0,20.68,6095.3,0.0,0.16,0.19,0.21,0.0,0.0,2.86,0.03
2026-09-13 15:48:21,1.5,0.5,0.75,0.25,0.25,20.68,6095.0,0.0,0.16,0.19,0.21,0.0,0.01,2.86,0.02
2026-09-13 15:48:22,6.52,4.76,1.5,0.0,0.25,20.77,6088.6,0.0,0.16,0.19,0.21,0.0,0.0,3.12,0.03
2026-09-13 15:48:23,5.29,4.28,1.01,0.25,0.0,20.71,6092.7,0.0,0.15,0.19,0.21,0.0,0.07,2.86,0.02
2026-09-13 15:48:24,1.51,0.5,0.76,0.0,0.25,20.75,6090.1,0.0,0.15,0.19,0.21,0.0,0.0,2.86,0.02
2026-09-13 15:48:25,10.3,8.79,1.51,0.75,0.0,20.76,6088.8,0.0,0.15,0.19,0.21,0.0,0.03,3.39,0.02
2026-09-13 15:48:26,1.01,0.5,0.5,0.0,0.0,20.75,6090.1,0.0,0.15,0.19,0.21,0.0,0.0,2.86,0.02
2026-09-13 15:48:27,1.26,0.5,0.5,0.25,0.25,20.74,6090.5,0.0,0.15,0.19,0.21,0.0,0.01,2.86,0.02
2026-09-13 15:48:28,1.26,0.5,0.75,0.0,0.0,20.72,6092.1,0.0,0.14,0.19,0.2,0.0,0.08,3.12,0.02
2026-09-13 15:48:29,2.26,1.26,0.75,0.25,0.25,20.71,6093.1,0.0,0.14,0.19,0.2,0.25,0.0,2.86,0.02
2026-09-13 15:48:30,0.76,0.25,0.51,0.0,0.0,20.71,6093.1,0.0,0.14,0.19,0.2,0.0,0.0,2.86,0.02
2026-09-13 15:48:31,1.26,0.5,0.75,0.0,0.0,20.71,6093.1,0.0,0.14,0.19,0.2,0.0,0.0,2.86,0.02
2026-09-13 15:48:32,2.02,1.26,0.76,0.25,0.0,20.71,6093.2,0.0,0.14,0.19,0.2,0.0,0.0,3.12,0.03
2026-09-13 15:48:33,1.01,0.25,0.5,0.0,0.25,20.7,6093.6,0.0,0.13,0.18,0.2,0.0,0.0,2.86,0.02
2026-09-13 15:48:34,1.26,0.5,0.76,0.0,0.0,20.7,6093.3,0.0,0.13,0.18,0.2,0.0,0.0,2.87,0.03
2026-09-13 15:48:35,1.01,0.5,0.5,0.0,0.0,20.7,6093.3,0.0,0.13,0.18,0.2,0.0,0.0,3.11,0.02
2026-09-13 15:48:36,1.01,0.25,0.51,0.0,0.25,20.7,6093.3,0.0,0.13,0.18,0.2,0.0,0.0,2.86,0.02
2026-09-13 15:48:37,1.76,0.76,1.01,0.0,0.0,20.73,6091.6,0.0,0.13,0.18,0.2,0.0,0.0,2.86,0.02
2026-09-13 15:48:38,9.85,8.59,1.26,1.01,0.0,20.71,6093.2,0.0,0.2,0.2,0.21,0.0,0.03,3.12,0.02
2026-09-13 15:48:39,2.26,1.25,0.75,0.25,0.25,20.71,6092.8,0.0,0.2,0.2,0.21,0.0,0.0,2.86,0.02
2026-09-13 15:48:40,1.52,0.76,0.76,0.0,0.0,20.83,6083.4,0.0,0.2,0.2,0.21,0.25,0.0,2.86,0.02
2026-09-13 15:48:41,1.01,0.25,0.5,0.0,0.25,20.83,6083.4,0.0,0.2,0.2,0.21,0.0,0.0,3.12,0.02
2026-09-13 15:48:42,1.01,0.25,0.76,0.0,0.0,20.83,6083.7,0.0,0.2,0.2,0.21,0.0,0.0,2.86,0.02
2026-09-13 15:48:43,1.26,0.5,0.75,0.0,0.0,20.78,6087.6,0.0,0.18,0.19,0.21,0.0,0.0,2.86,0.02
2026-09-13 15:48:44,1.5,0.5,0.75,0.5,0.25,20.77,6088.5,0.0,0.18,0.19,0.21,0.0,0.02,2.87,0.02
2026-09-13 15:48:45,0.51,0.0,0.51,0.0,0.0,20.76,6089.4,0.0,0.18,0.19,0.21,0.0,0.0,3.11,0.02
2026-09-13 15:48:46,1.5,0.5,0.75,1.0,0.25,20.75,6089.7,0.0,0.18,0.19,0.21,0.0,1.13,2.86,0.03
2026-09-13 15:48:47,0.76,0.25,0.51,1.27,0.0,20.74,6090.5,0.0,0.18,0.19,0.21,0.0,0.03,2.87,0.02
2026-09-13 15:48:48,1.26,0.5,0.5,0.0,0.25,20.73,6091.1,0.0,0.17,0.19,0.2,0.0,0.0,3.11,0.02
2026-09-13 15:48:49,1.76,1.01,0.75,0.25,0.0,20.75,6089.7,0.0,0.17,0.19,0.2,0.0,0.01,2.86,0.02
2026-09-13 15:48:50,1.01,0.25,0.51,0.0,0.25,20.75,6089.7,0.0,0.17,0.19,0.2,0.0,0.0,2.86,0.03
2026-09-13 15:48:51,2.76,1.51,1.26,0.25,0.0,20.78,6087.8,0.0,0.17,0.19,0.2,0.25,0.0,3.12,0.03
2026-09-13 15:48:52,1.51,0.75,0.5,0.0,0.25,20.77,6088.0,0.0,0.17,0.19,0.2,0.0,0.0,2.86,0.03
2026-09-13 15:48:53,10.55,8.54,1.76,1.01,0.25,20.72,6092.1,0.0,0.15,0.19,0.2,0.0,0.04,2.86,0.02
2026-09-13 15:48:54,1.01,0.5,0.5,0.0,0.0,20.72,6092.1,0.0,0.15,0.19,0.2,0.0,0.0,3.12,0.02
2026-09-13 15:48:55,1.5,0.5,0.75,0.0,0.25,20.7,6093.5,0.0,0.15,0.19,0.2,0.0,0.0,2.85,0.02
2026-09-13 15:48:56,1.01,0.25,0.76,0.0,0.0,20.71,6093.2,0.0,0.15,0.19,0.2,0.0,0.0,2.86,0.02
2026-09-13 15:48:57,0.76,0.25,0.25,0.0,0.25,20.71,6093.2,0.0,0.15,0.19,0.2,0.0,0.0,3.07,0.02
2026-09-13 15:48:58,1.26,0.5,0.75,0.0,0.0,20.71,6092.7,0.0,0.14,0.18,0.2,0.0,0.0,2.9,0.02
2026-09-13 15:48:59,2.01,1.01,0.75,1.01,0.25,20.7,6093.6,0.0,0.14,0.18,0.2,0.0,0.02,2.61,0.02
2026-09-13 15:49:00,1.01,0.25,0.76,0.0,0.0,20.7,6094.0,0.0,0.14,0.18,0.2,0.0,0.0,3.12,0.02
2026-09-13 15:49:01,1.5,0.5,1.0,0.0,0.0,20.7,6094.0,0.0,0.14,0.18,0.2,0.0,0.0,2.86,0.02
2026-09-13 15:49:02,1.76,0.75,1.01,0.0,0.0,20.77,6087.9,0.0,0.14,0.18,0.2,0.25,0.0,3.08,0.02
2026-09-13 15:49:03,1.01,0.25,0.76,0.0,0.0,20.78,6087.9,0.0,0.13,0.18,0.2,0.0,0.0,2.9,0.02
2026-09-13 15:49:04,1.75,0.5,1.0,0.0,0.25,20.78,6087.5,0.0,0.13,0.18,0.2,0.0,0.0,3.12,0.04
2026-09-13 15:49:05,1.01,0.5,0.5,0.0,0.0,20.78,6087.5,0.0,0.13,0.18,0.2,0.0,0.0,2.86,0.02
2026-09-13 15:49:06,0.76,0.25,0.51,0.0,0.0,20.78,6087.7,0.0,0.13,0.18,0.2,0.0,0.0,2.86,0.02
2026-09-13 15:49:07,1.5,0.25,1.0,0.0,0.25,20.74,6090.8,0.0,0.13,0.18,0.2,0.0,0.0,2.86,0.02
2026-09-13 15:49:08,10.55,8.79,1.76,0.75,0.0,20.84,6083.2,0.0,0.2,0.19,0.2,0.0,0.03,1.3,0.02
2026-09-13 15:49:09,1.27,0.76,0.51,0.0,0.0,20.83,6083.7,0.0,0.2,0.19,0.2,0.0,0.0,1.3,0.02
2026-09-13 15:49:10,2.75,1.5,1.0,0.25,0.25,20.82,6084.6,0.0,0.2,0.19,0.2,0.0,0.0,1.56,0.01
2026-09-13 15:49:11,0.76,0.25,0.51,0.0,0.0,20.79,6086.8,0.0,0.2,0.19,0.2,0.0,0.0,1.3,0.01
2026-09-13 15:49:12,0.76,0.5,0.25,0.0,0.0,20.79,6087.0,0.0,0.2,0.19,0.2,0.0,0.0,1.3,0.01
2026-09-13 15:49:13,1.76,0.76,1.01,0.0,0.0,20.8,6085.6,0.0,0.18,0.19,0.2,0.25,0.0,1.56,0.02
2026-09-13 15:49:14,1.01,0.5,0.5,0.5,0.0,20.79,6086.4,0.0,0.18,0.19,0.2,0.0,0.01,1.3,0.01
2026-09-13 15:49:15,1.01,0.5,0.5,0.0,0.0,20.79,6086.7,0.0,0.18,0.19,0.2,0.0,0.02,1.3,0.02
2026-09-13 15:49:16,1.26,0.25,0.75,0.0,0.25,20.79,6086.9,0.0,0.18,0.19,0.2,0.0,0.0,1.3,0.02
2026-09-13 15:49:17,1.01,0.5,0.5,1.26,0.0,20.77,6088.0,0.0,0.18,0.19,0.2,0.0,1.14,1.56,0.01
2026-09-13 15:49:18,1.26,0.75,0.5,0.0,0.0,20.77,6088.0,0.0,0.17,0.19,0.2,0.0,0.0,1.3,0.01
2026-09-13 15:49:19,1.51,0.76,0.76,0.76,0.0,20.77,6088.2,0.0,0.17,0.19,0.2,0.0,0.01,1.3,0.02
2026-09-13 15:49:20,1.51,0.5,0.75,0.0,0.25,20.77,6088.3,0.0,0.17,0.19,0.2,0.0,0.0,2.68,0.03
2026-09-13 15:49:21,1.77,0.76,0.76,0.0,0.25,20.79,6086.5,0.0,0.17,0.19,0.2,0.0,0.0,7.14,0.04
2026-09-13 15:49:22,10.35,8.59,1.52,0.51,0.25,20.88,6079.5,0.0,0.17,0.19,0.2,0.0,0.03,10.96,0.06
2026-09-13 15:49:23,11.34,8.82,2.02,0.76,0.5,20.85,6082.2,0.0,0.39,0.23,0.22,0.0,0.03,13.87,0.08
2026-09-13 15:49:24,2.02,0.76,1.01,0.51,0.25,20.75,6089.4,0.0,0.39,0.23,0.22,0.25,0.01,12.28,0.07
2026-09-13 15:49:25,1.26,0.51,0.51,0.0,0.25,20.75,6089.4,0.0,0.39,0.23,0.22,0.0,0.0,10.15,0.06
2026-09-13 15:49:26,1.26,0.5,0.5,0.0,0.25,20.75,6089.4,0.0,0.39,0.23,0.22,0.0,0.0,9.36,0.05
2026-09-13 15:49:27,1.26,0.25,0.76,0.0,0.25,20.77,6088.5,0.0,0.39,0.23,0.22,0.0,0.0,9.09,0.05
2026-09-13 15:49:28,1.01,0.51,0.51,0.0,0.0,20.75,6090.0,0.0,0.36,0.23,0.22,0.0,0.0,9.09,0.05
2026-09-13 15:49:29,2.78,1.77,0.76,0.51,0.25,20.76,6089.3,0.0,0.36,0.23,0.22,0.0,0.0,6.6,0.04
2026-09-13 15:49:30,1.5,0.5,0.75,0.0,0.25,20.76,6089.3,0.0,0.36,0.23,0.22,0.0,0.0,6.24,0.03
2026-09-13 15:49:31,1.01,0.51,0.51,0.0,0.0,20.76,6089.3,0.0,0.36,0.23,0.22,0.0,0.0,5.98,0.04
2026-09-13 15:49:32,0.76,0.25,0.51,0.0,0.0,20.67,6096.1,0.0,0.36,0.23,0.22,0.0,0.0,2.86,0.02
2026-09-13 15:49:33,1.26,0.25,0.76,0.0,0.25,20.7,6093.8,0.0,0.33,0.23,0.21,0.0,0.0,7.55,0.05
2026-09-13 15:49:34,1.75,0.75,0.75,0.0,0.25,20.7,6093.8,0.0,0.33,0.23,0.21,0.0,0.0,6.31,0.04
2026-09-13 15:49:35,1.52,0.51,0.76,0.0,0.25,20.75,6089.7,0.0,0.33,0.23,0.21,0.25,0.0,2.82,0.02
2026-09-13 15:49:36,1.51,0.5,1.01,0.0,0.0,20.74,6090.8,0.0,0.33,0.23,0.21,0.0,0.0,6.54,0.04
2026-09-13 15:49:37,1.01,0.25,0.5,0.0,0.25,20.67,6096.2,0.0,0.33,0.23,0.21,0.0,0.0,5.65,0.03
2026-09-13 15:49:38,10.33,8.56,1.76,0.76,0.0,20.72,6092.4,0.0,0.31,0.22,0.21,0.0,0.02,2.83,0.03
2026-09-13 15:49:39,2.01,1.01,0.75,0.25,0.25,20.73,6091.4,0.0,0.31,0.22,0.21,0.0,0.01,3.09,0.02
2026-09-13 15:49:40,1.26,0.5,0.75,0.0,0.0,20.74,6090.9,0.0,0.31,0.22,0.21,0.0,0.0,2.81,0.02
2026-09-13 15:49:41,0.76,0.25,0.51,0.0,0.0,20.74,6090.7,0.0,0.31,0.22,0.21,0.0,0.0,2.82,0.02
2026-09-13 15:49:42,1.25,0.5,0.75,0.0,0.0,20.73,6091.3,0.0,0.31,0.22,0.21,0.0,0.0,2.84,0.02
2026-09-13 15:49:43,1.26,0.5,0.5,0.0,0.25,20.73,6091.5,0.0,0.28,0.22,0.21,0.0,0.0,3.06,0.02
2026-09-13 15:49:44,1.26,0.25,1.01,0.5,0.0,20.73,6091.0,0.0,0.28,0.22,0.21,0.0,0.01,2.82,0.02
2026-09-13 15:49:45,1.26,0.75,0.5,0.0,0.0,20.73,6091.2,0.0,0.28,0.22,0.21,0.0,0.0,2.82,0.03
2026-09-13 15:49:46,2.01,0.75,1.01,0.0,0.25,20.74,6090.7,0.0,0.28,0.22,0.21,0.25,0.0,3.08,0.03
2026-09-13 15:49:47,1.01,0.5,0.5,0.0,0.0,20.74,6091.0,0.0,0.28,0.22,0.21,0.0,0.0,2.81,0.02
2026-09-13 15:49:48,2.26,1.26,0.75,0.25,0.25,20.69,6094.8,0.0,0.26,0.21,0.21,0.0,0.0,1.3,0.01
2026-09-13 15:49:49,1.76,1.01,0.76,1.26,0.0,20.66,6096.9,0.0,0.26,0.21,0.21,0.0,1.15,1.56,0.02
2026-09-13 15:49:50,1.26,0.5,0.76,0.0,0.0,20.66,6096.9,0.0,0.26,0.21,0.21,0.0,0.0,1.3,0.02
2026-09-13 15:49:51,1.01,0.25,0.76,0.0,0.0,20.66,6096.9,0.0,0.26,0.21,0.21,0.0,0.0,1.3,0.02
2026-09-13 15:49:52,1.25,0.5,0.75,0.0,0.0,20.66,6096.7,0.0,0.26,0.21,0.21,0.0,0.01,1.56,0.02
2026-09-13 15:49:53,9.32,8.31,0.76,0.25,0.25,20.88,6080.1,0.0,0.24,0.21,0.21,0.0,0.02,1.3,0.02
2026-09-13 15:49:54,2.26,1.26,1.01,0.5,0.0,20.73,6091.1,0.0,0.24,0.21,0.21,0.0,0.01,1.3,0.02
2026-09-13 15:49:55,1.01,0.25,0.76,0.0,0.0,20.73,6091.1,0.0,0.24,0.21,0.21,0.0,0.0,1.56,0.02
2026-09-13 15:49:56,1.01,0.5,0.5,0.0,0.0,20.73,6091.3,0.0,0.24,0.21,0.21,0.0,0.0,1.3,0.01
2026-09-13 15:49:57,1.76,0.5,1.01,0.0,0.25,20.76,6089.3,0.0,0.24,0.21,0.21,0.25,0.0,1.3,0.02
2026-09-13 15:49:58,1.26,0.25,1.01,0.0,0.0,20.73,6091.7,0.0,0.38,0.24,0.22,0.0,0.0,1.3,0.01
2026-09-13 15:49:59,1.52,1.01,0.51,2.53,0.0,20.71,6092.6,0.0,0.38,0.24,0.22,0.0,0.0,1.56,0.02
2026-09-13 15:50:00,1.25,0.5,0.75,0.5,0.0,20.72,6092.5,0.0,0.38,0.24,0.22,0.0,0.02,1.3,0.01
2026-09-13 15:50:01,1.25,0.5,0.75,0.0,0.0,20.72,6092.5,0.0,0.38,0.24,0.22,0.0,0.0,1.3,0.01
2026-09-13 15:50:02,1.01,0.25,0.76,0.0,0.0,20.72,6092.4,0.0,0.38,0.24,0.22,0.0,0.0,1.56,0.01
2026-09-13 15:50:03,1.25,0.5,0.75,0.0,0.0,20.72,6091.8,0.0,0.35,0.24,0.22,0.0,0.0,1.3,0.02
2026-09-13 15:50:04,1.51,0.5,0.75,0.25,0.25,20.73,6091.3,0.0,0.35,0.24,0.22,0.0,0.01,1.3,0.01
2026-09-13 15:50:05,1.26,0.5,0.75,0.0,0.0,20.73,6091.3,0.0,0.35,0.24,0.22,0.0,0.0,1.56,0.01
2026-09-13 15:50:06,1.01,0.25,0.76,0.0,0.0,20.73,6091.3,0.0,0.35,0.24,0.22,0.0,0.0,1.3,0.01
2026-09-13 15:50:07,2.26,1.51,0.75,0.0,0.0,20.74,6090.7,0.0,0.35,0.24,0.22,0.0,0.0,1.3,0.01
2026-09-13 15:50:08,6.55,4.79,1.76,0.0,0.0,20.82,6084.6,0.0,0.32,0.23,0.21,0.25,0.0,1.56,0.02
2026-09-13 15:50:09,6.52,5.26,1.25,1.25,0.0,20.7,6094.0,0.0,0.32,0.23,0.21,0.0,0.03,1.3,0.01
2026-09-13 15:50:10,0.76,0.25,0.5,0.0,0.0,20.7,6094.0,0.0,0.32,0.23,0.21,0.0,0.0,1.3,0.01
2026-09-13 15:50:11,1.26,0.5,0.75,0.0,0.0,20.7,6094.0,0.0,0.32,0.23,0.21,0.0,0.0,1.31,0.01
2026-09-13 15:50:12,1.01,0.25,0.5,0.0,0.25,20.7,6094.0,0.0,0.32,0.23,0.21,0.0,0.0,1.55,0.01
2026-09-13 15:50:13,1.01,0.5,0.5,0.0,0.0,20.7,6093.7,0.0,0.29,0.23,0.21,0.0,0.0,1.3,0.02
2026-09-13 15:50:14,1.76,0.5,1.26,0.0,0.0,20.63,6099.3,0.0,0.29,0.23,0.21,0.0,0.0,1.34,0.02
2026-09-13 15:50:15,3.03,0.25,2.27,0.0,0.51,20.73,6091.4,0.0,0.29,0.23,0.21,0.0,0.0,8.64,0.07
2026-09-13 15:50:16,1.26,0.5,0.5,0.0,0.25,20.73,6091.2,0.0,0.29,0.23,0.21,0.0,0.0,5.45,0.03
2026-09-13 15:50:17,1.51,0.5,0.75,0.0,0.25,20.73,6091.1,0.0,0.29,0.23,0.21,0.0,0.0,6.22,0.04
2026-09-13 15:50:18,0.76,0.25,0.51,0.0,0.0,20.73,6091.1,0.0,0.35,0.24,0.22,0.0,0.0,1.77,0.02
2026-09-13 15:50:19,2.76,1.25,1.25,1.5,0.25,20.79,6086.4,0.0,0.35,0.24,0.22,0.25,1.14,3.71,0.03
2026-09-13 15:50:20,1.01,0.25,0.51,0.0,0.25,20.8,6086.3,0.0,0.35,0.24,0.22,0.0,0.0,4.15,0.03
2026-09-13 15:50:21,1.5,0.5,0.75,0.0,0.25,20.79,6086.4,0.0,0.35,0.24,0.22,0.0,0.01,2.39,0.02
2026-09-13 15:50:22,7.05,5.54,1.51,0.0,0.0,20.97,6073.1,0.0,0.35,0.24,0.22,0.0,0.01,1.76,0.02
2026-09-13 15:50:23,5.78,4.27,1.26,0.75,0.25,20.71,6092.8,0.0,0.32,0.24,0.22,0.0,0.02,4.15,0.03
2026-09-13 15:50:24,9.6,7.83,1.52,0.76,0.25,20.86,6081.6,0.0,0.32,0.24,0.22,0.0,0.04,2.39,0.02
2026-09-13 15:50:25,1.25,0.5,0.75,0.0,0.0,20.86,6081.6,0.0,0.32,0.24,0.22,0.0,0.0,1.76,0.01
2026-09-13 15:50:26,2.26,1.26,0.75,0.25,0.25,20.87,6080.4,0.0,0.32,0.24,0.22,0.0,0.0,4.15,0.02
2026-09-13 15:50:27,1.26,0.5,0.75,0.0,0.0,20.85,6081.8,0.0,0.32,0.24,0.22,0.0,0.0,3.4,0.02
2026-09-13 15:50:28,1.26,0.5,0.5,0.25,0.25,20.82,6084.1,0.0,0.3,0.23,0.21,0.0,0.03,2.82,0.02
2026-09-13 15:50:29,2.01,1.0,0.75,0.0,0.25,20.82,6084.8,0.0,0.3,0.23,0.21,0.0,0.0,2.08,0.02
2026-09-13 15:50:30,1.52,0.51,1.01,0.0,0.0,20.87,6080.4,0.0,0.3,0.23,0.21,0.25,0.02,2.39,0.02
2026-09-13 15:50:31,1.01,0.51,0.51,0.0,0.0,20.86,6081.4,0.0,0.3,0.23,0.21,0.0,0.0,3.84,0.03
2026-09-13 15:50:32,1.5,0.5,0.75,0.0,0.25,20.85,6082.0,0.0,0.3,0.23,0.21,0.0,0.0,4.15,0.03
2026-09-13 15:50:33,1.01,0.51,0.51,0.0,0.0,20.85,6082.3,0.0,0.27,0.23,0.21,0.0,0.0,0.32,0.02
2026-09-13 15:50:34,1.5,0.5,0.75,0.0,0.25,20.83,6083.5,0.0,0.27,0.23,0.21,0.0,0.0,3.83,0.03
2026-09-13 15:50:35,1.01,0.5,0.25,0.0,0.25,20.82,6084.8,0.0,0.27,0.23,0.21,0.0,0.0,4.15,0.03
2026-09-13 15:50:36,1.01,0.25,0.76,0.0,0.0,20.81,6085.5,0.0,0.27,0.23,0.21,0.0,0.01,2.39,0.02
2026-09-13 15:50:37,1.26,0.5,0.5,0.0,0.25,20.8,6086.2,0.0,0.27,0.23,0.21,0.0,0.0,1.76,0.01
2026-09-13 15:50:38,1.01,0.25,0.76,0.0,0.0,20.79,6086.5,0.0,0.25,0.22,0.21,0.0,0.0,4.15,0.03
2026-09-13 15:50:39,11.53,9.52,1.75,1.0,0.25,20.7,6093.6,0.0,0.25,0.22,0.21,0.0,0.03,2.4,0.02
2026-09-13 15:50:40,1.01,0.5,0.5,0.0,0.0,20.71,6093.1,0.0,0.25,0.22,0.21,0.0,0.0,1.76,0.01
2026-09-13 15:50:41,1.76,0.76,1.01,0.0,0.0,20.77,6088.4,0.0,0.25,0.22,0.21,0.25,0.0,4.15,0.02
2026-09-13 15:50:42,0.76,0.25,0.51,0.0,0.0,20.77,6088.4,0.0,0.25,0.22,0.21,0.0,0.0,2.39,0.02
2026-09-13 15:50:43,1.5,0.5,0.75,0.0,0.25,20.77,6088.4,0.0,0.23,0.22,0.21,0.0,0.0,3.83,0.03
2026-09-13 15:50:44,1.5,0.75,0.75,0.0,0.0,20.72,6092.2,0.0,0.23,0.22,0.21,0.0,0.0,2.08,0.01
2026-09-13 15:50:45,2.26,1.26,1.01,0.75,0.0,20.74,6090.9,0.0,0.23,0.22,0.21,0.0,0.02,2.39,0.02
2026-09-13 15:50:46,1.26,0.5,0.5,0.0,0.25,20.73,6091.0,0.0,0.23,0.22,0.21,0.0,0.0,3.83,0.03
2026-09-13 15:50:47,1.26,0.25,0.75,0.0,0.25,20.73,6091.0,0.0,0.23,0.22,0.21,0.0,0.0,4.15,0.03
2026-09-13 15:50:48,1.26,0.5,0.75,0.0,0.0,20.74,6090.7,0.0,0.21,0.22,0.21,0.0,0.0,0.32,0.01
2026-09-13 15:50:49,1.51,0.76,0.76,0.25,0.0,20.74,6090.6,0.0,0.21,0.22,0.21,0.0,0.0,3.83,0.03
2026-09-13 15:50:50,1.51,0.25,1.01,0.25,0.25,20.74,6090.6,0.0,0.21,0.22,0.21,0.0,0.01,4.15,0.03
2026-09-13 15:50:51,1.5,0.5,1.0,0.0,0.0,20.74,6090.4,0.0,0.21,0.22,0.21,0.0,0.0,2.39,0.02
2026-09-13 15:50:52,1.52,0.76,0.76,1.01,0.0,20.7,6093.6,0.0,0.21,0.22,0.21,0.25,1.15,1.76,0.02
2026-09-13 15:50:53,1.5,0.5,0.75,0.0,0.25,20.7,6093.8,0.0,0.19,0.21,0.21,0.0,0.0,4.15,0.03
2026-09-13 15:50:54,10.55,8.54,1.76,0.75,0.25,20.9,6078.6,0.0,0.19,0.21,0.21,0.0,0.04,2.4,0.02
2026-09-13 15:50:55,1.26,0.5,0.75,0.0,0.0,20.9,6078.6,0.0,0.19,0.21,0.21,0.0,0.0,1.76,0.02
2026-09-13 15:50:56,1.01,0.25,0.76,0.0,0.0,20.9,6078.4,0.0,0.19,0.21,0.21,0.0,0.0,4.15,0.03
2026-09-13 15:50:57,1.5,0.5,0.75,0.0,0.25,20.9,6078.6,0.0,0.19,0.21,0.21,0.0,0.0,2.39,0.02
2026-09-13 15:50:58,0.76,0.25,0.51,0.0,0.0,20.87,6080.3,0.0,0.18,0.21,0.21,0.0,0.0,3.83,0.03
2026-09-13 15:50:59,2.26,1.25,1.0,0.75,0.0,20.83,6083.5,0.0,0.18,0.21,0.21,0.0,0.01,2.08,0.02
2026-09-13 15:51:00,1.01,0.5,0.5,0.0,0.0,20.83,6084.0,0.0,0.18,0.21,0.21,0.0,0.0,2.39,0.01
2026-09-13 15:51:01,1.5,0.5,0.75,0.0,0.25,20.81,6084.9,0.0,0.18,0.21,0.21,0.0,0.0,3.83,0.03
2026-09-13 15:51:02,1.01,0.25,0.5,0.0,0.25,20.8,6086.1,0.0,0.18,0.21,0.21,0.0,0.0,4.15,0.03
2026-09-13 15:51:03,1.27,0.51,0.76,0.0,0.0,20.77,6088.3,0.0,0.16,0.2,0.2,0.25,0.0,0.32,0.02
2026-09-13 15:51:04,2.76,1.75,0.75,0.0,0.25,20.78,6087.8,0.0,0.16,0.2,0.2,0.0,0.0,3.83,0.02
2026-09-13 15:51:05,1.26,0.25,0.75,0.25,0.25,20.78,6087.8,0.0,0.16,0.2,0.2,0.0,0.01,4.15,0.03
2026-09-13 15:51:06,1.01,0.5,0.5,0.0,0.0,20.78,6087.7,0.0,0.16,0.2,0.2,0.0,0.0,0.32,0.01
2026-09-13 15:51:07,1.01,0.25,0.5,0.0,0.25,20.77,6088.0,0.0,0.16,0.2,0.2,0.0,0.0,3.83,0.02
2026-09-13 15:51:08,1.5,0.5,0.75,0.0,0.25,20.77,6088.5,0.0,0.15,0.2,0.2,0.0,0.0,4.15,0.03
2026-09-13 15:51:09,10.83,9.07,1.76,0.76,0.0,20.91,6077.5,0.0,0.15,0.2,0.2,0.0,0.02,2.4,0.02
2026-09-13 15:51:10,1.26,0.75,0.5,0.0,0.0,20.92,6077.1,0.0,0.15,0.2,0.2,0.0,0.0,1.76,0.01
2026-09-13 15:51:11,1.26,0.25,0.75,0.5,0.25,20.92,6077.0,0.0,0.15,0.2,0.2,0.0,0.01,4.15,0.02
2026-09-13 15:51:12,1.5,0.5,0.75,0.0,0.25,20.9,6078.4,0.0,0.15,0.2,0.2,0.0,0.38,2.39,0.02
2026-09-13 15:51:13,1.01,0.5,0.5,0.0,0.0,20.88,6079.9,0.0,0.14,0.2,0.2,0.0,0.0,3.83,0.02
2026-09-13 15:51:14,1.51,0.5,1.01,0.0,0.0,20.8,6085.7,0.0,0.14,0.2,0.2,0.25,0.0,2.08,0.02
2026-09-13 15:51:15,1.5,0.5,0.75,0.0,0.25,20.8,6085.7,0.0,0.14,0.2,0.2,0.0,0.01,2.39,0.02
2026-09-13 15:51:16,1.26,0.5,0.75,0.0,0.0,20.79,6086.6,0.0,0.14,0.2,0.2,0.0,0.0,3.84,0.03
2026-09-13 15:51:17,1.01,0.25,0.5,0.0,0.25,20.78,6087.8,0.0,0.14,0.2,0.2,0.0,0.0,4.15,0.03
2026-09-13 15:51:18,1.5,0.5,0.75,0.0,0.25,20.75,6090.2,0.0,0.13,0.19,0.2,0.0,0.0,0.32,0.01
2026-09-13 15:51:19,1.52,0.76,0.76,0.25,0.0,20.71,6092.6,0.0,0.13,0.19,0.2,0.0,0.0,3.83,0.03
2026-09-13 15:51:20,1.26,0.5,0.5,0.0,0.25,20.71,6092.5,0.0,0.13,0.19,0.2,0.0,0.0,4.15,0.03
2026-09-13 15:51:21,1.01,0.25,0.75,0.0,0.0,20.72,6092.3,0.0,0.13,0.19,0.2,0.0,0.0,0.32,0.01
2026-09-13 15:51:22,1.51,0.75,0.75,0.0,0.0,20.72,6092.0,0.0,0.13,0.19,0.2,0.0,0.0,3.83,0.03
2026-09-13 15:51:23,11.87,9.6,2.02,0.76,0.25,20.66,6096.5,0.0,0.44,0.26,0.22,0.0,0.03,4.15,0.04
2026-09-13 15:51:24,10.8,8.79,2.01,2.51,0.0,20.71,6092.7,0.0,0.44,0.26,0.22,0.0,1.17,2.4,0.02
2026-09-13 15:51:25,2.01,0.75,1.01,0.0,0.25,20.8,6085.8,0.0,0.44,0.26,0.22,0.25,0.0,1.76,0.02
2026-09-13 15:51:26,1.25,0.25,1.0,0.25,0.0,20.8,6085.8,0.0,0.44,0.26,0.22,0.0,0.01,4.15,0.02
2026-09-13 15:51:27,1.26,0.51,0.76,0.76,0.0,20.8,6085.8,0.0,0.44,0.26,0.22,0.0,0.05,2.39,0.02
2026-09-13 15:51:28,1.26,0.5,0.5,0.0,0.25,20.7,6093.8,0.0,0.4,0.25,0.22,0.0,0.0,3.83,0.02
2026-09-13 15:51:29,2.0,0.75,1.0,0.25,0.25,20.72,6092.0,0.0,0.4,0.25,0.22,0.0,0.0,2.08,0.02
2026-09-13 15:51:30,0.76,0.25,0.51,0.0,0.0,20.72,6092.3,0.0,0.4,0.25,0.22,0.0,0.01,2.39,0.01
2026-09-13 15:51:31,10.83,8.82,1.76,0.5,0.25,20.93,6076.2,0.0,0.4,0.25,0.22,0.0,0.03,3.89,0.03
2026-09-13 15:51:32,1.26,0.5,0.5,0.5,0.25,20.93,6076.0,0.0,0.4,0.25,0.22,0.0,0.02,3.96,0.03
2026-09-13 15:51:33,1.5,0.5,1.0,0.0,0.0,20.86,6081.3,0.0,0.37,0.25,0.22,0.0,0.0,0.2,0.02
2026-09-13 15:51:34,1.26,0.25,0.76,0.0,0.25,20.86,6081.3,0.0,0.37,0.25,0.22,0.0,0.0,4.13,0.03
2026-09-13 15:51:35,1.26,0.75,0.5,0.0,0.0,20.84,6083.1,0.0,0.37,0.25,0.22,0.0,0.0,2.08,0.02
2026-09-13 15:51:36,1.51,0.5,1.01,0.0,0.0,20.89,6079.4,0.0,0.37,0.25,0.22,0.25,0.0,0.32,0.01
2026-09-13 15:51:37,1.25,0.5,0.75,0.0,0.0,20.87,6080.9,0.0,0.37,0.25,0.22,0.0,0.0,1.76,0.01
2026-09-13 15:51:38,1.26,0.25,0.76,0.0,0.25,20.84,6083.2,0.0,0.34,0.25,0.22,0.0,0.0,2.08,0.02
2026-09-13 15:51:39,9.27,7.77,1.5,1.0,0.0,21.02,6069.0,0.0,0.34,0.25,0.22,0.0,0.02,0.32,0.01
2026-09-13 15:51:40,3.52,2.51,1.01,0.25,0.0,20.74,6090.5,0.0,0.34,0.25,0.22,0.0,0.01,1.76,0.02
2026-09-13 15:51:41,0.76,0.25,0.51,0.0,0.0,20.73,6091.4,0.0,0.34,0.25,0.22,0.0,0.0,2.08,0.02
2026-09-13 15:51:42,2.5,1.5,1.0,0.25,0.0,20.75,6089.7,0.0,0.34,0.25,0.22,0.0,0.0,0.32,0.01
2026-09-13 15:51:43,1.5,0.5,0.75,0.0,0.25,20.75,6090.1,0.0,0.31,0.24,0.21,0.0,0.0,1.76,0.02
2026-09-13 15:51:44,1.01,0.25,0.76,0.0,0.0,20.69,6094.2,0.0,0.31,0.24,0.21,0.0,0.0,2.07,0.02
2026-09-13 15:51:45,1.26,0.5,0.75,0.5,0.0,20.69,6094.6,0.0,0.31,0.24,0.21,0.0,0.01,0.0,0.01
2026-09-13 15:51:46,1.01,0.51,0.51,0.0,0.0,20.69,6094.7,0.0,0.31,0.24,0.21,0.0,0.01,2.08,0.02
2026-09-13 15:51:47,1.76,0.5,1.01,0.0,0.25,20.69,6094.3,0.0,0.31,0.24,0.21,0.25,0.0,2.08,0.02
2026-09-13 15:51:48,1.26,0.5,0.75,0.0,0.0,20.7,6094.0,0.0,0.29,0.24,0.21,0.0,0.0,0.0,0.01
2026-09-13 15:51:49,1.52,0.51,0.76,0.25,0.25,20.74,6090.3,0.0,0.29,0.24,0.21,0.0,0.0,6.98,0.04
2026-09-13 15:51:50,0.76,0.25,0.51,0.0,0.0,20.74,6090.2,0.0,0.29,0.24,0.21,0.0,0.0,8.31,0.05
2026-09-13 15:51:51,1.26,0.25,0.75,0.5,0.25,20.74,6090.2,0.0,0.29,0.24,0.21,0.0,0.01,6.24,0.04
2026-09-13 15:51:52,1.26,0.76,0.5,0.0,0.0,20.69,6094.5,0.0,0.29,0.24,0.21,0.0,0.0,6.82,0.04
2026-09-13 15:51:53,1.26,0.25,0.76,0.0,0.25,20.69,6094.5,0.0,0.26,0.23,0.21,0.0,0.0,6.07,0.04
2026-09-13 15:51:54,4.79,3.78,1.01,0.0,0.0,20.78,6087.1,0.0,0.26,0.23,0.21,0.0,0.01,1.56,0.02
2026-09-13 15:51:55,6.55,5.29,1.01,1.51,0.25,20.67,6096.2,0.0,0.26,0.23,0.21,0.0,1.16,3.38,0.03
2026-09-13 15:51:56,1.01,0.25,0.76,0.0,0.0,20.67,6096.2,0.0,0.26,0.23,0.21,0.0,0.0,3.64,0.03
2026-09-13 15:51:57,1.01,0.5,0.5,0.0,0.0,20.67,6095.8,0.0,0.26,0.23,0.21,0.0,0.03,1.56,0.02
2026-09-13 15:51:58,2.26,0.75,1.25,0.0,0.25,20.74,6090.4,0.0,0.24,0.23,0.21,0.25,0.0,3.64,0.03
2026-09-13 15:51:59,2.01,1.01,0.75,0.0,0.25,20.76,6089.4,0.0,0.24,0.23,0.21,0.0,0.0,3.63,0.03
2026-09-13 15:52:00,1.01,0.5,0.5,0.5,0.0,20.67,6096.1,0.0,0.24,0.23,0.21,0.0,0.01,1.56,0.01
2026-09-13 15:52:01,2.51,1.5,1.0,0.25,0.0,20.67,6096.0,0.0,0.24,0.23,0.21,0.0,0.01,3.37,0.02
2026-09-13 15:52:02,1.5,0.5,0.75,0.0,0.25,20.65,6097.5,0.0,0.24,0.23,0.21,0.0,0.0,3.63,0.02
2026-09-13 15:52:03,0.76,0.25,0.51,0.0,0.0,20.66,6097.1,0.0,0.22,0.22,0.21,0.0,0.0,1.56,0.02
2026-09-13 15:52:04,1.01,0.25,0.76,0.0,0.0,20.66,6097.1,0.0,0.22,0.22,0.21,0.0,0.0,3.63,0.02
2026-09-13 15:52:05,1.5,0.5,0.75,0.0,0.25,20.66,6096.8,0.0,0.22,0.22,0.21,0.0,0.0,3.38,0.02
2026-09-13 15:52:06,1.01,0.25,0.76,0.25,0.0,20.66,6096.8,0.0,0.22,0.22,0.21,0.0,0.01,1.55,0.01
2026-09-13 15:52:07,1.01,0.25,0.76,0.0,0.0,20.66,6096.6,0.0,0.22,0.22,0.21,0.0,0.0,3.63,0.02
2026-09-13 15:52:08,1.26,0.5,0.75,0.0,0.0,20.66,6096.6,0.0,0.21,0.22,0.21,0.0,0.0,3.63,0.03
2026-09-13 15:52:09,2.28,1.27,1.01,0.0,0.0,20.76,6088.7,0.0,0.21,0.22,0.21,0.25,0.0,1.57,0.02
2026-09-13 15:52:10,10.3,8.29,1.76,0.75,0.25,20.74,6090.2,0.0,0.21,0.22,0.21,0.0,0.03,3.64,0.02
2026-09-13 15:52:11,1.01,0.25,0.76,0.0,0.0,20.75,6089.8,0.0,0.21,0.22,0.21,0.0,0.0,3.64,0.02
2026-09-13 15:52:12,1.01,0.25,0.75,0.5,0.0,20.73,6091.1,0.0,0.21,0.22,0.21,0.0,0.01,1.3,0.01
2026-09-13 15:52:13,1.26,0.5,0.5,0.0,0.25,20.74,6090.9,0.0,0.19,0.22,0.21,0.0,0.0,3.63,0.03
2026-09-13 15:52:14,1.01,0.5,0.5,0.0,0.0,20.73,6091.3,0.0,0.19,0.22,0.21,0.0,0.0,3.63,0.02
2026-09-13 15:52:15,1.01,0.25,0.76,0.0,0.0,20.73,6091.3,0.0,0.19,0.22,0.21,0.0,0.0,1.56,0.02
2026-09-13 15:52:16,1.51,0.75,0.75,0.0,0.0,20.74,6090.9,0.0,0.19,0.22,0.21,0.0,0.0,3.64,0.02
2026-09-13 15:52:17,1.5,0.5,0.75,0.0,0.25,20.73,6091.1,0.0,0.19,0.22,0.21,0.0,0.0,3.63,0.02
2026-09-13 15:52:18,0.76,0.25,0.51,0.0,0.0,20.74,6090.9,0.0,0.17,0.21,0.2,0.0,0.0,1.32,0.01
2026-09-13 15:52:19,2.01,1.0,0.75,0.25,0.25,20.74,6090.7,0.0,0.17,0.21,0.2,0.0,0.0,3.62,0.03
2026-09-13 15:52:20,2.78,1.52,1.01,0.0,0.25,20.79,6086.4,0.0,0.17,0.21,0.2,0.25,0.0,3.64,0.03
2026-09-13 15:52:21,10.61,8.84,1.77,0.76,0.0,20.74,6090.8,0.0,0.17,0.21,0.2,0.0,0.02,1.62,0.02
2026-09-13 15:52:22,1.01,0.5,0.5,0.0,0.0,20.73,6091.0,0.0,0.17,0.21,0.2,0.0,0.0,3.64,0.02
2026-09-13 15:52:23,1.51,0.5,0.75,0.0,0.25,20.73,6091.0,0.0,0.16,0.21,0.2,0.0,0.0,3.63,0.03
2026-09-13 15:52:24,1.25,0.25,0.75,0.0,0.25,20.73,6091.0,0.0,0.16,0.21,0.2,0.0,0.0,1.56,0.01
2026-09-13 15:52:25,10.58,8.56,1.76,0.5,0.25,20.74,6090.9,0.0,0.16,0.21,0.2,0.0,0.03,3.38,0.03
2026-09-13 15:52:26,1.26,0.5,0.75,0.0,0.0,20.7,6093.6,0.0,0.16,0.21,0.2,0.0,0.0,3.63,0.03
2026-09-13 15:52:27,1.01,0.25,0.75,1.51,0.0,20.7,6093.6,0.0,0.16,0.21,0.2,0.0,0.02,1.56,0.01
2026-09-13 15:52:28,1.01,0.25,0.76,0.0,0.0,20.69,6094.1,0.0,0.15,0.2,0.2,0.0,0.0,3.63,0.02
2026-09-13 15:52:29,1.76,0.76,0.76,0.0,0.25,20.72,6091.9,0.0,0.15,0.2,0.2,0.0,0.0,3.63,0.03
2026-09-13 15:52:30,1.26,0.5,0.75,0.0,0.0,20.72,6092.2,0.0,0.15,0.2,0.2,0.0,0.0,1.56,0.01
2026-09-13 15:52:31,2.25,1.0,1.0,0.0,0.25,20.77,6087.9,0.0,0.15,0.2,0.2,0.25,0.01,3.64,0.03
2026-09-13 15:52:32,0.76,0.25,0.51,1.77,0.0,20.77,6088.2,0.0,0.15,0.2,0.2,0.0,1.14,3.38,0.03
2026-09-13 15:52:33,1.51,0.5,0.75,0.0,0.25,20.77,6088.3,0.0,0.13,0.2,0.2,0.0,0.0,1.56,0.02
2026-09-13 15:52:34,1.01,0.5,0.5,0.0,0.0,20.76,6089.0,0.0,0.13,0.2,0.2,0.0,0.0,3.63,0.03
2026-09-13 15:52:35,1.5,0.5,0.75,0.0,0.25,20.76,6089.1,0.0,0.13,0.2,0.2,0.0,0.0,3.64,0.02
2026-09-13 15:52:36,1.01,0.5,0.5,0.0,0.0,20.75,6089.4,0.0,0.13,0.2,0.2,0.0,0.0,1.56,0.01
2026-09-13 15:52:37,1.01,0.25,0.76,0.0,0.0,20.75,6090.1,0.0,0.13,0.2,0.2,0.0,0.0,3.63,0.02
2026-09-13 15:52:38,1.26,0.5,0.5,0.0,0.25,20.75,6090.2,0.0,0.12,0.2,0.2,0.0,0.0,3.37,0.02
2026-09-13 15:52:39,2.26,1.76,0.5,0.5,0.0,20.75,6089.7,0.0,0.12,0.2,0.2,0.0,0.0,1.56,0.01
2026-09-13 15:52:40,10.89,8.86,1.77,1.01,0.25,20.73,6091.7,0.0,0.12,0.2,0.2,0.0,0.02,3.64,0.02
2026-09-13 15:52:41,1.5,0.5,0.75,0.0,0.25,20.73,6091.6,0.0,0.12,0.2,0.2,0.0,0.0,3.63,0.02
2026-09-13 15:52:42,1.26,0.51,0.76,0.0,0.0,20.8,6086.3,0.0,0.12,0.2,0.2,0.25,0.0,1.56,0.02
2026-09-13 15:52:43,1.26,0.5,0.5,0.0,0.25,20.79,6086.6,0.0,0.11,0.19,0.2,0.0,0.0,3.63,0.03
2026-09-13 15:52:44,1.26,0.5,0.75,0.0,0.0,20.78,6087.3,0.0,0.11,0.19,0.2,0.0,0.0,3.63,0.02
2026-09-13 15:52:45,1.26,0.5,0.75,0.0,0.0,20.71,6093.2,0.0,0.11,0.19,0.2,0.0,0.0,1.3,0.02
2026-09-13 15:52:46,1.5,0.5,1.0,0.5,0.0,20.71,6093.2,0.0,0.11,0.19,0.2,0.0,0.01,3.63,0.03
2026-09-13 15:52:47,1.01,0.25,0.5,0.25,0.25,20.71,6093.2,0.0,0.11,0.19,0.2,0.0,0.01,3.63,0.03
2026-09-13 15:52:48,1.5,0.5,1.0,0.0,0.0,20.71,6092.6,0.0,0.1,0.19,0.2,0.0,0.0,1.56,0.02
2026-09-13 15:52:49,1.26,0.25,0.76,0.0,0.25,20.72,6092.5,0.0,0.1,0.19,0.2,0.0,0.0,3.64,0.03
2026-09-13 15:52:50,1.27,0.76,0.51,0.25,0.0,20.72,6092.5,0.0,0.1,0.19,0.2,0.0,0.0,3.63,0.03
2026-09-13 15:52:51,1.26,0.5,0.5,0.0,0.25,20.71,6093.0,0.0,0.1,0.19,0.2,0.0,0.0,1.31,0.02
2026-09-13 15:52:52,1.01,0.5,0.5,0.0,0.0,20.71,6093.0,0.0,0.1,0.19,0.2,0.0,0.0,3.63,0.02
2026-09-13 15:52:53,1.51,0.76,0.76,0.5,0.0,20.77,6088.1,0.0,0.1,0.19,0.19,0.25,0.01,3.64,0.03
2026-09-13 15:52:54,1.51,0.25,1.01,0.0,0.25,20.77,6088.1,0.0,0.1,0.19,0.19,0.0,0.0,1.56,0.02
2026-09-13 15:52:55,10.35,8.84,1.52,0.51,0.0,20.84,6083.2,0.0,0.1,0.19,0.19,0.0,0.02,3.64,0.03
2026-09-13 15:52:56,1.26,0.5,0.75,0.0,0.0,20.83,6083.7,0.0,0.1,0.19,0.19,0.0,0.01,3.63,0.02
2026-09-13 15:52:57,0.76,0.25,0.51,0.0,0.0,20.82,6084.6,0.0,0.1,0.19,0.19,0.0,0.0,1.56,0.01
2026-09-13 15:52:58,2.26,1.51,0.75,0.25,0.0,20.81,6084.9,0.0,0.09,0.18,0.19,0.0,0.0,3.37,0.02
2026-09-13 15:52:59,1.26,0.5,0.5,0.0,0.25,20.79,6087.0,0.0,0.09,0.18,0.19,0.0,0.0,3.63,0.02
2026-09-13 15:53:00,1.76,1.01,0.75,0.25,0.0,20.71,6092.9,0.0,0.09,0.18,0.19,0.0,0.0,1.56,0.01
2026-09-13 15:53:01,1.25,0.5,0.5,0.5,0.25,20.71,6092.9,0.0,0.09,0.18,0.19,0.0,0.01,3.64,0.03
2026-09-13 15:53:02,0.76,0.25,0.51,0.0,0.0,20.71,6092.7,0.0,0.09,0.18,0.19,0.0,0.0,3.64,0.02
2026-09-13 15:53:03,1.5,0.5,0.75,0.0,0.25,20.72,6092.3,0.0,0.08,0.18,0.19,0.0,0.0,1.56,0.03
2026-09-13 15:53:04,1.52,0.76,0.76,0.0,0.0,20.73,6091.0,0.0,0.08,0.18,0.19,0.25,0.0,3.64,0.02
2026-09-13 15:53:05,1.01,0.51,0.51,0.0,0.0,20.73,6091.3,0.0,0.08,0.18,0.19,0.0,0.0,3.37,0.02
2026-09-13 15:53:06,1.25,0.25,0.75,0.0,0.25,20.73,6091.5,0.0,0.08,0.18,0.19,0.0,0.0,1.56,0.01
2026-09-13 15:53:07,1.01,0.5,0.5,1.26,0.0,20.73,6091.6,0.0,0.08,0.18,0.19,0.0,1.15,3.63,0.02
2026-09-13 15:53:08,1.01,0.25,0.5,0.0,0.25,20.69,6094.8,0.0,0.07,0.18,0.19,0.0,0.0,2.78,0.02
2026-09-13 15:53:09,1.5,0.5,1.0,0.0,0.0,20.68,6094.8,0.0,0.07,0.18,0.19,0.0,0.0,0.85,0.01
2026-09-13 15:53:10,11.31,9.3,2.01,1.01,0.0,20.76,6088.8,0.0,0.07,0.18,0.19,0.0,0.02,2.08,0.01
2026-09-13 15:53:11,4.27,3.02,1.01,0.0,0.25,20.88,6080.2,0.0,0.07,0.18,0.19,0.0,0.0,0.64,0.01
2026-09-13 15:53:12,7.54,6.28,1.26,0.75,0.0,20.79,6086.9,0.0,0.07,0.18,0.19,0.0,0.03,1.5,0.02
2026-09-13 15:53:13,1.5,0.5,1.0,0.5,0.0,20.78,6087.7,0.0,0.07,0.17,0.19,0.0,0.01,2.07,0.02
2026-09-13 15:53:14,1.01,0.5,0.5,0.0,0.0,20.77,6088.6,0.0,0.07,0.17,0.19,0.0,0.0,0.32,0.01
2026-09-13 15:53:15,1.76,0.5,1.01,0.0,0.25,20.8,6085.9,0.0,0.07,0.17,0.19,0.25,0.0,1.76,0.02
2026-09-13 15:53:16,1.5,0.5,0.75,0.5,0.25,20.8,6085.6,0.0,0.07,0.17,0.19,0.0,0.03,2.08,0.02
2026-09-13 15:53:17,2.26,1.26,1.01,2.26,0.0,20.8,6085.9,0.0,0.07,0.17,0.19,0.0,0.3,0.32,0.01
2026-09-13 15:53:18,0.76,0.25,0.51,0.0,0.0,20.81,6085.4,0.0,0.06,0.17,0.19,0.0,0.0,1.76,0.02
2026-09-13 15:53:19,1.5,0.75,0.75,0.0,0.0,20.81,6085.4,0.0,0.06,0.17,0.19,0.0,0.0,2.08,0.02
2026-09-13 15:53:20,2.0,1.0,0.75,0.25,0.25,20.81,6085.2,0.0,0.06,0.17,0.19,0.0,0.0,0.32,0.01
2026-09-13 15:53:21,1.01,0.25,0.76,0.0,0.0,20.81,6085.3,0.0,0.06,0.17,0.19,0.0,0.0,1.76,0.02
2026-09-13 15:53:22,1.25,0.75,0.5,0.0,0.0,20.8,6086.1,0.0,0.06,0.17,0.19,0.0,0.0,2.07,0.01
2026-09-13 15:53:23,1.01,0.51,0.51,0.0,0.0,20.82,6084.7,0.0,0.06,0.17,0.19,0.0,0.0,4.46,0.03
2026-09-13 15:53:24,1.01,0.25,0.51,0.0,0.25,20.83,6083.8,0.0,0.06,0.17,0.19,0.0,0.0,10.27,0.06
2026-09-13 15:53:25,8.54,6.28,1.76,0.25,0.5,20.9,6078.1,0.0,0.06,0.17,0.19,0.0,0.04,14.8,0.08
2026-09-13 15:53:26,4.8,3.28,1.26,0.51,0.25,20.78,6087.7,0.0,0.06,0.17,0.19,0.25,0.03,11.57,0.07
2026-09-13 15:53:27,1.52,0.51,0.76,0.0,0.25,20.78,6087.7,0.0,0.06,0.17,0.19,0.0,0.01,11.78,0.06
2026-09-13 15:53:28,1.01,0.51,0.51,0.0,0.0,20.77,6088.0,0.0,0.05,0.16,0.18,0.0,0.02,9.99,0.05
2026-09-13 15:53:29,1.01,0.25,0.76,0.0,0.0,20.78,6087.5,0.0,0.05,0.16,0.18,0.0,0.0,8.11,0.05
2026-09-13 15:53:30,1.77,0.76,0.76,0.25,0.25,20.73,6091.3,0.0,0.05,0.16,0.18,0.0,0.0,9.29,0.05
2026-09-13 15:53:31,1.75,0.5,1.0,0.5,0.25,20.72,6091.9,0.0,0.05,0.16,0.18,0.0,0.01,7.85,0.05
2026-09-13 15:53:32,1.01,0.5,0.5,0.0,0.0,20.73,6091.3,0.0,0.05,0.16,0.18,0.0,0.5,4.99,0.03
2026-09-13 15:53:33,1.76,0.5,1.01,0.0,0.25,20.74,6090.5,0.0,0.05,0.16,0.18,0.0,0.01,6.17,0.05
2026-09-13 15:53:34,1.01,0.25,0.51,0.0,0.25,20.74,6090.9,0.0,0.05,0.16,0.18,0.0,0.0,6.75,0.04
2026-09-13 15:53:35,1.26,0.5,0.75,0.0,0.0,20.73,6091.4,0.0,0.05,0.16,0.18,0.0,0.0,4.99,0.03
2026-09-13 15:53:36,2.27,1.51,0.76,0.25,0.0,20.73,6091.0,0.0,0.05,0.16,0.18,0.0,0.0,6.43,0.04
2026-09-13 15:53:37,1.76,0.76,0.76,0.0,0.25,20.74,6090.7,0.0,0.05,0.16,0.18,0.25,0.0,6.5,0.04
2026-09-13 15:53:38,1.01,0.51,0.51,0.0,0.0,20.74,6090.7,0.0,0.04,0.16,0.18,0.0,0.0,4.74,0.03
2026-09-13 15:53:39,1.5,0.5,0.75,0.0,0.25,20.74,6090.8,0.0,0.04,0.16,0.18,0.0,0.0,6.43,0.04
2026-09-13 15:53:40,5.03,3.52,1.26,0.5,0.25,20.73,6091.7,0.0,0.04,0.16,0.18,0.0,0.0,6.5,0.04
2026-09-13 15:53:41,7.56,6.3,1.26,0.5,0.0,20.88,6079.6,0.0,0.04,0.16,0.18,0.0,0.03,5.0,0.03
2026-09-13 15:53:42,1.26,0.5,0.5,1.51,0.25,20.89,6079.4,0.0,0.04,0.16,0.18,0.0,1.14,6.43,0.04
2026-09-13 15:53:43,1.26,0.5,0.76,0.0,0.0,20.89,6079.4,0.0,0.04,0.16,0.18,0.0,0.0,6.51,0.04
2026-09-13 15:53:44,1.26,0.25,0.75,0.0,0.25,20.89,6079.4,0.0,0.04,0.16,0.18,0.0,0.0,4.73,0.03
2026-09-13 15:53:45,1.01,0.51,0.51,0.0,0.0,20.89,6079.4,0.0,0.04,0.16,0.18,0.0,0.0,6.43,0.04
2026-09-13 15:53:46,1.26,0.25,0.76,0.5,0.25,20.87,6080.9,0.0,0.04,0.16,0.18,0.0,0.01,6.51,0.04
2026-09-13 15:53:47,1.26,0.5,0.5,0.0,0.25,20.86,6081.2,0.0,0.04,0.16,0.18,0.0,0.01,4.98,0.03
2026-09-13 15:53:48,2.02,0.76,1.01,0.0,0.25,20.83,6083.9,0.0,0.04,0.15,0.18,0.25,0.01,6.44,0.04
2026-09-13 15:53:49,1.76,0.76,0.76,0.0,0.25,20.84,6082.6,0.0,0.04,0.15,0.18,0.0,0.0,6.75,0.04
2026-09-13 15:53:50,10.86,8.84,2.02,1.01,0.0,20.81,6084.9,0.0,0.04,0.15,0.18,0.0,0.03,4.77,0.04
2026-09-13 15:53:51,1.26,0.5,0.5,0.0,0.25,20.81,6085.6,0.0,0.04,0.15,0.18,0.0,0.0,6.18,0.04
2026-09-13 15:53:52,1.26,0.25,0.76,0.25,0.25,20.8,6085.7,0.0,0.04,0.15,0.18,0.0,0.02,6.75,0.04
2026-09-13 15:53:53,1.01,0.25,0.76,0.0,0.0,20.8,6086.2,0.0,0.03,0.15,0.18,0.0,0.0,4.74,0.03
2026-09-13 15:53:54,1.01,0.5,0.5,0.0,0.0,20.71,6093.2,0.0,0.03,0.15,0.18,0.0,0.0,6.43,0.04
2026-09-13 15:53:55,2.76,1.51,1.01,0.5,0.25,20.73,6091.4,0.0,0.03,0.15,0.18,0.0,0.0,6.49,0.04
2026-09-13 15:53:56,10.33,8.56,1.76,0.5,0.0,20.8,6085.6,0.0,0.03,0.15,0.18,0.0,0.03,5.01,0.03
2026-09-13 15:53:57,1.01,0.5,0.25,0.0,0.25,20.8,6085.6,0.0,0.03,0.15,0.18,0.0,0.0,6.42,0.04
2026-09-13 15:53:58,1.01,0.25,0.76,0.0,0.0,20.8,6085.8,0.0,0.03,0.15,0.18,0.0,0.01,6.49,0.04
2026-09-13 15:53:59,2.26,0.75,1.26,0.0,0.25,20.87,6080.9,0.0,0.03,0.15,0.18,0.25,0.0,4.75,0.03
2026-09-13 15:54:00,1.52,0.76,0.76,0.25,0.0,20.85,6081.9,0.0,0.03,0.15,0.18,0.0,0.0,6.17,0.03
2026-09-13 15:54:01,1.5,0.75,0.5,0.5,0.25,20.77,6088.0,0.0,0.03,0.15,0.18,0.0,0.01,7.0,0.04
2026-09-13 15:54:02,0.76,0.25,0.51,0.0,0.0,20.77,6088.0,0.0,0.03,0.15,0.18,0.0,0.01,4.73,0.03
2026-09-13 15:54:03,1.75,0.5,0.75,0.0,0.5,20.77,6088.0,0.0,0.03,0.14,0.18,0.0,0.0,6.43,0.04
2026-09-13 15:54:04,1.01,0.25,0.76,0.0,0.0,20.77,6088.0,0.0,0.03,0.14,0.18,0.0,0.0,6.49,0.04
2026-09-13 15:54:05,1.01,0.5,0.25,0.0,0.25,20.77,6088.0,0.0,0.03,0.14,0.18,0.0,0.0,4.99,0.03
2026-09-13 15:54:06,1.26,0.5,0.75,0.0,0.0,20.77,6088.4,0.0,0.03,0.14,0.18,0.0,0.0,6.17,0.03
2026-09-13 15:54:07,1.26,0.25,0.76,0.0,0.25,20.78,6087.7,0.0,0.03,0.14,0.18,0.0,0.0,6.5,0.04
2026-09-13 15:54:08,1.01,0.25,0.76,0.0,0.0,20.77,6088.1,0.0,0.02,0.14,0.18,0.0,0.0,4.99,0.03
2026-09-13 15:54:09,1.26,0.25,0.76,0.51,0.25,20.77,6088.0,0.0,0.02,0.14,0.18,0.0,0.02,6.43,0.04
2026-09-13 15:54:10,2.02,1.26,0.76,0.25,0.0,20.78,6087.6,0.0,0.02,0.14,0.18,0.25,0.0,6.75,0.04
2026-09-13 15:54:11,10.58,8.56,1.76,0.25,0.25,20.74,6090.7,0.0,0.02,0.14,0.18,0.0,0.03,4.74,0.03
2026-09-13 15:54:12,1.26,0.5,0.76,0.0,0.0,20.74,6090.5,0.0,0.02,0.14,0.18,0.0,0.0,6.43,0.04
2026-09-13 15:54:13,1.26,0.5,0.5,0.0,0.25,20.73,6091.3,0.0,0.02,0.14,0.17,0.0,0.0,6.49,0.04
2026-09-13 15:54:14,2.27,1.51,0.76,0.5,0.0,20.76,6089.2,0.0,0.02,0.14,0.17,0.0,0.01,4.73,0.03
2026-09-13 15:54:15,1.26,0.5,0.5,0.0,0.25,20.75,6089.5,0.0,0.02,0.14,0.17,0.0,0.0,6.43,0.04
2026-09-13 15:54:16,1.26,0.25,0.76,0.0,0.25,20.68,6095.5,0.0,0.02,0.14,0.17,0.0,0.0,6.75,0.04
2026-09-13 15:54:17,1.01,0.5,0.5,0.0,0.0,20.68,6095.5,0.0,0.02,0.14,0.17,0.0,0.0,4.75,0.03
2026-09-13 15:54:18,1.01,0.25,0.76,0.0,0.0,20.69,6094.5,0.0,0.02,0.14,0.17,0.0,0.0,6.42,0.04
2026-09-13 15:54:19,1.51,0.75,0.5,0.0,0.25,20.7,6093.9,0.0,0.02,0.14,0.17,0.0,0.0,6.49,0.04
2026-09-13 15:54:20,1.76,0.75,0.75,0.25,0.25,20.7,6093.5,0.0,0.02,0.14,0.17,0.0,0.0,4.75,0.03
2026-09-13 15:54:21,1.76,0.5,1.01,1.26,0.25,20.77,6088.4,0.0,0.02,0.14,0.17,0.25,1.14,6.42,0.04
2026-09-13 15:54:22,1.01,0.51,0.51,0.0,0.0,20.77,6088.4,0.0,0.02,0.14,0.17,0.0,0.0,6.75,0.04
2026-09-13 15:54:23,1.26,0.5,0.5,0.0,0.25,20.77,6088.4,0.0,0.02,0.13,0.17,0.0,0.0,4.99,0.04
2026-09-13 15:54:24,1.51,0.75,0.75,0.0,0.0,20.77,6088.4,0.0,0.02,0.13,0.17,0.0,0.0,6.17,0.04
2026-09-13 15:54:25,1.26,0.25,0.76,0.0,0.25,20.66,6096.6,0.0,0.02,0.13,0.17,0.0,0.0,6.75,0.04
2026-09-13 15:54:26,10.78,8.77,2.01,0.5,0.0,20.69,6094.7,0.0,0.02,0.13,0.17,0.0,0.03,4.5,0.03
2026-09-13 15:54:27,1.26,0.25,0.76,0.0,0.25,20.68,6095.3,0.0,0.02,0.13,0.17,0.0,0.0,6.41,0.04
2026-09-13 15:54:28,1.26,0.5,0.5,0.0,0.25,20.69,6094.6,0.0,0.02,0.13,0.17,0.0,0.0,6.75,0.04
2026-09-13 15:54:29,1.51,0.5,0.76,0.0,0.25,20.7,6093.9,0.0,0.02,0.13,0.17,0.0,0.01,4.72,0.03
2026-09-13 15:54:30,2.0,1.0,0.75,0.25,0.25,20.72,6092.4,0.0,0.02,0.13,0.17,0.0,0.01,6.71,0.04
2026-09-13 15:54:31,1.26,0.25,0.76,0.0,0.25,20.73,6091.7,0.0,0.02,0.13,0.17,0.0,0.0,6.5,0.04
2026-09-13 15:54:32,1.76,0.76,1.01,0.25,0.0,20.81,6085.1,0.0,0.02,0.13,0.17,0.25,0.01,4.68,0.04
2026-09-13 15:54:33,2.51,1.26,1.01,0.25,0.25,20.84,6082.8,0.0,0.1,0.15,0.18,0.0,0.0,6.51,0.05
2026-09-13 15:54:34,1.51,0.75,0.75,0.0,0.0,20.84,6082.7,0.0,0.1,0.15,0.18,0.0,0.0,6.74,0.04
2026-09-13 15:54:35,1.01,0.25,0.76,0.0,0.0,20.78,6087.7,0.0,0.1,0.15,0.18,0.0,0.01,1.16,0.01
2026-09-13 15:54:36,1.5,0.5,0.75,0.0,0.25,20.76,6088.9,0.0,0.1,0.15,0.18,0.0,0.0,1.96,0.01
2026-09-13 15:54:37,1.51,0.75,0.75,0.0,0.0,20.7,6093.9,0.0,0.1,0.15,0.18,0.0,0.0,5.19,0.03
2026-09-13 15:54:38,1.26,0.5,0.75,0.0,0.0,20.7,6093.9,0.0,0.09,0.14,0.18,0.0,0.0,0.0,0.01
2026-09-13 15:54:39,1.25,0.5,0.5,0.0,0.25,20.7,6093.9,0.0,0.09,0.14,0.18,0.0,0.0,2.07,0.01
2026-09-13 15:54:40,1.26,0.76,0.51,0.25,0.0,20.69,6094.1,0.0,0.09,0.14,0.18,0.0,0.0,2.08,0.01
2026-09-13 15:54:41,10.08,8.31,1.76,0.76,0.0,20.79,6086.6,0.0,0.09,0.14,0.18,0.0,0.02,0.01,0.01
2026-09-13 15:54:42,1.26,0.5,0.75,0.0,0.0,20.79,6086.5,0.0,0.09,0.14,0.18,0.0,0.0,2.07,0.02
2026-09-13 15:54:43,1.51,0.5,0.76,0.0,0.25,20.85,6082.4,0.0,0.08,0.14,0.17,0.25,0.0,2.08,0.02
2026-09-13 15:54:44,1.01,0.5,0.5,0.0,0.0,20.82,6084.5,0.0,0.08,0.14,0.17,0.0,0.0,0.0,0.01
2026-09-13 15:54:45,1.25,0.5,0.5,0.0,0.25,20.81,6085.4,0.0,0.08,0.14,0.17,0.0,0.0,2.07,0.02
2026-09-13 15:54:46,1.01,0.25,0.76,0.0,0.0,20.8,6086.0,0.0,0.08,0.14,0.17,0.0,0.0,2.08,0.02
2026-09-13 15:54:47,4.01,0.25,0.75,0.0,3.01,20.68,6095.1,0.0,0.08,0.14,0.17,0.0,0.01,68.56,0.32
2026-09-13 15:54:48,5.05,0.25,0.51,0.0,4.29,20.69,6094.2,0.0,0.07,0.14,0.17,0.0,0.0,111.58,0.51
2026-09-13 15:54:49,4.53,0.5,0.5,0.25,3.53,20.7,6093.7,0.0,0.07,0.14,0.17,0.0,0.01,99.68,0.45
2026-09-13 15:54:50,5.28,0.5,0.5,0.75,4.27,20.73,6091.2,0.0,0.07,0.14,0.17,0.0,0.0,104.72,0.47
2026-09-13 15:54:51,5.25,0.25,0.75,0.0,4.25,20.73,6091.0,0.0,0.07,0.14,0.17,0.0,0.0,101.4,0.46
2026-09-13 15:54:52,6.28,1.26,0.5,0.0,4.52,20.74,6090.3,0.0,0.07,0.14,0.17,0.0,0.0,104.47,0.47
2026-09-13 15:54:53,4.79,0.25,0.25,0.0,4.28,20.75,6090.0,0.0,0.07,0.14,0.17,0.0,0.0,111.49,0.5
2026-09-13 15:54:54,5.53,0.75,1.01,0.0,3.77,20.72,6091.9,0.0,0.07,0.14,0.17,0.25,0.0,105.78,0.48
2026-09-13 15:54:55,5.04,0.25,0.76,0.25,4.03,20.72,6091.9,0.0,0.07,0.14,0.17,0.0,0.01,110.25,0.5
2026-09-13 15:54:56,13.1,7.81,1.26,1.51,4.03,20.92,6077.0,0.0,0.07,0.14,0.17,0.0,1.15,100.43,0.45
2026-09-13 15:54:57,6.53,1.26,1.26,0.25,4.02,20.74,6090.5,0.0,0.07,0.14,0.17,0.0,0.01,105.88,0.48
2026-09-13 15:54:58,4.31,0.0,0.25,0.0,4.06,20.75,6089.9,0.0,0.06,0.13,0.17,0.0,0.0,111.97,0.5
2026-09-13 15:54:59,5.99,0.75,0.5,0.0,4.74,20.75,6089.6,0.0,0.06,0.13,0.17,0.0,0.0,108.7,0.49
2026-09-13 15:55:00,5.51,0.5,0.5,0.25,4.51,20.77,6088.1,0.0,0.06,0.13,0.17,0.0,0.0,103.19,0.46
2026-09-13 15:55:01,5.04,0.25,0.76,0.0,4.03,20.75,6090.2,0.0,0.06,0.13,0.17,0.0,0.0,111.8,0.5
2026-09-13 15:55:02,4.29,0.51,0.25,0.25,3.54,20.75,6089.9,0.0,0.06,0.13,0.17,0.0,0.02,99.89,0.44
2026-09-13 15:55:03,5.28,0.25,0.75,0.0,4.27,20.75,6089.7,0.0,0.06,0.13,0.17,0.0,0.0,104.97,0.48
2026-09-13 15:55:04,5.01,0.25,0.5,0.0,4.26,20.75,6089.7,0.0,0.06,0.13,0.17,0.0,0.0,108.15,0.48
2026-09-13 15:55:05,5.78,0.5,1.01,0.0,4.27,20.8,6085.8,0.0,0.06,0.13,0.17,0.25,0.0,103.67,0.46
2026-09-13 15:55:06,4.79,0.25,0.25,0.0,4.28,20.81,6085.2,0.0,0.06,0.13,0.17,0.0,0.01,109.47,0.49
2026-09-13 15:55:07,5.25,0.25,0.5,0.25,4.5,20.82,6084.7,0.0,0.06,0.13,0.17,0.0,0.01,103.4,0.47
2026-09-13 15:55:08,5.5,0.25,0.5,0.0,4.75,20.82,6084.6,0.0,0.05,0.13,0.17,0.0,0.0,103.55,0.46
2026-09-13 15:55:09,5.74,0.25,0.75,0.0,4.74,20.83,6084.0,0.0,0.05,0.13,0.17,0.0,0.0,107.64,0.48
2026-09-13 15:55:10,5.79,0.76,0.25,0.0,4.79,20.82,6084.3,0.0,0.05,0.13,0.17,0.0,0.0,109.37,0.49
2026-09-13 15:55:11,10.28,4.51,1.25,0.25,4.51,20.86,6081.7,0.0,0.05,0.13,0.17,0.0,0.0,106.98,0.48
2026-09-13 15:55:12,9.02,6.02,1.25,0.5,1.75,20.88,6079.5,0.0,0.05,0.13,0.17,0.0,0.02,37.24,0.17
2026-09-13 15:55:13,1.01,0.25,0.75,0.25,0.0,20.89,6079.3,0.0,0.05,0.13,0.17,0.0,0.01,2.08,0.02
2026-09-13 15:55:14,1.01,0.25,0.76,0.0,0.0,20.86,6081.5,0.0,0.05,0.13,0.17,0.0,0.0,0.0,0.01
2026-09-13 15:55:15,1.25,0.5,0.5,0.0,0.25,20.83,6083.4,0.0,0.05,0.13,0.17,0.0,0.0,2.07,0.02
2026-09-13 15:55:16,1.76,0.76,1.01,0.0,0.0,20.91,6077.6,0.0,0.05,0.13,0.17,0.25,0.0,2.08,0.02
2026-09-13 15:55:17,1.01,0.5,0.5,0.0,0.0,20.86,6081.0,0.0,0.05,0.13,0.17,0.0,0.0,0.0,0.01
2026-09-13 15:55:18,1.75,0.75,0.75,0.0,0.25,20.85,6082.0,0.0,0.2,0.16,0.18,0.0,0.01,2.08,0.02
2026-09-13 15:55:19,0.76,0.25,0.51,0.0,0.0,20.84,6083.1,0.0,0.2,0.16,0.18,0.0,0.0,2.08,0.02
2026-09-13 15:55:20,3.01,0.75,0.75,0.25,1.5,20.85,6082.4,0.0,0.2,0.16,0.18,0.0,0.0,28.24,0.13
2026-09-13 15:55:21,5.53,0.5,0.75,0.0,4.27,20.81,6085.5,0.0,0.2,0.16,0.18,0.0,0.0,103.55,0.49
2026-09-13 15:55:22,5.54,0.0,0.5,0.0,5.04,20.73,6091.4,0.0,0.2,0.16,0.18,0.0,0.0,115.41,0.56
2026-09-13 15:55:23,6.5,0.25,0.5,0.0,5.75,20.73,6091.1,0.0,0.19,0.16,0.18,0.0,0.0,117.47,0.6
2026-09-13 15:55:24,6.02,0.25,0.25,0.0,5.51,20.74,6090.2,0.0,0.19,0.16,0.18,0.0,0.0,117.46,0.6
2026-09-13 15:55:25,6.27,0.25,0.5,0.0,5.51,20.75,6089.9,0.0,0.19,0.16,0.18,0.0,0.0,117.47,0.6
2026-09-13 15:55:26,5.78,0.25,0.75,1.26,4.77,20.71,6092.5,0.0,0.19,0.16,0.18,0.0,1.14,112.67,0.52
2026-09-13 15:55:27,16.46,9.48,2.0,1.0,4.99,20.8,6086.1,0.0,0.19,0.16,0.18,0.25,0.05,108.17,0.49
2026-09-13 15:55:28,5.5,0.25,0.5,0.5,4.75,20.8,6086.1,0.0,0.17,0.15,0.18,0.0,0.01,107.23,0.48
2026-09-13 15:55:29,5.25,0.25,0.5,0.0,4.5,20.81,6085.2,0.0,0.17,0.15,0.18,0.0,0.0,103.9,0.47
2026-09-13 15:55:30,6.53,1.76,0.75,0.25,4.02,20.82,6084.7,0.0,0.17,0.15,0.18,0.0,0.0,102.43,0.46
2026-09-13 15:55:31,5.03,0.25,0.5,0.0,4.27,20.82,6084.5,0.0,0.17,0.15,0.18,0.0,0.01,107.01,0.48
2026-09-13 15:55:32,5.99,0.5,0.75,0.0,4.74,20.84,6083.1,0.0,0.17,0.15,0.18,0.0,0.0,111.35,0.5
2026-09-13 15:55:33,4.31,0.25,0.25,0.25,3.81,20.82,6084.1,0.0,0.16,0.15,0.18,0.0,0.03,103.12,0.48
2026-09-13 15:55:34,4.77,0.25,0.5,0.0,4.02,20.81,6085.1,0.0,0.16,0.15,0.18,0.0,0.0,102.77,0.47
2026-09-13 15:55:35,5.75,0.25,0.5,0.0,5.0,20.8,6085.9,0.0,0.16,0.15,0.18,0.0,0.0,112.11,0.5
2026-09-13 15:55:36,4.79,0.25,0.5,0.0,4.03,20.8,6086.1,0.0,0.16,0.15,0.18,0.0,0.01,108.56,0.49
2026-09-13 15:55:37,5.01,0.25,0.5,0.25,4.26,20.8,6086.2,0.0,0.16,0.15,0.18,0.0,0.01,99.77,0.45
2026-09-13 15:55:38,5.54,0.5,0.76,0.0,4.28,20.82,6084.7,0.0,0.14,0.15,0.17,0.25,0.0,108.73,0.49
2026-09-13 15:55:39,5.97,0.25,0.25,0.0,5.47,20.81,6085.0,0.0,0.14,0.15,0.17,0.0,0.0,104.07,0.47
2026-09-13 15:55:40,5.76,0.5,0.5,0.25,4.76,20.76,6089.1,0.0,0.14,0.15,0.17,0.0,0.0,106.36,0.48
2026-09-13 15:55:41,4.29,0.25,0.51,0.0,3.54,20.77,6088.6,0.0,0.14,0.15,0.17,0.0,0.0,102.81,0.46
2026-09-13 15:55:42,14.72,8.88,2.03,0.51,3.81,20.71,6093.1,0.0,0.14,0.15,0.17,0.0,0.03,105.92,0.48
2026-09-13 15:55:43,4.53,0.5,0.5,0.0,3.53,20.71,6092.8,0.0,0.13,0.14,0.17,0.0,0.0,106.01,0.48
2026-09-13 15:55:44,4.55,0.0,0.25,0.0,4.29,20.71,6092.8,0.0,0.13,0.14,0.17,0.0,0.0,108.4,0.49
2026-09-13 15:55:45,5.2,0.5,0.5,0.0,4.21,20.71,6092.5,0.0,0.13,0.14,0.17,0.0,0.0,75.29,0.35
2026-09-13 15:55:46,1.5,0.5,1.0,0.0,0.0,20.72,6092.3,0.0,0.13,0.14,0.17,0.0,0.0,2.08,0.02
2026-09-13 15:55:47,1.26,0.5,0.5,0.0,0.25,20.72,6092.3,0.0,0.13,0.14,0.17,0.0,0.0,0.0,0.01
2026-09-13 15:55:48,1.26,0.5,0.75,0.25,0.0,20.72,6092.2,0.0,0.12,0.14,0.17,0.0,0.02,2.08,0.02
2026-09-13 15:55:49,3.02,1.51,1.26,0.0,0.25,20.78,6087.4,0.0,0.12,0.14,0.17,0.25,0.0,2.08,0.02
2026-09-13 15:55:50,1.51,0.76,0.76,0.25,0.0,20.78,6087.4,0.0,0.12,0.14,0.17,0.0,0.0,0.0,0.01
2026-09-13 15:55:51,1.5,0.5,0.75,0.0,0.25,20.78,6087.1,0.0,0.12,0.14,0.17,0.0,0.0,2.08,0.02
2026-09-13 15:55:52,1.26,0.5,0.75,0.0,0.0,20.78,6087.7,0.0,0.12,0.14,0.17,0.0,0.0,2.08,0.01
2026-09-13 15:55:53,1.25,0.5,0.5,0.25,0.25,20.77,6088.0,0.0,0.11,0.14,0.17,0.0,0.01,0.0,0.01
2026-09-13 15:55:54,5.04,0.25,1.01,0.0,3.78,20.72,6092.4,0.0,0.11,0.14,0.17,0.0,0.01,97.96,0.46
2026-09-13 15:55:55,5.76,0.25,0.5,0.0,5.01,20.73,6091.0,0.0,0.11,0.14,0.17,0.0,0.0,112.87,0.54
2026-09-13 15:55:56,6.27,0.25,0.5,1.5,5.51,20.72,6092.5,0.0,0.11,0.14,0.17,0.0,1.14,117.42,0.59
2026-09-13 15:55:57,16.37,8.82,1.76,0.25,5.79,20.82,6084.3,0.0,0.11,0.14,0.17,0.0,0.02,117.46,0.61
2026-09-13 15:55:58,5.56,0.25,0.51,0.25,4.8,20.7,6093.7,0.0,0.1,0.14,0.17,0.0,0.02,117.28,0.58
2026-09-13 15:55:59,6.97,0.5,0.75,0.0,5.72,20.7,6093.3,0.0,0.1,0.14,0.17,0.0,0.0,117.51,0.59
2026-09-13 15:56:00,5.3,0.76,0.51,0.25,4.04,20.7,6093.3,0.0,0.1,0.14,0.17,0.0,0.0,103.84,0.48
2026-09-13 15:56:01,4.55,0.25,0.76,0.0,3.54,20.71,6093.1,0.0,0.1,0.14,0.17,0.0,0.01,104.06,0.47
2026-09-13 15:56:02,4.77,0.25,0.25,0.0,4.27,20.67,6095.8,0.0,0.1,0.14,0.17,0.0,0.01,97.89,0.44
2026-09-13 15:56:03,5.72,0.5,0.75,0.0,4.48,20.68,6095.5,0.0,0.09,0.13,0.17,0.0,0.0,90.51,0.41
2026-09-13 15:56:04,5.01,0.5,0.5,0.0,4.01,20.69,6094.4,0.0,0.09,0.13,0.17,0.0,0.02,101.58,0.45
2026-09-13 15:56:05,5.26,0.25,0.5,0.0,4.51,20.69,6094.3,0.0,0.09,0.13,0.17,0.0,0.0,103.96,0.46
2026-09-13 15:56:06,5.01,0.25,0.75,0.0,4.01,20.69,6094.2,0.0,0.09,0.13,0.17,0.0,0.0,94.45,0.42
2026-09-13 15:56:07,4.26,0.25,0.5,0.0,3.51,20.7,6093.4,0.0,0.09,0.13,0.17,0.0,0.0,81.41,0.36
2026-09-13 15:56:08,5.56,1.26,0.76,0.51,3.54,20.73,6091.5,0.0,0.09,0.13,0.17,0.0,0.01,100.81,0.46
2026-09-13 15:56:09,5.0,0.25,0.75,0.0,4.0,20.73,6091.5,0.0,0.09,0.13,0.17,0.0,0.0,95.55,0.43
2026-09-13 15:56:10,5.29,0.76,0.5,0.25,4.03,20.73,6091.0,0.0,0.09,0.13,0.17,0.0,0.0,102.46,0.45
2026-09-13 15:56:11,5.03,0.25,0.5,0.0,4.27,20.74,6090.8,0.0,0.09,0.13,0.17,0.0,0.0,104.92,0.47
2026-09-13 15:56:12,15.04,8.52,1.75,0.75,4.76,20.83,6083.7,0.0,0.09,0.13,0.17,0.0,0.02,102.13,0.46
2026-09-13 15:56:13,4.28,0.25,0.5,0.5,3.53,20.84,6082.9,0.0,0.08,0.13,0.17,0.0,0.04,90.92,0.41
2026-09-13 15:56:14,5.25,0.25,0.75,0.0,4.25,20.84,6083.1,0.0,0.08,0.13,0.17,0.0,0.0,99.16,0.44
2026-09-13 15:56:15,5.26,0.5,0.5,0.0,4.26,20.84,6083.0,0.0,0.08,0.13,0.17,0.0,0.0,97.79,0.44
2026-09-13 15:56:16,5.49,0.25,0.5,0.0,4.74,20.82,6084.1,0.0,0.08,0.13,0.17,0.0,0.0,99.2,0.44
2026-09-13 15:56:17,5.01,0.5,0.5,0.0,4.01,20.81,6084.8,0.0,0.08,0.13,0.17,0.0,0.0,95.89,0.43
2026-09-13 15:56:18,4.77,0.25,0.75,0.0,3.77,20.79,6086.9,0.0,0.07,0.13,0.17,0.0,0.0,97.35,0.44
2026-09-13 15:56:19,1.26,0.51,0.51,0.25,0.25,20.79,6087.0,0.0,0.07,0.13,0.17,0.0,0.02,7.0,0.05
2026-09-13 15:56:20,1.51,0.5,0.75,0.25,0.25,20.78,6087.3,0.0,0.07,0.13,0.17,0.0,0.0,1.76,0.02
2026-09-13 15:56:21,1.26,0.5,0.75,0.0,0.0,20.78,6087.6,0.0,0.07,0.13,0.17,0.0,0.0,2.08,0.02
2026-09-13 15:56:22,1.01,0.25,0.75,0.0,0.0,20.78,6087.8,0.0,0.07,0.13,0.17,0.0,0.0,0.32,0.01
2026-09-13 15:56:23,1.26,0.5,0.5,0.0,0.25,20.78,6087.8,0.0,0.07,0.12,0.17,0.0,0.0,1.76,0.02
2026-09-13 15:56:24,1.26,0.5,0.75,0.0,0.0,20.77,6088.0,0.0,0.07,0.12,0.17,0.0,0.0,2.07,0.02
2026-09-13 15:56:25,1.01,0.25,0.75,0.0,0.0,20.78,6087.8,0.0,0.07,0.12,0.17,0.0,0.01,0.32,0.01
2026-09-13 15:56:26,1.5,0.5,0.75,0.0,0.25,20.78,6087.8,0.0,0.07,0.12,0.17,0.0,0.0,1.76,0.01
2026-09-13 15:56:27,11.62,9.85,1.77,2.27,0.0,20.85,6081.9,0.0,0.07,0.12,0.17,0.0,1.16,2.08,0.02
2026-09-13 15:56:28,0.76,0.25,0.51,0.25,0.0,20.85,6082.0,0.0,0.06,0.12,0.16,0.0,0.01,0.32,0.01
2026-09-13 15:56:29,1.26,0.5,0.75,0.0,0.0,20.85,6081.9,0.0,0.06,0.12,0.16,0.0,0.02,1.76,0.02
2026-09-13 15:56:30,1.51,0.75,0.5,0.25,0.25,20.84,6083.2,0.0,0.06,0.12,0.16,0.0,0.0,2.07,0.01
2026-09-13 15:56:31,1.5,0.5,1.0,0.0,0.0,20.83,6083.9,0.0,0.06,0.12,0.16,0.0,0.01,0.32,0.01
2026-09-13 15:56:32,1.26,0.5,0.75,0.0,0.0,20.79,6086.7,0.0,0.06,0.12,0.16,0.0,0.0,1.76,0.02
2026-09-13 15:56:33,0.76,0.25,0.51,0.25,0.0,20.78,6087.3,0.0,0.06,0.12,0.16,0.0,0.03,2.08,0.03
2026-09-13 15:56:34,1.01,0.5,0.5,0.0,0.0,20.77,6088.2,0.0,0.06,0.12,0.16,0.0,0.0,0.32,0.01
2026-09-13 15:56:35,1.26,0.5,0.5,0.0,0.25,20.77,6088.6,0.0,0.06,0.12,0.16,0.0,0.0,1.76,0.01
2026-09-13 15:56:36,0.76,0.25,0.5,0.0,0.0,20.76,6089.3,0.0,0.06,0.12,0.16,0.0,0.0,2.07,0.01
2026-09-13 15:56:37,1.01,0.5,0.5,0.0,0.0,20.75,6090.0,0.0,0.06,0.12,0.16,0.0,0.0,0.32,0.01
2026-09-13 15:56:38,1.5,0.5,0.75,0.0,0.25,20.74,6090.7,0.0,0.05,0.12,0.16,0.0,0.0,1.76,0.02
2026-09-13 15:56:39,1.01,0.25,0.76,0.0,0.0,20.73,6091.2,0.0,0.05,0.12,0.16,0.0,0.0,2.07,0.02
2026-09-13 15:56:40,1.75,1.0,0.75,0.25,0.0,20.73,6091.0,0.0,0.05,0.12,0.16,0.0,0.0,0.32,0.01
2026-09-13 15:56:41,1.01,0.5,0.5,0.0,0.0,20.73,6091.0,0.0,0.05,0.12,0.16,0.0,0.0,1.76,0.01
2026-09-13 15:56:42,8.27,6.77,1.5,0.25,0.0,20.9,6078.4,0.0,0.13,0.13,0.17,0.0,0.01,2.08,0.02
2026-09-13 15:56:43,3.78,2.52,1.01,0.0,0.25,20.74,6090.4,0.0,0.13,0.13,0.17,0.0,0.01,0.32,0.01
2026-09-13 15:56:44,1.01,0.5,0.5,0.0,0.0,20.75,6090.2,0.0,0.13,0.13,0.17,0.0,0.02,1.76,0.02
2026-09-13 15:56:45,1.01,0.25,0.76,0.0,0.0,20.75,6090.2,0.0,0.13,0.13,0.17,0.0,0.0,2.08,0.02
2026-09-13 15:56:46,2.26,1.25,0.75,0.25,0.25,20.76,6088.9,0.0,0.13,0.13,0.17,0.0,0.0,0.31,0.01
2026-09-13 15:56:47,1.5,0.75,0.75,0.0,0.0,20.67,6095.7,0.0,0.12,0.13,0.17,0.0,0.0,1.76,0.02
2026-09-13 15:56:48,1.01,0.25,0.51,0.0,0.25,20.68,6095.0,0.0,0.12,0.13,0.17,0.0,0.01,2.08,0.02
2026-09-13 15:56:49,3.02,0.75,2.01,0.25,0.25,20.73,6091.2,0.0,0.12,0.13,0.17,0.0,0.02,0.37,0.04
2026-09-13 15:56:50,5.78,1.01,1.51,0.25,3.27,20.66,6097.1,0.0,0.12,0.13,0.17,0.0,0.0,73.96,0.35
2026-09-13 15:56:51,4.55,0.51,0.25,0.0,3.79,20.67,6095.7,0.0,0.12,0.13,0.17,0.0,0.0,98.92,0.45
2026-09-13 15:56:52,4.77,0.25,0.5,0.0,4.02,20.67,6095.6,0.0,0.11,0.13,0.17,0.0,0.0,100.04,0.45
2026-09-13 15:56:53,4.79,0.25,0.5,0.0,4.03,20.68,6095.4,0.0,0.11,0.13,0.17,0.0,0.0,101.58,0.46
2026-09-13 15:56:54,4.56,0.25,0.51,0.25,3.8,20.69,6094.8,0.0,0.11,0.13,0.17,0.0,0.01,112.86,0.51
2026-09-13 15:56:55,5.99,0.25,0.5,0.0,5.24,20.69,6094.7,0.0,0.11,0.13,0.17,0.0,0.0,105.54,0.49
2026-09-13 15:56:56,4.77,0.25,0.5,0.0,4.02,20.69,6094.3,0.0,0.11,0.13,0.17,0.0,0.0,107.14,0.48
2026-09-13 15:56:57,7.75,2.25,0.75,0.0,4.75,20.76,6089.3,0.0,0.18,0.14,0.17,0.0,0.0,99.62,0.45
2026-09-13 15:56:58,13.47,6.73,1.75,0.75,4.99,20.75,6090.0,0.0,0.18,0.14,0.17,0.0,0.03,108.56,0.49
2026-09-13 15:56:59,5.51,0.5,0.5,1.25,4.51,20.72,6092.4,0.0,0.18,0.14,0.17,0.0,1.14,106.29,0.48
2026-09-13 15:57:00,6.02,0.75,0.5,0.25,4.76,20.74,6090.5,0.0,0.18,0.14,0.17,0.0,0.0,115.09,0.51
2026-09-13 15:57:01,4.8,0.25,0.51,0.0,4.04,20.74,6090.7,0.0,0.18,0.14,0.17,0.0,0.01,111.18,0.5
2026-09-13 15:57:02,5.99,0.25,0.5,0.0,5.24,20.73,6091.0,0.0,0.16,0.14,0.17,0.0,0.0,112.4,0.5
2026-09-13 15:57:03,5.99,0.5,0.5,0.0,4.99,20.71,6092.8,0.0,0.16,0.14,0.17,0.0,0.0,109.16,0.5
2026-09-13 15:57:04,5.28,0.25,0.5,0.25,4.52,20.71,6093.2,0.0,0.16,0.14,0.17,0.0,0.02,109.2,0.49
2026-09-13 15:57:05,6.97,1.24,0.75,0.25,4.98,20.67,6096.0,0.0,0.16,0.14,0.17,0.0,0.0,105.6,0.47
2026-09-13 15:57:06,5.01,0.25,0.5,0.0,4.26,20.66,6097.0,0.0,0.16,0.14,0.17,0.0,0.0,107.05,0.48
2026-09-13 15:57:07,5.03,0.25,0.5,0.0,4.27,20.66,6097.0,0.0,0.15,0.14,0.17,0.0,0.0,105.75,0.47
2026-09-13 15:57:08,5.5,0.25,0.5,0.0,4.75,20.66,6096.7,0.0,0.15,0.14,0.17,0.0,0.0,103.98,0.47
2026-09-13 15:57:09,5.94,0.5,0.5,0.25,4.95,20.66,6096.3,0.0,0.15,0.14,0.17,0.0,0.01,102.11,0.46
2026-09-13 15:57:10,5.53,0.75,0.25,0.25,4.52,20.67,6095.8,0.0,0.15,0.14,0.17,0.0,0.0,105.55,0.47
2026-09-13 15:57:11,5.49,0.5,0.5,0.0,4.49,20.67,6095.8,0.0,0.15,0.14,0.17,0.0,0.0,100.99,0.45
2026-09-13 15:57:12,4.79,0.25,0.5,0.0,4.03,20.67,6095.8,0.0,0.14,0.13,0.17,0.0,0.0,111.96,0.5
2026-09-13 15:57:13,15.75,8.75,1.75,0.75,5.25,20.67,6096.2,0.0,0.14,0.13,0.17,0.0,0.03,109.08,0.49
2026-09-13 15:57:14,4.79,0.25,0.76,0.0,3.78,20.67,6096.2,0.0,0.14,0.13,0.17,0.0,0.0,104.9,0.47
2026-09-13 15:57:15,1.77,0.25,0.51,0.25,1.01,20.64,6098.6,0.0,0.14,0.13,0.17,0.0,0.02,30.96,0.15
2026-09-13 15:57:16,1.25,0.25,1.0,0.0,0.0,20.64,6098.6,0.0,0.14,0.13,0.17,0.0,0.0,0.32,0.01
2026-09-13 15:57:17,1.01,0.5,0.5,0.0,0.0,20.64,6098.2,0.0,0.13,0.13,0.17,0.0,0.0,1.76,0.02
2026-09-13 15:57:18,0.76,0.25,0.51,0.0,0.0,20.59,6101.8,0.0,0.13,0.13,0.17,0.0,0.0,2.08,0.02
2026-09-13 15:57:19,1.75,0.5,1.0,0.0,0.25,20.6,6101.7,0.0,0.13,0.13,0.17,0.0,0.01,0.0,0.01
2026-09-13 15:57:20,1.51,1.01,0.5,0.25,0.0,20.64,6098.3,0.0,0.13,0.13,0.17,0.0,0.0,2.08,0.02
2026-09-13 15:57:21,1.01,0.25,0.76,0.0,0.0,20.64,6098.3,0.0,0.13,0.13,0.17,0.0,0.0,2.07,0.02
2026-09-13 15:57:22,0.76,0.5,0.25,0.0,0.0,20.64,6098.3,0.0,0.12,0.13,0.17,0.0,0.0,0.0,0.0
2026-09-13 15:57:23,1.01,0.25,0.76,0.0,0.0,20.64,6098.3,0.0,0.12,0.13,0.17,0.0,0.0,2.07,0.02
2026-09-13 15:57:24,2.51,1.5,0.75,0.25,0.25,20.64,6098.0,0.0,0.12,0.13,0.17,0.0,0.0,2.07,0.02
2026-09-13 15:57:25,1.25,0.5,0.75,0.0,0.0,20.65,6097.8,0.0,0.12,0.13,0.17,0.0,0.0,0.0,0.01
2026-09-13 15:57:26,0.76,0.25,0.5,0.0,0.0,20.65,6097.8,0.0,0.12,0.13,0.17,0.0,0.0,2.08,0.01
2026-09-13 15:57:27,1.01,0.51,0.51,0.0,0.0,20.65,6097.8,0.0,0.11,0.13,0.16,0.0,0.0,2.07,0.01
2026-09-13 15:57:28,10.55,8.79,1.76,0.25,0.0,20.64,6098.6,0.0,0.11,0.13,0.16,0.0,0.03,0.01,0.01
2026-09-13 15:57:29,1.26,0.5,0.5,0.0,0.25,20.64,6098.1,0.0,0.11,0.13,0.16,0.0,0.0,2.08,0.02
2026-09-13 15:57:30,1.75,1.0,0.75,0.25,0.0,20.67,6096.2,0.0,0.11,0.13,0.16,0.0,0.0,2.07,0.01
2026-09-13 15:57:31,1.01,0.5,0.5,0.0,0.0,20.67,6095.9,0.0,0.11,0.13,0.16,0.0,0.0,0.0,0.01
2026-09-13 15:57:32,4.5,0.25,0.75,1.25,3.5,20.65,6097.7,0.0,0.1,0.12,0.16,0.0,1.14,75.97,0.36
2026-09-13 15:57:33,6.03,0.25,0.5,0.0,5.28,20.64,6098.3,0.0,0.1,0.12,0.16,0.0,0.0,114.68,0.55
2026-09-13 15:57:34,6.02,0.25,0.5,2.26,5.26,20.65,6097.1,0.0,0.1,0.12,0.16,0.0,0.02,117.33,0.59
2026-09-13 15:57:35,5.56,0.25,0.25,0.0,5.05,20.66,6096.9,0.0,0.1,0.12,0.16,0.0,0.01,117.48,0.59
2026-09-13 15:57:36,6.25,0.25,0.5,0.0,5.5,20.66,6096.4,0.0,0.1,0.12,0.16,0.0,0.0,117.45,0.6
2026-09-13 15:57:37,6.03,0.25,0.25,0.0,5.53,20.63,6098.8,0.0,0.09,0.12,0.16,0.0,0.0,117.05,0.59
2026-09-13 15:57:38,5.03,0.0,0.5,0.0,4.52,20.64,6098.1,0.0,0.09,0.12,0.16,0.0,0.0,104.87,0.47
2026-09-13 15:57:39,5.26,0.5,0.25,0.0,4.51,20.65,6097.2,0.0,0.09,0.12,0.16,0.0,0.0,103.27,0.47
2026-09-13 15:57:40,6.02,0.75,0.75,0.5,4.51,20.67,6095.7,0.0,0.09,0.12,0.16,0.0,0.01,113.67,0.51
2026-09-13 15:57:41,5.03,0.25,0.5,0.0,4.27,20.68,6095.5,0.0,0.09,0.12,0.16,0.0,0.0,104.44,0.47
2026-09-13 15:57:42,4.8,0.25,0.51,0.0,4.04,20.65,6097.8,0.0,0.08,0.12,0.16,0.0,0.0,110.54,0.5
2026-09-13 15:57:43,17.0,9.5,2.0,0.75,5.5,20.74,6090.4,0.0,0.08,0.12,0.16,0.0,0.02,111.08,0.5
2026-09-13 15:57:44,5.29,0.25,0.5,0.0,4.53,20.75,6089.5,0.0,0.08,0.12,0.16,0.0,0.01,111.72,0.51
2026-09-13 15:57:45,5.03,0.25,0.25,0.0,4.52,20.76,6089.1,0.0,0.08,0.12,0.16,0.0,0.0,108.5,0.5
2026-09-13 15:57:46,5.28,0.5,0.5,0.25,4.27,20.77,6088.4,0.0,0.08,0.12,0.16,0.0,0.03,111.0,0.5
2026-09-13 15:57:47,5.74,0.0,0.5,0.0,5.24,20.77,6088.4,0.0,0.08,0.12,0.16,0.0,0.0,106.03,0.48
2026-09-13 15:57:48,5.28,0.25,0.75,0.0,4.27,20.73,6091.3,0.0,0.08,0.12,0.16,0.0,0.0,107.67,0.49
2026-09-13 15:57:49,4.55,0.25,0.51,0.0,3.79,20.73,6091.2,0.0,0.08,0.12,0.16,0.0,0.0,104.24,0.47
2026-09-13 15:57:50,6.47,0.75,0.75,0.25,4.98,20.74,6090.7,0.0,0.08,0.12,0.16,0.0,0.0,109.99,0.5
2026-09-13 15:57:51,5.28,0.5,0.25,0.0,4.52,20.74,6090.7,0.0,0.08,0.12,0.16,0.0,0.0,110.93,0.51
2026-09-13 15:57:52,5.51,0.0,0.5,0.0,5.01,20.74,6090.4,0.0,0.07,0.12,0.16,0.0,0.0,110.32,0.49
2026-09-13 15:57:53,5.26,0.25,0.75,0.0,4.26,20.74,6090.5,0.0,0.07,0.12,0.16,0.0,0.0,110.94,0.5
2026-09-13 15:57:54,5.75,0.5,0.5,0.25,4.75,20.75,6089.8,0.0,0.07,0.12,0.16,0.0,0.01,112.81,0.51
2026-09-13 15:57:55,5.97,0.25,0.5,0.0,5.22,20.75,6089.6,0.0,0.07,0.12,0.16,0.0,0.0,109.95,0.5
2026-09-13 15:57:56,4.79,0.25,0.25,0.0,4.28,20.75,6089.6,0.0,0.07,0.12,0.16,0.0,0.0,106.51,0.48
2026-09-13 15:57:57,2.02,0.25,0.76,0.0,1.01,20.74,6090.2,0.0,0.06,0.11,0.16,0.0,0.0,35.53,0.16
2026-09-13 15:57:58,11.06,9.05,1.76,0.75,0.25,20.67,6095.7,0.0,0.06,0.11,0.16,0.0,0.03,0.01,0.01
2026-09-13 15:57:59,1.26,0.75,0.5,0.0,0.0,20.68,6095.4,0.0,0.06,0.11,0.16,0.0,0.0,2.08,0.02
2026-09-13 15:58:00,1.51,1.01,0.5,0.5,0.0,20.7,6094.0,0.0,0.06,0.11,0.16,0.0,0.01,2.07,0.01
2026-09-13 15:58:01,1.26,0.25,1.01,0.0,0.0,20.7,6094.0,0.0,0.06,0.11,0.16,0.0,0.0,0.0,0.01
2026-09-13 15:58:02,1.76,0.75,0.75,1.51,0.25,20.69,6094.1,0.0,0.06,0.11,0.16,0.0,1.14,2.07,0.01
2026-09-13 15:58:03,1.76,1.01,0.76,0.0,0.0,20.66,6096.7,0.0,0.06,0.11,0.16,0.0,0.01,2.08,0.02
2026-09-13 15:58:04,1.01,0.5,0.5,0.0,0.0,20.66,6096.9,0.0,0.06,0.11,0.16,0.0,0.0,0.0,0.01
2026-09-13 15:58:05,1.26,0.5,0.75,0.0,0.0,20.66,6096.4,0.0,0.06,0.11,0.16,0.0,0.0,2.08,0.01
2026-09-13 15:58:06,0.76,0.25,0.51,0.0,0.0,20.66,6096.4,0.0,0.06,0.11,0.16,0.0,0.01,2.08,0.01
2026-09-13 15:58:07,1.25,0.5,0.75,0.0,0.0,20.66,6096.4,0.0,0.05,0.11,0.16,0.0,0.0,0.0,0.01
2026-09-13 15:58:08,1.01,0.5,0.5,0.0,0.0,20.66,6096.4,0.0,0.05,0.11,0.16,0.0,0.0,2.08,0.02
2026-09-13 15:58:09,1.01,0.25,0.75,0.0,0.0,20.66,6096.4,0.0,0.05,0.11,0.16,0.0,0.0,2.07,0.02
2026-09-13 15:58:10,1.26,0.76,0.5,0.25,0.0,20.67,6096.0,0.0,0.05,0.11,0.16,0.0,0.02,0.0,0.0
2026-09-13 15:58:11,1.26,0.25,0.75,0.0,0.25,20.67,6096.0,0.0,0.05,0.11,0.16,0.0,0.0,2.08,0.01
2026-09-13 15:58:12,1.25,0.5,0.75,0.0,0.0,20.67,6096.0,0.0,0.05,0.11,0.16,0.0,0.0,2.07,0.02
2026-09-13 15:58:13,9.27,8.02,1.25,0.5,0.0,20.95,6074.3,0.0,0.05,0.11,0.16,0.0,0.02,0.0,0.01
2026-09-13 15:58:14,2.77,1.51,1.01,0.76,0.25,20.7,6093.7,0.0,0.05,0.11,0.16,0.0,0.02,2.08,0.02
2026-09-13 15:58:15,3.54,0.25,1.01,0.25,2.27,20.65,6097.1,0.0,0.05,0.11,0.16,0.0,0.02,63.92,0.3
2026-09-13 15:58:16,5.75,0.25,0.75,0.0,4.75,20.67,6096.3,0.0,0.05,0.11,0.16,0.0,0.0,108.44,0.51
2026-09-13 15:58:17,6.72,0.5,0.5,2.24,5.72,20.7,6093.9,0.0,0.05,0.11,0.16,0.0,0.29,115.92,0.58
2026-09-13 15:58:19,7.23,0.25,0.75,0.0,6.23,20.65,6097.6,0.0,0.05,0.11,0.16,0.0,0.0,117.53,0.62
2026-09-13 15:58:20,6.52,0.5,0.5,0.0,5.51,20.68,6095.5,0.0,0.05,0.11,0.16,0.0,0.0,117.48,0.63
2026-09-13 15:58:21,6.53,0.75,0.5,0.25,5.28,20.65,6097.5,0.0,0.05,0.11,0.16,0.0,0.0,117.5,0.6
2026-09-13 15:58:22,6.0,0.25,0.75,0.0,5.0,20.63,6099.4,0.0,0.05,0.11,0.16,0.0,0.0,113.81,0.57
2026-09-13 15:58:23,5.32,1.27,0.76,0.25,3.29,20.65,6097.2,0.0,0.04,0.1,0.15,0.0,0.0,102.26,0.45
2026-09-13 15:58:24,4.31,0.0,0.51,0.0,3.81,20.65,6097.2,0.0,0.04,0.1,0.15,0.0,0.0,106.97,0.48
2026-09-13 15:58:25,4.55,0.25,0.51,0.0,3.79,20.66,6096.7,0.0,0.04,0.1,0.15,0.0,0.0,108.62,0.49
2026-09-13 15:58:26,4.55,0.25,0.51,0.0,3.79,20.66,6096.5,0.0,0.04,0.1,0.15,0.0,0.0,105.05,0.47
2026-09-13 15:58:27,4.29,0.25,0.51,0.0,3.54,20.66,6096.5,0.0,0.04,0.1,0.15,0.0,0.0,103.8,0.46
2026-09-13 15:58:28,5.26,0.25,0.25,0.0,4.76,20.67,6096.2,0.0,0.04,0.1,0.15,0.0,0.0,106.7,0.48
2026-09-13 15:58:29,9.07,4.03,1.26,0.0,3.78,20.79,6086.7,0.0,0.04,0.1,0.15,0.0,0.0,103.84,0.47
2026-09-13 15:58:30,11.0,5.25,1.0,0.75,4.75,20.69,6094.2,0.0,0.04,0.1,0.15,0.0,0.06,104.49,0.47
2026-09-13 15:58:31,5.78,0.5,0.75,0.0,4.52,20.7,6093.5,0.0,0.04,0.1,0.15,0.0,0.0,103.38,0.46
2026-09-13 15:58:32,4.05,0.25,0.25,0.0,3.54,20.71,6093.2,0.0,0.04,0.1,0.15,0.0,0.0,103.25,0.47
2026-09-13 15:58:33,4.79,0.25,0.76,0.0,3.78,20.71,6092.8,0.0,0.03,0.1,0.15,0.0,0.0,106.06,0.48
2026-09-13 15:58:34,4.55,0.25,0.51,0.0,3.79,20.71,6092.5,0.0,0.03,0.1,0.15,0.0,0.0,105.17,0.48
2026-09-13 15:58:35,5.49,0.25,0.5,1.25,4.74,20.67,6095.8,0.0,0.03,0.1,0.15,0.0,1.14,106.73,0.48
2026-09-13 15:58:36,5.28,0.25,0.5,2.01,4.52,20.67,6095.7,0.0,0.03,0.1,0.15,0.0,0.03,107.02,0.48
2026-09-13 15:58:37,5.5,0.25,0.5,0.0,4.75,20.67,6096.2,0.0,0.03,0.1,0.15,0.0,0.0,109.01,0.49
2026-09-13 15:58:38,5.03,0.0,0.5,0.0,4.52,20.67,6095.7,0.0,0.03,0.1,0.15,0.0,0.01,106.83,0.48
2026-09-13 15:58:39,5.74,0.5,0.5,0.0,4.74,20.67,6095.9,0.0,0.03,0.1,0.15,0.0,0.0,108.22,0.49
2026-09-13 15:58:40,5.26,0.25,0.5,0.0,4.51,20.67,6095.7,0.0,0.03,0.1,0.15,0.0,0.0,110.63,0.49
2026-09-13 15:58:41,3.02,0.76,0.76,0.25,1.51,20.68,6095.2,0.0,0.03,0.1,0.15,0.0,0.0,41.5,0.19
2026-09-13 15:58:42,2.01,1.26,0.75,1.76,0.0,20.68,6095.3,0.0,0.03,0.1,0.15,0.0,0.01,2.08,0.01
2026-09-13 15:58:43,1.26,0.5,0.75,0.0,0.0,20.68,6095.0,0.0,0.03,0.1,0.15,0.0,0.0,0.31,0.01
2026-09-13 15:58:44,1.51,0.75,0.75,0.0,0.0,20.71,6092.8,0.0,0.03,0.1,0.15,0.0,0.0,1.76,0.02
2026-09-13 15:58:45,10.3,8.54,1.51,0.75,0.25,20.73,6091.5,0.0,0.03,0.1,0.15,0.0,0.03,2.08,0.02
2026-09-13 15:58:46,1.01,0.25,0.76,0.0,0.0,20.73,6091.5,0.0,0.03,0.1,0.15,0.0,0.0,0.31,0.01
2026-09-13 15:58:47,1.75,0.5,1.25,0.0,0.0,20.73,6091.5,0.0,0.03,0.1,0.15,0.0,0.06,1.76,0.02
2026-09-13 15:58:48,0.76,0.25,0.51,0.0,0.0,20.73,6091.5,0.0,0.03,0.09,0.15,0.0,0.0,2.08,0.02
2026-09-13 15:58:49,1.25,0.5,0.75,0.0,0.0,20.73,6091.0,0.0,0.03,0.09,0.15,0.0,0.0,0.32,0.01
2026-09-13 15:58:50,1.51,0.5,1.01,0.0,0.0,20.65,6097.8,0.0,0.03,0.09,0.15,0.0,0.0,1.76,0.02
2026-09-13 15:58:51,1.76,0.75,0.75,0.5,0.25,20.67,6095.6,0.0,0.03,0.09,0.15,0.0,0.01,2.08,0.02
2026-09-13 15:58:52,0.76,0.25,0.5,0.0,0.0,20.67,6095.6,0.0,0.03,0.09,0.15,0.0,0.0,0.31,0.01
2026-09-13 15:58:53,0.76,0.25,0.5,0.0,0.0,20.68,6095.4,0.0,0.02,0.09,0.15,0.0,0.0,1.76,0.01
2026-09-13 15:58:54,1.5,0.75,0.5,0.0,0.25,20.68,6095.4,0.0,0.02,0.09,0.15,0.0,0.0,2.08,0.02
2026-09-13 15:58:55,0.76,0.25,0.5,0.0,0.0,20.68,6095.4,0.0,0.02,0.09,0.15,0.0,0.0,0.31,0.01
2026-09-13 15:58:56,1.26,0.5,0.76,0.0,0.0,20.68,6095.4,0.0,0.02,0.09,0.15,0.0,0.01,1.76,0.02
2026-09-13 15:58:57,1.26,0.25,0.75,0.0,0.25,20.68,6095.1,0.0,0.02,0.09,0.15,0.0,0.0,2.07,0.01
2026-09-13 15:58:58,1.01,0.5,0.5,0.0,0.0,20.68,6095.4,0.0,0.02,0.09,0.15,0.0,0.0,0.31,0.01
2026-09-13 15:58:59,1.5,0.5,1.0,0.0,0.0,20.67,6095.6,0.0,0.02,0.09,0.15,0.0,0.0,1.76,0.02
2026-09-13 15:59:00,10.38,8.61,1.77,0.76,0.0,20.73,6091.3,0.0,0.02,0.09,0.15,0.0,0.03,2.08,0.02
2026-09-13 15:59:01,2.76,1.75,0.75,0.25,0.25,20.73,6091.4,0.0,0.02,0.09,0.15,0.0,0.0,0.31,0.0
2026-09-13 15:59:02,10.58,8.82,1.76,1.01,0.0,20.67,6096.2,0.0,0.02,0.09,0.15,0.0,0.04,1.84,0.02
2026-09-13 15:59:03,1.01,0.5,0.5,0.0,0.0,20.67,6095.7,0.0,0.02,0.09,0.15,0.0,0.0,2.08,0.01
2026-09-13 15:59:04,1.01,0.5,0.5,0.0,0.0,20.68,6095.3,0.0,0.02,0.09,0.15,0.0,0.0,0.32,0.02
2026-09-13 15:59:05,1.75,0.5,1.0,0.0,0.25,20.66,6096.7,0.0,0.02,0.09,0.15,0.0,0.0,1.76,0.01
2026-09-13 15:59:06,0.76,0.25,0.51,0.0,0.0,20.66,6096.8,0.0,0.02,0.09,0.15,0.0,0.0,2.08,0.01
2026-09-13 15:59:07,1.01,0.5,0.5,0.0,0.0,20.66,6096.8,0.0,0.02,0.09,0.15,0.0,0.0,0.31,0.01
2026-09-13 15:59:08,1.26,0.0,1.01,0.25,0.25,20.66,6096.5,0.0,0.02,0.09,0.15,0.0,0.01,1.76,0.01
2026-09-13 15:59:09,1.26,0.5,0.75,0.0,0.0,20.66,6096.6,0.0,0.02,0.09,0.15,0.0,0.01,2.07,0.02
2026-09-13 15:59:10,1.01,0.5,0.5,1.01,0.0,20.67,6096.1,0.0,0.02,0.09,0.15,0.0,1.14,0.31,0.01
2026-09-13 15:59:11,1.52,0.76,0.76,0.25,0.0,20.7,6093.9,0.0,0.02,0.09,0.15,0.0,0.0,1.76,0.01
2026-09-13 15:59:12,1.25,0.5,0.5,0.0,0.25,20.7,6093.9,0.0,0.02,0.09,0.15,0.0,0.0,2.08,0.01
2026-09-13 15:59:13,1.26,0.5,0.75,0.0,0.0,20.7,6094.0,0.0,0.02,0.08,0.14,0.0,0.0,0.31,0.01
2026-09-13 15:59:14,1.01,0.25,0.5,0.0,0.25,20.7,6094.0,0.0,0.02,0.08,0.14,0.0,0.0,1.76,0.01
2026-09-13 15:59:15,10.61,8.59,1.77,0.76,0.25,20.66,6096.4,0.0,0.02,0.08,0.14,0.0,0.03,2.08,0.02
2026-09-13 15:59:16,1.5,0.5,1.0,0.0,0.0,20.67,6095.7,0.0,0.02,0.08,0.14,0.0,0.0,0.31,0.01
2026-09-13 15:59:17,0.76,0.25,0.5,0.25,0.0,20.67,6095.7,0.0,0.02,0.08,0.14,0.0,0.01,1.76,0.01
2026-09-13 15:59:18,1.26,0.5,0.75,0.0,0.0,20.68,6095.2,0.0,0.02,0.08,0.14,0.0,0.0,2.07,0.02
2026-09-13 15:59:19,1.26,0.5,0.75,0.0,0.0,20.69,6094.8,0.0,0.02,0.08,0.14,0.0,0.0,0.32,0.01
2026-09-13 15:59:20,2.27,1.26,0.76,0.5,0.25,20.68,6095.3,0.0,0.02,0.08,0.14,0.0,0.01,1.76,0.02
2026-09-13 15:59:21,2.0,1.0,1.0,0.25,0.0,20.68,6095.0,0.0,0.02,0.08,0.14,0.0,0.0,2.08,0.02
2026-09-13 15:59:22,1.01,0.5,0.5,0.0,0.0,20.68,6095.0,0.0,0.02,0.08,0.14,0.0,0.01,0.31,0.01
2026-09-13 15:59:23,1.25,0.5,0.75,0.0,0.0,20.68,6095.0,0.0,0.01,0.08,0.14,0.0,0.0,1.76,0.01
2026-09-13 15:59:24,1.01,0.25,0.76,0.0,0.0,20.68,6095.0,0.0,0.01,0.08,0.14,0.0,0.0,2.08,0.02
2026-09-13 15:59:25,1.01,0.5,0.5,0.0,0.0,20.68,6095.0,0.0,0.01,0.08,0.14,0.0,0.0,0.31,0.01
2026-09-13 15:59:26,1.01,0.5,0.5,0.0,0.0,20.69,6094.7,0.0,0.01,0.08,0.14,0.0,0.0,1.76,0.01
2026-09-13 15:59:27,1.25,0.5,0.75,0.0,0.0,20.69,6094.7,0.0,0.01,0.08,0.14,0.0,0.0,2.07,0.01
2026-09-13 15:59:28,1.26,0.5,0.5,0.0,0.25,20.69,6094.7,0.0,0.01,0.08,0.14,0.0,0.0,0.32,0.01
2026-09-13 15:59:29,0.76,0.25,0.51,0.0,0.0,20.69,6094.7,0.0,0.01,0.08,0.14,0.0,0.0,1.76,0.01
2026-09-13 15:59:30,10.8,8.79,2.01,0.5,0.0,20.7,6093.4,0.0,0.01,0.08,0.14,0.0,0.02,2.08,0.02
2026-09-13 15:59:31,1.51,1.01,0.5,0.25,0.0,20.72,6091.9,0.0,0.01,0.08,0.14,0.0,0.0,0.31,0.01
2026-09-13 15:59:32,1.26,0.25,0.75,0.0,0.25,20.72,6092.3,0.0,0.01,0.08,0.14,0.0,0.0,1.76,0.02
2026-09-13 15:59:33,1.01,0.5,0.5,0.0,0.0,20.71,6092.7,0.0,0.01,0.08,0.14,0.0,0.0,2.07,0.02
2026-09-13 15:59:34,1.5,0.5,1.0,0.0,0.0,20.71,6093.0,0.0,0.01,0.08,0.14,0.0,0.0,0.32,0.02
2026-09-13 15:59:35,1.51,0.5,0.75,0.0,0.25,20.62,6099.4,0.0,0.01,0.08,0.14,0.0,0.0,1.76,0.02
2026-09-13 15:59:36,1.01,0.5,0.5,0.5,0.0,20.63,6099.2,0.0,0.01,0.08,0.14,0.0,0.01,2.08,0.01
2026-09-13 15:59:37,1.01,0.25,0.76,0.0,0.0,20.63,6099.1,0.0,0.01,0.08,0.14,0.0,0.02,0.31,0.01
2026-09-13 15:59:38,1.5,0.5,0.75,0.0,0.25,20.63,6099.0,0.0,0.01,0.08,0.14,0.0,0.0,1.76,0.02
2026-09-13 15:59:39,2.26,1.51,0.75,0.25,0.0,20.65,6097.6,0.0,0.01,0.08,0.14,0.0,0.0,2.07,0.02
2026-09-13 15:59:40,1.25,0.5,0.75,0.0,0.0,20.65,6097.7,0.0,0.01,0.08,0.14,0.0,0.38,0.32,0.01
2026-09-13 15:59:41,1.76,0.75,0.75,0.25,0.25,20.66,6096.7,0.0,0.01,0.08,0.14,0.0,0.0,1.76,0.02
2026-09-13 15:59:42,1.01,0.5,0.5,0.25,0.0,20.66,6096.7,0.0,0.01,0.08,0.14,0.0,0.01,2.08,0.01
2026-09-13 15:59:43,1.25,0.5,0.75,0.0,0.0,20.66,6096.7,0.0,0.01,0.08,0.14,0.0,0.0,0.32,0.01
2026-09-13 15:59:44,1.5,0.5,0.75,0.0,0.25,20.66,6096.7,0.0,0.01,0.08,0.14,0.0,0.0,1.76,0.03
2026-09-13 15:59:45,10.1,8.33,1.77,0.76,0.0,20.7,6093.3,0.0,0.01,0.08,0.14,0.0,0.02,2.08,0.02
2026-09-13 15:59:46,1.26,0.5,0.76,1.01,0.0,20.7,6093.6,0.0,0.01,0.08,0.14,0.0,1.14,0.31,0.02
2026-09-13 15:59:47,1.01,0.5,0.5,0.0,0.0,20.7,6093.3,0.0,0.01,0.08,0.14,0.0,0.0,1.76,0.02
2026-09-13 15:59:48,1.01,0.25,0.76,0.0,0.0,20.71,6093.0,0.0,0.01,0.07,0.14,0.0,0.0,2.08,0.02
2026-09-13 15:59:49,1.26,0.5,0.75,0.0,0.0,20.71,6092.8,0.0,0.01,0.07,0.14,0.0,0.0,0.32,0.01
2026-09-13 15:59:50,1.5,0.5,0.75,0.0,0.25,20.66,6096.7,0.0,0.01,0.07,0.14,0.0,0.0,1.76,0.02
2026-09-13 15:59:51,1.76,1.01,0.75,0.5,0.0,20.67,6095.7,0.0,0.01,0.07,0.14,0.0,0.01,2.08,0.02
2026-09-13 15:59:52,1.01,0.25,0.76,0.0,0.0,20.67,6095.7,0.0,0.01,0.07,0.14,0.0,0.0,0.31,0.02
2026-09-13 15:59:53,1.25,0.5,0.5,0.0,0.25,20.67,6095.7,0.0,0.01,0.07,0.14,0.0,0.0,1.76,0.01
2026-09-13 15:59:54,1.26,0.25,1.01,0.0,0.0,20.67,6095.7,0.0,0.01,0.07,0.14,0.0,0.0,2.08,0.02
2026-09-13 15:59:55,1.26,0.5,0.75,0.0,0.0,20.67,6095.7,0.0,0.01,0.07,0.14,0.0,0.0,0.31,0.01
2026-09-13 15:59:56,1.5,0.5,0.75,0.0,0.25,20.68,6095.5,0.0,0.01,0.07,0.14,0.0,0.0,1.76,0.02
2026-09-13 15:59:57,10.35,8.59,1.77,0.51,0.0,20.65,6097.1,0.0,0.01,0.07,0.14,0.0,0.03,2.17,0.02
2026-09-13 15:59:58,2.75,1.5,1.25,0.5,0.0,20.69,6094.2,0.0,0.01,0.07,0.14,0.0,0.01,0.31,0.01
2026-09-13 15:59:59,1.26,0.5,0.5,0.0,0.25,20.69,6094.2,0.0,0.01,0.07,0.14,0.0,0.0,1.76,0.02
2026-09-13 16:00:00,10.28,8.27,2.01,0.25,0.0,21.0,6070.6,0.0,0.01,0.07,0.14,0.0,0.02,2.08,0.02
2026-09-13 16:00:01,2.53,1.52,1.01,0.51,0.0,20.97,6073.2,0.0,0.01,0.07,0.14,0.0,0.01,0.32,0.0
2026-09-13 16:00:02,1.25,0.5,0.75,0.5,0.0,20.87,6080.2,0.0,0.01,0.07,0.14,0.0,0.05,1.76,0.02
2026-09-13 16:00:03,0.76,0.25,0.51,0.0,0.0,20.85,6082.3,0.0,0.01,0.07,0.13,0.0,0.0,2.08,0.01
2026-09-13 16:00:04,1.5,0.25,1.0,0.0,0.25,20.82,6084.1,0.0,0.01,0.07,0.13,0.0,0.0,0.0,0.01
2026-09-13 16:00:05,1.26,0.5,0.75,0.0,0.0,20.8,6086.0,0.0,0.01,0.07,0.13,0.0,0.0,2.08,0.02
2026-09-13 16:00:06,1.26,0.5,0.5,0.0,0.25,20.78,6087.7,0.0,0.01,0.07,0.13,0.0,0.04,2.08,0.01
2026-09-13 16:00:07,1.01,0.5,0.5,0.0,0.0,20.74,6090.5,0.0,0.01,0.07,0.13,0.0,0.01,0.23,0.0
2026-09-13 16:00:08,1.26,0.5,0.5,0.0,0.25,20.73,6091.7,0.0,0.0,0.07,0.13,0.0,0.0,1.84,0.01
2026-09-13 16:00:09,1.25,0.5,0.75,0.0,0.0,20.7,6093.5,0.0,0.0,0.07,0.13,0.0,0.0,2.07,0.02
2026-09-13 16:00:10,0.76,0.25,0.5,0.0,0.0,20.69,6094.3,0.0,0.0,0.07,0.13,0.0,0.0,0.0,0.01
2026-09-13 16:00:11,1.01,0.51,0.51,0.0,0.0,20.69,6094.3,0.0,0.0,0.07,0.13,0.0,0.0,2.08,0.01
2026-09-13 16:00:12,1.75,0.75,0.75,0.0,0.25,20.69,6094.3,0.0,0.0,0.07,0.13,0.0,0.01,2.07,0.01
2026-09-13 16:00:13,1.25,0.5,0.75,0.5,0.0,20.69,6094.1,0.0,0.0,0.07,0.13,0.0,0.02,0.0,0.01
2026-09-13 16:00:14,1.26,0.5,0.75,0.0,0.0,20.69,6094.4,0.0,0.0,0.07,0.13,0.0,0.0,2.08,0.02
2026-09-13 16:00:15,6.55,5.04,1.51,0.0,0.0,20.77,6088.1,0.0,0.0,0.07,0.13,0.0,0.01,2.08,0.02
2026-09-13 16:00:16,5.03,4.02,1.01,0.75,0.0,20.7,6093.5,0.0,0.0,0.07,0.13,0.0,0.02,0.0,0.01
2026-09-13 16:00:17,2.26,1.26,0.75,0.25,0.25,20.75,6090.1,0.0,0.0,0.07,0.13,0.0,0.0,2.08,0.01
2026-09-13 16:00:18,1.26,0.5,0.75,0.25,0.0,20.75,6090.1,0.0,0.0,0.07,0.13,0.0,0.01,2.07,0.02
2026-09-13 16:00:19,1.01,0.25,0.76,0.0,0.0,20.72,6092.3,0.0,0.0,0.07,0.13,0.0,0.0,0.0,0.01
2026-09-13 16:00:20,1.26,0.5,0.75,0.0,0.0,20.71,6092.6,0.0,0.0,0.07,0.13,0.0,0.0,2.08,0.02
2026-09-13 16:00:21,1.5,0.25,1.0,0.0,0.25,20.68,6095.1,0.0,0.0,0.07,0.13,0.0,0.0,2.08,0.02
2026-09-13 16:00:22,2.01,1.25,0.75,0.5,0.0,20.7,6093.4,0.0,0.0,0.07,0.13,0.0,0.01,0.0,0.01
2026-09-13 16:00:23,1.26,0.5,0.5,0.0,0.25,20.7,6093.4,0.0,0.0,0.06,0.13,0.0,0.0,2.07,0.01
2026-09-13 16:00:24,0.76,0.25,0.51,0.0,0.0,20.7,6093.4,0.0,0.0,0.06,0.13,0.0,0.0,2.08,0.02
2026-09-13 16:00:25,1.01,0.5,0.5,0.0,0.0,20.7,6093.4,0.0,0.0,0.06,0.13,0.0,0.0,0.0,0.01
2026-09-13 16:00:26,1.5,0.5,0.75,0.0,0.25,20.7,6093.4,0.0,0.0,0.06,0.13,0.0,0.0,2.08,0.02
2026-09-13 16:00:27,0.76,0.25,0.5,0.0,0.0,20.7,6093.4,0.0,0.0,0.06,0.13,0.0,0.0,2.07,0.01
2026-09-13 16:00:28,1.26,0.5,0.75,1.51,0.0,20.71,6092.7,0.0,0.08,0.08,0.14,0.0,1.14,0.0,0.01
2026-09-13 16:00:29,1.5,0.75,0.5,0.0,0.25,20.71,6093.1,0.0,0.08,0.08,0.14,0.0,0.0,2.07,0.01
2026-09-13 16:00:30,2.27,1.52,0.76,0.0,0.0,20.74,6090.6,0.0,0.08,0.08,0.14,0.0,0.0,2.08,0.02
2026-09-13 16:00:31,9.05,7.29,1.76,0.5,0.0,20.91,6077.3,0.0,0.08,0.08,0.14,0.0,0.02,0.0,0.0
2026-09-13 16:00:32,1.76,0.75,0.75,0.25,0.25,20.91,6077.3,0.0,0.08,0.08,0.14,0.0,0.0,2.08,0.02
2026-09-13 16:00:33,1.25,0.5,0.75,0.0,0.0,20.9,6078.1,0.0,0.08,0.08,0.13,0.0,0.0,2.08,0.02
2026-09-13 16:00:34,1.26,0.25,0.75,0.0,0.25,20.88,6079.5,0.0,0.08,0.08,0.13,0.0,0.0,0.0,0.02
2026-09-13 16:00:35,1.26,0.5,0.75,0.0,0.0,20.87,6080.9,0.0,0.08,0.08,0.13,0.0,0.0,2.08,0.02
2026-09-13 16:00:36,2.27,1.26,0.76,0.0,0.25,20.83,6083.8,0.0,0.08,0.08,0.13,0.0,0.0,2.07,0.01
2026-09-13 16:00:37,1.25,0.5,0.75,0.5,0.0,20.81,6085.1,0.0,0.08,0.08,0.13,0.0,0.02,0.0,0.01
2026-09-13 16:00:38,1.01,0.5,0.5,0.25,0.0,20.8,6086.3,0.0,0.07,0.08,0.13,0.0,0.01,2.08,0.02
2026-09-13 16:00:39,1.26,0.25,0.75,0.0,0.25,20.78,6087.3,0.0,0.07,0.08,0.13,0.0,0.01,2.08,0.02
2026-09-13 16:00:40,0.76,0.25,0.51,0.0,0.0,20.77,6088.1,0.0,0.07,0.08,0.13,0.0,0.0,0.0,0.0
2026-09-13 16:00:41,1.5,0.75,0.75,0.0,0.0,20.77,6088.6,0.0,0.07,0.08,0.13,0.0,0.0,2.08,0.01
2026-09-13 16:00:42,1.76,0.76,0.76,0.0,0.25,20.76,6089.1,0.0,0.07,0.08,0.13,0.0,0.0,2.08,0.01
2026-09-13 16:00:43,1.0,0.25,0.75,0.5,0.0,20.75,6089.4,0.0,0.06,0.08,0.13,0.0,0.01,0.0,0.01
2026-09-13 16:00:44,1.5,0.5,0.75,0.0,0.25,20.75,6089.7,0.0,0.06,0.08,0.13,0.0,0.02,2.07,0.02
2026-09-13 16:00:45,1.25,0.5,0.75,0.0,0.0,20.75,6089.7,0.0,0.06,0.08,0.13,0.0,0.0,2.08,0.02
2026-09-13 16:00:46,10.58,8.56,2.02,0.76,0.0,20.85,6082.4,0.0,0.06,0.08,0.13,0.0,0.03,0.01,0.01
2026-09-13 16:00:47,1.5,0.5,0.75,0.0,0.25,20.83,6083.9,0.0,0.06,0.08,0.13,0.0,0.0,2.08,0.02
2026-09-13 16:00:48,1.01,0.25,0.76,0.0,0.0,20.81,6085.4,0.0,0.14,0.09,0.14,0.0,0.0,2.07,0.02
2026-09-13 16:00:49,1.01,0.5,0.5,0.0,0.0,20.8,6086.1,0.0,0.14,0.09,0.14,0.0,0.0,0.0,0.01
2026-09-13 16:00:50,1.5,0.25,1.0,0.0,0.25,20.77,6088.4,0.0,0.14,0.09,0.14,0.0,0.0,2.08,0.03
2026-09-13 16:00:51,1.01,0.5,0.5,0.0,0.0,20.74,6090.4,0.0,0.14,0.09,0.14,0.0,0.0,2.07,0.02
2026-09-13 16:00:52,2.51,1.25,1.0,0.75,0.25,20.74,6090.3,0.0,0.14,0.09,0.14,0.0,0.01,0.0,0.02
2026-09-13 16:00:53,10.08,8.56,1.51,1.26,0.0,20.76,6089.4,0.0,0.13,0.09,0.14,0.0,0.03,2.18,0.02
2026-09-13 16:00:54,1.01,0.25,0.76,0.0,0.0,20.76,6089.4,0.0,0.13,0.09,0.14,0.0,0.0,2.08,0.02
2026-09-13 16:00:55,2.02,1.26,0.5,0.0,0.25,20.78,6087.4,0.0,0.13,0.09,0.14,0.0,0.0,0.0,0.01
2026-09-13 16:00:56,1.25,0.5,0.75,0.0,0.0,20.78,6087.7,0.0,0.13,0.09,0.14,0.0,0.0,2.07,0.02
2026-09-13 16:00:57,1.26,0.5,0.5,0.0,0.25,20.77,6088.0,0.0,0.13,0.09,0.14,0.0,0.0,2.07,0.01
2026-09-13 16:00:58,1.25,0.5,0.75,0.0,0.0,20.72,6092.3,0.0,0.12,0.09,0.14,0.0,0.0,0.0,0.01
2026-09-13 16:00:59,0.76,0.25,0.51,0.51,0.0,20.72,6092.3,0.0,0.12,0.09,0.14,0.0,0.02,2.07,0.02
2026-09-13 16:01:00,1.75,0.75,1.0,0.5,0.0,20.72,6092.3,0.0,0.12,0.09,0.14,0.0,0.0,2.07,0.02
2026-09-13 16:01:01,10.53,8.52,1.75,0.75,0.25,20.69,6094.3,0.0,0.12,0.09,0.14,0.0,0.03,0.01,0.01
2026-09-13 16:01:02,1.51,0.76,0.76,1.26,0.0,20.72,6092.4,0.0,0.12,0.09,0.14,0.0,1.14,2.07,0.02
2026-09-13 16:01:03,1.01,0.5,0.5,0.0,0.0,20.72,6092.4,0.0,0.11,0.09,0.13,0.0,0.0,2.07,0.02
2026-09-13 16:01:04,1.75,0.5,1.0,0.0,0.25,20.72,6091.9,0.0,0.11,0.09,0.13,0.0,0.0,0.0,0.02
2026-09-13 16:01:05,0.51,0.25,0.25,0.0,0.0,20.72,6091.9,0.0,0.11,0.09,0.13,0.0,0.0,2.08,0.02
2026-09-13 16:01:06,1.26,0.5,0.75,0.25,0.0,20.73,6091.2,0.0,0.11,0.09,0.13,0.0,0.01,2.08,0.01
2026-09-13 16:01:07,1.01,0.25,0.5,0.0,0.25,20.73,6091.2,0.0,0.11,0.09,0.13,0.0,0.0,0.0,0.01
2026-09-13 16:01:08,1.01,0.5,0.5,0.0,0.0,20.73,6091.2,0.0,0.1,0.08,0.13,0.0,0.02,2.08,0.02
2026-09-13 16:01:09,0.76,0.25,0.51,0.0,0.0,20.68,6094.9,0.0,0.1,0.08,0.13,0.0,0.0,2.07,0.02
2026-09-13 16:01:10,8.06,6.8,1.26,0.25,0.0,20.95,6074.7,0.0,0.1,0.08,0.13,0.0,0.01,0.02,0.01
2026-09-13 16:01:11,3.27,2.27,0.76,0.76,0.25,20.73,6091.6,0.0,0.1,0.08,0.13,0.0,0.02,2.1,0.01
2026-09-13 16:01:12,1.76,1.01,0.75,0.25,0.0,20.75,6090.1,0.0,0.1,0.08,0.13,0.0,0.0,2.08,0.01
2026-09-13 16:01:13,1.25,0.5,0.75,0.0,0.0,20.75,6090.2,0.0,0.09,0.08,0.13,0.0,0.0,0.0,0.01
2026-09-13 16:01:14,2.26,1.26,0.75,1.01,0.25,20.76,6089.1,0.0,0.09,0.08,0.13,0.0,0.03,2.08,0.02
2026-09-13 16:01:15,1.01,0.25,0.76,0.0,0.0,20.71,6092.6,0.0,0.09,0.08,0.13,0.0,0.38,2.08,0.02
2026-09-13 16:01:16,10.55,8.54,1.76,0.5,0.25,20.79,6086.6,0.0,0.09,0.08,0.13,0.0,0.02,0.01,0.01
2026-09-13 16:01:17,1.25,0.25,1.0,0.0,0.0,20.76,6088.7,0.0,0.09,0.08,0.13,0.0,0.0,2.07,0.01
2026-09-13 16:01:18,0.76,0.25,0.51,0.0,0.0,20.77,6088.4,0.0,0.08,0.08,0.13,0.0,0.0,2.07,0.02
2026-09-13 16:01:19,1.99,0.74,0.99,0.25,0.25,20.76,6089.4,0.0,0.08,0.08,0.13,0.0,0.01,0.0,0.01
2026-09-13 16:01:20,1.01,0.25,0.76,0.0,0.0,20.74,6090.4,0.0,0.08,0.08,0.13,0.0,0.0,2.08,0.02
2026-09-13 16:01:21,0.76,0.25,0.51,0.0,0.0,20.71,6092.9,0.0,0.08,0.08,0.13,0.0,0.0,2.08,0.02
2026-09-13 16:01:22,1.75,0.75,0.75,0.5,0.25,20.73,6091.2,0.0,0.08,0.08,0.13,0.0,0.01,0.0,0.01
2026-09-13 16:01:23,1.01,0.5,0.5,0.0,0.0,20.72,6092.1,0.0,0.08,0.08,0.13,0.0,0.02,2.08,0.01
2026-09-13 16:01:24,1.26,0.5,0.75,0.0,0.0,20.72,6092.1,0.0,0.08,0.08,0.13,0.0,0.38,2.08,0.02
2026-09-13 16:01:25,0.76,0.25,0.51,0.0,0.0,20.72,6092.1,0.0,0.08,0.08,0.13,0.0,0.0,0.0,0.01
2026-09-13 16:01:26,1.25,0.25,0.75,0.0,0.25,20.72,6092.4,0.0,0.08,0.08,0.13,0.0,0.0,2.08,0.02
2026-09-13 16:01:27,1.01,0.5,0.5,0.0,0.0,20.72,6092.2,0.0,0.08,0.08,0.13,0.0,0.0,2.07,0.01
2026-09-13 16:01:28,1.01,0.5,0.5,0.0,0.0,20.72,6092.1,0.0,0.07,0.08,0.13,0.0,0.0,0.0,0.01
2026-09-13 16:01:29,1.01,0.25,0.76,0.0,0.0,20.65,6097.7,0.0,0.07,0.08,0.13,0.0,0.0,2.08,0.02
2026-09-13 16:01:30,1.01,0.25,0.75,0.0,0.0,20.65,6097.3,0.0,0.07,0.08,0.13,0.0,0.0,2.07,0.02
2026-09-13 16:01:31,11.25,8.75,2.25,0.5,0.25,20.74,6090.6,0.0,0.07,0.08,0.13,0.0,0.03,0.01,0.01
2026-09-13 16:01:32,1.51,0.76,0.76,0.25,0.0,20.76,6088.9,0.0,0.07,0.08,0.13,0.0,0.0,2.08,0.02
2026-09-13 16:01:33,2.02,1.26,0.76,0.0,0.0,20.77,6088.4,0.0,0.06,0.08,0.13,0.0,0.0,2.07,0.02
2026-09-13 16:01:34,1.5,0.75,0.5,0.25,0.25,20.77,6088.0,0.0,0.06,0.08,0.13,0.0,0.02,0.0,0.02
2026-09-13 16:01:35,1.26,0.5,0.75,0.0,0.0,20.77,6088.6,0.0,0.06,0.08,0.13,0.0,0.0,2.08,0.02
2026-09-13 16:01:36,0.76,0.25,0.51,0.0,0.0,20.71,6092.8,0.0,0.06,0.08,0.13,0.0,0.38,1.77,0.01
2026-09-13 16:01:37,1.26,0.25,1.01,0.25,0.0,20.71,6092.8,0.0,0.06,0.08,0.13,0.0,0.01,0.31,0.01
2026-09-13 16:01:38,11.0,9.0,1.75,0.75,0.25,20.72,6092.1,0.0,0.14,0.09,0.13,0.0,0.02,2.91,0.03
2026-09-13 16:01:39,1.26,0.5,0.76,0.25,0.0,20.68,6094.9,0.0,0.14,0.09,0.13,0.0,0.01,0.38,0.02
2026-09-13 16:01:40,1.26,0.5,0.75,0.0,0.0,20.69,6094.7,0.0,0.14,0.09,0.13,0.0,0.0,1.76,0.01
2026-09-13 16:01:41,1.01,0.5,0.5,1.26,0.0,20.68,6095.1,0.0,0.14,0.09,0.13,0.0,1.15,2.08,0.02
2026-09-13 16:01:42,1.76,0.75,1.01,0.25,0.0,20.68,6094.8,0.0,0.14,0.09,0.13,0.0,0.0,0.31,0.01
2026-09-13 16:01:43,1.26,0.25,0.75,0.0,0.25,20.66,6096.5,0.0,0.13,0.09,0.13,0.0,0.0,1.76,0.02
2026-09-13 16:01:44,1.01,0.5,0.5,0.0,0.0,20.67,6095.8,0.0,0.13,0.09,0.13,0.0,0.0,2.08,0.02
2026-09-13 16:01:45,1.26,0.5,0.75,0.25,0.0,20.67,6095.6,0.0,0.13,0.09,0.13,0.0,0.01,0.31,0.01
2026-09-13 16:01:46,10.8,8.54,2.01,0.5,0.25,20.78,6087.6,0.0,0.13,0.09,0.13,0.0,0.02,1.77,0.02
2026-09-13 16:01:47,1.01,0.5,0.5,0.0,0.0,20.77,6088.1,0.0,0.13,0.09,0.13,0.0,0.0,2.08,0.02
2026-09-13 16:01:48,1.01,0.25,0.75,0.0,0.0,20.76,6089.3,0.0,0.12,0.09,0.13,0.0,0.0,0.31,0.01
2026-09-13 16:01:49,1.01,0.5,0.5,0.0,0.0,20.75,6089.9,0.0,0.12,0.09,0.13,0.0,0.01,1.76,0.02
2026-09-13 16:01:50,1.51,0.5,1.01,0.0,0.0,20.75,6089.9,0.0,0.12,0.09,0.13,0.0,0.0,2.08,0.02
2026-09-13 16:01:51,1.01,0.5,0.5,0.0,0.0,20.75,6089.9,0.0,0.12,0.09,0.13,0.0,0.0,0.31,0.02
2026-09-13 16:01:52,2.76,1.75,0.75,1.0,0.25,20.75,6089.6,0.0,0.12,0.09,0.13,0.0,0.01,1.76,0.02
2026-09-13 16:01:53,0.76,0.25,0.51,0.0,0.0,20.74,6090.4,0.0,0.11,0.09,0.13,0.0,0.0,2.08,0.02
2026-09-13 16:01:54,1.5,0.5,1.0,0.0,0.0,20.74,6090.4,0.0,0.11,0.09,0.13,0.0,0.01,0.31,0.01
2026-09-13 16:01:55,1.25,0.5,0.75,0.0,0.0,20.74,6090.4,0.0,0.11,0.09,0.13,0.0,0.0,1.76,0.02
2026-09-13 16:01:56,1.26,0.5,0.5,0.0,0.25,20.74,6090.4,0.0,0.11,0.09,0.13,0.0,0.0,2.07,0.02
2026-09-13 16:01:57,1.5,0.5,0.75,0.0,0.25,20.74,6090.4,0.0,0.11,0.09,0.13,0.0,0.0,0.31,0.01
2026-09-13 16:01:58,0.76,0.25,0.5,0.0,0.0,20.74,6090.4,0.0,0.1,0.09,0.13,0.0,0.0,1.76,0.02
2026-09-13 16:01:59,1.75,0.75,0.75,0.0,0.25,20.74,6090.4,0.0,0.1,0.09,0.13,0.0,0.0,2.08,0.02
2026-09-13 16:02:00,1.01,0.5,0.5,0.5,0.0,20.74,6090.4,0.0,0.1,0.09,0.13,0.0,0.01,0.31,0.0
2026-09-13 16:02:01,6.57,5.3,1.26,0.25,0.0,20.79,6087.1,0.0,0.1,0.09,0.13,0.0,0.02,1.77,0.02
2026-09-13 16:02:02,5.53,4.02,1.26,0.5,0.25,20.85,6082.3,0.0,0.1,0.09,0.13,0.0,0.01,2.08,0.01
2026-09-13 16:02:03,1.01,0.5,0.5,0.0,0.0,20.85,6082.2,0.0,0.09,0.08,0.13,0.0,0.0,0.31,0.01
2026-09-13 16:02:04,1.5,0.5,0.75,0.0,0.25,20.85,6081.8,0.0,0.09,0.08,0.13,0.0,0.0,1.76,0.01
2026-09-13 16:02:05,1.01,0.25,0.76,0.0,0.0,20.85,6081.8,0.0,0.09,0.08,0.13,0.0,0.0,2.08,0.02
2026-09-13 16:02:06,1.5,0.5,1.0,0.0,0.0,20.8,6085.6,0.0,0.09,0.08,0.13,0.0,0.0,0.31,0.01
2026-09-13 16:02:07,0.76,0.25,0.51,0.0,0.0,20.81,6085.4,0.0,0.09,0.08,0.13,0.0,0.0,1.76,0.01
2026-09-13 16:02:08,1.01,0.25,0.75,0.5,0.0,20.8,6085.7,0.0,0.32,0.13,0.14,0.0,0.02,2.08,0.02
2026-09-13 16:02:09,1.5,0.5,1.0,0.0,0.0,20.8,6086.2,0.0,0.32,0.13,0.14,0.0,0.0,0.31,0.01
2026-09-13 16:02:10,1.5,0.5,0.75,0.0,0.25,20.8,6086.3,0.0,0.32,0.13,0.14,0.0,0.0,1.76,0.01
2026-09-13 16:02:11,2.27,1.51,0.76,1.51,0.0,20.81,6085.5,0.0,0.32,0.13,0.14,0.0,1.14,2.07,0.01
2026-09-13 16:02:12,1.51,0.75,0.75,0.25,0.0,20.79,6086.6,0.0,0.32,0.13,0.14,0.0,0.0,0.31,0.01
2026-09-13 16:02:13,1.5,0.5,0.75,0.0,0.25,20.78,6087.6,0.0,0.3,0.13,0.14,0.0,0.01,1.76,0.02
2026-09-13 16:02:14,1.01,0.25,0.75,0.0,0.0,20.77,6088.4,0.0,0.3,0.13,0.14,0.0,0.0,2.08,0.02
2026-09-13 16:02:15,1.5,0.75,0.75,0.25,0.0,20.76,6089.0,0.0,0.3,0.13,0.14,0.0,0.01,0.31,0.01
2026-09-13 16:02:16,2.53,1.26,1.01,0.0,0.25,20.8,6085.9,0.0,0.3,0.13,0.14,0.0,0.0,1.76,0.02
2026-09-13 16:02:17,9.05,7.79,1.26,1.01,0.0,21.02,6069.4,0.0,0.3,0.13,0.14,0.0,0.03,2.08,0.02
2026-09-13 16:02:18,1.01,0.25,0.76,0.0,0.0,20.99,6071.7,0.0,0.27,0.13,0.14,0.0,0.0,0.32,0.01
2026-09-13 16:02:19,1.26,0.5,0.76,0.0,0.0,20.95,6074.2,0.0,0.27,0.13,0.14,0.0,0.0,1.76,0.02
2026-09-13 16:02:20,1.01,0.25,0.5,0.25,0.25,20.72,6092.1,0.0,0.27,0.13,0.14,0.0,0.02,2.08,0.02
2026-09-13 16:02:21,1.26,0.5,0.75,0.0,0.0,20.71,6092.6,0.0,0.27,0.13,0.14,0.0,0.0,0.31,0.01
2026-09-13 16:02:22,2.01,1.0,0.75,0.25,0.25,20.72,6092.2,0.0,0.27,0.13,0.14,0.0,0.0,1.76,0.02
2026-09-13 16:02:23,0.76,0.25,0.5,0.0,0.0,20.72,6092.0,0.0,0.25,0.13,0.14,0.0,0.0,2.08,0.02
2026-09-13 16:02:24,1.5,0.5,0.75,0.0,0.25,20.72,6092.0,0.0,0.25,0.13,0.14,0.0,0.0,0.31,0.01
2026-09-13 16:02:25,1.01,0.25,0.76,0.0,0.0,20.72,6092.0,0.0,0.25,0.13,0.14,0.0,0.0,1.76,0.01
2026-09-13 16:02:26,1.26,0.5,0.75,0.0,0.0,20.73,6091.5,0.0,0.25,0.13,0.14,0.0,0.0,2.07,0.01
2026-09-13 16:02:27,1.25,0.5,0.75,0.0,0.0,20.73,6091.6,0.0,0.25,0.13,0.14,0.0,0.0,0.31,0.01
2026-09-13 16:02:28,1.25,0.5,0.75,0.0,0.0,20.73,6091.6,0.0,0.23,0.12,0.14,0.0,0.0,1.76,0.01
2026-09-13 16:02:29,1.5,0.5,0.75,0.0,0.25,20.73,6091.6,0.0,0.23,0.12,0.14,0.0,0.0,2.08,0.02
2026-09-13 16:02:30,1.76,1.01,0.76,0.25,0.0,20.73,6091.6,0.0,0.23,0.12,0.14,0.0,0.0,0.31,0.01
2026-09-13 16:02:31,1.26,0.5,0.76,0.0,0.0,20.67,6095.8,0.0,0.23,0.12,0.14,0.0,0.0,1.76,0.03
2026-09-13 16:02:32,11.11,9.34,1.77,3.54,0.0,20.71,6092.7,0.0,0.23,0.12,0.14,0.0,0.02,2.08,0.02
2026-09-13 16:02:33,1.01,0.5,0.5,0.0,0.0,20.72,6092.5,0.0,0.21,0.12,0.14,0.0,0.0,0.32,0.02
2026-09-13 16:02:34,1.25,0.5,0.5,0.0,0.25,20.72,6092.0,0.0,0.21,0.12,0.14,0.0,0.0,1.76,0.02
2026-09-13 16:02:35,1.01,0.25,0.76,0.25,0.0,20.71,6092.5,0.0,0.21,0.12,0.14,0.0,0.01,2.08,0.02
2026-09-13 16:02:36,10.33,8.56,1.51,0.5,0.25,20.89,6079.3,0.0,0.21,0.12,0.14,0.0,0.03,0.78,0.01
2026-09-13 16:02:37,1.26,0.5,0.75,0.25,0.0,20.85,6082.0,0.0,0.21,0.12,0.14,0.0,0.01,1.76,0.01
2026-09-13 16:02:38,1.26,0.5,0.5,0.0,0.25,20.75,6090.0,0.0,0.2,0.12,0.14,0.0,0.0,2.08,0.02
2026-09-13 16:02:39,1.01,0.25,0.76,0.0,0.0,20.75,6090.0,0.0,0.2,0.12,0.14,0.0,0.0,0.31,0.01
2026-09-13 16:02:40,1.01,0.5,0.5,0.0,0.0,20.75,6090.0,0.0,0.2,0.12,0.14,0.0,0.0,1.76,0.01
2026-09-13 16:02:41,1.01,0.25,0.76,0.0,0.0,20.75,6090.0,0.0,0.2,0.12,0.14,0.0,0.0,2.07,0.02
2026-09-13 16:02:42,1.75,1.0,0.75,0.25,0.0,20.75,6089.7,0.0,0.2,0.12,0.14,0.0,0.0,0.31,0.01
2026-09-13 16:02:43,1.01,0.25,0.76,1.26,0.0,20.75,6090.0,0.0,0.18,0.12,0.14,0.0,1.14,1.76,0.02
2026-09-13 16:02:44,1.25,0.5,0.5,0.0,0.25,20.72,6091.8,0.0,0.18,0.12,0.14,0.0,0.0,2.08,0.01
2026-09-13 16:02:45,1.01,0.25,0.76,0.0,0.0,20.71,6092.6,0.0,0.18,0.12,0.14,0.0,0.0,0.31,0.01
2026-09-13 16:02:46,1.25,0.5,0.75,0.0,0.0,20.71,6093.1,0.0,0.18,0.12,0.14,0.0,0.0,1.76,0.02
2026-09-13 16:02:47,10.58,8.82,1.76,0.5,0.0,20.76,6089.0,0.0,0.18,0.12,0.14,0.0,0.03,2.08,0.02
2026-09-13 16:02:48,1.5,0.5,0.75,0.0,0.25,20.76,6088.7,0.0,0.16,0.11,0.14,0.0,0.0,0.32,0.01
2026-09-13 16:02:49,2.02,1.26,0.76,0.25,0.0,20.77,6088.4,0.0,0.16,0.11,0.14,0.0,0.0,1.76,0.02
2026-09-13 16:02:50,1.5,0.5,0.75,0.0,0.25,20.77,6088.4,0.0,0.16,0.11,0.14,0.0,0.0,2.08,0.02
2026-09-13 16:02:51,1.26,0.75,0.5,0.0,0.0,20.77,6088.6,0.0,0.16,0.11,0.14,0.0,0.01,0.0,0.01
2026-09-13 16:02:52,1.51,0.76,0.76,0.5,0.0,20.74,6090.6,0.0,0.16,0.11,0.14,0.0,0.01,0.0,0.01
2026-09-13 16:02:53,1.25,0.5,0.75,0.0,0.0,20.74,6090.4,0.0,0.15,0.11,0.14,0.0,0.0,0.0,0.01
2026-09-13 16:02:54,1.26,0.25,1.01,0.0,0.0,20.74,6090.7,0.0,0.15,0.11,0.14,0.0,0.5,0.0,0.01
2026-09-13 16:02:55,1.25,0.5,0.75,0.0,0.0,20.74,6090.7,0.0,0.15,0.11,0.14,0.0,0.0,0.0,0.01
2026-09-13 16:02:56,1.01,0.5,0.5,0.25,0.0,20.74,6090.7,0.0,0.15,0.11,0.14,0.0,0.01,0.31,0.01
2026-09-13 16:02:57,1.01,0.25,0.76,0.0,0.0,20.74,6090.5,0.0,0.15,0.11,0.14,0.0,0.0,1.76,0.01
2026-09-13 16:02:58,1.25,0.25,0.75,0.0,0.25,20.74,6090.4,0.0,0.14,0.11,0.13,0.0,0.0,0.0,0.01
2026-09-13 16:02:59,10.55,8.79,1.76,0.75,0.0,20.75,6089.8,0.0,0.14,0.11,0.13,0.0,0.02,0.0,0.01
2026-09-13 16:03:00,1.25,0.5,0.75,0.0,0.0,20.75,6089.5,0.0,0.14,0.11,0.13,0.0,0.0,0.0,0.0
2026-09-13 16:03:01,1.01,0.5,0.5,0.25,0.0,20.75,6089.5,0.0,0.14,0.11,0.13,0.0,0.02,0.0,0.01
2026-09-13 16:03:02,11.06,8.79,2.26,1.26,0.0,20.68,6095.0,0.0,0.14,0.11,0.13,0.0,0.03,0.01,0.01
2026-09-13 16:03:03,1.5,0.25,1.0,0.0,0.25,20.68,6094.9,0.0,0.13,0.11,0.13,0.0,0.0,0.0,0.02
2026-09-13 16:03:04,1.26,0.5,0.75,0.0,0.0,20.67,6096.1,0.0,0.13,0.11,0.13,0.0,0.0,0.0,0.01
2026-09-13 16:03:05,0.76,0.25,0.5,0.0,0.0,20.67,6096.1,0.0,0.13,0.11,0.13,0.0,0.0,0.0,0.01
2026-09-13 16:03:06,0.76,0.25,0.5,0.0,0.0,20.67,6096.1,0.0,0.13,0.11,0.13,0.0,0.0,0.0,0.01
2026-09-13 16:03:07,6.05,4.79,1.26,0.0,0.0,20.78,6087.3,0.0,0.13,0.11,0.13,0.0,0.0,0.0,0.01
2026-09-13 16:03:08,6.27,5.01,1.25,2.26,0.0,20.85,6082.1,0.0,0.2,0.12,0.14,0.0,0.03,0.0,0.01
2026-09-13 16:03:09,0.76,0.0,0.76,0.0,0.0,20.84,6083.1,0.0,0.2,0.12,0.14,0.0,0.0,0.31,0.01
2026-09-13 16:03:10,1.25,0.5,0.5,0.0,0.25,20.83,6083.8,0.0,0.2,0.12,0.14,0.0,0.0,1.76,0.01
2026-09-13 16:03:11,1.26,0.5,0.75,0.0,0.0,20.82,6084.6,0.0,0.2,0.12,0.14,0.0,0.0,0.0,0.0
2026-09-13 16:03:12,1.76,0.75,1.01,0.0,0.0,20.73,6091.6,0.0,0.2,0.12,0.14,0.0,0.0,0.0,0.01
2026-09-13 16:03:13,0.75,0.25,0.5,0.5,0.0,20.73,6091.6,0.0,0.18,0.12,0.14,0.0,0.01,0.0,0.01
2026-09-13 16:03:14,9.8,8.04,1.51,2.01,0.25,20.96,6073.5,0.0,0.18,0.12,0.14,5.66,1.03,0.01,0.01
2026-09-13 16:03:15,2.01,1.01,1.01,0.0,0.0,20.73,6091.6,0.0,0.18,0.12,0.14,0.0,0.03,0.0,0.01
2026-09-13 16:03:16,1.01,0.25,0.75,0.5,0.0,20.73,6091.3,0.0,0.18,0.12,0.14,0.0,0.02,0.0,0.01
2026-09-13 16:03:17,10.8,8.79,2.01,1.26,0.0,20.74,6090.4,0.0,0.18,0.12,0.14,0.0,0.21,0.01,0.01
2026-09-13 16:03:18,1.26,0.5,0.5,1.01,0.25,20.67,6095.9,0.0,0.17,0.12,0.14,0.0,0.1,0.0,0.01
2026-09-13 16:03:19,1.01,0.25,0.76,0.0,0.0,20.65,6097.1,0.0,0.17,0.12,0.14,0.0,0.0,0.0,0.01
2026-09-13 16:03:20,1.01,0.25,0.76,0.0,0.0,20.66,6097.0,0.0,0.17,0.12,0.14,0.0,0.01,0.32,0.01
2026-09-13 16:03:21,1.01,0.5,0.5,0.0,0.0,20.66,6097.0,0.0,0.17,0.12,0.14,0.0,0.0,0.0,0.01
2026-09-13 16:03:22,1.76,1.01,0.75,0.25,0.0,20.69,6094.5,0.0,0.17,0.12,0.14,0.0,0.01,0.0,0.01
2026-09-13 16:03:23,14.82,13.07,1.51,1.26,0.25,21.0,6070.9,0.0,0.15,0.12,0.14,0.94,0.08,1.79,0.02
2026-09-13 16:03:24,1.26,0.5,0.76,0.25,0.0,20.95,6074.4,0.0,0.15,0.12,0.14,0.0,0.01,0.0,0.01
2026-09-13 16:03:25,0.51,0.25,0.25,0.51,0.0,20.95,6074.2,0.0,0.15,0.12,0.14,0.0,0.04,0.0,0.01
2026-09-13 16:03:26,1.01,0.5,0.5,0.0,0.0,20.95,6074.2,0.0,0.15,0.12,0.14,0.0,0.01,0.0,0.01
2026-09-13 16:03:27,2.01,1.26,0.75,0.25,0.0,20.94,6075.6,0.0,0.15,0.12,0.14,0.0,0.0,0.0,0.0
2026-09-13 16:03:28,1.5,0.5,0.75,0.0,0.25,20.86,6081.3,0.0,0.14,0.11,0.13,0.0,0.0,0.0,0.01
2026-09-13 16:03:29,1.01,0.25,0.76,0.0,0.0,20.84,6083.2,0.0,0.14,0.11,0.13,0.0,0.0,0.0,0.01
2026-09-13 16:03:30,0.76,0.25,0.5,0.0,0.0,20.81,6085.0,0.0,0.14,0.11,0.13,0.0,0.0,0.31,0.0
2026-09-13 16:03:31,1.25,0.5,0.75,0.0,0.0,20.79,6086.4,0.0,0.14,0.11,0.13,0.0,0.0,0.0,0.01
2026-09-13 16:03:32,11.28,9.02,2.01,1.25,0.25,21.11,6061.8,0.0,0.14,0.11,0.13,0.0,0.05,1.77,0.02
2026-09-13 16:03:33,11.36,9.09,2.27,1.77,0.0,20.78,6087.8,0.0,0.13,0.11,0.13,0.03,0.03,0.01,0.02
2026-09-13 16:03:34,1.26,0.25,1.01,0.0,0.0,20.78,6087.8,0.0,0.13,0.11,0.13,0.0,0.0,0.0,0.01
2026-09-13 16:03:35,1.5,0.5,1.0,0.0,0.0,20.77,6088.3,0.0,0.13,0.11,0.13,0.0,0.0,0.0,0.01
2026-09-13 16:03:36,1.01,0.5,0.5,0.0,0.0,20.77,6088.6,0.0,0.13,0.11,0.13,0.0,0.0,0.0,0.01
2026-09-13 16:03:37,1.01,0.5,0.5,0.0,0.0,20.76,6089.3,0.0,0.13,0.11,0.13,0.0,0.0,0.0,0.01
2026-09-13 16:03:38,1.51,0.5,0.75,0.25,0.25,20.68,6095.2,0.0,0.12,0.11,0.13,0.0,0.02,0.0,0.01
2026-09-13 16:03:39,1.01,0.25,0.75,0.0,0.0,20.68,6095.2,0.0,0.12,0.11,0.13,0.0,0.0,0.0,0.01
2026-09-13 16:03:40,1.01,0.5,0.5,0.0,0.0,20.68,6095.1,0.0,0.12,0.11,0.13,0.0,0.0,0.31,0.01
2026-09-13 16:03:41,11.06,8.54,2.51,1.01,0.0,20.73,6091.7,0.0,0.12,0.11,0.13,0.0,0.03,1.77,0.02
2026-09-13 16:03:42,1.26,0.76,0.5,0.25,0.0,20.74,6090.7,0.0,0.12,0.11,0.13,0.0,0.0,0.0,0.01
2026-09-13 16:03:43,1.5,0.5,0.75,0.0,0.25,20.73,6091.6,0.0,0.11,0.11,0.13,0.0,0.0,0.0,0.01
2026-09-13 16:03:44,1.01,0.5,0.5,0.25,0.0,20.72,6091.9,0.0,0.11,0.11,0.13,0.0,0.01,0.0,0.01
2026-09-13 16:03:45,1.01,0.25,0.76,0.0,0.0,20.72,6092.3,0.0,0.11,0.11,0.13,0.0,0.0,0.31,0.02
2026-09-13 16:03:46,2.02,1.52,0.51,1.77,0.0,20.72,6092.0,0.0,0.11,0.11,0.13,0.0,1.15,1.76,0.02
2026-09-13 16:03:47,5.28,3.77,1.51,0.0,0.0,20.81,6084.8,0.0,0.11,0.11,0.13,0.0,0.0,0.0,0.01
2026-09-13 16:03:48,6.27,5.01,1.25,0.75,0.0,20.65,6097.6,0.0,0.1,0.11,0.13,0.0,0.03,0.0,0.01
2026-09-13 16:03:49,1.26,0.5,0.5,0.0,0.25,20.65,6097.6,0.0,0.1,0.11,0.13,0.0,0.02,0.0,0.01
2026-09-13 16:03:50,1.25,0.5,0.75,0.0,0.0,20.65,6097.6,0.0,0.1,0.11,0.13,0.0,0.0,0.32,0.01
2026-09-13 16:03:51,0.76,0.25,0.51,0.0,0.0,20.65,6097.3,0.0,0.1,0.11,0.13,0.0,0.0,1.76,0.02
2026-09-13 16:03:52,1.51,0.76,0.76,0.25,0.0,20.63,6098.8,0.0,0.1,0.11,0.13,0.0,0.0,0.0,0.01
2026-09-13 16:03:53,1.26,0.5,0.75,0.0,0.0,20.64,6098.6,0.0,0.17,0.12,0.14,0.0,0.0,0.0,0.01
2026-09-13 16:03:54,1.21,0.48,0.48,1.21,0.24,20.64,6098.3,0.0,0.17,0.12,0.14,0.0,0.04,0.0,0.01
2026-09-13 16:03:55,0.76,0.25,0.5,0.0,0.0,20.64,6098.3,0.0,0.17,0.12,0.14,0.0,0.0,0.0,0.01
2026-09-13 16:03:56,1.01,0.25,0.76,0.0,0.0,20.64,6098.1,0.0,0.17,0.12,0.14,0.0,0.05,0.0,0.01
2026-09-13 16:03:57,1.01,0.5,0.5,0.0,0.0,20.64,6098.1,0.0,0.17,0.12,0.14,0.0,0.0,0.0,0.01
2026-09-13 16:03:58,1.01,0.25,0.75,0.0,0.0,20.64,6098.1,0.0,0.16,0.12,0.13,0.0,0.0,0.0,0.01
2026-09-13 16:03:59,1.26,0.5,0.75,0.0,0.0,20.64,6098.1,0.0,0.16,0.12,0.13,0.0,0.0,0.0,0.01
2026-09-13 16:04:00,1.25,0.5,0.5,0.0,0.25,20.64,6098.1,0.0,0.16,0.12,0.13,0.0,0.0,0.31,0.01
2026-09-13 16:04:01,1.26,0.5,0.75,0.0,0.0,20.65,6097.1,0.0,0.16,0.12,0.13,0.0,0.0,1.76,0.02
2026-09-13 16:04:02,2.76,1.51,1.26,0.25,0.0,20.7,6093.3,0.0,0.16,0.12,0.13,0.0,0.0,0.0,0.01
2026-09-13 16:04:03,9.52,8.02,1.5,1.0,0.0,20.96,6073.3,0.0,0.15,0.12,0.13,0.0,0.03,0.0,0.01
2026-09-13 16:04:04,0.76,0.51,0.25,0.0,0.0,20.97,6073.2,0.0,0.15,0.12,0.13,0.0,0.01,0.0,0.01
2026-09-13 16:04:05,2.5,1.5,1.0,0.25,0.0,20.95,6074.6,0.0,0.15,0.12,0.13,0.0,0.0,0.0,0.01
2026-09-13 16:04:06,1.01,0.25,0.75,0.0,0.0,20.93,6076.2,0.0,0.15,0.12,0.13,0.0,0.0,0.31,0.01
2026-09-13 16:04:07,1.26,0.25,0.75,0.0,0.25,20.91,6077.4,0.0,0.15,0.12,0.13,0.0,0.0,1.76,0.01
2026-09-13 16:04:08,1.26,0.5,0.75,0.25,0.0,20.86,6081.7,0.0,0.13,0.11,0.13,0.0,0.01,0.0,0.01
2026-09-13 16:04:09,1.26,0.5,0.75,0.0,0.0,20.83,6083.7,0.0,0.13,0.11,0.13,0.0,0.0,0.0,0.01
2026-09-13 16:04:10,1.01,0.25,0.75,0.0,0.0,20.81,6085.5,0.0,0.13,0.11,0.13,0.0,0.0,0.0,0.0
2026-09-13 16:04:11,1.01,0.5,0.5,0.0,0.0,20.79,6086.6,0.0,0.13,0.11,0.13,0.0,0.0,0.0,0.01
2026-09-13 16:04:12,1.75,1.0,0.75,0.25,0.0,20.78,6087.4,0.0,0.13,0.11,0.13,0.0,0.0,0.0,0.01
2026-09-13 16:04:13,0.76,0.25,0.51,0.0,0.0,20.78,6087.8,0.0,0.12,0.11,0.13,0.0,0.01,0.0,0.01
2026-09-13 16:04:14,1.75,0.5,1.0,0.0,0.25,20.77,6088.5,0.0,0.12,0.11,0.13,0.0,0.0,0.31,0.01
2026-09-13 16:04:15,0.76,0.5,0.25,0.0,0.0,20.76,6088.9,0.0,0.12,0.11,0.13,0.0,0.0,1.76,0.02
2026-09-13 16:04:16,1.25,0.5,0.75,1.5,0.0,20.75,6089.7,0.0,0.12,0.11,0.13,0.0,1.15,0.0,0.01
2026-09-13 16:04:17,1.01,0.25,0.76,0.0,0.0,20.75,6090.0,0.0,0.12,0.11,0.13,0.0,0.0,0.0,0.01
2026-09-13 16:04:18,10.55,8.79,1.76,0.5,0.0,20.8,6085.9,0.0,0.19,0.13,0.14,0.0,0.03,0.01,0.01
2026-09-13 16:04:19,1.26,0.5,0.5,0.0,0.25,20.8,6085.9,0.0,0.19,0.13,0.14,0.0,0.0,0.0,0.01
2026-09-13 16:04:20,1.5,0.75,0.75,0.0,0.0,20.8,6085.7,0.0,0.19,0.13,0.14,0.0,0.0,0.31,0.01
2026-09-13 16:04:21,0.51,0.25,0.25,0.0,0.0,20.81,6085.5,0.0,0.19,0.13,0.14,0.0,0.0,1.76,0.02
2026-09-13 16:04:22,2.0,1.0,0.75,0.25,0.25,20.82,6084.1,0.0,0.19,0.13,0.14,0.0,0.0,0.0,0.01
2026-09-13 16:04:23,0.76,0.25,0.51,0.25,0.0,20.72,6092.2,0.0,0.18,0.12,0.14,0.0,0.01,0.0,0.01
2026-09-13 16:04:24,2.51,1.25,1.25,0.25,0.0,20.73,6091.5,0.0,0.18,0.12,0.14,0.0,0.0,0.0,0.01
2026-09-13 16:04:25,1.5,0.75,0.75,0.25,0.0,20.72,6092.1,0.0,0.18,0.12,0.14,0.0,0.01,0.0,0.01
2026-09-13 16:04:26,0.76,0.25,0.5,0.0,0.0,20.72,6092.1,0.0,0.18,0.12,0.14,0.0,0.0,0.0,0.01
2026-09-13 16:04:27,1.01,0.25,0.75,0.0,0.0,20.72,6092.1,0.0,0.18,0.12,0.14,0.0,0.0,0.0,0.01
2026-09-13 16:04:28,0.76,0.51,0.25,0.0,0.0,20.72,6091.8,0.0,0.16,0.12,0.13,0.0,0.0,0.0,0.01
2026-09-13 16:04:29,1.01,0.0,0.75,0.0,0.25,20.72,6091.8,0.0,0.16,0.12,0.13,0.0,0.0,0.31,0.01
2026-09-13 16:04:30,1.01,0.25,0.75,0.25,0.0,20.72,6091.8,0.0,0.16,0.12,0.13,0.0,0.01,0.0,0.0
2026-09-13 16:04:31,1.51,0.5,1.01,0.0,0.0,20.72,6091.8,0.0,0.16,0.12,0.13,0.0,0.0,1.76,0.02
2026-09-13 16:04:32,1.5,0.75,0.75,0.25,0.0,20.73,6091.1,0.0,0.16,0.12,0.13,0.0,0.01,0.0,0.01
2026-09-13 16:04:33,10.83,9.07,1.76,0.5,0.0,20.67,6095.9,0.0,0.23,0.14,0.14,0.0,0.03,0.01,0.02
2026-09-13 16:04:34,1.01,0.25,0.76,0.0,0.0,20.67,6095.7,0.0,0.23,0.14,0.14,0.0,0.0,0.0,0.01
2026-09-13 16:04:35,1.01,0.25,0.76,0.0,0.0,20.67,6095.7,0.0,0.23,0.14,0.14,0.0,0.0,0.0,0.01
2026-09-13 16:04:36,1.01,0.5,0.5,0.0,0.0,20.68,6095.4,0.0,0.23,0.14,0.14,0.0,0.0,0.0,0.01
2026-09-13 16:04:37,0.76,0.25,0.5,0.0,0.0,20.68,6095.4,0.0,0.23,0.14,0.14,0.0,0.0,0.0,0.01
2026-09-13 16:04:38,1.5,0.25,1.0,0.0,0.25,20.65,6097.2,0.0,0.29,0.15,0.14,0.0,0.0,2.08,0.02
2026-09-13 16:04:39,1.26,0.75,0.5,0.5,0.0,20.67,6096.0,0.0,0.29,0.15,0.14,0.0,0.01,0.0,0.0
2026-09-13 16:04:40,0.76,0.25,0.5,0.0,0.0,20.67,6096.0,0.0,0.29,0.15,0.14,0.0,0.0,0.0,0.0
2026-09-13 16:04:41,1.25,0.5,0.75,0.0,0.0,20.67,6096.0,0.0,0.29,0.15,0.14,0.0,0.0,0.0,0.0
2026-09-13 16:04:42,1.51,0.76,0.76,0.0,0.0,20.68,6095.0,0.0,0.29,0.15,0.14,0.0,0.0,0.31,0.01
2026-09-13 16:04:43,2.26,1.51,0.75,0.25,0.0,20.7,6094.0,0.0,0.27,0.15,0.14,0.0,0.0,1.76,0.02
2026-09-13 16:04:44,1.01,0.25,0.5,0.0,0.25,20.7,6094.0,0.0,0.27,0.15,0.14,0.0,0.0,0.0,0.01
2026-09-13 16:04:45,1.01,0.5,0.5,0.25,0.0,20.7,6094.0,0.0,0.27,0.15,0.14,0.0,0.01,0.0,0.01
2026-09-13 16:04:46,1.01,0.25,0.76,0.0,0.0,20.7,6093.8,0.0,0.27,0.15,0.14,0.0,0.0,0.31,0.01
2026-09-13 16:04:47,1.75,0.75,1.0,0.0,0.0,20.7,6093.8,0.0,0.27,0.15,0.14,0.0,0.0,1.76,0.02
2026-09-13 16:04:48,10.58,8.56,2.02,2.77,0.0,20.79,6087.0,0.0,0.25,0.15,0.14,0.0,1.16,0.01,0.01
2026-09-13 16:04:49,1.26,0.5,0.75,0.0,0.0,20.79,6087.1,0.0,0.25,0.15,0.14,0.0,0.0,0.0,0.02
2026-09-13 16:04:50,1.01,0.5,0.5,0.0,0.0,20.77,6088.0,0.0,0.25,0.15,0.14,0.0,0.0,0.0,0.01
2026-09-13 16:04:51,1.26,0.5,0.5,0.25,0.25,20.76,6088.7,0.0,0.25,0.15,0.14,0.0,0.01,0.31,0.02
2026-09-13 16:04:52,2.0,1.0,1.0,0.25,0.0,20.78,6087.8,0.0,0.25,0.15,0.14,0.0,0.0,1.76,0.01
2026-09-13 16:04:53,1.5,0.75,0.75,0.0,0.0,20.73,6091.4,0.0,0.23,0.14,0.14,0.0,0.0,0.0,0.01
2026-09-13 16:04:54,1.25,0.25,0.75,0.0,0.25,20.71,6092.5,0.0,0.23,0.14,0.14,0.0,0.01,0.0,0.01
2026-09-13 16:04:55,0.76,0.5,0.25,0.0,0.0,20.71,6092.7,0.0,0.23,0.14,0.14,0.0,0.0,0.0,0.01
2026-09-13 16:04:56,1.01,0.25,0.76,0.0,0.0,20.71,6093.1,0.0,0.23,0.14,0.14,0.0,0.0,0.31,0.01
2026-09-13 16:04:57,1.5,0.75,0.75,0.0,0.0,20.71,6093.1,0.0,0.23,0.14,0.14,0.0,0.0,1.76,0.01
2026-09-13 16:04:58,0.76,0.25,0.5,0.0,0.0,20.71,6092.9,0.0,0.21,0.14,0.14,0.0,0.0,0.0,0.01
2026-09-13 16:04:59,1.75,0.75,0.75,0.0,0.25,20.71,6092.9,0.0,0.21,0.14,0.14,0.0,0.0,0.0,0.01
2026-09-13 16:05:00,1.01,0.5,0.5,0.0,0.0,20.71,6092.7,0.0,0.21,0.14,0.14,0.0,0.01,0.0,0.0
2026-09-13 16:05:01,1.01,0.25,0.76,0.0,0.0,20.71,6092.8,0.0,0.21,0.14,0.14,0.0,0.0,0.0,0.01
2026-09-13 16:05:02,2.51,1.76,0.75,0.5,0.0,20.71,6092.5,0.0,0.21,0.14,0.14,0.0,0.0,0.0,0.01
2026-09-13 16:05:03,11.28,9.27,1.75,0.75,0.25,20.78,6087.4,0.0,0.19,0.14,0.14,0.0,0.02,0.01,0.02
2026-09-13 16:05:04,1.01,0.25,0.75,0.0,0.0,20.78,6087.5,0.0,0.19,0.14,0.14,0.0,0.0,0.31,0.01
2026-09-13 16:05:05,1.01,0.51,0.51,0.0,0.0,20.76,6088.8,0.0,0.19,0.14,0.14,0.0,0.01,1.77,0.01
2026-09-13 16:05:06,1.25,0.75,0.5,0.5,0.0,20.76,6089.2,0.0,0.19,0.14,0.14,0.0,0.01,0.0,0.01
2026-09-13 16:05:07,1.01,0.5,0.5,0.0,0.0,20.75,6089.5,0.0,0.19,0.14,0.14,0.0,0.0,0.0,0.0
2026-09-13 16:05:08,1.5,0.25,1.0,0.0,0.25,20.73,6091.5,0.0,0.18,0.14,0.14,0.0,0.0,0.0,0.01
2026-09-13 16:05:09,0.76,0.25,0.51,0.25,0.0,20.73,6091.3,0.0,0.18,0.14,0.14,0.0,0.01,0.0,0.0
2026-09-13 16:05:10,1.01,0.25,0.76,0.0,0.0,20.72,6091.7,0.0,0.18,0.14,0.14,0.0,0.0,0.0,0.0
2026-09-13 16:05:11,1.25,0.5,0.75,0.0,0.0,20.72,6091.9,0.0,0.18,0.14,0.14,0.0,0.0,0.0,0.0
2026-09-13 16:05:12,1.51,0.75,0.75,0.25,0.0,20.75,6090.1,0.0,0.18,0.14,0.14,0.0,0.0,0.31,0.01
2026-09-13 16:05:13,1.26,0.75,0.5,0.0,0.0,20.75,6090.1,0.0,0.16,0.13,0.14,0.0,0.0,0.0,0.01
2026-09-13 16:05:14,0.76,0.25,0.51,0.0,0.0,20.75,6090.1,0.0,0.16,0.13,0.14,0.0,0.0,1.76,0.02
2026-09-13 16:05:15,1.01,0.25,0.75,0.0,0.0,20.75,6090.0,0.0,0.16,0.13,0.14,0.0,0.0,0.0,0.01
2026-09-13 16:05:16,1.5,0.5,0.75,0.0,0.25,20.74,6090.3,0.0,0.16,0.13,0.14,0.0,0.0,0.0,0.01
2026-09-13 16:05:17,1.25,0.5,0.75,0.0,0.0,20.74,6090.3,0.0,0.16,0.13,0.14,0.0,0.0,0.0,0.01
2026-09-13 16:05:18,8.82,7.56,1.26,0.5,0.0,20.91,6077.5,0.0,0.15,0.13,0.14,0.0,0.02,0.01,0.01
2026-09-13 16:05:19,3.02,1.76,1.26,0.5,0.0,20.79,6086.6,0.0,0.15,0.13,0.14,0.0,0.01,0.0,0.01
2026-09-13 16:05:20,1.25,0.75,0.5,0.0,0.0,20.79,6086.6,0.0,0.15,0.13,0.14,0.0,0.0,0.0,0.01
2026-09-13 16:05:21,2.02,1.26,0.76,0.25,0.0,20.79,6086.4,0.0,0.15,0.13,0.14,0.0,0.0,0.0,0.01
2026-09-13 16:05:22,1.76,1.01,0.5,0.0,0.25,20.79,6086.4,0.0,0.15,0.13,0.14,0.0,0.0,0.0,0.01
2026-09-13 16:05:23,1.26,0.25,1.01,0.0,0.0,20.72,6092.0,0.0,0.14,0.13,0.14,0.0,0.0,2.08,0.02
2026-09-13 16:05:24,0.76,0.25,0.5,0.5,0.0,20.72,6092.4,0.0,0.14,0.13,0.14,0.0,0.01,0.0,0.01
2026-09-13 16:05:25,1.01,0.5,0.5,0.0,0.0,20.71,6092.7,0.0,0.14,0.13,0.14,0.0,0.0,0.0,0.01
2026-09-13 16:05:26,1.01,0.25,0.75,0.25,0.0,20.71,6092.7,0.0,0.14,0.13,0.14,0.0,0.01,0.0,0.01
2026-09-13 16:05:27,1.01,0.5,0.5,0.0,0.0,20.71,6092.7,0.0,0.14,0.13,0.14,0.0,0.0,0.0,0.0
2026-09-13 16:05:28,1.01,0.5,0.5,0.0,0.0,20.71,6092.7,0.0,0.21,0.14,0.14,0.0,0.0,0.0,0.0
2026-09-13 16:05:29,1.5,0.75,0.5,0.0,0.25,20.71,6092.7,0.0,0.21,0.14,0.14,0.0,0.0,0.31,0.01
2026-09-13 16:05:30,1.01,0.25,0.75,0.0,0.0,20.71,6092.7,0.0,0.21,0.14,0.14,0.0,0.0,1.76,0.01
2026-09-13 16:05:31,1.01,0.5,0.5,0.0,0.0,20.71,6092.7,0.0,0.21,0.14,0.14,0.0,0.0,0.0,0.01
2026-09-13 16:05:32,1.76,0.75,1.01,1.76,0.0,20.71,6092.9,0.0,0.21,0.14,0.14,0.0,1.16,0.0,0.01
2026-09-13 16:05:33,4.77,3.27,1.51,0.0,0.0,20.77,6088.0,0.0,0.19,0.14,0.14,0.0,0.0,0.01,0.02
2026-09-13 16:05:34,7.75,6.0,1.5,0.5,0.25,20.69,6094.5,0.0,0.19,0.14,0.14,0.0,0.03,0.0,0.01
2026-09-13 16:05:35,1.01,0.5,0.5,0.0,0.0,20.69,6094.2,0.0,0.19,0.14,0.14,0.0,0.0,0.31,0.01
2026-09-13 16:05:36,0.76,0.25,0.51,0.0,0.0,20.7,6093.8,0.0,0.19,0.14,0.14,0.0,0.0,1.76,0.01
2026-09-13 16:05:37,1.01,0.5,0.5,0.0,0.0,20.7,6093.5,0.0,0.19,0.14,0.14,0.0,0.0,0.0,0.01
2026-09-13 16:05:38,1.25,0.25,1.0,0.0,0.0,20.7,6093.5,0.0,0.17,0.14,0.14,0.0,0.0,0.0,0.01
2026-09-13 16:05:39,1.75,0.5,1.0,0.25,0.25,20.68,6094.9,0.0,0.17,0.14,0.14,0.0,0.01,0.0,0.01
2026-09-13 16:05:40,2.26,1.5,0.75,0.25,0.0,20.71,6092.9,0.0,0.17,0.14,0.14,0.0,0.01,0.0,0.01
2026-09-13 16:05:41,1.01,0.5,0.5,0.0,0.0,20.71,6092.9,0.0,0.17,0.14,0.14,0.0,0.0,0.31,0.01
2026-09-13 16:05:42,1.51,1.01,0.5,0.25,0.0,20.73,6091.7,0.0,0.17,0.14,0.14,0.0,0.0,1.76,0.01
2026-09-13 16:05:43,1.01,0.5,0.5,0.0,0.0,20.73,6091.7,0.0,0.16,0.14,0.14,0.0,0.0,0.0,0.01
2026-09-13 16:05:44,1.25,0.5,0.75,0.0,0.0,20.73,6091.7,0.0,0.16,0.14,0.14,0.0,0.0,0.0,0.01
2026-09-13 16:05:45,1.26,0.25,0.75,0.0,0.25,20.73,6091.7,0.0,0.16,0.14,0.14,0.0,0.0,0.0,0.01
2026-09-13 16:05:46,1.01,0.5,0.5,0.25,0.0,20.73,6091.7,0.0,0.16,0.14,0.14,0.0,0.01,0.0,0.01
2026-09-13 16:05:47,1.25,0.75,0.5,0.0,0.0,20.73,6091.7,0.0,0.16,0.14,0.14,0.0,0.0,0.0,0.01
2026-09-13 16:05:48,1.51,0.75,0.75,0.0,0.0,20.74,6090.8,0.0,0.15,0.13,0.14,0.0,0.0,0.0,0.01
2026-09-13 16:05:49,10.1,8.59,1.52,0.51,0.0,20.75,6090.2,0.0,0.15,0.13,0.14,0.0,0.03,0.32,0.01
2026-09-13 16:05:50,1.01,0.25,0.76,0.0,0.0,20.74,6090.5,0.0,0.15,0.13,0.14,0.0,0.0,1.76,0.02
2026-09-13 16:05:51,1.01,0.25,0.5,0.0,0.25,20.73,6091.1,0.0,0.15,0.13,0.14,0.0,0.0,0.0,0.02
2026-09-13 16:05:52,1.75,1.0,0.75,0.5,0.0,20.73,6091.0,0.0,0.15,0.13,0.14,0.0,0.01,0.0,0.0
2026-09-13 16:05:53,0.76,0.25,0.51,0.0,0.0,20.73,6091.6,0.0,0.13,0.13,0.14,0.0,0.0,0.0,0.01
2026-09-13 16:05:54,1.26,0.5,0.75,0.0,0.0,20.72,6091.9,0.0,0.13,0.13,0.14,0.0,0.0,0.0,0.01
2026-09-13 16:05:55,0.76,0.25,0.5,0.0,0.0,20.72,6092.1,0.0,0.13,0.13,0.14,0.0,0.0,0.0,0.01
2026-09-13 16:05:56,1.25,0.5,0.75,0.0,0.0,20.72,6092.2,0.0,0.13,0.13,0.14,0.0,0.0,0.0,0.01
2026-09-13 16:05:57,1.26,0.25,0.75,0.0,0.25,20.72,6092.1,0.0,0.13,0.13,0.14,0.0,0.0,0.31,0.01
2026-09-13 16:05:58,1.01,0.5,0.5,0.0,0.0,20.72,6091.8,0.0,0.12,0.13,0.13,0.0,0.0,1.76,0.02
2026-09-13 16:05:59,2.51,1.5,1.0,0.25,0.0,20.72,6091.9,0.0,0.12,0.13,0.13,0.0,0.0,0.0,0.01
2026-09-13 16:06:00,0.76,0.25,0.5,0.0,0.0,20.72,6091.8,0.0,0.12,0.13,0.13,0.0,0.0,0.0,0.0
2026-09-13 16:06:01,1.25,0.5,0.75,0.0,0.0,20.72,6091.8,0.0,0.12,0.13,0.13,0.0,0.0,0.0,0.01
2026-09-13 16:06:02,1.51,1.01,0.5,1.51,0.0,20.72,6092.0,0.0,0.12,0.13,0.13,0.0,1.14,0.0,0.0
2026-09-13 16:06:03,1.01,0.25,0.51,0.0,0.25,20.73,6091.5,0.0,0.11,0.13,0.13,0.0,0.01,0.0,0.01
2026-09-13 16:06:04,10.55,8.79,1.76,0.5,0.0,20.67,6096.1,0.0,0.11,0.13,0.13,0.0,0.03,0.01,0.01
2026-09-13 16:06:05,1.01,0.25,0.76,0.0,0.0,20.67,6095.8,0.0,0.11,0.13,0.13,0.0,0.0,0.31,0.01
2026-09-13 16:06:06,1.25,0.25,0.75,0.0,0.25,20.67,6095.8,0.0,0.11,0.13,0.13,0.0,0.0,1.76,0.01
2026-09-13 16:06:07,1.01,0.5,0.5,0.25,0.0,20.67,6095.8,0.0,0.11,0.13,0.13,0.0,0.01,0.0,0.0
2026-09-13 16:06:08,1.01,0.5,0.5,0.0,0.0,20.67,6095.8,0.0,0.1,0.12,0.13,0.0,0.0,0.0,0.01
2026-09-13 16:06:09,1.01,0.25,0.76,0.0,0.0,20.65,6097.5,0.0,0.1,0.12,0.13,0.0,0.0,0.0,0.01
2026-09-13 16:06:10,1.0,0.5,0.5,0.5,0.0,20.65,6097.4,0.0,0.1,0.12,0.13,0.0,0.01,0.0,0.0
2026-09-13 16:06:11,1.25,0.25,1.0,0.0,0.0,20.65,6097.1,0.0,0.1,0.12,0.13,0.0,0.0,0.0,0.0
2026-09-13 16:06:12,1.51,1.01,0.5,0.25,0.0,20.67,6095.9,0.0,0.1,0.12,0.13,0.0,0.0,0.0,0.01
2026-09-13 16:06:13,1.01,0.5,0.5,0.0,0.0,20.67,6095.9,0.0,0.1,0.12,0.13,0.0,0.0,0.0,0.01
2026-09-13 16:06:14,1.01,0.0,1.01,0.0,0.0,20.68,6095.2,0.0,0.1,0.12,0.13,0.0,0.0,0.31,0.01
2026-09-13 16:06:15,1.01,0.75,0.25,0.0,0.0,20.68,6095.2,0.0,0.1,0.12,0.13,0.0,0.0,0.0,0.01
2026-09-13 16:06:16,1.01,0.25,0.76,0.0,0.0,20.68,6094.9,0.0,0.1,0.12,0.13,0.0,0.0,1.76,0.02
2026-09-13 16:06:17,1.26,0.5,0.75,0.0,0.0,20.68,6094.9,0.0,0.1,0.12,0.13,0.0,0.0,0.0,0.01
2026-09-13 16:06:18,2.26,1.51,0.75,0.25,0.0,20.69,6094.1,0.0,0.09,0.12,0.13,0.0,0.0,0.0,0.01
2026-09-13 16:06:19,10.61,8.84,1.77,0.76,0.0,20.87,6080.2,0.0,0.09,0.12,0.13,0.0,0.03,0.01,0.02
2026-09-13 16:06:20,1.25,0.5,0.5,0.0,0.25,20.87,6080.3,0.0,0.09,0.12,0.13,0.0,0.0,0.0,0.01
2026-09-13 16:06:21,1.25,0.5,0.75,0.0,0.0,20.85,6082.4,0.0,0.09,0.12,0.13,0.0,0.0,0.0,0.01
2026-09-13 16:06:22,1.76,1.01,0.75,0.0,0.0,20.8,6085.8,0.0,0.09,0.12,0.13,0.0,0.0,0.0,0.0
2026-09-13 16:06:23,1.01,0.25,0.75,0.0,0.0,20.79,6087.0,0.0,0.08,0.12,0.13,0.0,0.0,0.0,0.01
2026-09-13 16:06:24,1.01,0.25,0.5,0.0,0.25,20.66,6096.6,0.0,0.08,0.12,0.13,0.0,0.0,0.0,0.01
2026-09-13 16:06:25,1.25,0.5,0.75,0.5,0.0,20.66,6096.6,0.0,0.08,0.12,0.13,0.0,0.01,0.0,0.01
2026-09-13 16:06:26,0.51,0.25,0.25,0.0,0.0,20.66,6096.6,0.0,0.08,0.12,0.13,0.0,0.0,0.0,0.01
2026-09-13 16:06:27,1.01,0.5,0.5,0.25,0.0,20.66,6096.4,0.0,0.08,0.12,0.13,0.0,0.01,0.0,0.0
2026-09-13 16:06:28,1.25,0.5,0.75,0.0,0.0,20.67,6096.1,0.0,0.07,0.11,0.13,0.0,0.0,0.31,0.01
2026-09-13 16:06:29,1.01,0.25,0.76,0.0,0.0,20.67,6096.0,0.0,0.07,0.11,0.13,0.0,0.0,1.76,0.02
2026-09-13 16:06:30,1.25,0.5,0.75,0.0,0.0,20.67,6095.9,0.0,0.07,0.11,0.13,0.0,0.0,0.0,0.0
2026-09-13 16:06:31,1.26,0.5,0.75,0.0,0.0,20.67,6095.9,0.0,0.07,0.11,0.13,0.0,0.0,0.0,0.01
2026-09-13 16:06:32,1.76,0.75,0.75,0.0,0.25,20.69,6094.6,0.0,0.07,0.11,0.13,0.0,0.0,0.0,0.01
2026-09-13 16:06:33,1.5,0.5,1.0,0.5,0.0,20.7,6093.8,0.0,0.07,0.11,0.13,0.0,0.01,0.0,0.02
2026-09-13 16:06:34,10.58,8.82,1.76,1.76,0.0,20.86,6081.5,0.0,0.07,0.11,0.13,0.0,1.17,0.01,0.02
2026-09-13 16:06:35,1.5,0.5,0.75,0.0,0.25,20.86,6081.5,0.0,0.07,0.11,0.13,0.0,0.0,0.0,0.01
2026-09-13 16:06:36,1.26,0.5,0.75,0.0,0.0,20.86,6081.2,0.0,0.07,0.11,0.13,0.0,0.0,0.0,0.01
2026-09-13 16:06:37,2.26,1.5,0.75,0.25,0.0,20.87,6080.3,0.0,0.07,0.11,0.13,0.0,0.0,0.31,0.01
2026-09-13 16:06:38,1.01,0.25,0.5,0.0,0.25,20.85,6081.9,0.0,0.06,0.11,0.13,0.0,0.0,1.76,0.02
2026-09-13 16:06:39,1.26,0.5,0.75,0.0,0.0,20.82,6084.6,0.0,0.06,0.11,0.13,0.0,0.0,0.0,0.0
2026-09-13 16:06:40,1.26,0.5,0.75,0.25,0.0,20.8,6085.7,0.0,0.06,0.11,0.13,0.0,0.01,0.0,0.0
2026-09-13 16:06:41,1.25,0.5,0.75,0.0,0.0,20.79,6087.1,0.0,0.06,0.11,0.13,0.0,0.0,0.0,0.0
2026-09-13 16:06:42,1.75,1.0,0.75,0.25,0.0,20.79,6086.9,0.0,0.06,0.11,0.13,0.0,0.0,0.0,0.01
2026-09-13 16:06:43,1.01,0.25,0.75,0.0,0.0,20.78,6087.7,0.0,0.14,0.13,0.13,0.0,0.0,0.0,0.01
2026-09-13 16:06:44,1.26,0.25,0.75,0.0,0.25,20.77,6088.5,0.0,0.14,0.13,0.13,0.0,0.0,0.31,0.01
2026-09-13 16:06:45,1.01,0.5,0.5,0.0,0.0,20.76,6089.2,0.0,0.14,0.13,0.13,0.0,0.0,0.0,0.01
2026-09-13 16:06:46,1.01,0.5,0.5,0.0,0.0,20.75,6089.9,0.0,0.14,0.13,0.13,0.0,0.0,1.76,0.02
2026-09-13 16:06:47,1.01,0.5,0.5,0.25,0.0,20.74,6090.3,0.0,0.14,0.13,0.13,0.0,0.01,0.0,0.01
2026-09-13 16:06:48,1.01,0.25,0.76,0.0,0.0,20.75,6089.8,0.0,0.21,0.14,0.14,0.0,0.0,0.0,0.01
2026-09-13 16:06:49,10.55,8.54,2.01,0.75,0.0,20.66,6096.7,0.0,0.21,0.14,0.14,0.0,0.03,0.01,0.02
2026-09-13 16:06:50,1.26,0.75,0.5,0.0,0.0,20.66,6096.4,0.0,0.21,0.14,0.14,0.0,0.0,0.0,0.01
2026-09-13 16:06:51,1.25,0.25,0.75,0.0,0.25,20.66,6096.4,0.0,0.21,0.14,0.14,0.0,0.01,0.0,0.01
2026-09-13 16:06:52,1.51,1.01,0.5,0.25,0.0,20.69,6094.7,0.0,0.21,0.14,0.14,0.0,0.0,0.31,0.01
2026-09-13 16:06:53,1.01,0.25,0.76,0.25,0.0,20.69,6094.3,0.0,0.19,0.14,0.14,0.0,0.01,1.76,0.01
2026-09-13 16:06:54,1.25,0.5,0.5,0.0,0.25,20.69,6094.3,0.0,0.19,0.14,0.14,0.0,0.0,0.0,0.01
2026-09-13 16:06:55,1.5,0.5,1.0,0.0,0.0,20.69,6094.3,0.0,0.19,0.14,0.14,0.0,0.01,0.0,0.01
2026-09-13 16:06:56,2.01,1.26,0.75,0.25,0.0,20.72,6091.8,0.0,0.19,0.14,0.14,0.0,0.0,0.31,0.01
2026-09-13 16:06:57,1.01,0.5,0.5,0.0,0.0,20.72,6091.8,0.0,0.19,0.14,0.14,0.0,0.0,1.76,0.02
2026-09-13 16:06:58,1.25,0.5,0.75,0.0,0.0,20.73,6091.6,0.0,0.17,0.14,0.13,0.0,0.0,0.0,0.01
2026-09-13 16:06:59,1.01,0.5,0.5,0.0,0.0,20.73,6091.6,0.0,0.17,0.14,0.13,0.0,0.0,0.0,0.01
2026-09-13 16:07:00,0.76,0.25,0.5,0.0,0.0,20.73,6091.6,0.0,0.17,0.14,0.13,0.0,0.0,0.0,0.0
2026-09-13 16:07:01,1.26,0.5,0.75,0.0,0.0,20.73,6091.6,0.0,0.17,0.14,0.13,0.0,0.0,2.08,0.02
2026-09-13 16:07:02,2.0,0.75,1.25,0.25,0.0,20.73,6091.6,0.0,0.17,0.14,0.13,0.0,0.0,0.0,0.0
2026-09-13 16:07:03,1.26,0.5,0.75,0.0,0.0,20.73,6091.0,0.0,0.16,0.13,0.13,0.0,0.0,0.0,0.02
2026-09-13 16:07:04,8.82,7.3,1.26,1.51,0.25,20.81,6085.5,0.0,0.16,0.13,0.13,0.0,1.15,2.08,0.02
2026-09-13 16:07:05,3.02,1.76,1.26,0.5,0.0,20.66,6097.1,0.0,0.16,0.13,0.13,0.0,0.02,0.0,0.0
2026-09-13 16:07:06,1.5,0.5,0.75,0.0,0.25,20.66,6097.0,0.0,0.16,0.13,0.13,0.0,0.0,0.0,0.01
2026-09-13 16:07:07,1.01,0.5,0.5,0.0,0.0,20.66,6096.9,0.0,0.16,0.13,0.13,0.0,0.0,0.31,0.01
2026-09-13 16:07:08,1.01,0.25,0.76,0.25,0.0,20.66,6096.4,0.0,0.15,0.13,0.13,0.0,0.01,1.76,0.02
2026-09-13 16:07:09,1.25,0.5,0.75,0.0,0.0,20.67,6096.2,0.0,0.15,0.13,0.13,0.0,0.0,0.0,0.01
2026-09-13 16:07:10,1.5,0.75,0.75,0.25,0.0,20.67,6095.7,0.0,0.15,0.13,0.13,0.0,0.02,0.0,0.0
2026-09-13 16:07:11,1.5,0.5,0.75,0.0,0.25,20.68,6095.2,0.0,0.15,0.13,0.13,0.0,0.0,0.31,0.01
2026-09-13 16:07:12,1.51,0.75,0.75,0.25,0.0,20.7,6094.0,0.0,0.15,0.13,0.13,0.0,0.0,1.76,0.01
2026-09-13 16:07:13,1.01,0.5,0.5,0.0,0.0,20.7,6094.0,0.0,0.13,0.13,0.13,0.0,0.0,0.0,0.01
2026-09-13 16:07:14,1.26,0.5,0.75,0.0,0.0,20.7,6094.0,0.0,0.13,0.13,0.13,0.0,0.0,0.0,0.01
2026-09-13 16:07:15,2.5,1.5,0.75,0.75,0.25,20.7,6094.0,0.0,0.13,0.13,0.13,0.0,0.0,0.0,0.01
2026-09-13 16:07:16,0.76,0.25,0.5,0.0,0.0,20.7,6093.8,0.0,0.13,0.13,0.13,0.0,0.0,0.0,0.01
2026-09-13 16:07:17,1.5,0.75,0.75,0.0,0.0,20.7,6093.8,0.0,0.13,0.13,0.13,0.0,0.0,0.0,0.01
2026-09-13 16:07:18,1.01,0.25,0.75,0.0,0.0,20.7,6093.6,0.0,0.12,0.13,0.13,0.0,0.0,0.31,0.01
2026-09-13 16:07:19,5.54,4.28,1.26,0.0,0.0,20.78,6087.7,0.0,0.12,0.13,0.13,0.0,0.0,1.77,0.02
2026-09-13 16:07:20,6.3,5.29,1.01,0.5,0.0,20.8,6086.0,0.0,0.12,0.13,0.13,0.0,0.02,0.0,0.01
2026-09-13 16:07:21,1.01,0.5,0.5,0.0,0.0,20.8,6086.0,0.0,0.12,0.13,0.13,0.0,0.0,0.0,0.01
2026-09-13 16:07:22,1.51,0.76,0.5,0.0,0.25,20.78,6087.4,0.0,0.12,0.13,0.13,0.0,0.0,0.0,0.0
2026-09-13 16:07:23,1.5,0.75,0.75,0.0,0.0,20.76,6089.1,0.0,0.11,0.12,0.13,0.0,0.0,0.0,0.01
2026-09-13 16:07:24,1.01,0.25,0.76,0.0,0.0,20.76,6089.1,0.0,0.11,0.12,0.13,0.0,0.0,0.0,0.01
2026-09-13 16:07:25,1.25,0.5,0.75,0.5,0.0,20.76,6088.9,0.0,0.11,0.12,0.13,0.0,0.01,0.31,0.01
2026-09-13 16:07:26,1.01,0.25,0.75,0.0,0.0,20.77,6088.6,0.0,0.11,0.12,0.13,0.0,0.0,1.76,0.01
2026-09-13 16:07:27,1.01,0.5,0.5,0.0,0.0,20.77,6088.6,0.0,0.11,0.12,0.13,0.0,0.0,0.0,0.0
2026-09-13 16:07:28,1.01,0.25,0.75,0.25,0.0,20.76,6088.7,0.0,0.1,0.12,0.13,0.0,0.01,0.0,0.0
2026-09-13 16:07:29,1.26,0.5,0.5,0.0,0.25,20.76,6088.7,0.0,0.1,0.12,0.13,0.0,0.0,0.0,0.01
2026-09-13 16:07:30,1.25,0.5,0.75,0.0,0.0,20.76,6088.7,0.0,0.1,0.12,0.13,0.0,0.0,0.31,0.0
2026-09-13 16:07:31,1.01,0.5,0.5,0.0,0.0,20.76,6088.7,0.0,0.1,0.12,0.13,0.0,0.0,1.76,0.02
2026-09-13 16:07:32,1.26,0.76,0.51,0.0,0.0,20.76,6088.7,0.0,0.1,0.12,0.13,0.0,0.0,0.0,0.01
2026-09-13 16:07:33,2.0,0.75,1.0,0.0,0.25,20.77,6088.4,0.0,0.1,0.12,0.13,0.0,0.0,0.0,0.02
2026-09-13 16:07:34,2.51,1.51,1.01,1.76,0.0,20.78,6087.6,0.0,0.1,0.12,0.13,0.0,1.16,0.0,0.01
2026-09-13 16:07:35,10.08,8.06,2.02,0.5,0.0,20.91,6077.7,0.0,0.1,0.12,0.13,0.0,0.02,0.0,0.01
2026-09-13 16:07:36,1.01,0.5,0.5,0.0,0.0,20.9,6078.5,0.0,0.1,0.12,0.13,0.0,0.0,0.31,0.01
2026-09-13 16:07:37,0.76,0.25,0.51,0.0,0.0,20.74,6090.5,0.0,0.1,0.12,0.13,0.0,0.0,1.76,0.02
2026-09-13 16:07:38,1.01,0.25,0.75,0.0,0.0,20.74,6090.5,0.0,0.09,0.12,0.13,0.0,0.0,0.0,0.01
2026-09-13 16:07:39,1.26,0.75,0.5,0.0,0.0,20.74,6090.5,0.0,0.09,0.12,0.13,0.0,0.0,0.0,0.01
2026-09-13 16:07:40,1.01,0.25,0.75,0.0,0.0,20.71,6092.9,0.0,0.09,0.12,0.13,0.0,0.01,0.0,0.01
2026-09-13 16:07:41,1.01,0.5,0.5,0.25,0.0,20.71,6092.6,0.0,0.09,0.12,0.13,0.0,0.01,0.31,0.01
2026-09-13 16:07:42,2.01,1.0,1.0,0.25,0.0,20.73,6091.0,0.0,0.09,0.12,0.13,0.0,0.0,1.77,0.02
2026-09-13 16:07:43,1.5,0.25,1.0,0.0,0.25,20.74,6090.6,0.0,0.08,0.11,0.13,0.0,0.0,0.0,0.01
2026-09-13 16:07:44,1.01,0.25,0.76,0.0,0.0,20.73,6091.5,0.0,0.08,0.11,0.13,0.0,0.0,0.0,0.01
2026-09-13 16:07:45,1.01,0.25,0.75,0.0,0.0,20.72,6092.3,0.0,0.08,0.11,0.13,0.0,0.0,0.0,0.01
2026-09-13 16:07:46,1.01,0.5,0.5,0.0,0.0,20.71,6092.6,0.0,0.08,0.11,0.13,0.0,0.0,0.0,0.01
2026-09-13 16:07:47,1.01,0.5,0.5,0.0,0.0,20.71,6092.6,0.0,0.08,0.11,0.13,0.0,0.0,0.0,0.01
2026-09-13 16:07:48,1.25,0.5,0.75,0.0,0.0,20.72,6092.2,0.0,0.07,0.11,0.12,0.0,0.0,0.0,0.01
2026-09-13 16:07:49,1.01,0.25,0.51,0.25,0.25,20.72,6092.1,0.0,0.07,0.11,0.12,0.0,0.01,0.32,0.01
2026-09-13 16:07:50,10.8,8.79,2.01,0.5,0.0,20.68,6095.3,0.0,0.07,0.11,0.12,0.0,0.02,1.77,0.02
2026-09-13 16:07:51,1.01,0.5,0.5,0.0,0.0,20.68,6095.3,0.0,0.07,0.11,0.12,0.0,0.0,0.0,0.01
2026-09-13 16:07:52,1.75,1.0,0.75,0.25,0.0,20.69,6094.5,0.0,0.07,0.11,0.12,0.0,0.0,0.0,0.01
2026-09-13 16:07:53,2.02,1.26,0.5,0.25,0.25,20.71,6093.1,0.0,0.07,0.11,0.12,0.0,0.0,0.0,0.01
2026-09-13 16:07:54,1.26,0.5,0.75,0.25,0.0,20.71,6093.0,0.0,0.07,0.11,0.12,0.0,0.02,0.0,0.01
2026-09-13 16:07:55,1.26,0.5,0.75,0.0,0.0,20.67,6096.0,0.0,0.07,0.11,0.12,0.0,0.0,0.0,0.01
2026-09-13 16:07:56,1.01,0.25,0.75,0.0,0.0,20.67,6095.9,0.0,0.07,0.11,0.12,0.0,0.0,0.31,0.01
2026-09-13 16:07:57,0.76,0.25,0.51,0.0,0.0,20.67,6095.8,0.0,0.07,0.11,0.12,0.0,0.0,1.76,0.01
2026-09-13 16:07:58,1.25,0.5,0.75,0.0,0.0,20.67,6095.8,0.0,0.14,0.13,0.13,0.0,0.0,0.0,0.01
2026-09-13 16:07:59,1.5,0.5,0.75,0.0,0.25,20.67,6095.8,0.0,0.14,0.13,0.13,0.0,0.0,0.0,0.01
2026-09-13 16:08:00,0.76,0.25,0.5,0.0,0.0,20.67,6095.8,0.0,0.14,0.13,0.13,0.0,0.0,0.0,0.0
2026-09-13 16:08:01,1.25,0.5,0.75,0.0,0.0,20.67,6095.6,0.0,0.14,0.13,0.13,0.0,0.0,0.0,0.01
2026-09-13 16:08:02,1.01,0.5,0.5,0.0,0.0,20.68,6095.1,0.0,0.14,0.13,0.13,0.0,0.0,0.0,0.0
2026-09-13 16:08:03,1.51,0.75,0.75,0.25,0.0,20.69,6094.1,0.0,0.13,0.12,0.13,0.0,0.0,0.0,0.01
2026-09-13 16:08:04,1.26,0.5,0.75,1.01,0.0,20.7,6093.9,0.0,0.13,0.12,0.13,0.0,1.15,0.31,0.01
2026-09-13 16:08:05,11.28,9.02,2.01,0.75,0.25,20.88,6079.9,0.0,0.13,0.12,0.13,0.0,0.03,1.77,0.02
2026-09-13 16:08:06,0.75,0.25,0.5,0.0,0.0,20.88,6079.8,0.0,0.13,0.12,0.13,0.0,0.0,0.0,0.0
2026-09-13 16:08:07,0.76,0.51,0.25,0.0,0.0,20.88,6079.8,0.0,0.13,0.12,0.13,0.0,0.0,0.0,0.0
2026-09-13 16:08:08,1.25,0.5,0.75,0.0,0.0,20.77,6088.0,0.0,0.12,0.12,0.13,0.0,0.0,0.0,0.01
2026-09-13 16:08:09,1.01,0.25,0.76,0.25,0.0,20.77,6088.0,0.0,0.12,0.12,0.13,0.0,0.01,0.0,0.01
2026-09-13 16:08:10,1.01,0.25,0.75,0.0,0.0,20.69,6094.2,0.0,0.12,0.12,0.13,0.0,0.0,0.0,0.0
2026-09-13 16:08:11,1.26,0.5,0.75,0.5,0.0,20.7,6093.6,0.0,0.12,0.12,0.13,0.0,0.01,2.07,0.01
2026-09-13 16:08:12,2.02,1.26,0.76,0.0,0.0,20.75,6089.6,0.0,0.12,0.12,0.13,0.0,0.01,0.0,0.01
2026-09-13 16:08:13,1.75,0.75,0.75,0.25,0.25,20.75,6089.6,0.0,0.11,0.12,0.13,0.0,0.0,0.0,0.01
2026-09-13 16:08:14,1.25,0.75,0.5,0.0,0.0,20.75,6089.6,0.0,0.11,0.12,0.13,0.0,0.0,0.0,0.01
2026-09-13 16:08:15,1.01,0.25,0.75,0.5,0.0,20.75,6090.2,0.0,0.11,0.12,0.13,0.0,0.02,0.0,0.01
2026-09-13 16:08:16,1.26,0.75,0.5,0.0,0.0,20.74,6090.9,0.0,0.11,0.12,0.13,0.0,0.01,0.0,0.01
2026-09-13 16:08:17,1.51,0.5,0.75,2.01,0.25,20.73,6091.4,0.0,0.11,0.12,0.13,0.0,0.22,2.07,0.02
2026-09-13 16:08:18,1.01,0.5,0.5,0.0,0.0,20.73,6091.2,0.0,0.1,0.12,0.12,0.0,0.0,0.0,0.01
2026-09-13 16:08:19,1.26,0.5,0.75,0.0,0.0,20.73,6091.2,0.0,0.1,0.12,0.12,0.0,0.0,0.0,0.01
2026-09-13 16:08:20,10.08,8.31,1.76,0.76,0.0,20.75,6090.0,0.0,0.1,0.12,0.12,0.0,0.06,0.01,0.01
2026-09-13 16:08:21,1.26,0.5,0.75,0.0,0.0,20.75,6089.9,0.0,0.1,0.12,0.12,0.0,0.0,0.32,0.01
2026-09-13 16:08:22,1.01,0.5,0.5,0.0,0.0,20.75,6089.8,0.0,0.1,0.12,0.12,0.0,0.0,1.76,0.01
2026-09-13 16:08:23,1.51,0.76,0.76,0.25,0.0,20.74,6090.9,0.0,0.17,0.13,0.13,0.0,0.0,0.0,0.01
2026-09-13 16:08:24,1.01,0.25,0.75,0.0,0.0,20.74,6090.6,0.0,0.17,0.13,0.13,0.0,0.0,0.0,0.01
2026-09-13 16:08:25,1.25,0.5,0.75,0.0,0.0,20.72,6092.2,0.0,0.17,0.13,0.13,0.0,0.01,0.0,0.01
2026-09-13 16:08:26,0.76,0.25,0.5,0.5,0.0,20.72,6092.3,0.0,0.17,0.13,0.13,0.0,0.01,0.0,0.0
2026-09-13 16:08:27,1.25,0.5,0.75,0.0,0.0,20.72,6092.2,0.0,0.17,0.13,0.13,0.0,0.0,0.31,0.01
2026-09-13 16:08:28,1.26,0.5,0.75,0.0,0.0,20.72,6092.3,0.0,0.16,0.13,0.13,0.0,0.0,1.76,0.01
2026-09-13 16:08:29,2.0,0.5,1.25,0.0,0.25,20.72,6092.3,0.0,0.16,0.13,0.13,0.0,0.01,0.0,0.01
2026-09-13 16:08:30,1.01,0.5,0.5,0.0,0.0,20.71,6092.6,0.0,0.16,0.13,0.13,0.0,0.38,0.0,0.0
2026-09-13 16:08:31,2.27,1.26,1.01,0.25,0.0,20.72,6092.4,0.0,0.16,0.13,0.13,0.0,0.0,0.0,0.01
2026-09-13 16:08:32,1.01,0.5,0.5,0.0,0.0,20.72,6092.1,0.0,0.16,0.13,0.13,0.0,0.0,0.0,0.01
2026-09-13 16:08:33,1.51,0.75,0.75,0.5,0.0,20.73,6091.0,0.0,0.15,0.13,0.13,0.0,0.0,0.0,0.02
2026-09-13 16:08:34,1.01,0.5,0.5,0.0,0.0,20.74,6090.9,0.0,0.15,0.13,0.13,0.0,0.0,0.32,0.01
2026-09-13 16:08:35,10.61,8.59,1.77,1.26,0.25,20.71,6093.0,0.0,0.15,0.13,0.13,0.0,0.04,1.77,0.02
2026-09-13 16:08:36,1.01,0.5,0.5,0.0,0.0,20.71,6093.0,0.0,0.15,0.13,0.13,0.0,0.01,0.0,0.01
2026-09-13 16:08:37,1.01,0.25,0.75,1.51,0.0,20.71,6093.1,0.0,0.15,0.13,0.13,0.0,1.14,0.0,0.01
2026-09-13 16:08:38,0.76,0.25,0.5,0.0,0.0,20.71,6093.1,0.0,0.13,0.12,0.13,0.0,0.0,0.0,0.01
2026-09-13 16:08:39,1.26,0.5,0.75,0.0,0.0,20.71,6093.1,0.0,0.13,0.12,0.13,0.0,0.0,0.0,0.01
2026-09-13 16:08:40,1.01,0.25,0.5,0.0,0.25,20.69,6094.2,0.0,0.13,0.12,0.13,0.0,0.0,0.0,0.0
2026-09-13 16:08:41,1.26,0.5,0.75,0.25,0.0,20.7,6093.9,0.0,0.13,0.12,0.13,0.0,0.01,0.31,0.01
2026-09-13 16:08:42,1.01,0.25,0.76,0.0,0.0,20.7,6093.4,0.0,0.13,0.12,0.13,0.0,0.0,1.76,0.01
2026-09-13 16:08:43,1.75,1.0,0.75,0.25,0.0,20.7,6093.5,0.0,0.2,0.14,0.13,0.0,0.0,0.0,0.01
2026-09-13 16:08:44,1.26,0.25,0.75,0.0,0.25,20.7,6093.5,0.0,0.2,0.14,0.13,0.0,0.0,0.0,0.01
2026-09-13 16:08:45,1.01,0.5,0.5,0.0,0.0,20.7,6093.5,0.0,0.2,0.14,0.13,0.0,0.0,0.0,0.01
2026-09-13 16:08:46,1.5,0.5,1.0,1.5,0.0,20.7,6093.5,0.0,0.2,0.14,0.13,0.0,0.58,0.0,0.01
2026-09-13 16:08:47,0.76,0.25,0.5,0.0,0.0,20.7,6093.5,0.0,0.2,0.14,0.13,0.0,0.0,0.0,0.01
2026-09-13 16:08:48,1.5,0.5,1.0,0.0,0.0,20.71,6093.0,0.0,0.19,0.14,0.13,0.0,0.0,0.31,0.01
2026-09-13 16:08:49,1.5,0.5,0.75,0.0,0.25,20.71,6093.0,0.0,0.19,0.14,0.13,0.0,0.0,1.77,0.03
2026-09-13 16:08:50,9.82,8.31,1.51,0.5,0.0,20.93,6075.6,0.0,0.19,0.14,0.13,0.0,0.03,0.0,0.01
2026-09-13 16:08:51,3.02,1.76,1.26,0.5,0.0,20.74,6090.7,0.0,0.19,0.14,0.13,0.0,0.01,0.0,0.01
2026-09-13 16:08:52,1.01,0.25,0.75,0.0,0.0,20.74,6090.8,0.0,0.19,0.14,0.13,0.0,0.0,0.0,0.01
2026-09-13 16:08:53,1.51,0.76,0.76,0.25,0.0,20.76,6089.3,0.0,0.17,0.13,0.13,0.0,0.0,0.31,0.01
2026-09-13 16:08:54,1.26,0.25,0.75,0.0,0.25,20.76,6089.4,0.0,0.17,0.13,0.13,0.0,0.0,1.76,0.02
2026-09-13 16:08:55,1.26,0.5,0.75,0.0,0.0,20.7,6093.3,0.0,0.17,0.13,0.13,0.0,0.0,0.0,0.01
2026-09-13 16:08:56,1.26,0.5,0.75,0.25,0.0,20.7,6093.3,0.0,0.17,0.13,0.13,0.0,0.02,0.0,0.01
2026-09-13 16:08:57,1.01,0.5,0.5,0.0,0.0,20.7,6093.3,0.0,0.17,0.13,0.13,0.0,0.0,0.0,0.01
2026-09-13 16:08:58,1.01,0.5,0.5,0.0,0.0,20.7,6093.3,0.0,0.16,0.13,0.13,0.0,0.0,0.31,0.01
2026-09-13 16:08:59,1.51,0.75,0.75,0.0,0.0,20.7,6093.3,0.0,0.16,0.13,0.13,0.0,0.0,1.76,0.02
2026-09-13 16:09:00,0.76,0.25,0.25,0.0,0.25,20.7,6093.3,0.0,0.16,0.13,0.13,0.0,0.0,0.0,0.0
2026-09-13 16:09:01,1.25,0.5,0.75,0.0,0.0,20.7,6093.3,0.0,0.16,0.13,0.13,0.0,0.0,0.0,0.01
2026-09-13 16:09:02,1.25,0.5,0.75,0.0,0.0,20.7,6093.3,0.0,0.16,0.13,0.13,0.0,0.0,0.0,0.0
2026-09-13 16:09:03,2.25,0.75,1.25,0.25,0.25,20.71,6092.8,0.0,0.14,0.13,0.13,0.0,0.0,0.0,0.02
2026-09-13 16:09:04,1.25,0.5,0.75,0.0,0.0,20.71,6092.9,0.0,0.14,0.13,0.13,0.0,0.0,0.31,0.01
2026-09-13 16:09:05,6.02,4.26,1.5,0.0,0.25,20.82,6084.3,0.0,0.14,0.13,0.13,0.0,0.0,1.77,0.02
2026-09-13 16:09:06,6.03,5.03,1.01,0.5,0.0,20.88,6080.1,0.0,0.14,0.13,0.13,0.0,0.02,0.0,0.01
2026-09-13 16:09:07,1.01,0.25,0.76,0.0,0.0,20.88,6080.1,0.0,0.14,0.13,0.13,0.0,0.0,0.0,0.0
2026-09-13 16:09:08,1.5,0.75,0.75,0.0,0.0,20.85,6081.7,0.0,0.13,0.13,0.13,0.0,0.0,0.0,0.01
2026-09-13 16:09:09,2.01,1.01,0.75,0.0,0.25,20.86,6081.4,0.0,0.13,0.13,0.13,0.0,0.0,0.0,0.0
2026-09-13 16:09:10,1.26,0.5,0.76,0.25,0.0,20.84,6082.9,0.0,0.13,0.13,0.13,0.0,0.01,0.0,0.0
2026-09-13 16:09:12,1.01,0.5,0.5,0.0,0.0,20.78,6087.3,0.0,0.13,0.13,0.13,0.0,0.01,0.0,0.0
2026-09-13 16:09:13,1.01,0.25,0.75,0.5,0.0,20.77,6088.4,0.0,0.13,0.13,0.13,0.0,0.01,0.0,0.01
2026-09-13 16:09:14,2.01,1.0,1.0,0.0,0.0,20.78,6087.5,0.0,0.12,0.12,0.13,0.0,0.0,0.31,0.01
2026-09-13 16:09:15,1.26,0.5,0.5,0.0,0.25,20.77,6088.5,0.0,0.12,0.12,0.13,0.0,0.0,1.76,0.02
2026-09-13 16:09:16,1.01,0.25,0.76,0.0,0.0,20.76,6089.1,0.0,0.12,0.12,0.13,0.0,0.0,0.0,0.01
2026-09-13 16:09:17,1.01,0.25,0.75,1.51,0.0,20.76,6089.2,0.0,0.12,0.12,0.13,0.0,1.39,0.0,0.01
2026-09-13 16:09:18,1.01,0.25,0.75,0.0,0.0,20.75,6089.8,0.0,0.12,0.12,0.13,0.0,0.0,0.0,0.01
2026-09-13 16:09:19,1.26,0.5,0.75,0.0,0.0,20.75,6090.1,0.0,0.11,0.12,0.12,0.0,0.0,0.0,0.01
2026-09-13 16:09:20,0.76,0.25,0.51,0.0,0.0,20.74,6090.3,0.0,0.11,0.12,0.12,0.0,0.0,0.0,0.01
2026-09-13 16:09:21,1.76,0.75,1.01,0.0,0.0,20.75,6089.7,0.0,0.11,0.12,0.12,0.0,0.0,0.0,0.01
2026-09-13 16:09:22,10.03,8.02,1.75,0.5,0.25,20.77,6088.3,0.0,0.11,0.12,0.12,0.0,0.02,2.08,0.02
2026-09-13 16:09:23,0.76,0.25,0.5,0.0,0.0,20.77,6088.3,0.0,0.11,0.12,0.12,0.0,0.0,0.0,0.0
2026-09-13 16:09:24,2.01,1.01,1.01,0.0,0.0,20.77,6088.1,0.0,0.1,0.12,0.12,0.0,0.0,0.0,0.01
2026-09-13 16:09:25,1.01,0.5,0.5,0.0,0.0,20.77,6088.1,0.0,0.1,0.12,0.12,0.0,0.0,0.0,0.01
2026-09-13 16:09:26,1.01,0.25,0.76,0.0,0.0,20.77,6088.3,0.0,0.1,0.12,0.12,0.0,0.0,0.31,0.01
2026-09-13 16:09:27,1.01,0.5,0.5,0.0,0.0,20.74,6090.6,0.0,0.1,0.12,0.12,0.0,0.0,1.76,0.01
2026-09-13 16:09:28,1.26,0.5,0.75,0.25,0.0,20.74,6090.7,0.0,0.09,0.12,0.12,0.0,0.02,0.0,0.01
2026-09-13 16:09:29,1.51,0.5,0.75,0.0,0.25,20.74,6090.7,0.0,0.09,0.12,0.12,0.0,0.0,0.0,0.0
2026-09-13 16:09:30,1.51,1.01,0.5,0.25,0.0,20.74,6090.7,0.0,0.09,0.12,0.12,0.0,0.0,0.0,0.01
2026-09-13 16:09:31,1.25,0.5,0.75,0.25,0.0,20.74,6090.7,0.0,0.09,0.12,0.12,0.0,0.01,0.0,0.0
2026-09-13 16:09:32,0.76,0.25,0.51,0.0,0.0,20.74,6090.7,0.0,0.09,0.12,0.12,0.0,0.0,0.31,0.01
2026-09-13 16:09:33,1.01,0.25,0.75,0.0,0.0,20.74,6090.7,0.0,0.09,0.11,0.12,0.0,0.0,1.76,0.02
2026-09-13 16:09:34,1.26,0.76,0.51,0.25,0.0,20.76,6088.8,0.0,0.09,0.11,0.12,0.0,0.0,0.0,0.02
2026-09-13 16:09:35,1.5,0.5,1.0,0.0,0.0,20.76,6088.8,0.0,0.09,0.11,0.12,0.0,0.0,0.0,0.01
2026-09-13 16:09:36,1.25,0.5,0.5,0.0,0.25,20.76,6088.8,0.0,0.09,0.11,0.12,0.0,0.0,0.0,0.01
2026-09-13 16:09:37,10.3,8.54,1.76,2.01,0.0,20.82,6084.4,0.0,0.09,0.11,0.12,0.0,0.03,0.01,0.01
2026-09-13 16:09:38,1.26,0.5,0.75,0.0,0.0,20.82,6084.4,0.0,0.08,0.11,0.12,0.0,0.0,0.0,0.01
2026-09-13 16:09:39,0.76,0.25,0.5,0.0,0.0,20.82,6084.4,0.0,0.08,0.11,0.12,0.0,0.0,0.31,0.01
2026-09-13 16:09:40,1.26,0.5,0.75,0.0,0.0,20.81,6085.0,0.0,0.08,0.11,0.12,0.0,0.0,1.76,0.02
2026-09-13 16:09:41,1.01,0.5,0.5,0.0,0.0,20.81,6085.4,0.0,0.08,0.11,0.12,0.0,0.0,0.0,0.01
2026-09-13 16:09:42,0.76,0.25,0.5,0.0,0.0,20.73,6091.1,0.0,0.08,0.11,0.12,0.0,0.0,0.0,0.0
2026-09-13 16:09:43,1.26,0.5,0.75,0.25,0.0,20.73,6091.4,0.0,0.07,0.11,0.12,0.0,0.01,0.0,0.01
2026-09-13 16:09:44,1.75,0.75,0.75,0.25,0.25,20.75,6090.1,0.0,0.07,0.11,0.12,0.0,0.01,0.31,0.01
2026-09-13 16:09:45,1.01,0.5,0.5,0.0,0.0,20.75,6089.9,0.0,0.07,0.11,0.12,0.0,0.0,1.76,0.02
2026-09-13 16:09:46,1.25,0.25,0.75,0.0,0.25,20.75,6089.9,0.0,0.07,0.11,0.12,0.0,0.0,0.0,0.01
2026-09-13 16:09:47,1.01,0.5,0.5,0.0,0.0,20.75,6089.9,0.0,0.07,0.11,0.12,0.0,0.0,0.0,0.01
2026-09-13 16:09:48,1.25,0.5,0.75,0.0,0.0,20.75,6089.9,0.0,0.07,0.11,0.12,0.0,0.0,0.31,0.01
2026-09-13 16:09:49,2.02,1.51,0.5,0.25,0.0,20.73,6091.5,0.0,0.07,0.11,0.12,0.0,0.0,1.76,0.02
2026-09-13 16:09:50,1.5,0.5,1.0,0.0,0.0,20.73,6091.5,0.0,0.07,0.11,0.12,0.0,0.0,0.01,0.01
2026-09-13 16:09:51,1.01,0.5,0.5,0.0,0.0,20.72,6091.8,0.0,0.07,0.11,0.12,0.0,0.0,0.0,0.01
2026-09-13 16:09:52,10.58,8.82,1.51,2.02,0.25,20.73,6091.6,0.0,0.07,0.11,0.12,0.0,1.17,0.01,0.02
2026-09-13 16:09:53,0.76,0.25,0.51,0.0,0.0,20.73,6091.6,0.0,0.06,0.11,0.12,0.0,0.0,0.31,0.01
2026-09-13 16:09:54,1.52,1.01,0.51,0.0,0.0,20.76,6089.1,0.0,0.06,0.11,0.12,0.0,0.0,1.76,0.02
2026-09-13 16:09:55,1.26,0.25,0.75,0.0,0.25,20.76,6089.1,0.0,0.06,0.11,0.12,0.0,0.0,0.0,0.01
2026-09-13 16:09:56,1.25,0.5,0.75,0.0,0.0,20.76,6089.1,0.0,0.06,0.11,0.12,0.0,0.0,0.0,0.01
2026-09-13 16:09:57,1.25,0.5,0.75,0.0,0.0,20.71,6092.7,0.0,0.06,0.11,0.12,0.0,0.0,0.0,0.01
2026-09-13 16:09:58,1.01,0.25,0.76,0.5,0.0,20.7,6093.5,0.0,0.22,0.14,0.13,0.0,0.02,2.08,0.02
2026-09-13 16:09:59,1.01,0.5,0.5,0.0,0.0,20.7,6093.9,0.0,0.22,0.14,0.13,0.0,0.0,0.0,0.01
2026-09-13 16:10:00,1.26,0.75,0.5,0.0,0.0,20.7,6093.9,0.0,0.22,0.14,0.13,0.0,0.0,0.0,0.01
2026-09-13 16:10:01,1.01,0.5,0.5,0.0,0.0,20.7,6093.9,0.0,0.22,0.14,0.13,0.0,0.0,0.0,0.0
2026-09-13 16:10:02,1.01,0.0,0.76,0.0,0.25,20.7,6093.6,0.0,0.22,0.14,0.13,0.0,0.0,0.31,0.01
2026-09-13 16:10:03,1.25,0.5,0.75,0.0,0.0,20.7,6093.6,0.0,0.2,0.14,0.13,0.0,0.0,1.76,0.01
2026-09-13 16:10:04,1.26,0.76,0.51,0.25,0.0,20.74,6090.5,0.0,0.2,0.14,0.13,0.0,0.0,0.0,0.01
2026-09-13 16:10:05,1.26,0.5,0.75,0.0,0.0,20.74,6090.5,0.0,0.2,0.14,0.13,0.0,0.0,0.0,0.01
2026-09-13 16:10:06,1.5,0.5,0.75,0.0,0.25,20.74,6090.5,0.0,0.2,0.14,0.13,0.0,0.0,0.0,0.01
2026-09-13 16:10:07,10.3,8.54,1.76,0.5,0.0,20.77,6088.1,0.0,0.2,0.14,0.13,0.0,0.02,0.32,0.01
2026-09-13 16:10:08,2.02,1.26,0.76,0.0,0.0,20.78,6087.4,0.0,0.18,0.13,0.13,0.0,0.0,1.76,0.02
2026-09-13 16:10:09,1.01,0.5,0.5,0.0,0.0,20.77,6087.9,0.0,0.18,0.13,0.13,0.0,0.0,0.0,0.01
2026-09-13 16:10:10,1.01,0.5,0.5,0.0,0.0,20.77,6088.3,0.0,0.18,0.13,0.13,0.0,0.0,0.0,0.01
2026-09-13 16:10:11,1.01,0.5,0.5,0.0,0.0,20.76,6088.9,0.0,0.18,0.13,0.13,0.0,0.0,0.0,0.0
2026-09-13 16:10:12,1.5,0.5,0.75,1.0,0.25,20.69,6094.6,0.0,0.18,0.13,0.13,0.0,0.02,0.0,0.0
2026-09-13 16:10:13,0.76,0.25,0.5,0.0,0.0,20.69,6094.6,0.0,0.17,0.13,0.13,0.0,0.0,2.07,0.02
2026-09-13 16:10:14,1.75,1.0,0.75,0.25,0.0,20.69,6094.6,0.0,0.17,0.13,0.13,0.0,0.0,0.0,0.01
2026-09-13 16:10:15,0.76,0.25,0.5,0.0,0.0,20.69,6094.6,0.0,0.17,0.13,0.13,0.0,0.0,0.0,0.01
2026-09-13 16:10:16,1.26,0.5,0.75,0.0,0.0,20.69,6094.6,0.0,0.17,0.13,0.13,0.0,0.0,0.0,0.01
2026-09-13 16:10:17,0.76,0.25,0.5,0.0,0.0,20.69,6094.6,0.0,0.17,0.13,0.13,0.0,0.0,0.31,0.01
2026-09-13 16:10:18,1.01,0.25,0.5,0.0,0.25,20.69,6094.6,0.0,0.15,0.13,0.12,0.0,0.0,1.76,0.02
2026-09-13 16:10:19,1.01,0.51,0.51,0.0,0.0,20.7,6093.9,0.0,0.15,0.13,0.12,0.0,0.0,0.0,0.01
2026-09-13 16:10:20,1.25,0.5,0.75,0.0,0.0,20.7,6093.9,0.0,0.15,0.13,0.12,0.0,0.0,0.0,0.01
2026-09-13 16:10:21,1.26,0.5,0.75,0.0,0.0,20.7,6094.0,0.0,0.15,0.13,0.12,0.0,0.0,0.0,0.01
2026-09-13 16:10:22,10.1,8.59,1.52,0.76,0.0,20.74,6090.6,0.0,0.15,0.13,0.12,0.0,0.03,0.01,0.01
2026-09-13 16:10:23,1.01,0.25,0.75,0.0,0.0,20.75,6090.1,0.0,0.14,0.13,0.12,0.0,0.0,0.0,0.0
2026-09-13 16:10:24,1.51,0.75,0.75,0.25,0.0,20.75,6089.8,0.0,0.14,0.13,0.12,0.0,0.0,0.0,0.01
2026-09-13 16:10:25,1.26,0.5,0.75,0.0,0.0,20.75,6089.8,0.0,0.14,0.13,0.12,0.0,0.0,0.31,0.01
2026-09-13 16:10:26,1.26,0.25,0.75,0.0,0.25,20.76,6089.4,0.0,0.14,0.13,0.12,0.0,0.0,1.76,0.01
2026-09-13 16:10:27,2.02,1.26,0.76,0.0,0.0,20.7,6093.4,0.0,0.14,0.13,0.12,0.0,0.0,0.0,0.0
2026-09-13 16:10:28,1.01,0.5,0.5,0.25,0.0,20.71,6093.2,0.0,0.13,0.12,0.12,0.0,0.02,0.0,0.0
2026-09-13 16:10:29,1.01,0.25,0.75,0.0,0.0,20.71,6093.2,0.0,0.13,0.12,0.12,0.0,0.01,0.0,0.0
2026-09-13 16:10:30,1.01,0.5,0.5,1.26,0.0,20.7,6093.5,0.0,0.13,0.12,0.12,0.0,1.14,0.0,0.01
2026-09-13 16:10:31,1.01,0.25,0.5,0.0,0.25,20.7,6093.5,0.0,0.13,0.12,0.12,0.0,0.0,0.0,0.0
2026-09-13 16:10:32,1.25,0.5,0.75,0.0,0.0,20.71,6093.0,0.0,0.13,0.12,0.12,0.0,0.0,0.0,0.01
2026-09-13 16:10:33,1.26,0.5,0.75,0.25,0.0,20.71,6093.0,0.0,0.12,0.12,0.12,0.0,0.01,0.31,0.01
2026-09-13 16:10:34,1.51,0.76,0.76,0.25,0.0,20.72,6091.8,0.0,0.12,0.12,0.12,0.0,0.0,0.0,0.02
2026-09-13 16:10:35,1.26,0.5,0.5,0.0,0.25,20.72,6091.8,0.0,0.12,0.12,0.12,0.0,0.0,1.76,0.02
2026-09-13 16:10:36,1.25,0.5,0.75,0.0,0.0,20.72,6091.8,0.0,0.12,0.12,0.12,0.0,0.0,0.0,0.01
2026-09-13 16:10:37,10.38,8.61,1.77,0.51,0.0,20.9,6078.1,0.0,0.12,0.12,0.12,0.0,0.02,0.01,0.01
2026-09-13 16:10:38,0.76,0.25,0.5,0.0,0.0,20.9,6078.1,0.0,0.11,0.12,0.12,0.0,0.0,0.0,0.01
2026-09-13 16:10:39,1.5,0.5,1.0,0.5,0.0,20.9,6078.5,0.0,0.11,0.12,0.12,0.0,0.02,0.0,0.01
2026-09-13 16:10:40,1.01,0.5,0.5,0.0,0.0,20.88,6080.0,0.0,0.11,0.12,0.12,0.0,0.0,0.0,0.0
2026-09-13 16:10:41,1.01,0.25,0.75,0.0,0.0,20.86,6081.6,0.0,0.11,0.12,0.12,0.0,0.0,0.0,0.01
2026-09-13 16:10:42,1.01,0.5,0.5,0.0,0.0,20.82,6084.5,0.0,0.11,0.12,0.12,0.0,0.0,0.0,0.0
2026-09-13 16:10:43,1.25,0.25,0.75,0.0,0.25,20.81,6085.5,0.0,0.26,0.15,0.13,0.0,0.01,0.0,0.01
2026-09-13 16:10:44,1.51,0.76,0.76,0.25,0.0,20.8,6086.3,0.0,0.26,0.15,0.13,0.0,0.0,0.0,0.01
2026-09-13 16:10:45,1.01,0.5,0.5,0.0,0.0,20.78,6087.5,0.0,0.26,0.15,0.13,0.0,0.0,0.0,0.01
2026-09-13 16:10:46,1.77,1.52,0.25,0.0,0.0,20.78,6087.5,0.0,0.26,0.15,0.13,0.0,0.0,0.31,0.01
2026-09-13 16:10:47,0.76,0.25,0.51,0.0,0.0,20.78,6087.8,0.0,0.26,0.15,0.13,0.0,0.0,1.2,0.01
2026-09-13 16:10:48,1.75,0.5,1.0,0.0,0.25,20.77,6088.1,0.0,0.32,0.16,0.14,0.0,0.0,0.56,0.01
2026-09-13 16:10:49,1.26,0.75,0.5,0.0,0.0,20.76,6088.8,0.0,0.32,0.16,0.14,0.0,0.0,0.0,0.01
2026-09-13 16:10:50,1.26,0.5,0.75,0.0,0.0,20.76,6088.8,0.0,0.32,0.16,0.14,0.0,0.0,0.0,0.01
2026-09-13 16:10:51,1.01,0.25,0.75,0.0,0.0,20.75,6089.5,0.0,0.32,0.16,0.14,0.0,0.01,0.0,0.01
2026-09-13 16:10:52,6.02,4.26,1.75,0.0,0.0,20.81,6085.4,0.0,0.32,0.16,0.14,0.0,0.0,0.0,0.02
2026-09-13 16:10:53,5.79,4.53,1.01,1.26,0.25,20.79,6086.9,0.0,0.29,0.16,0.13,0.0,0.04,0.0,0.0
2026-09-13 16:10:54,1.51,1.01,0.5,0.25,0.0,20.8,6085.7,0.0,0.29,0.16,0.13,0.0,0.0,0.0,0.01
2026-09-13 16:10:55,1.01,0.25,0.76,0.0,0.0,20.79,6086.4,0.0,0.29,0.16,0.13,0.0,0.0,0.0,0.01
2026-09-13 16:10:56,0.76,0.5,0.25,0.0,0.0,20.78,6087.5,0.0,0.29,0.16,0.13,0.0,0.0,0.0,0.01
2026-09-13 16:10:57,1.25,0.5,0.75,0.0,0.0,20.76,6089.2,0.0,0.29,0.16,0.13,0.0,0.0,0.0,0.01
2026-09-13 16:10:58,0.76,0.25,0.5,0.0,0.0,20.67,6096.1,0.0,0.27,0.16,0.13,0.0,0.0,0.31,0.01
2026-09-13 16:10:59,1.51,0.75,0.75,0.25,0.0,20.68,6095.4,0.0,0.27,0.16,0.13,0.0,0.03,1.76,0.02
2026-09-13 16:11:00,1.75,0.75,0.75,0.0,0.25,20.68,6095.2,0.0,0.27,0.16,0.13,0.0,0.0,0.0,0.01
2026-09-13 16:11:01,0.76,0.25,0.5,0.0,0.0,20.68,6095.2,0.0,0.27,0.16,0.13,0.0,0.0,0.0,0.0
2026-09-13 16:11:02,1.01,0.25,0.75,0.0,0.0,20.68,6095.2,0.0,0.27,0.16,0.13,0.0,0.0,0.0,0.01
2026-09-13 16:11:03,1.25,0.5,0.75,0.0,0.0,20.68,6095.2,0.0,0.25,0.16,0.13,0.0,0.0,0.0,0.0
2026-09-13 16:11:04,1.27,0.76,0.51,0.25,0.0,20.69,6094.2,0.0,0.25,0.16,0.13,0.0,0.0,0.0,0.02
2026-09-13 16:11:05,2.5,1.5,1.0,0.25,0.0,20.71,6093.2,0.0,0.25,0.16,0.13,0.0,0.0,0.0,0.01
2026-09-13 16:11:06,1.26,0.5,0.5,0.0,0.25,20.71,6093.2,0.0,0.25,0.16,0.13,0.0,0.0,2.08,0.01
2026-09-13 16:11:07,2.01,1.26,0.75,0.0,0.0,20.73,6091.3,0.0,0.25,0.16,0.13,0.0,0.0,0.0,0.01
2026-09-13 16:11:08,9.77,8.27,1.5,2.01,0.0,20.68,6094.9,0.0,0.23,0.15,0.13,0.0,1.16,0.0,0.01
2026-09-13 16:11:09,1.01,0.25,0.75,0.0,0.0,20.69,6094.7,0.0,0.23,0.15,0.13,0.0,0.0,0.0,0.01
2026-09-13 16:11:10,1.25,0.25,1.0,0.0,0.0,20.69,6094.7,0.0,0.23,0.15,0.13,0.0,0.0,0.0,0.0
2026-09-13 16:11:11,0.76,0.51,0.25,0.0,0.0,20.69,6094.7,0.0,0.23,0.15,0.13,0.0,0.0,0.31,0.0
2026-09-13 16:11:12,1.5,0.75,0.75,0.0,0.0,20.69,6094.7,0.0,0.23,0.15,0.13,0.0,0.0,0.0,0.0
2026-09-13 16:11:13,1.5,0.5,0.75,0.0,0.25,20.67,6095.7,0.0,0.21,0.15,0.13,0.0,0.0,1.76,0.01
2026-09-13 16:11:14,1.26,0.76,0.5,0.76,0.0,20.69,6094.0,0.0,0.21,0.15,0.13,0.0,0.02,0.0,0.01
2026-09-13 16:11:15,1.25,0.5,0.75,0.0,0.0,20.69,6094.0,0.0,0.21,0.15,0.13,0.0,0.0,0.0,0.01
2026-09-13 16:11:16,0.76,0.25,0.51,0.0,0.0,20.69,6094.0,0.0,0.21,0.15,0.13,0.0,0.0,0.0,0.01
2026-09-13 16:11:17,1.75,0.75,1.0,0.0,0.0,20.69,6094.0,0.0,0.21,0.15,0.13,0.0,0.0,0.0,0.0
2026-09-13 16:11:18,1.01,0.25,0.75,0.0,0.0,20.69,6094.0,0.0,0.27,0.16,0.14,0.0,0.0,0.0,0.01
2026-09-13 16:11:19,1.26,0.75,0.5,0.0,0.0,20.7,6093.6,0.0,0.27,0.16,0.14,0.0,0.0,0.0,0.01
2026-09-13 16:11:20,1.26,0.25,0.76,0.25,0.25,20.7,6093.6,0.0,0.27,0.16,0.14,0.0,0.01,0.0,0.01
2026-09-13 16:11:21,1.01,0.25,0.75,0.0,0.0,20.7,6093.4,0.0,0.27,0.16,0.14,0.0,0.0,0.0,0.01
2026-09-13 16:11:22,1.25,0.5,0.75,0.0,0.0,20.71,6093.2,0.0,0.27,0.16,0.14,0.0,0.01,0.0,0.01
2026-09-13 16:11:23,10.33,8.56,1.76,0.5,0.0,20.68,6095.5,0.0,0.25,0.16,0.13,0.0,0.03,0.01,0.01
2026-09-13 16:11:24,2.51,1.76,0.75,0.5,0.0,20.71,6093.0,0.0,0.25,0.16,0.13,0.0,0.0,0.31,0.01
2026-09-13 16:11:25,1.01,0.25,0.5,0.0,0.25,20.71,6093.0,0.0,0.25,0.16,0.13,0.0,0.0,0.0,0.01
2026-09-13 16:11:26,1.01,0.25,0.75,0.0,0.0,20.71,6092.6,0.0,0.25,0.16,0.13,0.0,0.0,1.76,0.02
2026-09-13 16:11:27,1.25,0.75,0.5,0.0,0.0,20.71,6092.6,0.0,0.25,0.16,0.13,0.0,0.0,0.0,0.0
2026-09-13 16:11:28,1.01,0.5,0.5,0.0,0.0,20.7,6093.9,0.0,0.23,0.16,0.13,0.0,0.0,0.0,0.01
2026-09-13 16:11:29,1.01,0.25,0.76,0.25,0.0,20.7,6093.6,0.0,0.23,0.16,0.13,0.0,0.03,0.0,0.01
2026-09-13 16:11:30,1.25,0.5,0.5,0.0,0.25,20.7,6093.6,0.0,0.23,0.16,0.13,0.0,0.0,0.0,0.01
2026-09-13 16:11:31,1.01,0.25,0.75,0.0,0.0,20.7,6093.6,0.0,0.23,0.16,0.13,0.0,0.01,0.0,0.0
2026-09-13 16:11:32,1.5,0.75,0.75,0.0,0.0,20.7,6093.4,0.0,0.23,0.16,0.13,0.0,0.0,0.31,0.01
2026-09-13 16:11:33,1.25,0.5,0.75,0.0,0.0,20.7,6093.4,0.0,0.21,0.15,0.13,0.0,0.0,0.0,0.01
2026-09-13 16:11:34,1.76,0.76,1.01,0.25,0.0,20.72,6092.3,0.0,0.21,0.15,0.13,0.0,0.01,0.0,0.02
2026-09-13 16:11:35,1.01,0.25,0.76,0.0,0.0,20.72,6092.3,0.0,0.21,0.15,0.13,0.0,0.0,0.0,0.01
2026-09-13 16:11:36,1.75,0.75,0.75,0.0,0.25,20.72,6092.3,0.0,0.21,0.15,0.13,0.0,0.0,1.76,0.01
2026-09-13 16:11:37,0.76,0.25,0.5,0.0,0.0,20.72,6092.0,0.0,0.21,0.15,0.13,0.0,0.0,0.0,0.01
2026-09-13 16:11:38,10.75,8.75,2.0,0.75,0.0,20.74,6090.3,0.0,0.28,0.17,0.14,0.0,0.02,0.01,0.01
2026-09-13 16:11:39,1.01,0.5,0.5,0.0,0.0,20.74,6090.3,0.0,0.28,0.17,0.14,0.0,0.0,0.0,0.01
2026-09-13 16:11:40,1.51,0.5,0.75,0.25,0.25,20.75,6090.0,0.0,0.28,0.17,0.14,0.0,0.01,0.0,0.01
2026-09-13 16:11:41,1.01,0.5,0.5,0.0,0.0,20.74,6090.6,0.0,0.28,0.17,0.14,0.0,0.0,0.0,0.01
2026-09-13 16:11:42,1.01,0.25,0.75,0.0,0.0,20.74,6090.9,0.0,0.28,0.17,0.14,0.0,0.0,0.0,0.01
2026-09-13 16:11:43,2.01,1.26,0.75,0.5,0.0,20.7,6093.7,0.0,0.25,0.17,0.14,0.0,0.0,0.0,0.01
2026-09-13 16:11:44,1.26,0.76,0.5,0.25,0.0,20.72,6091.9,0.0,0.25,0.17,0.14,0.0,0.0,0.31,0.02
2026-09-13 16:11:45,1.26,0.25,1.01,0.0,0.0,20.72,6092.0,0.0,0.25,0.17,0.14,0.0,0.0,1.76,0.02
2026-09-13 16:11:46,1.01,0.5,0.5,0.0,0.0,20.72,6091.7,0.0,0.25,0.17,0.14,0.0,0.0,0.0,0.01
2026-09-13 16:11:47,1.01,0.25,0.5,0.0,0.25,20.72,6091.7,0.0,0.25,0.17,0.14,0.0,0.0,0.0,0.01
2026-09-13 16:11:48,1.25,0.5,0.75,0.0,0.0,20.72,6091.7,0.0,0.23,0.16,0.14,0.0,0.0,0.0,0.01
2026-09-13 16:11:49,1.01,0.25,0.76,0.0,0.0,20.73,6091.3,0.0,0.23,0.16,0.14,0.0,0.0,0.32,0.01
2026-09-13 16:11:50,0.76,0.25,0.5,0.0,0.0,20.73,6091.1,0.0,0.23,0.16,0.14,0.0,0.0,1.76,0.02
2026-09-13 16:11:51,1.26,0.5,0.75,0.0,0.0,20.73,6091.1,0.0,0.23,0.16,0.14,0.0,0.0,0.0,0.01
2026-09-13 16:11:52,1.25,0.5,0.75,0.0,0.0,20.73,6091.1,0.0,0.23,0.16,0.14,0.0,0.0,0.0,0.01
2026-09-13 16:11:53,10.35,8.33,1.77,1.52,0.25,20.7,6093.4,0.0,0.21,0.16,0.13,0.0,1.16,0.01,0.01
2026-09-13 16:11:54,1.75,0.75,1.0,0.25,0.0,20.73,6091.3,0.0,0.21,0.16,0.13,0.0,0.0,0.0,0.01
2026-09-13 16:11:55,1.01,0.25,0.76,0.25,0.0,20.73,6091.3,0.0,0.21,0.16,0.13,0.0,0.01,0.0,0.01
2026-09-13 16:11:56,1.25,0.75,0.5,0.0,0.0,20.73,6091.0,0.0,0.21,0.16,0.13,0.0,0.0,0.0,0.01
2026-09-13 16:11:57,1.01,0.5,0.5,0.0,0.0,20.73,6091.0,0.0,0.21,0.16,0.13,0.0,0.0,0.31,0.01
2026-09-13 16:11:58,0.76,0.25,0.51,2.27,0.0,20.69,6094.5,0.0,0.2,0.16,0.13,0.0,0.03,1.76,0.02
2026-09-13 16:11:59,1.01,0.5,0.5,0.0,0.0,20.69,6094.5,0.0,0.2,0.16,0.13,0.0,0.0,0.0,0.01
2026-09-13 16:12:00,1.75,0.75,0.75,0.0,0.25,20.69,6094.5,0.0,0.2,0.16,0.13,0.0,0.0,0.0,0.01
2026-09-13 16:12:01,0.76,0.25,0.5,0.0,0.0,20.69,6094.5,0.0,0.2,0.16,0.13,0.0,0.0,0.0,0.0
2026-09-13 16:12:02,1.77,1.26,0.51,0.0,0.0,20.69,6094.3,0.0,0.2,0.16,0.13,0.0,0.01,0.0,0.01
2026-09-13 16:12:03,1.25,0.5,0.75,0.0,0.0,20.69,6094.3,0.0,0.18,0.15,0.13,0.0,0.0,0.0,0.0
2026-09-13 16:12:04,1.76,1.01,0.75,1.01,0.0,20.69,6094.6,0.0,0.18,0.15,0.13,0.0,0.05,0.0,0.01
2026-09-13 16:12:05,1.01,0.25,0.5,0.0,0.25,20.69,6094.6,0.0,0.18,0.15,0.13,0.0,0.0,0.31,0.01
2026-09-13 16:12:06,1.01,0.5,0.5,0.0,0.0,20.69,6094.6,0.0,0.18,0.15,0.13,0.0,0.0,1.76,0.01
2026-09-13 16:12:07,1.01,0.25,0.76,0.0,0.0,20.69,6094.6,0.0,0.18,0.15,0.13,0.0,0.0,0.0,0.01
2026-09-13 16:12:08,10.33,8.56,1.76,0.76,0.0,20.75,6089.6,0.0,0.25,0.17,0.14,0.0,0.03,0.01,0.01
2026-09-13 16:12:09,0.76,0.5,0.25,0.5,0.0,20.76,6089.4,0.0,0.25,0.17,0.14,0.0,0.03,0.0,0.01
2026-09-13 16:12:10,1.26,0.5,0.75,0.0,0.0,20.75,6089.4,0.0,0.25,0.17,0.14,0.0,0.04,0.0,0.01
2026-09-13 16:12:11,0.76,0.25,0.5,0.0,0.0,20.74,6090.9,0.0,0.25,0.17,0.14,0.0,0.0,0.0,0.0
2026-09-13 16:12:12,1.01,0.5,0.5,0.0,0.0,20.73,6091.2,0.0,0.25,0.17,0.14,0.0,0.0,0.0,0.0
2026-09-13 16:12:13,0.76,0.51,0.25,0.0,0.0,20.66,6096.9,0.0,0.23,0.17,0.14,0.0,0.0,0.0,0.01
2026-09-13 16:12:14,1.75,0.75,1.0,0.25,0.0,20.69,6094.5,0.0,0.23,0.17,0.14,0.0,0.0,0.31,0.01
2026-09-13 16:12:15,1.01,0.25,0.5,0.0,0.25,20.69,6094.5,0.0,0.23,0.17,0.14,0.0,0.0,0.0,0.01
2026-09-13 16:12:16,1.01,0.25,0.76,0.0,0.0,20.69,6094.5,0.0,0.23,0.17,0.14,0.0,0.0,1.76,0.02
2026-09-13 16:12:17,1.26,0.5,0.75,0.0,0.0,20.69,6094.5,0.0,0.23,0.17,0.14,0.0,0.0,0.0,0.01
2026-09-13 16:12:18,1.01,0.5,0.5,0.0,0.0,20.69,6094.5,0.0,0.21,0.16,0.14,0.0,0.0,0.0,0.01
2026-09-13 16:12:19,1.01,0.25,0.76,0.25,0.0,20.69,6094.3,0.0,0.21,0.16,0.14,0.0,0.01,0.0,0.01
2026-09-13 16:12:20,0.76,0.25,0.5,0.0,0.0,20.69,6094.3,0.0,0.21,0.16,0.14,0.0,0.0,0.0,0.01
2026-09-13 16:12:21,2.02,1.51,0.5,0.25,0.0,20.72,6092.0,0.0,0.21,0.16,0.14,0.0,0.0,0.0,0.01
2026-09-13 16:12:22,1.01,0.25,0.75,0.0,0.0,20.72,6092.0,0.0,0.21,0.16,0.14,0.0,0.0,0.31,0.01
2026-09-13 16:12:23,10.08,8.06,1.76,0.25,0.25,20.98,6072.4,0.0,0.27,0.18,0.14,0.0,0.02,1.77,0.02
2026-09-13 16:12:24,2.26,1.26,1.01,1.26,0.0,20.79,6087.0,0.0,0.27,0.18,0.14,0.0,1.16,0.0,0.01
2026-09-13 16:12:25,1.01,0.25,0.76,0.5,0.0,20.79,6087.0,0.0,0.27,0.18,0.14,0.0,0.01,0.0,0.01
2026-09-13 16:12:26,1.25,0.5,0.75,0.0,0.0,20.78,6087.1,0.0,0.27,0.18,0.14,0.0,0.0,0.0,0.01
2026-09-13 16:12:27,1.01,0.5,0.5,0.0,0.0,20.78,6087.8,0.0,0.27,0.18,0.14,0.0,0.0,0.0,0.0
2026-09-13 16:12:28,1.26,0.5,0.75,0.0,0.0,20.73,6091.7,0.0,0.25,0.17,0.14,0.0,0.0,0.0,0.01
2026-09-13 16:12:29,0.76,0.25,0.5,0.0,0.0,20.73,6091.7,0.0,0.25,0.17,0.14,0.0,0.0,0.0,0.01
2026-09-13 16:12:30,0.76,0.25,0.5,0.0,0.0,20.72,6091.8,0.0,0.25,0.17,0.14,0.0,0.0,0.0,0.0
2026-09-13 16:12:31,1.26,0.5,0.76,0.0,0.0,20.68,6095.5,0.0,0.25,0.17,0.14,0.0,0.0,2.07,0.02
2026-09-13 16:12:32,1.25,0.5,0.75,0.0,0.0,20.68,6095.5,0.0,0.25,0.17,0.14,0.0,0.0,0.0,0.01
2026-09-13 16:12:33,1.01,0.25,0.5,0.0,0.25,20.68,6095.5,0.0,0.23,0.17,0.14,0.0,0.0,0.0,0.01
2026-09-13 16:12:34,1.76,1.26,0.5,0.25,0.0,20.68,6095.2,0.0,0.23,0.17,0.14,0.0,0.0,0.0,0.01
2026-09-13 16:12:35,1.01,0.5,0.5,0.0,0.0,20.68,6095.2,0.0,0.23,0.17,0.14,0.0,0.0,0.31,0.01
2026-09-13 16:12:36,1.26,0.5,0.5,0.0,0.25,20.69,6094.4,0.0,0.23,0.17,0.14,0.0,0.0,0.27,0.01
2026-09-13 16:12:37,0.76,0.0,0.76,0.0,0.0,20.69,6094.4,0.0,0.23,0.17,0.14,0.0,0.0,1.49,0.01
2026-09-13 16:12:38,5.75,4.0,1.5,0.0,0.25,20.83,6083.4,0.0,0.21,0.17,0.14,0.0,0.0,0.01,0.01
2026-09-13 16:12:39,6.05,5.29,0.76,3.78,0.0,20.75,6089.9,0.0,0.21,0.17,0.14,0.0,0.04,0.0,0.0
2026-09-13 16:12:40,2.52,1.51,1.01,0.0,0.0,20.76,6088.7,0.0,0.21,0.17,0.14,0.0,0.0,0.0,0.0
2026-09-13 16:12:41,1.01,0.25,0.75,0.0,0.0,20.77,6088.2,0.0,0.21,0.17,0.14,0.0,0.0,0.0,0.0
2026-09-13 16:12:42,1.01,0.5,0.5,0.0,0.0,20.77,6088.0,0.0,0.21,0.17,0.14,0.0,0.0,0.31,0.01
2026-09-13 16:12:43,1.01,0.5,0.5,0.0,0.0,20.78,6087.8,0.0,0.19,0.16,0.14,0.0,0.0,1.76,0.02
2026-09-13 16:12:44,1.5,0.75,0.75,0.25,0.0,20.74,6090.3,0.0,0.19,0.16,0.14,0.0,0.0,0.0,0.01
2026-09-13 16:12:45,1.26,0.5,0.5,0.5,0.25,20.73,6091.2,0.0,0.19,0.16,0.14,0.0,0.03,0.0,0.01
2026-09-13 16:12:46,1.01,0.25,0.75,0.0,0.0,20.73,6091.6,0.0,0.19,0.16,0.14,0.0,0.0,0.0,0.01
2026-09-13 16:12:47,0.76,0.25,0.5,0.0,0.0,20.73,6091.6,0.0,0.19,0.16,0.14,0.0,0.0,0.0,0.01
2026-09-13 16:12:48,1.25,0.5,0.75,0.0,0.0,20.73,6091.2,0.0,0.18,0.16,0.14,0.0,0.0,0.31,0.01
2026-09-13 16:12:49,1.26,0.25,1.01,0.0,0.0,20.73,6091.0,0.0,0.18,0.16,0.14,0.0,0.0,0.0,0.02
2026-09-13 16:12:50,1.5,0.75,0.5,0.0,0.25,20.74,6090.9,0.0,0.18,0.16,0.14,0.0,0.0,1.76,0.02
2026-09-13 16:12:51,1.01,0.25,0.75,0.0,0.0,20.74,6090.4,0.0,0.18,0.16,0.14,0.0,0.0,0.0,0.02
2026-09-13 16:12:52,1.01,0.5,0.5,0.0,0.0,20.74,6090.4,0.0,0.18,0.16,0.14,0.0,0.0,0.0,0.01
2026-09-13 16:12:53,1.51,0.75,0.75,0.0,0.0,20.75,6089.6,0.0,0.16,0.16,0.13,0.0,0.0,0.0,0.01
2026-09-13 16:12:54,11.03,8.77,2.01,2.76,0.25,20.9,6078.5,0.0,0.16,0.16,0.13,0.0,1.16,0.0,0.01
2026-09-13 16:12:55,1.25,0.5,0.75,0.0,0.0,20.9,6078.3,0.0,0.16,0.16,0.13,0.0,0.03,0.0,0.01
2026-09-13 16:12:56,0.76,0.25,0.51,0.0,0.0,20.9,6078.5,0.0,0.16,0.16,0.13,0.0,0.0,0.0,0.01
2026-09-13 16:12:57,1.25,0.5,0.5,0.0,0.25,20.88,6080.0,0.0,0.16,0.16,0.13,0.0,0.0,0.0,0.01
2026-09-13 16:12:58,1.25,0.5,0.75,0.0,0.0,20.86,6081.5,0.0,0.15,0.16,0.13,0.0,0.0,0.0,0.01
2026-09-13 16:12:59,1.77,1.01,0.76,0.76,0.0,20.88,6079.9,0.0,0.15,0.16,0.13,0.0,0.01,2.08,0.02
2026-09-13 16:13:00,1.26,0.5,0.76,0.25,0.0,20.87,6080.8,0.0,0.15,0.16,0.13,0.0,0.01,0.0,0.0
2026-09-13 16:13:01,1.01,0.25,0.75,0.0,0.0,20.86,6081.6,0.0,0.15,0.16,0.13,0.0,0.0,0.0,0.01
2026-09-13 16:13:02,1.26,0.5,0.75,0.0,0.0,20.85,6082.5,0.0,0.15,0.16,0.13,0.0,0.0,0.0,0.0
2026-09-13 16:13:03,1.25,0.5,0.75,0.0,0.0,20.84,6082.9,0.0,0.14,0.15,0.13,0.0,0.0,0.0,0.02
2026-09-13 16:13:04,1.76,0.75,1.01,0.25,0.0,20.84,6083.2,0.0,0.14,0.15,0.13,0.0,0.01,0.31,0.01
2026-09-13 16:13:05,1.01,0.5,0.5,0.0,0.0,20.83,6083.9,0.0,0.14,0.15,0.13,0.0,0.0,1.76,0.01
2026-09-13 16:13:06,1.01,0.5,0.5,0.5,0.0,20.82,6084.6,0.0,0.14,0.15,0.13,0.0,0.02,0.0,0.0
2026-09-13 16:13:07,1.26,0.5,0.5,0.0,0.25,20.81,6085.1,0.0,0.14,0.15,0.13,0.0,0.0,0.0,0.01
2026-09-13 16:13:08,1.25,0.5,0.75,0.0,0.0,20.81,6085.6,0.0,0.13,0.15,0.13,0.0,0.0,0.0,0.01
2026-09-13 16:13:09,10.78,8.77,2.01,0.75,0.0,20.68,6095.2,0.0,0.13,0.15,0.13,0.0,0.03,0.01,0.01
2026-09-13 16:13:10,1.26,0.5,0.75,0.0,0.0,20.68,6095.2,0.0,0.13,0.15,0.13,0.0,0.0,0.0,0.0
2026-09-13 16:13:11,1.01,0.5,0.5,0.0,0.0,20.68,6095.2,0.0,0.13,0.15,0.13,0.0,0.0,0.0,0.01
2026-09-13 16:13:12,1.25,0.5,0.75,0.0,0.0,20.68,6095.2,0.0,0.13,0.15,0.13,0.0,0.0,0.0,0.01
2026-09-13 16:13:13,1.25,0.5,0.75,0.0,0.0,20.68,6095.2,0.0,0.12,0.15,0.13,0.0,0.0,0.31,0.01
2026-09-13 16:13:14,1.26,0.76,0.51,0.76,0.0,20.69,6094.6,0.0,0.12,0.15,0.13,0.0,0.01,1.76,0.01
2026-09-13 16:13:15,1.26,0.5,0.76,0.25,0.0,20.69,6094.6,0.0,0.12,0.15,0.13,0.0,0.02,0.0,0.01
2026-09-13 16:13:16,1.75,0.75,0.75,0.0,0.25,20.69,6094.3,0.0,0.12,0.15,0.13,0.0,0.0,0.0,0.01
2026-09-13 16:13:17,1.26,0.5,0.75,2.26,0.0,20.69,6094.3,0.0,0.12,0.15,0.13,0.0,0.25,0.0,0.01
2026-09-13 16:13:18,2.5,1.5,1.0,0.25,0.0,20.71,6092.7,0.0,0.11,0.14,0.13,0.0,0.0,0.0,0.01
2026-09-13 16:13:19,1.5,0.5,0.75,0.0,0.25,20.72,6092.5,0.0,0.11,0.14,0.13,0.0,0.0,0.0,0.01
2026-09-13 16:13:20,1.01,0.5,0.5,0.25,0.0,20.72,6092.5,0.0,0.11,0.14,0.13,0.0,0.01,0.0,0.01
2026-09-13 16:13:21,1.5,0.75,0.75,0.0,0.0,20.72,6092.5,0.0,0.11,0.14,0.13,0.0,0.0,0.0,0.01
2026-09-13 16:13:22,0.76,0.25,0.51,0.0,0.0,20.72,6092.2,0.0,0.11,0.14,0.13,0.0,0.0,0.0,0.01
2026-09-13 16:13:23,1.01,0.5,0.5,0.0,0.0,20.72,6092.2,0.0,0.1,0.14,0.13,0.0,0.0,0.31,0.01
2026-09-13 16:13:24,10.58,8.82,1.76,0.76,0.0,20.89,6078.8,0.0,0.1,0.14,0.13,0.0,0.05,0.01,0.01
2026-09-13 16:13:25,1.75,0.5,1.0,0.0,0.25,20.9,6078.4,0.0,0.1,0.14,0.13,0.0,0.01,1.76,0.01
2026-09-13 16:13:26,1.01,0.51,0.51,1.52,0.0,20.86,6081.4,0.0,0.1,0.14,0.13,0.0,1.15,0.0,0.01
2026-09-13 16:13:27,1.01,0.25,0.75,0.0,0.0,20.84,6083.0,0.0,0.1,0.14,0.13,0.0,0.0,0.0,0.0
2026-09-13 16:13:28,1.25,0.5,0.75,0.0,0.0,20.82,6084.5,0.0,0.09,0.14,0.13,0.0,0.0,0.0,0.01
2026-09-13 16:13:29,1.26,0.25,1.01,0.0,0.0,20.77,6088.2,0.0,0.09,0.14,0.13,0.0,0.0,0.0,0.01
2026-09-13 16:13:30,1.01,0.5,0.5,0.0,0.0,20.76,6088.9,0.0,0.09,0.14,0.13,0.0,0.07,0.0,0.0
2026-09-13 16:13:31,1.25,0.5,0.75,0.0,0.0,20.76,6089.1,0.0,0.09,0.14,0.13,0.0,0.0,0.0,0.01
2026-09-13 16:13:32,1.01,0.5,0.5,0.0,0.0,20.75,6089.6,0.0,0.09,0.14,0.13,0.0,0.0,0.0,0.01
2026-09-13 16:13:33,1.51,0.5,1.01,0.0,0.0,20.76,6089.3,0.0,0.08,0.14,0.13,0.0,0.0,0.32,0.02
2026-09-13 16:13:34,1.26,0.76,0.51,0.51,0.0,20.76,6089.2,0.0,0.08,0.14,0.13,0.0,0.0,0.0,0.01
2026-09-13 16:13:35,1.75,0.75,0.75,0.0,0.25,20.76,6089.2,0.0,0.08,0.14,0.13,0.0,0.0,1.76,0.02
2026-09-13 16:13:36,0.76,0.25,0.5,0.0,0.0,20.76,6089.2,0.0,0.08,0.14,0.13,0.0,0.01,0.0,0.01
2026-09-13 16:13:37,2.01,1.26,0.75,0.25,0.0,20.77,6088.2,0.0,0.08,0.14,0.13,0.0,0.0,0.0,0.01
2026-09-13 16:13:38,1.25,0.5,0.75,0.0,0.0,20.77,6088.4,0.0,0.08,0.13,0.13,0.0,0.0,0.01,0.01
2026-09-13 16:13:39,10.8,8.79,1.76,0.5,0.25,20.86,6081.5,0.0,0.08,0.13,0.13,0.0,0.02,0.01,0.01
2026-09-13 16:13:40,1.25,0.75,0.5,0.25,0.0,20.86,6081.5,0.0,0.08,0.13,0.13,0.0,0.01,0.0,0.01
2026-09-13 16:13:41,1.01,0.5,0.5,0.0,0.0,20.85,6081.9,0.0,0.08,0.13,0.13,0.0,0.01,0.0,0.01
2026-09-13 16:13:42,1.01,0.5,0.5,0.0,0.0,20.83,6083.6,0.0,0.08,0.13,0.13,0.0,0.0,0.0,0.01
2026-09-13 16:13:43,1.25,0.5,0.75,0.0,0.0,20.81,6085.3,0.0,0.07,0.13,0.12,0.0,0.0,0.0,0.01
2026-09-13 16:13:44,1.51,0.76,0.76,0.25,0.0,20.79,6087.1,0.0,0.07,0.13,0.12,0.0,0.0,0.31,0.01
2026-09-13 16:13:45,1.01,0.25,0.5,0.5,0.25,20.77,6088.3,0.0,0.07,0.13,0.12,0.0,0.01,0.0,0.01
2026-09-13 16:13:46,1.01,0.25,0.76,0.0,0.0,20.76,6089.3,0.0,0.07,0.13,0.12,0.0,0.01,0.0,0.01
2026-09-13 16:13:47,1.25,0.5,0.75,0.0,0.0,20.75,6089.8,0.0,0.07,0.13,0.12,0.0,0.0,1.76,0.02
2026-09-13 16:13:48,1.01,0.5,0.5,0.0,0.0,20.74,6090.4,0.0,0.06,0.13,0.12,0.0,0.0,0.0,0.01
2026-09-13 16:13:49,1.01,0.5,0.5,0.0,0.0,20.74,6090.9,0.0,0.06,0.13,0.12,0.0,0.0,0.0,0.01
2026-09-13 16:13:50,1.26,0.25,1.01,0.0,0.0,20.73,6091.5,0.0,0.06,0.13,0.12,0.0,0.0,0.0,0.01
2026-09-13 16:13:51,1.01,0.5,0.5,0.0,0.0,20.73,6091.7,0.0,0.06,0.13,0.12,0.0,0.0,0.0,0.02
2026-09-13 16:13:52,0.76,0.25,0.25,0.0,0.25,20.73,6091.2,0.0,0.06,0.13,0.12,0.0,0.01,0.0,0.01
2026-09-13 16:13:53,1.01,0.25,0.76,0.0,0.0,20.73,6091.2,0.0,0.06,0.13,0.12,0.0,0.0,0.0,0.01
2026-09-13 16:13:54,11.5,9.25,2.25,1.25,0.0,20.7,6093.4,0.0,0.06,0.13,0.12,0.0,0.02,0.01,0.01
2026-09-13 16:13:55,0.76,0.25,0.5,0.0,0.0,20.7,6093.4,0.0,0.06,0.13,0.12,0.0,0.0,0.0,0.01
2026-09-13 16:13:56,2.27,1.51,0.76,1.26,0.0,20.73,6091.2,0.0,0.06,0.13,0.12,0.0,1.14,0.0,0.01
2026-09-13 16:13:57,1.01,0.25,0.75,0.0,0.0,20.73,6091.1,0.0,0.06,0.13,0.12,0.0,0.01,0.0,0.01
2026-09-13 16:13:58,1.01,0.5,0.5,0.0,0.0,20.73,6091.2,0.0,0.05,0.12,0.12,0.0,0.0,0.0,0.01
2026-09-13 16:13:59,1.26,0.5,0.75,0.0,0.0,20.69,6094.1,0.0,0.05,0.12,0.12,0.0,0.0,0.31,0.01
2026-09-13 16:14:00,1.25,0.5,0.75,0.5,0.0,20.69,6094.2,0.0,0.05,0.12,0.12,0.0,0.01,0.0,0.0
2026-09-13 16:14:01,1.01,0.25,0.5,0.25,0.25,20.69,6094.2,0.0,0.05,0.12,0.12,0.0,0.01,0.0,0.01
2026-09-13 16:14:02,1.01,0.5,0.5,0.0,0.0,20.7,6093.9,0.0,0.05,0.12,0.12,0.0,0.0,1.76,0.01
2026-09-13 16:14:03,1.25,0.5,0.75,0.0,0.0,20.7,6093.7,0.0,0.05,0.12,0.12,0.0,0.0,0.0,0.01
2026-09-13 16:14:04,1.51,0.76,0.76,0.25,0.0,20.72,6092.2,0.0,0.05,0.12,0.12,0.0,0.0,0.0,0.01
2026-09-13 16:14:05,1.25,0.5,0.75,0.0,0.0,20.72,6092.2,0.0,0.05,0.12,0.12,0.0,0.0,0.0,0.01
2026-09-13 16:14:06,0.76,0.25,0.5,0.5,0.0,20.72,6092.2,0.0,0.05,0.12,0.12,0.0,0.01,0.0,0.01
2026-09-13 16:14:07,1.5,0.5,0.75,0.0,0.25,20.72,6091.9,0.0,0.05,0.12,0.12,0.0,0.01,0.0,0.0
2026-09-13 16:14:08,1.26,0.5,0.75,0.0,0.0,20.72,6091.7,0.0,0.04,0.12,0.12,0.0,0.0,0.0,0.01
2026-09-13 16:14:09,10.08,8.56,1.51,0.25,0.0,21.04,6067.5,0.0,0.04,0.12,0.12,0.0,0.02,0.0,0.01
2026-09-13 16:14:10,1.75,0.75,1.0,0.25,0.0,20.82,6084.7,0.0,0.04,0.12,0.12,0.0,0.0,0.0,0.0
2026-09-13 16:14:11,1.01,0.25,0.76,0.0,0.0,20.82,6084.7,0.0,0.04,0.12,0.12,0.0,0.0,0.0,0.0
2026-09-13 16:14:12,1.01,0.25,0.75,0.0,0.0,20.78,6087.2,0.0,0.04,0.12,0.12,0.0,0.0,0.0,0.01
2026-09-13 16:14:13,1.01,0.5,0.5,0.0,0.0,20.78,6087.2,0.0,0.04,0.12,0.12,0.0,0.0,0.0,0.01
2026-09-13 16:14:14,1.51,0.75,0.75,0.25,0.0,20.7,6093.4,0.0,0.04,0.12,0.12,0.0,0.0,0.0,0.01
2026-09-13 16:14:15,2.26,1.5,0.75,0.75,0.0,20.71,6093.1,0.0,0.04,0.12,0.12,0.0,0.01,0.0,0.01
2026-09-13 16:14:16,1.01,0.5,0.5,0.0,0.0,20.71,6093.2,0.0,0.04,0.12,0.12,0.0,0.01,0.31,0.01
2026-09-13 16:14:17,1.5,0.25,1.0,0.0,0.25,20.72,6092.5,0.0,0.04,0.12,0.12,0.0,0.0,1.76,0.02
2026-09-13 16:14:18,1.01,0.25,0.76,0.0,0.0,20.72,6092.3,0.0,0.04,0.12,0.12,0.0,0.0,0.0,0.01
2026-09-13 16:14:19,1.26,0.75,0.5,0.0,0.0,20.72,6092.2,0.0,0.04,0.12,0.12,0.0,0.0,0.0,0.01
2026-09-13 16:14:20,1.01,0.5,0.5,0.0,0.0,20.72,6092.2,0.0,0.04,0.12,0.12,0.0,0.0,0.0,0.01
2026-09-13 16:14:21,0.76,0.25,0.51,0.0,0.0,20.72,6092.2,0.0,0.04,0.12,0.12,0.0,0.01,0.0,0.01
2026-09-13 16:14:22,1.01,0.5,0.5,0.0,0.0,20.72,6092.0,0.0,0.04,0.12,0.12,0.0,0.0,0.0,0.01
2026-09-13 16:14:23,1.01,0.25,0.76,0.0,0.0,20.72,6092.0,0.0,0.03,0.11,0.12,0.0,0.0,0.0,0.01
2026-09-13 16:14:24,6.8,5.54,1.26,0.5,0.0,20.82,6084.7,0.0,0.03,0.11,0.12,0.0,0.01,0.32,0.01
2026-09-13 16:14:25,4.79,3.78,1.01,0.5,0.0,20.72,6092.2,0.0,0.03,0.11,0.12,0.0,0.02,0.0,0.01
2026-09-13 16:14:26,1.01,0.5,0.25,1.26,0.25,20.72,6092.0,0.0,0.03,0.11,0.12,0.0,1.39,1.76,0.01
2026-09-13 16:14:27,1.01,0.5,0.5,0.25,0.0,20.72,6092.0,0.0,0.03,0.11,0.12,0.0,0.01,0.0,0.0
2026-09-13 16:14:28,0.76,0.25,0.51,0.0,0.0,20.72,6091.8,0.0,0.11,0.13,0.12,0.0,0.01,0.0,0.01
2026-09-13 16:14:29,1.25,0.5,0.75,0.0,0.0,20.73,6091.3,0.0,0.11,0.13,0.12,0.0,0.0,0.0,0.01
2026-09-13 16:14:30,1.5,0.5,0.75,0.0,0.25,20.69,6094.6,0.0,0.11,0.13,0.12,0.0,0.0,0.0,0.0
2026-09-13 16:14:31,1.01,0.5,0.5,0.0,0.0,20.69,6094.7,0.0,0.11,0.13,0.12,0.0,0.0,0.0,0.01
2026-09-13 16:14:32,1.01,0.25,0.76,0.0,0.0,20.69,6094.7,0.0,0.11,0.13,0.12,0.0,0.0,0.0,0.01
2026-09-13 16:14:33,1.01,0.5,0.5,0.0,0.0,20.69,6094.1,0.0,0.1,0.13,0.12,0.0,0.0,0.0,0.02
2026-09-13 16:14:34,2.51,1.51,0.75,0.5,0.25,20.73,6091.1,0.0,0.1,0.13,0.12,0.0,0.0,0.0,0.01
2026-09-13 16:14:35,1.01,0.25,0.76,0.0,0.0,20.73,6091.1,0.0,0.1,0.13,0.12,0.0,0.0,0.31,0.01
2026-09-13 16:14:36,1.01,0.5,0.5,0.0,0.0,20.73,6091.1,0.0,0.1,0.13,0.12,0.0,0.0,0.0,0.01
2026-09-13 16:14:37,1.01,0.5,0.5,0.0,0.0,20.73,6091.0,0.0,0.1,0.13,0.12,0.0,0.0,1.76,0.01
2026-09-13 16:14:38,0.76,0.25,0.5,0.0,0.0,20.74,6090.7,0.0,0.09,0.12,0.12,0.0,0.0,0.0,0.01
2026-09-13 16:14:39,2.76,1.76,1.01,0.0,0.0,20.76,6088.8,0.0,0.09,0.12,0.12,0.0,0.0,0.0,0.01
2026-09-13 16:14:40,9.52,7.77,1.5,0.25,0.25,20.71,6093.0,0.0,0.09,0.12,0.12,0.0,0.02,0.0,0.01
2026-09-13 16:14:41,1.25,0.5,0.75,0.0,0.0,20.71,6093.0,0.0,0.09,0.12,0.12,0.0,0.0,0.0,0.0
2026-09-13 16:14:42,1.01,0.5,0.5,0.25,0.0,20.71,6093.0,0.0,0.09,0.12,0.12,0.0,0.01,0.0,0.01
2026-09-13 16:14:43,1.5,0.5,1.0,0.0,0.0,20.71,6093.0,0.0,0.09,0.12,0.12,0.0,0.0,0.0,0.01
2026-09-13 16:14:44,1.01,0.51,0.51,0.0,0.0,20.73,6091.3,0.0,0.09,0.12,0.12,0.0,0.0,0.0,0.01
2026-09-13 16:14:45,1.01,0.5,0.5,0.5,0.0,20.72,6092.3,0.0,0.09,0.12,0.12,0.0,0.01,0.0,0.01
2026-09-13 16:14:46,1.26,0.5,0.75,0.0,0.0,20.72,6092.3,0.0,0.09,0.12,0.12,0.0,0.0,0.0,0.01
2026-09-13 16:14:47,1.5,0.5,0.75,0.0,0.25,20.72,6092.3,0.0,0.09,0.12,0.12,0.0,0.0,0.0,0.01
2026-09-13 16:14:48,1.01,0.25,0.75,0.0,0.0,20.72,6092.0,0.0,0.08,0.12,0.12,0.0,0.0,0.0,0.01
2026-09-13 16:14:49,1.01,0.5,0.5,0.0,0.0,20.73,6091.2,0.0,0.08,0.12,0.12,0.0,0.0,0.0,0.01
2026-09-13 16:14:50,1.26,0.5,0.75,0.0,0.0,20.73,6091.2,0.0,0.08,0.12,0.12,0.0,0.0,0.0,0.01
2026-09-13 16:14:51,1.75,0.5,1.0,0.0,0.25,20.74,6090.9,0.0,0.08,0.12,0.12,0.0,0.0,0.0,0.01
2026-09-13 16:14:52,0.76,0.25,0.51,0.0,0.0,20.74,6090.9,0.0,0.08,0.12,0.12,0.0,0.0,0.0,0.01
2026-09-13 16:14:53,2.01,1.26,0.75,0.25,0.0,20.75,6089.4,0.0,0.07,0.12,0.12,0.0,0.0,0.0,0.01
2026-09-13 16:14:54,1.26,0.76,0.51,0.25,0.0,20.76,6089.0,0.0,0.07,0.12,0.12,0.0,0.01,0.31,0.01
2026-09-13 16:14:55,11.28,9.02,2.26,0.75,0.0,20.71,6092.5,0.0,0.07,0.12,0.12,0.0,0.03,0.01,0.01
2026-09-13 16:14:56,1.01,0.25,0.75,0.0,0.0,20.71,6092.5,0.0,0.07,0.12,0.12,0.0,0.0,0.0,0.01
2026-09-13 16:14:57,0.76,0.25,0.5,0.0,0.0,20.72,6092.3,0.0,0.07,0.12,0.12,0.0,0.0,1.76,0.01
2026-09-13 16:14:58,1.26,0.25,1.01,0.0,0.0,20.72,6092.4,0.0,0.15,0.13,0.12,0.0,0.0,0.0,0.01
2026-09-13 16:14:59,1.5,0.5,0.75,1.5,0.25,20.72,6092.4,0.0,0.15,0.13,0.12,0.0,1.39,0.0,0.01
2026-09-13 16:15:00,1.23,0.49,0.74,0.98,0.0,20.7,6093.6,0.0,0.15,0.13,0.12,0.0,0.02,0.0,0.0
2026-09-13 16:15:01,1.01,0.5,0.5,0.0,0.0,20.7,6093.6,0.0,0.15,0.13,0.12,0.0,0.0,0.0,0.01
2026-09-13 16:15:02,1.01,0.25,0.76,0.25,0.0,20.7,6093.6,0.0,0.15,0.13,0.12,0.0,0.01,0.0,0.0
2026-09-13 16:15:03,1.01,0.25,0.76,0.0,0.0,20.7,6093.3,0.0,0.13,0.13,0.12,0.0,0.0,0.0,0.02
2026-09-13 16:15:04,1.75,1.0,0.75,0.25,0.0,20.71,6093.2,0.0,0.13,0.13,0.12,0.0,0.0,0.0,0.01
2026-09-13 16:15:05,1.26,0.25,0.75,0.0,0.25,20.71,6093.0,0.0,0.13,0.13,0.12,0.0,0.0,0.0,0.01
2026-09-13 16:15:06,1.01,0.5,0.5,0.0,0.0,20.71,6093.0,0.0,0.13,0.13,0.12,0.0,0.0,0.0,0.01
2026-09-13 16:15:07,1.26,0.25,1.01,0.0,0.0,20.71,6093.0,0.0,0.13,0.13,0.12,0.0,0.0,0.0,0.01
2026-09-13 16:15:08,1.01,0.25,0.75,0.5,0.0,20.71,6093.0,0.0,0.12,0.13,0.12,0.0,0.01,0.0,0.01
2026-09-13 16:15:09,1.25,0.5,0.75,0.0,0.0,20.71,6093.0,0.0,0.12,0.13,0.12,0.0,0.0,0.0,0.0
2026-09-13 16:15:10,10.33,8.82,1.51,0.76,0.0,20.75,6090.0,0.0,0.12,0.13,0.12,0.0,0.03,0.01,0.01
2026-09-13 16:15:11,1.01,0.25,0.75,0.0,0.0,20.75,6090.0,0.0,0.12,0.13,0.12,0.0,0.0,0.0,0.0
2026-09-13 16:15:12,2.26,1.51,0.75,0.25,0.0,20.78,6087.8,0.0,0.12,0.13,0.12,0.0,0.0,0.0,0.01
2026-09-13 16:15:13,0.76,0.25,0.5,0.0,0.0,20.78,6087.8,0.0,0.11,0.12,0.12,0.0,0.0,0.0,0.01
2026-09-13 16:15:14,2.01,0.75,1.0,0.0,0.25,20.79,6086.6,0.0,0.11,0.12,0.12,0.0,0.0,0.31,0.01
2026-09-13 16:15:15,1.01,0.25,0.75,0.5,0.0,20.8,6085.9,0.0,0.11,0.12,0.12,0.0,0.01,0.0,0.01
2026-09-13 16:15:16,1.01,0.25,0.76,0.0,0.0,20.8,6086.1,0.0,0.11,0.12,0.12,0.0,0.0,1.76,0.02
2026-09-13 16:15:17,1.26,0.5,0.75,0.0,0.0,20.78,6087.2,0.0,0.11,0.12,0.12,0.0,0.0,0.0,0.01
2026-09-13 16:15:18,1.5,0.5,0.75,0.0,0.25,20.79,6086.9,0.0,0.1,0.12,0.12,0.0,0.0,0.0,0.01
2026-09-13 16:15:19,1.01,0.5,0.5,0.0,0.0,20.79,6087.0,0.0,0.1,0.12,0.12,0.0,0.0,0.0,0.01
2026-09-13 16:15:20,1.01,0.5,0.5,0.0,0.0,20.79,6087.1,0.0,0.1,0.12,0.12,0.0,0.0,0.0,0.01
2026-09-13 16:15:21,1.01,0.25,0.75,0.0,0.0,20.78,6087.3,0.0,0.1,0.12,0.12,0.0,0.0,0.0,0.01
2026-09-13 16:15:22,0.76,0.25,0.5,0.25,0.0,20.78,6087.4,0.0,0.1,0.12,0.12,0.0,0.01,0.0,0.01
2026-09-13 16:15:23,1.26,0.5,0.5,0.0,0.25,20.79,6087.1,0.0,0.1,0.12,0.12,0.0,0.0,0.0,0.01
2026-09-13 16:15:24,1.26,0.76,0.5,0.25,0.0,20.79,6087.1,0.0,0.1,0.12,0.12,0.0,0.0,0.0,0.01
2026-09-13 16:15:25,10.8,9.05,1.76,1.01,0.0,20.79,6087.1,0.0,0.1,0.12,0.12,0.0,0.02,0.32,0.01
2026-09-13 16:15:26,1.0,0.25,0.75,0.75,0.0,20.79,6086.4,0.0,0.1,0.12,0.12,0.0,0.05,1.76,0.01
2026-09-13 16:15:27,1.26,0.25,0.75,0.0,0.25,20.79,6086.4,0.0,0.1,0.12,0.12,0.0,0.0,0.0,0.0
2026-09-13 16:15:28,1.25,0.75,0.5,0.0,0.0,20.79,6086.4,0.0,0.09,0.12,0.12,0.0,0.0,0.0,0.01
2026-09-13 16:15:29,1.01,0.5,0.5,0.0,0.0,20.79,6086.8,0.0,0.09,0.12,0.12,0.0,0.0,0.0,0.01
2026-09-13 16:15:30,1.01,0.25,0.75,0.0,0.0,20.71,6092.8,0.0,0.09,0.12,0.12,0.0,0.0,0.0,0.0
2026-09-13 16:15:31,2.27,1.26,1.01,2.77,0.0,20.74,6090.9,0.0,0.09,0.12,0.12,0.0,1.42,0.0,0.01
2026-09-13 16:15:32,1.01,0.5,0.5,0.5,0.0,20.74,6090.6,0.0,0.09,0.12,0.12,0.0,0.01,0.0,0.01
2026-09-13 16:15:33,1.01,0.25,0.76,0.0,0.0,20.66,6096.4,0.0,0.08,0.11,0.12,0.0,0.0,0.32,0.02
2026-09-13 16:15:34,2.01,0.75,1.0,0.25,0.25,20.69,6094.5,0.0,0.08,0.11,0.12,0.0,0.0,1.76,0.02
2026-09-13 16:15:35,1.25,0.75,0.5,0.0,0.0,20.69,6094.2,0.0,0.08,0.11,0.12,0.0,0.0,0.0,0.01
2026-09-13 16:15:36,0.76,0.25,0.51,0.0,0.0,20.69,6094.2,0.0,0.08,0.11,0.12,0.0,0.0,0.0,0.01
2026-09-13 16:15:37,1.01,0.5,0.5,0.0,0.0,20.69,6094.2,0.0,0.08,0.11,0.12,0.0,0.0,0.0,0.01
2026-09-13 16:15:38,1.01,0.5,0.5,0.0,0.0,20.69,6094.2,0.0,0.07,0.11,0.11,0.0,0.0,0.31,0.01
2026-09-13 16:15:39,0.76,0.5,0.25,0.0,0.0,20.7,6094.0,0.0,0.07,0.11,0.11,0.0,0.0,1.76,0.01
2026-09-13 16:15:40,11.22,8.98,2.0,1.25,0.25,20.84,6082.6,0.0,0.07,0.11,0.11,0.0,0.02,0.01,0.01
2026-09-13 16:15:41,1.01,0.5,0.5,0.0,0.0,20.85,6082.2,0.0,0.07,0.11,0.11,0.0,0.01,0.0,0.01
2026-09-13 16:15:42,1.01,0.25,0.75,0.0,0.0,20.85,6082.2,0.0,0.07,0.11,0.11,0.0,0.0,0.0,0.01
2026-09-13 16:15:43,1.26,0.5,0.75,0.0,0.0,20.84,6082.9,0.0,0.07,0.11,0.11,0.0,0.01,0.0,0.01
2026-09-13 16:15:44,1.51,0.76,0.76,0.25,0.0,20.84,6083.0,0.0,0.07,0.11,0.11,0.0,0.0,0.31,0.01
2026-09-13 16:15:45,1.01,0.25,0.76,0.0,0.0,20.82,6084.2,0.0,0.07,0.11,0.11,0.0,0.0,1.76,0.02
2026-09-13 16:15:46,1.25,0.5,0.5,0.5,0.25,20.79,6086.4,0.0,0.07,0.11,0.11,0.0,0.01,0.0,0.01
2026-09-13 16:15:47,1.25,0.5,0.75,0.0,0.0,20.79,6087.1,0.0,0.07,0.11,0.11,0.0,0.0,0.0,0.01
2026-09-13 16:15:48,1.01,0.5,0.5,0.0,0.0,20.78,6087.8,0.0,0.06,0.11,0.11,0.0,0.0,0.0,0.01
2026-09-13 16:15:49,1.26,0.5,0.75,0.0,0.0,20.76,6088.9,0.0,0.06,0.11,0.11,0.0,0.0,0.0,0.01
2026-09-13 16:15:50,2.01,1.26,0.75,0.25,0.0,20.78,6087.5,0.0,0.06,0.11,0.11,0.0,0.0,0.31,0.01
2026-09-13 16:15:51,1.01,0.5,0.5,0.0,0.0,20.78,6087.6,0.0,0.06,0.11,0.11,0.0,0.0,1.76,0.02
2026-09-13 16:15:52,1.01,0.25,0.75,0.0,0.0,20.77,6088.1,0.0,0.06,0.11,0.11,0.0,0.0,0.0,0.01
2026-09-13 16:15:53,1.26,0.5,0.75,0.0,0.0,20.77,6088.5,0.0,0.06,0.11,0.11,0.0,0.0,0.0,0.01
2026-09-13 16:15:54,1.51,0.75,0.75,0.25,0.0,20.79,6087.1,0.0,0.06,0.11,0.11,0.0,0.0,0.0,0.01
2026-09-13 16:15:55,10.78,9.02,1.75,1.0,0.0,20.7,6093.3,0.0,0.06,0.11,0.11,0.0,0.02,0.01,0.01
2026-09-13 16:15:56,1.01,0.5,0.5,0.0,0.0,20.7,6093.4,0.0,0.06,0.11,0.11,0.0,0.01,0.0,0.01
2026-09-13 16:15:57,1.5,0.5,0.75,0.0,0.25,20.71,6093.2,0.0,0.06,0.11,0.11,0.0,0.0,0.0,0.01
2026-09-13 16:15:58,1.01,0.25,0.75,0.0,0.0,20.71,6093.2,0.0,0.05,0.1,0.11,0.0,0.0,0.31,0.01
2026-09-13 16:15:59,1.26,0.5,0.75,0.0,0.0,20.71,6093.2,0.0,0.05,0.1,0.11,0.0,0.0,0.0,0.01
2026-09-13 16:16:00,1.26,0.5,0.5,0.0,0.25,20.66,6097.0,0.0,0.05,0.1,0.11,0.0,0.0,1.76,0.01
2026-09-13 16:16:01,1.25,0.5,0.75,0.5,0.0,20.66,6096.8,0.0,0.05,0.1,0.11,0.0,0.02,0.0,0.01
2026-09-13 16:16:02,1.01,0.25,0.75,0.0,0.0,20.66,6096.8,0.0,0.05,0.1,0.11,0.0,0.0,0.0,0.0
2026-09-13 16:16:03,1.01,0.25,0.76,0.25,0.0,20.66,6096.6,0.0,0.05,0.1,0.11,0.0,0.02,0.0,0.01
2026-09-13 16:16:04,1.76,1.01,0.75,0.25,0.0,20.69,6094.5,0.0,0.05,0.1,0.11,0.0,0.0,0.0,0.01
2026-09-13 16:16:05,1.5,0.5,0.75,0.0,0.25,20.69,6094.5,0.0,0.05,0.1,0.11,0.0,0.0,0.0,0.01
2026-09-13 16:16:06,1.25,0.5,0.75,0.0,0.0,20.69,6094.5,0.0,0.05,0.1,0.11,0.0,0.0,0.0,0.0
2026-09-13 16:16:07,1.01,0.5,0.5,0.0,0.0,20.69,6094.3,0.0,0.05,0.1,0.11,0.0,0.0,0.0,0.01
2026-09-13 16:16:08,0.76,0.25,0.51,0.0,0.0,20.69,6094.3,0.0,0.04,0.1,0.11,0.0,0.0,0.0,0.01
2026-09-13 16:16:09,2.01,1.26,0.75,0.75,0.0,20.7,6093.8,0.0,0.04,0.1,0.11,0.0,0.01,0.0,0.01
2026-09-13 16:16:10,9.07,7.56,1.51,0.0,0.0,20.93,6076.3,0.0,0.04,0.1,0.11,0.0,0.02,0.0,0.01
2026-09-13 16:16:11,2.51,1.51,1.01,1.51,0.0,20.79,6086.4,0.0,0.04,0.1,0.11,0.0,1.4,0.0,0.01
2026-09-13 16:16:12,1.5,0.5,0.75,0.0,0.25,20.79,6086.8,0.0,0.04,0.1,0.11,0.0,0.0,0.0,0.01
2026-09-13 16:16:13,0.76,0.25,0.51,0.0,0.0,20.79,6087.0,0.0,0.04,0.1,0.11,0.0,0.0,0.0,0.01
2026-09-13 16:16:14,1.75,1.0,0.75,0.25,0.0,20.79,6086.7,0.0,0.04,0.1,0.11,0.0,0.0,0.0,0.01
2026-09-13 16:16:15,1.01,0.25,0.76,0.0,0.0,20.74,6090.9,0.0,0.04,0.1,0.11,0.0,0.0,0.31,0.01
2026-09-13 16:16:16,1.26,0.75,0.5,0.5,0.0,20.74,6090.9,0.0,0.04,0.1,0.11,0.0,0.01,0.0,0.01
2026-09-13 16:16:17,1.01,0.5,0.5,0.0,0.0,20.74,6090.8,0.0,0.04,0.1,0.11,0.0,0.0,0.0,0.01
2026-09-13 16:16:18,1.01,0.5,0.5,0.0,0.0,20.74,6090.6,0.0,0.04,0.1,0.11,0.0,0.0,0.0,0.01
2026-09-13 16:16:19,1.75,0.5,1.0,0.0,0.25,20.74,6090.3,0.0,0.04,0.1,0.11,0.0,0.0,1.76,0.02
2026-09-13 16:16:20,1.01,0.25,0.75,0.0,0.0,20.74,6090.3,0.0,0.04,0.1,0.11,0.0,0.0,0.0,0.01
2026-09-13 16:16:21,1.01,0.25,0.76,0.0,0.0,20.74,6090.3,0.0,0.04,0.1,0.11,0.0,0.0,0.0,0.01
2026-09-13 16:16:22,0.76,0.25,0.5,0.0,0.0,20.74,6090.3,0.0,0.04,0.1,0.11,0.0,0.0,0.0,0.0
2026-09-13 16:16:23,1.26,0.5,0.75,0.0,0.0,20.74,6090.3,0.0,0.03,0.1,0.11,0.0,0.0,0.0,0.01
2026-09-13 16:16:24,1.51,1.01,0.5,0.5,0.0,20.75,6090.1,0.0,0.03,0.1,0.11,0.0,0.01,0.0,0.01
2026-09-13 16:16:25,5.79,4.28,1.51,0.0,0.0,20.89,6079.4,0.0,0.03,0.1,0.11,0.0,0.0,2.08,0.02
2026-09-13 16:16:26,6.03,4.52,1.26,0.25,0.25,20.8,6085.8,0.0,0.03,0.1,0.11,0.0,0.02,0.0,0.01
2026-09-13 16:16:27,1.25,0.5,0.75,0.0,0.0,20.8,6086.1,0.0,0.03,0.1,0.11,0.0,0.0,0.0,0.01
2026-09-13 16:16:28,2.02,1.26,0.76,0.25,0.0,20.79,6086.6,0.0,0.19,0.13,0.12,0.0,0.0,0.0,0.01
2026-09-13 16:16:29,0.76,0.25,0.5,0.5,0.0,20.79,6086.8,0.0,0.19,0.13,0.12,0.0,0.01,0.0,0.01
2026-09-13 16:16:30,1.25,0.5,0.75,0.0,0.0,20.78,6087.1,0.0,0.19,0.13,0.12,0.0,0.0,0.0,0.0
2026-09-13 16:16:31,1.01,0.5,0.5,0.0,0.0,20.76,6089.1,0.0,0.19,0.13,0.12,0.0,0.0,0.0,0.01
2026-09-13 16:16:32,1.01,0.25,0.76,0.0,0.0,20.76,6089.1,0.0,0.19,0.13,0.12,0.0,0.01,0.0,0.01
2026-09-13 16:16:33,1.5,0.25,1.0,0.0,0.25,20.72,6092.0,0.0,0.17,0.12,0.11,0.0,0.63,0.31,0.02
2026-09-13 16:16:34,1.26,0.76,0.5,0.0,0.0,20.74,6090.3,0.0,0.17,0.12,0.11,0.0,0.0,0.0,0.01
2026-09-13 16:16:35,1.51,0.5,1.01,0.0,0.0,20.75,6090.0,0.0,0.17,0.12,0.11,0.0,0.0,0.0,0.01
2026-09-13 16:16:36,1.01,0.5,0.5,0.0,0.0,20.75,6089.8,0.0,0.17,0.12,0.11,0.0,0.0,1.76,0.01
2026-09-13 16:16:37,1.01,0.25,0.76,0.0,0.0,20.75,6089.8,0.0,0.17,0.12,0.11,0.0,0.0,0.0,0.01
2026-09-13 16:16:38,1.01,0.5,0.5,0.0,0.0,20.75,6089.8,0.0,0.16,0.12,0.11,0.0,0.0,0.0,0.01
2026-09-13 16:16:39,1.01,0.25,0.75,0.0,0.0,20.75,6089.8,0.0,0.16,0.12,0.11,0.0,0.0,0.0,0.01
2026-09-13 16:16:40,2.5,1.25,1.0,0.0,0.25,20.74,6090.6,0.0,0.16,0.12,0.11,0.0,0.01,0.0,0.01
2026-09-13 16:16:41,9.57,8.06,1.51,1.01,0.0,20.92,6076.5,0.0,0.16,0.12,0.11,0.0,0.03,0.0,0.01
2026-09-13 16:16:42,1.01,0.5,0.5,0.0,0.0,20.91,6077.8,0.0,0.16,0.12,0.11,0.0,0.0,0.01,0.01
2026-09-13 16:16:43,1.01,0.25,0.76,0.0,0.0,20.89,6079.0,0.0,0.15,0.12,0.11,0.0,0.0,0.0,0.01
2026-09-13 16:16:44,1.01,0.5,0.5,0.0,0.0,20.87,6080.7,0.0,0.15,0.12,0.11,0.0,0.01,0.31,0.01
2026-09-13 16:16:45,1.51,0.76,0.76,0.25,0.0,20.88,6080.2,0.0,0.15,0.12,0.11,0.0,0.0,0.0,0.01
2026-09-13 16:16:46,1.01,0.5,0.25,0.5,0.25,20.84,6082.7,0.0,0.15,0.12,0.11,0.0,0.01,1.76,0.02
2026-09-13 16:16:47,2.26,1.25,1.0,0.25,0.0,20.83,6083.8,0.0,0.15,0.12,0.11,0.0,0.0,0.0,0.01
2026-09-13 16:16:48,1.26,0.5,0.75,0.0,0.0,20.82,6084.4,0.0,0.14,0.12,0.11,0.0,0.0,0.0,0.01
2026-09-13 16:16:49,1.01,0.25,0.76,0.0,0.0,20.81,6085.1,0.0,0.14,0.12,0.11,0.0,0.0,0.0,0.02
2026-09-13 16:16:50,1.01,0.25,0.5,0.0,0.25,20.81,6085.5,0.0,0.14,0.12,0.11,0.0,0.0,0.0,0.01
2026-09-13 16:16:51,1.5,0.5,1.0,0.0,0.0,20.8,6086.2,0.0,0.14,0.12,0.11,0.0,0.0,0.0,0.01
2026-09-13 16:16:52,1.01,0.5,0.5,0.0,0.0,20.79,6086.7,0.0,0.14,0.12,0.11,0.0,0.0,0.0,0.0
2026-09-13 16:16:53,1.01,0.5,0.5,0.0,0.0,20.78,6087.2,0.0,0.12,0.12,0.11,0.0,0.0,0.0,0.01
2026-09-13 16:16:54,1.25,0.5,0.75,0.0,0.0,20.78,6087.7,0.0,0.12,0.12,0.11,0.0,0.0,0.0,0.01
2026-09-13 16:16:55,1.76,1.01,0.75,0.0,0.0,20.77,6088.1,0.0,0.12,0.12,0.11,0.0,0.0,0.0,0.01
2026-09-13 16:16:56,10.3,8.54,1.76,0.5,0.0,20.78,6087.7,0.0,0.12,0.12,0.11,0.0,0.02,0.01,0.01
2026-09-13 16:16:57,1.25,0.25,0.75,1.25,0.25,20.78,6087.3,0.0,0.12,0.12,0.11,0.0,1.39,0.0,0.01
2026-09-13 16:16:58,1.01,0.5,0.5,0.0,0.0,20.78,6087.3,0.0,0.11,0.11,0.11,0.0,0.0,0.0,0.01
2026-09-13 16:16:59,1.5,0.5,1.0,0.0,0.0,20.78,6087.6,0.0,0.11,0.11,0.11,0.0,0.01,0.0,0.01
2026-09-13 16:17:00,1.01,0.5,0.5,0.0,0.0,20.76,6088.8,0.0,0.11,0.11,0.11,0.0,0.0,0.0,0.0
2026-09-13 16:17:01,1.26,0.25,1.01,0.0,0.0,20.73,6091.6,0.0,0.11,0.11,0.11,0.0,0.0,0.0,0.01
2026-09-13 16:17:02,1.25,0.5,0.75,0.5,0.0,20.73,6091.1,0.0,0.11,0.11,0.11,0.0,0.01,0.0,0.0
2026-09-13 16:17:03,1.01,0.25,0.76,0.0,0.0,20.74,6090.9,0.0,0.1,0.11,0.11,0.0,0.01,0.0,0.02
2026-09-13 16:17:04,1.51,0.5,0.75,0.0,0.25,20.74,6090.9,0.0,0.1,0.11,0.11,0.0,0.01,0.31,0.01
2026-09-13 16:17:05,1.51,1.01,0.5,0.25,0.0,20.74,6090.9,0.0,0.1,0.11,0.11,0.0,0.0,0.0,0.01
2026-09-13 16:17:06,2.01,1.26,0.75,0.25,0.0,20.74,6090.2,0.0,0.1,0.11,0.11,0.0,0.0,0.0,0.01
2026-09-13 16:17:07,1.01,0.5,0.5,0.0,0.0,20.74,6090.2,0.0,0.1,0.11,0.11,0.0,0.0,1.76,0.01
2026-09-13 16:17:08,1.01,0.5,0.5,0.0,0.0,20.74,6090.2,0.0,0.18,0.13,0.11,0.0,0.0,0.0,0.01
2026-09-13 16:17:09,1.25,0.25,1.0,0.0,0.0,20.74,6090.2,0.0,0.18,0.13,0.11,0.0,0.0,0.0,0.0
2026-09-13 16:17:10,1.26,0.5,0.75,0.5,0.0,20.74,6090.2,0.0,0.18,0.13,0.11,0.0,0.01,0.0,0.0
2026-09-13 16:17:11,10.75,8.75,1.75,0.75,0.25,20.73,6091.2,0.0,0.18,0.13,0.11,0.0,0.03,0.01,0.01
2026-09-13 16:17:12,1.01,0.5,0.5,0.0,0.0,20.73,6091.2,0.0,0.18,0.13,0.11,0.0,0.0,0.0,0.01
2026-09-13 16:17:13,0.76,0.25,0.5,0.0,0.0,20.73,6091.2,0.0,0.16,0.12,0.11,0.0,0.0,0.0,0.01
2026-09-13 16:17:14,1.01,0.5,0.5,0.0,0.0,20.73,6091.2,0.0,0.16,0.12,0.11,0.0,0.0,0.0,0.01
2026-09-13 16:17:15,1.51,0.76,0.76,0.0,0.0,20.74,6090.9,0.0,0.16,0.12,0.11,0.0,0.0,0.0,0.01
2026-09-13 16:17:16,1.25,0.5,0.75,0.0,0.0,20.7,6093.5,0.0,0.16,0.12,0.11,0.0,0.0,0.0,0.01
2026-09-13 16:17:17,1.01,0.5,0.5,0.25,0.0,20.71,6093.1,0.0,0.16,0.12,0.11,0.0,0.01,0.0,0.01
2026-09-13 16:17:18,1.01,0.25,0.76,0.0,0.0,20.65,6097.6,0.0,0.15,0.12,0.11,0.0,0.0,0.0,0.01
2026-09-13 16:17:19,1.26,0.5,0.75,0.0,0.0,20.65,6097.1,0.0,0.15,0.12,0.11,0.0,0.0,0.0,0.01
2026-09-13 16:17:20,0.76,0.25,0.5,0.0,0.0,20.65,6097.1,0.0,0.15,0.12,0.11,0.0,0.0,0.0,0.01
2026-09-13 16:17:21,1.75,0.5,1.0,0.0,0.25,20.66,6096.6,0.0,0.15,0.12,0.11,0.0,0.0,0.0,0.01
2026-09-13 16:17:22,0.76,0.25,0.5,0.0,0.0,20.66,6096.6,0.0,0.15,0.12,0.11,0.0,0.0,0.0,0.0
2026-09-13 16:17:23,1.26,0.5,0.75,0.0,0.0,20.66,6096.4,0.0,0.14,0.12,0.11,0.0,0.0,0.0,0.01
2026-09-13 16:17:24,1.01,0.5,0.5,0.0,0.0,20.66,6096.4,0.0,0.14,0.12,0.11,0.0,0.0,0.31,0.01
2026-09-13 16:17:25,2.76,1.76,0.75,4.02,0.25,20.71,6093.2,0.0,0.14,0.12,0.11,0.0,0.01,0.0,0.01
2026-09-13 16:17:26,10.08,8.56,1.51,0.5,0.0,20.78,6087.6,0.0,0.14,0.12,0.11,0.0,0.02,0.01,0.01
2026-09-13 16:17:27,0.76,0.25,0.5,0.0,0.0,20.78,6087.3,0.0,0.14,0.12,0.11,0.0,0.0,1.76,0.01
2026-09-13 16:17:28,1.26,0.5,0.76,0.0,0.0,20.78,6087.2,0.0,0.13,0.12,0.11,0.0,0.0,0.0,0.01
2026-09-13 16:17:29,1.01,0.5,0.5,0.0,0.0,20.78,6087.2,0.0,0.13,0.12,0.11,0.0,0.0,0.0,0.01
2026-09-13 16:17:30,1.01,0.25,0.75,0.25,0.0,20.79,6086.9,0.0,0.13,0.12,0.11,0.0,0.02,0.0,0.0
2026-09-13 16:17:31,1.75,0.5,1.0,1.0,0.25,20.69,6094.1,0.0,0.13,0.12,0.11,0.0,1.39,0.0,0.01
2026-09-13 16:17:32,1.01,0.25,0.76,0.0,0.0,20.69,6094.5,0.0,0.13,0.12,0.11,0.0,0.0,0.0,0.01
2026-09-13 16:17:33,1.26,0.5,0.75,0.0,0.0,20.7,6093.9,0.0,0.12,0.11,0.11,0.0,0.0,0.0,0.02
2026-09-13 16:17:34,1.26,0.5,0.75,0.0,0.0,20.7,6093.9,0.0,0.12,0.11,0.11,0.0,0.01,0.0,0.01
2026-09-13 16:17:35,1.5,1.0,0.5,0.75,0.0,20.7,6094.0,0.0,0.12,0.11,0.11,0.0,0.0,0.0,0.01
2026-09-13 16:17:36,1.01,0.25,0.75,0.0,0.0,20.7,6094.0,0.0,0.12,0.11,0.11,0.0,0.0,0.0,0.01
2026-09-13 16:17:37,1.01,0.5,0.5,0.0,0.0,20.7,6093.8,0.0,0.12,0.11,0.11,0.0,0.0,0.0,0.01
2026-09-13 16:17:38,0.76,0.25,0.5,0.0,0.0,20.7,6093.8,0.0,0.11,0.11,0.11,0.0,0.0,0.0,0.01
2026-09-13 16:17:39,1.26,0.5,0.75,0.0,0.0,20.7,6093.8,0.0,0.11,0.11,0.11,0.0,0.0,0.0,0.01
2026-09-13 16:17:40,1.25,0.25,0.75,0.0,0.25,20.7,6093.8,0.0,0.11,0.11,0.11,0.0,0.5,0.0,0.01
2026-09-13 16:17:41,10.1,8.33,1.77,0.51,0.0,20.74,6090.3,0.0,0.11,0.11,0.11,0.0,0.02,0.01,0.01
2026-09-13 16:17:42,1.25,0.5,0.75,0.0,0.0,20.75,6090.0,0.0,0.11,0.11,0.11,0.0,0.0,0.31,0.01
2026-09-13 16:17:43,1.26,0.5,0.75,0.0,0.0,20.75,6090.0,0.0,0.1,0.11,0.11,0.0,0.0,0.0,0.01
2026-09-13 16:17:44,1.77,1.26,0.51,0.0,0.0,20.78,6087.8,0.0,0.1,0.11,0.11,0.0,0.0,0.0,0.01
2026-09-13 16:17:45,2.0,1.0,0.75,0.5,0.25,20.79,6087.1,0.0,0.1,0.11,0.11,0.0,0.01,1.76,0.02
2026-09-13 16:17:46,1.01,0.25,0.76,0.0,0.0,20.7,6093.3,0.0,0.1,0.11,0.11,0.0,0.0,0.0,0.01
2026-09-13 16:17:47,1.01,0.5,0.5,0.25,0.0,20.71,6093.1,0.0,0.1,0.11,0.11,0.0,0.01,0.0,0.01
2026-09-13 16:17:48,1.26,0.5,0.75,0.0,0.0,20.66,6097.1,0.0,0.09,0.11,0.11,0.0,0.01,0.0,0.01
2026-09-13 16:17:49,1.75,0.75,0.75,0.0,0.25,20.66,6097.0,0.0,0.09,0.11,0.11,0.0,0.0,0.0,0.01
2026-09-13 16:17:50,1.01,0.25,0.75,0.0,0.0,20.66,6097.0,0.0,0.09,0.11,0.11,0.0,0.0,0.0,0.01
2026-09-13 16:17:51,1.26,0.5,0.75,0.0,0.0,20.66,6096.5,0.0,0.09,0.11,0.11,0.0,0.5,0.0,0.02
2026-09-13 16:17:52,1.01,0.5,0.5,0.0,0.0,20.66,6096.5,0.0,0.09,0.11,0.11,0.0,0.0,0.0,0.0
2026-09-13 16:17:53,1.26,0.5,0.75,0.0,0.0,20.66,6096.5,0.0,0.08,0.11,0.1,0.0,0.0,0.0,0.01
2026-09-13 16:17:54,0.76,0.25,0.5,0.0,0.0,20.66,6096.5,0.0,0.08,0.11,0.1,0.0,0.0,0.0,0.01
2026-09-13 16:17:55,1.51,0.76,0.76,0.25,0.0,20.69,6094.2,0.0,0.08,0.11,0.1,0.0,0.0,0.0,0.01
2026-09-13 16:17:56,9.27,7.77,1.5,0.25,0.0,20.85,6081.9,0.0,0.08,0.11,0.1,0.0,0.02,0.32,0.01
2026-09-13 16:17:57,2.27,1.26,1.01,0.5,0.0,20.8,6086.3,0.0,0.08,0.11,0.1,0.0,0.01,0.0,0.01
2026-09-13 16:17:58,1.25,0.25,0.75,0.0,0.25,20.79,6086.4,0.0,0.08,0.1,0.1,0.0,0.0,1.76,0.02
2026-09-13 16:17:59,1.26,0.76,0.5,0.0,0.0,20.79,6086.7,0.0,0.08,0.1,0.1,0.0,0.0,0.0,0.01
2026-09-13 16:18:00,1.25,0.5,0.75,0.0,0.0,20.79,6086.6,0.0,0.08,0.1,0.1,0.0,0.0,0.0,0.0
2026-09-13 16:18:01,1.26,0.5,0.75,0.5,0.0,20.72,6092.0,0.0,0.08,0.1,0.1,0.0,0.0,0.0,0.01
2026-09-13 16:18:02,0.76,0.25,0.5,0.25,0.0,20.72,6092.2,0.0,0.08,0.1,0.1,0.0,0.01,0.0,0.0
2026-09-13 16:18:03,2.51,1.51,1.01,0.0,0.0,20.73,6091.5,0.0,0.07,0.1,0.1,0.0,0.0,0.0,0.01
2026-09-13 16:18:04,1.25,0.5,0.75,0.0,0.0,20.73,6091.4,0.0,0.07,0.1,0.1,0.0,0.0,0.0,0.01
2026-09-13 16:18:05,1.26,0.76,0.51,1.77,0.0,20.75,6089.9,0.0,0.07,0.1,0.1,0.0,1.4,0.0,0.01
2026-09-13 16:18:06,1.01,0.25,0.75,0.0,0.0,20.75,6089.5,0.0,0.07,0.1,0.1,0.0,0.01,0.0,0.01
2026-09-13 16:18:07,1.26,0.5,0.75,0.0,0.0,20.75,6089.5,0.0,0.07,0.1,0.1,0.0,0.0,0.0,0.0
2026-09-13 16:18:08,1.25,0.5,0.5,0.0,0.25,20.75,6089.5,0.0,0.06,0.1,0.1,0.0,0.0,0.31,0.01
2026-09-13 16:18:09,1.01,0.25,0.75,0.0,0.0,20.76,6089.3,0.0,0.06,0.1,0.1,0.0,0.0,0.0,0.01
2026-09-13 16:18:10,1.01,0.5,0.5,0.0,0.0,20.76,6089.2,0.0,0.06,0.1,0.1,0.0,0.0,1.76,0.01
2026-09-13 16:18:11,5.78,4.02,1.51,0.25,0.25,20.83,6083.3,0.0,0.06,0.1,0.1,0.0,0.01,0.0,0.01
2026-09-13 16:18:12,5.76,4.51,1.25,0.5,0.0,20.89,6078.8,0.0,0.06,0.1,0.1,0.0,0.02,0.0,0.01
2026-09-13 16:18:13,1.26,0.5,0.75,0.0,0.0,20.89,6078.8,0.0,0.14,0.12,0.11,0.0,0.0,0.0,0.01
2026-09-13 16:18:14,0.76,0.25,0.5,0.0,0.0,20.87,6080.5,0.0,0.14,0.12,0.11,0.0,0.0,0.0,0.01
2026-09-13 16:18:15,1.51,1.01,0.5,0.25,0.0,20.82,6084.4,0.0,0.14,0.12,0.11,0.0,0.0,0.0,0.01
2026-09-13 16:18:16,0.76,0.25,0.51,0.25,0.0,20.82,6084.2,0.0,0.14,0.12,0.11,0.0,0.02,0.0,0.01
2026-09-13 16:18:17,1.51,0.5,1.01,2.01,0.0,20.76,6089.4,0.0,0.14,0.12,0.11,0.0,0.21,0.0,0.01
2026-09-13 16:18:18,1.01,0.5,0.5,0.0,0.0,20.67,6096.0,0.0,0.13,0.11,0.11,0.0,0.0,0.0,0.01
2026-09-13 16:18:19,1.5,0.5,0.75,0.0,0.25,20.67,6095.8,0.0,0.13,0.11,0.11,0.0,0.0,0.0,0.01
2026-09-13 16:18:20,1.26,0.5,0.75,0.0,0.0,20.67,6095.6,0.0,0.13,0.11,0.11,0.0,0.0,0.0,0.01
2026-09-13 16:18:21,1.01,0.25,0.75,0.0,0.0,20.68,6095.4,0.0,0.13,0.11,0.11,0.0,0.0,0.0,0.01
2026-09-13 16:18:22,1.76,1.26,0.5,0.25,0.0,20.72,6092.5,0.0,0.13,0.11,0.11,0.0,0.0,0.0,0.0
2026-09-13 16:18:23,1.25,0.5,0.75,0.0,0.0,20.72,6092.4,0.0,0.12,0.11,0.1,0.0,0.0,0.0,0.01
2026-09-13 16:18:24,1.26,0.25,0.75,0.0,0.25,20.72,6092.4,0.0,0.12,0.11,0.1,0.0,0.0,0.0,0.01
2026-09-13 16:18:25,1.51,0.75,0.75,0.25,0.0,20.73,6091.0,0.0,0.12,0.11,0.1,0.0,0.0,0.31,0.01
2026-09-13 16:18:26,1.76,0.75,1.01,0.25,0.0,20.77,6088.6,0.0,0.12,0.11,0.1,0.0,0.01,0.0,0.01
2026-09-13 16:18:27,9.57,8.31,1.26,0.5,0.0,20.73,6091.4,0.0,0.12,0.11,0.1,0.0,0.06,1.76,0.01
2026-09-13 16:18:28,0.76,0.25,0.5,0.0,0.0,20.73,6091.4,0.0,0.11,0.11,0.1,0.0,0.0,0.0,0.0
2026-09-13 16:18:29,1.25,0.5,0.5,0.0,0.25,20.73,6091.4,0.0,0.11,0.11,0.1,0.0,0.0,0.0,0.01
2026-09-13 16:18:30,1.25,0.5,0.75,0.0,0.0,20.73,6091.4,0.0,0.11,0.11,0.1,0.0,0.0,0.0,0.0
2026-09-13 16:18:31,1.01,0.5,0.5,0.0,0.0,20.73,6091.4,0.0,0.11,0.11,0.1,0.0,0.0,0.0,0.01
2026-09-13 16:18:32,1.26,0.5,0.75,0.25,0.0,20.68,6095.0,0.0,0.11,0.11,0.1,0.0,0.02,0.0,0.01
2026-09-13 16:18:33,1.26,0.25,1.01,0.0,0.0,20.68,6094.8,0.0,0.1,0.11,0.1,0.0,0.06,0.0,0.02
2026-09-13 16:18:34,1.26,0.5,0.5,0.0,0.25,20.68,6094.8,0.0,0.1,0.11,0.1,0.0,0.0,0.0,0.01
2026-09-13 16:18:35,1.75,0.75,1.0,1.75,0.0,20.7,6093.9,0.0,0.1,0.11,0.1,0.0,1.39,0.0,0.01
2026-09-13 16:18:36,1.25,0.5,0.75,0.0,0.0,20.7,6093.7,0.0,0.1,0.11,0.1,0.0,0.0,0.0,0.01
2026-09-13 16:18:37,0.76,0.25,0.5,0.0,0.0,20.7,6093.4,0.0,0.1,0.11,0.1,0.0,0.01,0.0,0.01
2026-09-13 16:18:38,1.01,0.5,0.5,0.0,0.0,20.71,6093.2,0.0,0.09,0.11,0.1,0.0,0.0,0.0,0.01
2026-09-13 16:18:39,1.26,0.5,0.75,0.0,0.0,20.71,6093.2,0.0,0.09,0.11,0.1,0.0,0.0,0.0,0.0
2026-09-13 16:18:40,1.75,0.5,1.25,0.0,0.0,20.71,6093.2,0.0,0.09,0.11,0.1,0.0,0.0,0.0,0.0
2026-09-13 16:18:41,1.77,1.27,0.51,0.0,0.0,20.75,6089.5,0.0,0.09,0.11,0.1,0.0,0.0,0.31,0.01
2026-09-13 16:18:42,10.5,8.5,2.0,1.0,0.0,20.74,6090.8,0.0,0.09,0.11,0.1,0.0,0.03,0.01,0.01
2026-09-13 16:18:43,1.5,0.5,0.75,0.0,0.25,20.74,6090.5,0.0,0.08,0.1,0.1,0.0,0.0,1.76,0.02
2026-09-13 16:18:44,1.01,0.25,0.75,0.0,0.0,20.74,6090.5,0.0,0.08,0.1,0.1,0.0,0.0,0.0,0.01
2026-09-13 16:18:45,1.51,0.76,0.76,0.0,0.0,20.75,6090.0,0.0,0.08,0.1,0.1,0.0,0.0,0.0,0.01
2026-09-13 16:18:46,1.01,0.5,0.5,0.25,0.0,20.75,6090.1,0.0,0.08,0.1,0.1,0.0,0.01,0.0,0.01
2026-09-13 16:18:47,1.01,0.25,0.76,0.0,0.0,20.73,6091.3,0.0,0.08,0.1,0.1,0.0,0.0,0.0,0.01
2026-09-13 16:18:48,1.26,0.25,1.01,0.25,0.0,20.73,6091.0,0.0,0.16,0.12,0.11,0.0,0.01,0.0,0.01
2026-09-13 16:18:49,1.5,0.5,0.75,0.0,0.25,20.74,6091.0,0.0,0.16,0.12,0.11,0.0,0.0,0.0,0.02
2026-09-13 16:18:50,1.01,0.25,0.75,0.0,0.0,20.74,6091.0,0.0,0.16,0.12,0.11,0.0,0.0,0.0,0.01
2026-09-13 16:18:51,1.26,0.5,0.75,0.0,0.0,20.74,6090.7,0.0,0.16,0.12,0.11,0.0,0.0,0.0,0.01
2026-09-13 16:18:52,1.75,0.5,1.0,0.0,0.25,20.74,6090.7,0.0,0.16,0.12,0.11,0.0,0.0,0.0,0.01
2026-09-13 16:18:53,1.01,0.5,0.5,0.0,0.0,20.74,6090.7,0.0,0.14,0.12,0.1,0.0,0.0,0.0,0.01
2026-09-13 16:18:54,0.76,0.25,0.51,0.0,0.0,20.74,6090.7,0.0,0.14,0.12,0.1,0.0,0.0,0.0,0.01
2026-09-13 16:18:55,1.51,0.75,0.75,0.25,0.0,20.75,6089.5,0.0,0.14,0.12,0.1,0.0,0.0,0.31,0.01
2026-09-13 16:18:56,0.76,0.25,0.5,0.0,0.0,20.75,6089.5,0.0,0.14,0.12,0.1,0.0,0.0,0.0,0.01
2026-09-13 16:18:57,10.35,8.59,1.77,0.51,0.0,20.72,6092.3,0.0,0.14,0.12,0.1,0.0,0.03,0.01,0.01
2026-09-13 16:18:58,1.26,0.5,0.5,0.0,0.25,20.73,6091.7,0.0,0.13,0.12,0.1,0.0,0.0,1.76,0.02
2026-09-13 16:18:59,1.01,0.25,0.75,0.0,0.0,20.73,6091.7,0.0,0.13,0.12,0.1,0.0,0.0,0.0,0.01
2026-09-13 16:19:00,2.02,1.51,0.5,0.25,0.0,20.76,6089.2,0.0,0.13,0.12,0.1,0.0,0.0,0.0,0.0
2026-09-13 16:19:01,1.01,0.25,0.75,0.0,0.0,20.76,6089.2,0.0,0.13,0.12,0.1,0.0,0.0,0.0,0.01
2026-09-13 16:19:02,1.26,0.25,1.01,0.0,0.0,20.71,6092.7,0.0,0.13,0.12,0.1,0.0,0.0,0.0,0.0
2026-09-13 16:19:03,1.75,0.75,0.75,0.25,0.25,20.72,6092.1,0.0,0.12,0.11,0.1,0.0,0.02,0.01,0.02
2026-09-13 16:19:04,0.76,0.25,0.5,0.0,0.0,20.72,6092.0,0.0,0.12,0.11,0.1,0.0,0.0,0.0,0.01
2026-09-13 16:19:05,1.51,1.01,0.5,0.25,0.0,20.74,6090.6,0.0,0.12,0.11,0.1,0.0,0.0,0.0,0.01
2026-09-13 16:19:06,1.01,0.25,0.76,0.0,0.0,20.74,6090.6,0.0,0.12,0.11,0.1,0.0,0.0,0.0,0.01
2026-09-13 16:19:07,0.76,0.25,0.5,0.25,0.0,20.74,6090.6,0.0,0.12,0.11,0.1,0.0,0.01,0.0,0.01
2026-09-13 16:19:08,0.76,0.25,0.51,1.01,0.0,20.74,6090.3,0.0,0.11,0.11,0.1,0.0,1.4,0.0,0.01
2026-09-13 16:19:09,1.01,0.5,0.5,0.0,0.0,20.74,6090.4,0.0,0.11,0.11,0.1,0.0,0.0,0.0,0.01
2026-09-13 16:19:10,1.01,0.25,0.75,0.0,0.0,20.74,6090.4,0.0,0.11,0.11,0.1,0.0,0.0,0.0,0.0
2026-09-13 16:19:11,1.01,0.5,0.5,0.0,0.0,20.74,6090.4,0.0,0.11,0.11,0.1,0.0,0.0,0.0,0.01
2026-09-13 16:19:12,10.55,8.54,2.01,0.75,0.0,20.79,6086.4,0.0,0.11,0.11,0.1,0.0,0.04,0.01,0.01
2026-09-13 16:19:13,0.76,0.25,0.5,0.0,0.0,20.79,6086.4,0.0,0.1,0.11,0.1,0.0,0.01,0.31,0.01
2026-09-13 16:19:14,1.26,0.5,0.5,0.0,0.25,20.8,6086.2,0.0,0.1,0.11,0.1,0.0,0.0,1.76,0.02
2026-09-13 16:19:15,1.26,0.76,0.51,0.0,0.0,20.81,6085.5,0.0,0.1,0.11,0.1,0.0,0.0,0.0,0.01
2026-09-13 16:19:16,1.01,0.25,0.76,0.0,0.0,20.8,6085.9,0.0,0.1,0.11,0.1,0.0,0.0,0.0,0.01
2026-09-13 16:19:17,1.25,0.5,0.75,0.0,0.0,20.8,6086.3,0.0,0.1,0.11,0.1,0.0,0.0,0.0,0.01
2026-09-13 16:19:18,1.5,0.25,1.25,0.5,0.0,20.8,6086.3,0.0,0.09,0.11,0.1,0.0,0.03,0.31,0.01
2026-09-13 16:19:19,2.27,1.51,0.76,0.0,0.0,20.79,6086.7,0.0,0.09,0.11,0.1,0.0,0.02,1.76,0.02
2026-09-13 16:19:20,1.01,0.5,0.5,0.0,0.0,20.79,6086.8,0.0,0.09,0.11,0.1,0.0,0.0,0.0,0.01
2026-09-13 16:19:21,1.25,0.25,0.75,0.0,0.25,20.79,6086.8,0.0,0.09,0.11,0.1,0.0,0.0,0.0,0.01
2026-09-13 16:19:22,1.01,0.25,0.75,0.0,0.0,20.79,6086.8,0.0,0.09,0.11,0.1,0.0,0.0,0.0,0.0
2026-09-13 16:19:23,1.25,0.5,0.75,0.25,0.0,20.79,6086.8,0.0,0.09,0.11,0.1,0.0,0.01,0.0,0.01
2026-09-13 16:19:24,1.01,0.5,0.5,0.0,0.0,20.79,6086.8,0.0,0.09,0.11,0.1,0.0,0.0,0.0,0.01
2026-09-13 16:19:25,1.51,0.75,0.75,0.25,0.0,20.8,6086.1,0.0,0.09,0.11,0.1,0.0,0.0,0.31,0.01
2026-09-13 16:19:26,1.01,0.25,0.76,0.0,0.0,20.8,6086.1,0.0,0.09,0.11,0.1,0.0,0.0,0.0,0.0
2026-09-13 16:19:27,10.33,8.82,1.51,0.76,0.0,20.77,6088.1,0.0,0.09,0.11,0.1,0.0,0.03,1.77,0.02
2026-09-13 16:19:28,1.75,0.75,0.75,0.0,0.25,20.78,6087.9,0.0,0.08,0.1,0.1,0.0,0.0,0.0,0.01
2026-09-13 16:19:29,1.01,0.5,0.5,0.25,0.0,20.77,6088.2,0.0,0.08,0.1,0.1,0.0,0.01,0.0,0.01
2026-09-13 16:19:30,1.26,0.5,0.75,0.0,0.0,20.75,6090.0,0.0,0.08,0.1,0.1,0.0,0.0,0.0,0.0
2026-09-13 16:19:31,0.76,0.25,0.5,0.0,0.0,20.75,6090.0,0.0,0.08,0.1,0.1,0.0,0.0,0.31,0.01
2026-09-13 16:19:32,1.25,0.5,0.75,0.0,0.0,20.68,6095.2,0.0,0.08,0.1,0.1,0.0,0.0,1.76,0.02
2026-09-13 16:19:33,1.51,0.5,1.01,0.0,0.0,20.68,6095.3,0.0,0.07,0.1,0.1,0.0,0.0,0.0,0.02
2026-09-13 16:19:34,1.26,0.5,0.5,0.0,0.25,20.68,6094.9,0.0,0.07,0.1,0.1,0.0,0.01,0.0,0.01
2026-09-13 16:19:35,1.51,1.01,0.5,0.25,0.0,20.7,6093.5,0.0,0.07,0.1,0.1,0.0,0.0,0.0,0.01
2026-09-13 16:19:36,1.01,0.5,0.5,0.0,0.0,20.7,6093.5,0.0,0.07,0.1,0.1,0.0,0.0,0.0,0.01
2026-09-13 16:19:37,1.01,0.5,0.5,0.0,0.0,20.7,6093.5,0.0,0.07,0.1,0.1,0.0,0.0,0.31,0.01
2026-09-13 16:19:38,2.27,1.01,1.01,0.0,0.25,20.71,6092.6,0.0,0.07,0.1,0.1,0.0,0.0,1.76,0.02
2026-09-13 16:19:39,1.01,0.5,0.5,0.0,0.0,20.71,6092.6,0.0,0.07,0.1,0.1,0.0,0.01,0.0,0.01
2026-09-13 16:19:40,1.5,0.5,1.0,0.0,0.0,20.71,6092.6,0.0,0.07,0.1,0.1,0.0,0.0,0.0,0.01
2026-09-13 16:19:41,1.01,0.5,0.5,0.0,0.0,20.72,6092.4,0.0,0.07,0.1,0.1,0.0,0.0,0.0,0.01
2026-09-13 16:19:42,9.3,7.79,1.51,0.5,0.0,20.96,6073.5,0.0,0.07,0.1,0.1,0.0,0.02,0.0,0.01
2026-09-13 16:19:43,2.26,1.26,1.01,0.75,0.0,20.74,6090.9,0.0,0.06,0.1,0.1,0.0,0.02,0.0,0.01
2026-09-13 16:19:44,1.01,0.25,0.76,1.26,0.0,20.73,6091.3,0.0,0.06,0.1,0.1,0.0,1.39,0.31,0.01
2026-09-13 16:19:45,2.0,1.0,1.0,0.25,0.0,20.76,6089.3,0.0,0.06,0.1,0.1,0.0,0.0,0.01,0.01
2026-09-13 16:19:46,1.5,0.5,0.75,0.0,0.25,20.76,6089.3,0.0,0.06,0.1,0.1,0.0,0.0,1.75,0.02
2026-09-13 16:19:47,1.26,0.25,1.01,0.0,0.0,20.74,6090.7,0.0,0.06,0.1,0.1,0.0,0.0,0.0,0.01
2026-09-13 16:19:48,1.26,0.5,0.75,3.02,0.0,20.74,6090.6,0.0,0.14,0.11,0.1,0.0,0.01,0.0,0.01
2026-09-13 16:19:49,0.76,0.25,0.51,0.0,0.0,20.74,6090.8,0.0,0.14,0.11,0.1,0.0,0.0,0.0,0.01
2026-09-13 16:19:50,1.5,0.75,0.75,0.0,0.0,20.74,6090.6,0.0,0.14,0.11,0.1,0.0,0.0,0.0,0.01
2026-09-13 16:19:51,1.26,0.5,0.5,0.0,0.25,20.74,6090.4,0.0,0.14,0.11,0.1,0.0,0.0,0.0,0.01
2026-09-13 16:19:52,1.25,0.5,0.75,0.0,0.0,20.74,6090.6,0.0,0.14,0.11,0.1,0.0,0.0,0.0,0.01
2026-09-13 16:19:53,1.01,0.25,0.75,0.0,0.0,20.75,6090.1,0.0,0.12,0.11,0.1,0.0,0.0,0.0,0.01
2026-09-13 16:19:54,1.01,0.5,0.5,0.0,0.0,20.74,6090.3,0.0,0.12,0.11,0.1,0.0,0.0,0.0,0.01
2026-09-13 16:19:55,1.76,1.01,0.75,0.0,0.0,20.75,6090.1,0.0,0.12,0.11,0.1,0.0,0.0,0.0,0.01
2026-09-13 16:19:56,0.76,0.25,0.5,0.0,0.0,20.75,6089.6,0.0,0.12,0.11,0.1,0.0,0.0,0.31,0.01
2026-09-13 16:19:57,6.05,4.79,1.26,0.25,0.0,20.8,6086.1,0.0,0.12,0.11,0.1,0.0,0.0,0.0,0.01
2026-09-13 16:19:58,6.78,5.53,1.26,0.75,0.0,20.78,6087.6,0.0,0.2,0.13,0.1,0.0,0.03,1.76,0.02
2026-09-13 16:19:59,1.75,0.75,0.75,0.0,0.25,20.78,6087.8,0.0,0.2,0.13,0.1,0.0,0.0,0.0,0.01
2026-09-13 16:20:00,1.01,0.25,0.75,0.0,0.0,20.78,6087.6,0.0,0.2,0.13,0.1,0.0,0.0,0.0,0.0
2026-09-13 16:20:01,0.76,0.25,0.5,0.0,0.0,20.76,6089.3,0.0,0.2,0.13,0.1,0.0,0.0,0.0,0.01
2026-09-13 16:20:02,0.51,0.25,0.25,0.0,0.0,20.76,6089.4,0.0,0.2,0.13,0.1,0.0,0.0,0.0,0.01
2026-09-13 16:20:03,1.26,0.5,0.76,0.0,0.0,20.74,6090.5,0.0,0.18,0.12,0.1,0.0,0.0,0.0,0.01
2026-09-13 16:20:04,0.76,0.25,0.51,0.76,0.0,20.74,6090.5,0.0,0.18,0.12,0.1,0.0,0.02,0.0,0.01
2026-09-13 16:20:05,1.75,1.0,0.75,0.25,0.0,20.75,6090.0,0.0,0.18,0.12,0.1,0.0,0.01,0.0,0.0
2026-09-13 16:20:06,1.01,0.25,0.75,0.0,0.0,20.75,6090.0,0.0,0.18,0.12,0.1,0.0,0.0,0.0,0.0
2026-09-13 16:20:07,1.5,0.5,1.0,0.0,0.0,20.75,6090.0,0.0,0.18,0.12,0.1,0.0,0.0,0.0,0.0
2026-09-13 16:20:08,0.76,0.25,0.51,0.0,0.0,20.75,6090.0,0.0,0.16,0.12,0.1,0.0,0.0,0.0,0.01
2026-09-13 16:20:09,1.01,0.25,0.5,0.0,0.25,20.75,6090.0,0.0,0.16,0.12,0.1,0.0,0.0,0.0,0.01
2026-09-13 16:20:10,1.26,0.25,1.01,0.0,0.0,20.75,6089.8,0.0,0.16,0.12,0.1,0.0,0.01,0.31,0.01
2026-09-13 16:20:11,1.01,0.5,0.5,0.0,0.0,20.75,6089.8,0.0,0.16,0.12,0.1,0.0,0.0,0.0,0.0
2026-09-13 16:20:12,1.26,0.5,0.76,0.0,0.0,20.79,6087.0,0.0,0.16,0.12,0.1,0.0,0.0,1.76,0.02
2026-09-13 16:20:13,10.3,8.79,1.51,0.5,0.0,20.83,6083.6,0.0,0.31,0.15,0.11,0.0,0.02,0.0,0.01
2026-09-13 16:20:14,1.01,0.25,0.75,0.0,0.0,20.83,6083.6,0.0,0.31,0.15,0.11,0.0,0.0,0.0,0.01
2026-09-13 16:20:15,1.51,1.01,0.5,0.25,0.0,20.84,6082.6,0.0,0.31,0.15,0.11,0.0,0.0,0.0,0.01
2026-09-13 16:20:16,2.02,1.26,0.76,0.25,0.0,20.82,6084.3,0.0,0.31,0.15,0.11,0.0,0.0,0.0,0.01
2026-09-13 16:20:17,1.25,0.25,0.75,0.0,0.25,20.82,6084.2,0.0,0.31,0.15,0.11,0.0,0.0,0.0,0.01
2026-09-13 16:20:18,1.51,0.75,0.75,0.0,0.0,20.74,6090.4,0.0,0.29,0.15,0.11,0.0,0.0,0.0,0.01
2026-09-13 16:20:19,1.01,0.25,0.76,0.25,0.0,20.73,6091.3,0.0,0.29,0.15,0.11,0.0,0.01,0.0,0.01
2026-09-13 16:20:20,1.5,0.75,0.75,0.0,0.0,20.73,6091.1,0.0,0.29,0.15,0.11,0.0,0.0,0.0,0.01
2026-09-13 16:20:22,1.01,0.5,0.5,0.0,0.0,20.73,6091.1,0.0,0.29,0.15,0.11,0.0,0.0,0.0,0.01
2026-09-13 16:20:23,1.01,0.25,0.75,0.0,0.0,20.73,6091.1,0.0,0.29,0.15,0.11,0.0,0.0,0.31,0.01
2026-09-13 16:20:24,0.76,0.25,0.51,0.0,0.0,20.73,6091.1,0.0,0.26,0.15,0.11,0.0,0.0,0.0,0.01
2026-09-13 16:20:25,1.25,0.25,0.75,0.25,0.25,20.74,6090.9,0.0,0.26,0.15,0.11,0.0,0.01,1.76,0.01
2026-09-13 16:20:26,1.76,0.75,1.01,0.0,0.0,20.75,6090.0,0.0,0.26,0.15,0.11,0.0,0.0,0.0,0.01
2026-09-13 16:20:27,1.01,0.5,0.5,0.0,0.0,20.74,6090.2,0.0,0.26,0.15,0.11,0.0,0.0,0.0,0.0
2026-09-13 16:20:28,1.25,0.5,0.75,0.0,0.0,20.74,6090.2,0.0,0.26,0.15,0.11,0.0,0.0,0.0,0.0
2026-09-13 16:20:29,10.3,8.54,1.76,2.01,0.0,20.78,6087.3,0.0,0.24,0.14,0.11,0.0,1.4,0.01,0.01
2026-09-13 16:20:30,1.26,0.5,0.75,0.0,0.0,20.78,6087.3,0.0,0.24,0.14,0.11,0.0,0.0,0.0,0.01
2026-09-13 16:20:31,0.76,0.25,0.51,0.25,0.0,20.78,6087.3,0.0,0.24,0.14,0.11,0.0,0.01,0.0,0.0
2026-09-13 16:20:32,1.25,0.5,0.75,0.0,0.0,20.79,6086.9,0.0,0.24,0.14,0.11,0.0,0.0,0.0,0.01
2026-09-13 16:20:33,1.25,0.5,0.75,0.0,0.0,20.78,6087.2,0.0,0.24,0.14,0.11,0.0,0.0,0.0,0.01
2026-09-13 16:20:34,1.01,0.25,0.76,0.0,0.0,20.76,6089.1,0.0,0.22,0.14,0.11,0.0,0.0,0.0,0.02
2026-09-13 16:20:35,1.5,0.5,0.75,0.0,0.25,20.75,6089.7,0.0,0.22,0.14,0.11,0.0,0.0,0.0,0.01
2026-09-13 16:20:36,2.52,1.76,0.76,0.25,0.0,20.79,6086.8,0.0,0.22,0.14,0.11,0.0,0.01,0.31,0.01
2026-09-13 16:20:37,1.26,0.25,1.01,0.0,0.0,20.78,6087.2,0.0,0.22,0.14,0.11,0.0,0.0,0.0,0.01
2026-09-13 16:20:38,0.76,0.5,0.25,0.0,0.0,20.78,6087.2,0.0,0.22,0.14,0.11,0.0,0.01,0.0,0.01
2026-09-13 16:20:39,1.01,0.5,0.5,0.0,0.0,20.78,6087.4,0.0,0.2,0.14,0.11,0.0,0.0,1.76,0.02
2026-09-13 16:20:40,1.01,0.5,0.5,0.0,0.0,20.78,6087.4,0.0,0.2,0.14,0.11,0.0,0.0,0.0,0.01
2026-09-13 16:20:41,1.26,0.75,0.5,0.0,0.0,20.78,6087.4,0.0,0.2,0.14,0.11,0.0,0.0,0.0,0.0
2026-09-13 16:20:42,1.25,0.25,1.0,0.0,0.0,20.78,6087.3,0.0,0.2,0.14,0.11,0.0,0.0,0.0,0.0
2026-09-13 16:20:43,1.0,0.5,0.5,0.25,0.0,20.78,6087.3,0.0,0.2,0.14,0.11,0.0,0.01,0.0,0.01
2026-09-13 16:20:44,10.78,8.77,1.75,0.5,0.25,20.82,6084.8,0.0,0.19,0.14,0.11,0.0,0.02,0.01,0.01
2026-09-13 16:20:45,1.01,0.25,0.76,0.0,0.0,20.71,6092.7,0.0,0.19,0.14,0.11,0.0,0.01,0.0,0.01
2026-09-13 16:20:46,1.01,0.51,0.51,0.25,0.0,20.74,6090.5,0.0,0.19,0.14,0.11,0.0,0.0,0.0,0.01
2026-09-13 16:20:47,1.25,0.5,0.75,0.0,0.0,20.74,6090.5,0.0,0.19,0.14,0.11,0.0,0.0,0.0,0.01
2026-09-13 16:20:48,1.5,0.5,0.75,0.0,0.25,20.74,6090.2,0.0,0.19,0.14,0.11,0.0,0.0,0.0,0.01
2026-09-13 16:20:49,1.01,0.25,0.76,0.0,0.0,20.72,6092.2,0.0,0.17,0.13,0.11,0.0,0.0,0.0,0.01
2026-09-13 16:20:50,1.01,0.5,0.5,0.25,0.0,20.72,6092.0,0.0,0.17,0.13,0.11,0.0,0.01,0.32,0.02
2026-09-13 16:20:51,1.26,0.25,0.75,0.0,0.25,20.73,6091.2,0.0,0.17,0.13,0.11,0.0,0.0,1.76,0.02
2026-09-13 16:20:52,1.26,0.5,0.75,0.0,0.0,20.73,6091.2,0.0,0.17,0.13,0.11,0.0,0.0,0.0,0.01
2026-09-13 16:20:53,1.01,0.25,0.75,0.0,0.0,20.73,6091.2,0.0,0.17,0.13,0.11,0.0,0.0,0.0,0.01
2026-09-13 16:20:54,1.01,0.5,0.5,0.0,0.0,20.73,6091.2,0.0,0.16,0.13,0.1,0.0,0.0,0.0,0.01
2026-09-13 16:20:55,2.01,1.26,0.75,0.25,0.0,20.75,6089.5,0.0,0.16,0.13,0.1,0.0,0.0,0.0,0.01
2026-09-13 16:20:56,2.01,1.0,1.0,0.25,0.0,20.75,6089.5,0.0,0.16,0.13,0.1,0.0,0.0,0.32,0.01
2026-09-13 16:20:57,0.51,0.0,0.51,0.0,0.0,20.76,6089.1,0.0,0.16,0.13,0.1,0.0,0.0,1.76,0.02
2026-09-13 16:20:58,1.25,0.5,0.75,0.0,0.0,20.76,6089.0,0.0,0.16,0.13,0.1,0.0,0.0,0.0,0.01
2026-09-13 16:20:59,10.55,8.54,1.76,1.26,0.25,20.77,6087.9,0.0,0.15,0.13,0.1,0.0,0.02,0.01,0.01
2026-09-13 16:21:00,1.01,0.25,0.75,0.0,0.0,20.77,6087.9,0.0,0.15,0.13,0.1,0.0,0.0,0.0,0.01
2026-09-13 16:21:01,1.26,0.5,0.75,0.0,0.0,20.78,6087.6,0.0,0.15,0.13,0.1,0.0,0.0,0.0,0.0
2026-09-13 16:21:02,1.25,0.25,1.0,0.0,0.0,20.78,6087.6,0.0,0.15,0.13,0.1,0.0,0.0,0.32,0.01
2026-09-13 16:21:03,1.25,0.5,0.75,0.0,0.0,20.78,6087.4,0.0,0.15,0.13,0.1,0.0,0.0,1.76,0.01
2026-09-13 16:21:04,1.26,0.5,0.76,0.0,0.0,20.75,6089.6,0.0,0.13,0.13,0.1,0.0,0.0,0.0,0.02
2026-09-13 16:21:05,1.01,0.5,0.5,0.25,0.0,20.75,6089.6,0.0,0.13,0.13,0.1,0.0,0.01,0.0,0.01
2026-09-13 16:21:06,1.76,1.01,0.75,0.25,0.0,20.75,6089.6,0.0,0.13,0.13,0.1,0.0,0.01,0.0,0.0
2026-09-13 16:21:07,1.0,0.5,0.5,0.0,0.0,20.76,6089.4,0.0,0.13,0.13,0.1,0.0,0.0,0.0,0.01
2026-09-13 16:21:08,1.26,0.5,0.75,0.0,0.0,20.76,6089.4,0.0,0.13,0.13,0.1,0.0,0.0,0.31,0.01
2026-09-13 16:21:09,0.76,0.25,0.51,0.0,0.0,20.76,6089.2,0.0,0.28,0.16,0.11,0.0,0.01,1.76,0.02
2026-09-13 16:21:10,1.5,0.5,0.75,1.5,0.25,20.76,6088.8,0.0,0.28,0.16,0.11,0.0,1.39,0.0,0.0
2026-09-13 16:21:11,1.01,0.5,0.5,0.0,0.0,20.76,6088.8,0.0,0.28,0.16,0.11,0.0,0.0,0.0,0.0
2026-09-13 16:21:12,1.01,0.25,0.76,0.25,0.0,20.76,6088.8,0.0,0.28,0.16,0.11,0.0,0.01,0.0,0.0
2026-09-13 16:21:13,1.01,0.5,0.5,0.0,0.0,20.76,6088.8,0.0,0.28,0.16,0.11,0.0,0.01,0.31,0.01
2026-09-13 16:21:14,11.31,9.3,1.76,1.26,0.25,20.86,6081.2,0.0,0.26,0.16,0.11,0.0,0.03,1.77,0.02
2026-09-13 16:21:15,1.26,0.76,0.5,0.0,0.0,20.86,6081.4,0.0,0.26,0.16,0.11,0.0,0.0,0.0,0.01
2026-09-13 16:21:16,1.51,0.75,0.75,0.25,0.0,20.86,6081.6,0.0,0.26,0.16,0.11,0.0,0.0,0.0,0.01
2026-09-13 16:21:17,1.01,0.5,0.25,0.0,0.25,20.84,6082.5,0.0,0.26,0.16,0.11,0.0,0.0,0.0,0.01
2026-09-13 16:21:18,1.5,0.5,1.0,0.0,0.0,20.84,6082.8,0.0,0.26,0.16,0.11,0.0,0.0,0.0,0.01
2026-09-13 16:21:19,1.01,0.5,0.5,0.0,0.0,20.75,6089.7,0.0,0.24,0.15,0.11,0.0,0.0,0.32,0.01
2026-09-13 16:21:20,1.26,0.5,0.5,0.25,0.25,20.75,6089.7,0.0,0.24,0.15,0.11,0.0,0.03,1.76,0.02
2026-09-13 16:21:21,1.01,0.25,0.76,0.0,0.0,20.75,6089.9,0.0,0.24,0.15,0.11,0.0,0.0,0.0,0.01
2026-09-13 16:21:22,1.01,0.25,0.75,0.0,0.0,20.75,6090.1,0.0,0.24,0.15,0.11,0.0,0.0,0.0,0.01
2026-09-13 16:21:23,1.25,0.5,0.75,0.0,0.0,20.74,6090.2,0.0,0.24,0.15,0.11,0.0,0.0,0.0,0.0
2026-09-13 16:21:24,1.01,0.5,0.5,0.0,0.0,20.74,6090.3,0.0,0.22,0.15,0.11,0.0,0.0,0.0,0.01
2026-09-13 16:21:25,1.26,0.25,0.75,0.25,0.25,20.74,6090.3,0.0,0.22,0.15,0.11,0.0,0.02,0.0,0.01
2026-09-13 16:21:26,1.26,0.76,0.51,0.0,0.0,20.77,6088.1,0.0,0.22,0.15,0.11,0.0,0.0,0.32,0.01
2026-09-13 16:21:27,1.25,0.5,0.75,0.0,0.0,20.77,6088.1,0.0,0.22,0.15,0.11,0.0,0.0,1.76,0.02
2026-09-13 16:21:28,1.01,0.5,0.5,0.0,0.0,20.77,6088.1,0.0,0.22,0.15,0.11,0.0,0.0,0.0,0.01
2026-09-13 16:21:29,9.3,7.79,1.51,0.5,0.0,20.88,6080.1,0.0,0.2,0.15,0.11,0.0,0.02,0.0,0.01
2026-09-13 16:21:30,2.53,1.52,1.01,0.51,0.0,20.7,6093.8,0.0,0.2,0.15,0.11,0.0,0.01,0.0,0.01
2026-09-13 16:21:31,1.25,0.5,0.75,0.25,0.0,20.7,6093.6,0.0,0.2,0.15,0.11,0.0,0.03,0.0,0.0
2026-09-13 16:21:32,1.5,0.75,0.75,0.0,0.0,20.7,6093.6,0.0,0.2,0.15,0.11,0.0,0.0,0.32,0.02
2026-09-13 16:21:33,1.75,0.75,0.75,0.0,0.25,20.72,6092.4,0.0,0.2,0.15,0.11,0.0,0.0,1.76,0.02
2026-09-13 16:21:34,1.77,1.26,0.51,0.25,0.0,20.67,6095.8,0.0,0.27,0.16,0.11,0.0,0.0,0.0,0.02
2026-09-13 16:21:35,0.76,0.25,0.5,0.0,0.0,20.67,6095.7,0.0,0.27,0.16,0.11,0.0,0.0,0.0,0.01
2026-09-13 16:21:36,1.75,0.75,0.75,0.5,0.25,20.71,6093.2,0.0,0.27,0.16,0.11,0.0,0.0,0.0,0.01
2026-09-13 16:21:37,1.25,0.5,0.75,0.0,0.0,20.71,6093.2,0.0,0.27,0.16,0.11,0.0,0.0,0.0,0.01
2026-09-13 16:21:38,1.01,0.5,0.5,0.0,0.0,20.71,6093.2,0.0,0.27,0.16,0.11,0.0,0.0,0.31,0.01
2026-09-13 16:21:39,1.01,0.25,0.76,0.0,0.0,20.71,6093.0,0.0,0.24,0.16,0.11,0.0,0.0,1.76,0.02
2026-09-13 16:21:40,1.25,0.5,0.75,0.0,0.0,20.71,6093.0,0.0,0.24,0.16,0.11,0.0,0.01,0.0,0.01
2026-09-13 16:21:41,1.01,0.25,0.76,0.0,0.0,20.71,6093.0,0.0,0.24,0.16,0.11,0.0,0.0,0.0,0.01
2026-09-13 16:21:42,1.25,0.5,0.5,0.0,0.25,20.71,6093.0,0.0,0.24,0.16,0.11,0.0,0.0,0.0,0.0
2026-09-13 16:21:43,1.25,0.5,0.75,0.0,0.0,20.71,6093.0,0.0,0.24,0.16,0.11,0.0,0.0,0.0,0.01
2026-09-13 16:21:44,1.01,0.5,0.5,1.26,0.0,20.7,6093.3,0.0,0.22,0.16,0.11,0.0,1.4,0.0,0.01
2026-09-13 16:21:45,1.01,0.25,0.75,0.25,0.0,20.7,6093.4,0.0,0.22,0.16,0.11,0.0,0.01,0.0,0.01
2026-09-13 16:21:46,1.76,0.75,0.75,0.0,0.25,20.71,6093.0,0.0,0.22,0.16,0.11,0.0,0.0,0.32,0.02
2026-09-13 16:21:47,1.01,0.25,0.76,0.0,0.0,20.71,6092.8,0.0,0.22,0.16,0.11,0.0,0.0,1.76,0.02
2026-09-13 16:21:48,1.5,0.5,0.75,0.0,0.25,20.71,6092.8,0.0,0.22,0.16,0.11,0.0,0.0,0.0,0.01
2026-09-13 16:21:49,1.26,0.75,0.5,0.0,0.0,20.72,6092.3,0.0,0.21,0.15,0.11,0.0,0.0,0.0,0.01
2026-09-13 16:21:50,1.01,0.25,0.76,0.0,0.0,20.72,6092.3,0.0,0.21,0.15,0.11,0.0,0.0,0.0,0.01
2026-09-13 16:21:51,1.26,0.75,0.5,0.25,0.0,20.72,6092.3,0.0,0.21,0.15,0.11,0.0,0.01,0.0,0.01
2026-09-13 16:21:52,1.01,0.5,0.5,0.0,0.0,20.72,6092.0,0.0,0.21,0.15,0.11,0.0,0.0,0.0,0.01
2026-09-13 16:21:53,2.26,1.25,1.0,0.25,0.0,20.72,6092.0,0.0,0.21,0.15,0.11,0.0,0.0,0.0,0.01
2026-09-13 16:21:54,1.01,0.25,0.75,0.0,0.0,20.72,6092.0,0.0,0.19,0.15,0.11,0.0,0.0,0.0,0.01
2026-09-13 16:21:55,1.01,0.5,0.5,0.0,0.0,20.72,6092.0,0.0,0.19,0.15,0.11,0.0,0.5,0.31,0.01
2026-09-13 16:21:56,1.26,0.76,0.5,0.25,0.0,20.72,6092.0,0.0,0.19,0.15,0.11,0.0,0.0,0.0,0.01
2026-09-13 16:21:57,1.25,0.5,0.75,0.0,0.0,20.72,6092.0,0.0,0.19,0.15,0.11,0.0,0.0,1.76,0.01
2026-09-13 16:21:58,1.01,0.25,0.75,0.0,0.0,20.72,6092.0,0.0,0.19,0.15,0.11,0.0,0.0,0.0,0.01
2026-09-13 16:21:59,1.01,0.5,0.5,0.0,0.0,20.72,6091.8,0.0,0.17,0.15,0.11,0.0,0.0,0.0,0.01
2026-09-13 16:22:00,1.26,0.5,0.75,0.0,0.0,20.72,6091.8,0.0,0.17,0.15,0.11,0.0,0.0,0.0,0.01
2026-09-13 16:22:01,0.76,0.25,0.5,0.0,0.0,20.72,6091.8,0.0,0.17,0.15,0.11,0.0,0.02,0.0,0.0
2026-09-13 16:22:02,1.01,0.25,0.5,0.0,0.25,20.72,6091.8,0.0,0.17,0.15,0.11,0.0,0.0,0.0,0.01
2026-09-13 16:22:03,1.01,0.25,0.76,0.0,0.0,20.72,6091.8,0.0,0.17,0.15,0.11,0.0,0.0,0.0,0.0
2026-09-13 16:22:04,1.5,0.5,1.0,0.0,0.0,20.73,6091.6,0.0,0.16,0.14,0.11,0.0,0.0,0.0,0.01
2026-09-13 16:22:05,1.01,0.5,0.5,0.0,0.0,20.73,6091.6,0.0,0.16,0.14,0.11,0.0,0.0,0.32,0.01
2026-09-13 16:22:06,1.51,1.01,0.5,0.25,0.0,20.73,6091.3,0.0,0.16,0.14,0.11,0.0,0.0,1.76,0.02
2026-09-13 16:22:07,1.01,0.25,0.75,0.0,0.0,20.73,6091.3,0.0,0.16,0.14,0.11,0.0,0.0,0.0,0.01
2026-09-13 16:22:08,1.01,0.5,0.5,0.0,0.0,20.73,6091.3,0.0,0.16,0.14,0.11,0.0,0.0,0.0,0.01
2026-09-13 16:22:09,1.26,0.5,0.5,0.0,0.25,20.73,6091.3,0.0,0.15,0.14,0.11,0.0,0.0,0.0,0.01
2026-09-13 16:22:10,1.25,0.5,0.75,0.0,0.0,20.73,6091.3,0.0,0.15,0.14,0.11,0.0,0.0,0.0,0.01
2026-09-13 16:22:11,1.01,0.25,0.76,0.0,0.0,20.73,6091.1,0.0,0.15,0.14,0.11,0.0,0.01,0.0,0.0
2026-09-13 16:22:12,1.77,1.26,0.51,0.0,0.0,20.73,6091.2,0.0,0.15,0.14,0.11,0.0,0.0,0.0,0.0
2026-09-13 16:22:13,1.01,0.5,0.5,0.0,0.0,20.73,6091.2,0.0,0.13,0.14,0.11,0.0,0.0,0.31,0.01
2026-09-13 16:22:14,1.5,0.5,0.75,1.75,0.25,20.73,6091.5,0.0,0.13,0.14,0.11,0.0,1.26,1.76,0.02
2026-09-13 16:22:15,0.76,0.25,0.5,0.0,0.0,20.73,6091.7,0.0,0.13,0.14,0.11,0.0,0.0,0.0,0.01
2026-09-13 16:22:16,1.76,1.01,0.76,0.0,0.0,20.73,6091.5,0.0,0.13,0.14,0.11,0.0,0.0,0.0,0.01
2026-09-13 16:22:17,0.76,0.25,0.5,0.0,0.0,20.73,6091.5,0.0,0.13,0.14,0.11,0.0,0.0,0.0,0.0
2026-09-13 16:22:18,0.76,0.25,0.5,0.0,0.0,20.73,6091.5,0.0,0.12,0.14,0.1,0.0,0.0,0.0,0.01
2026-09-13 16:22:19,1.5,0.75,0.75,0.0,0.0,20.73,6091.5,0.0,0.12,0.14,0.1,0.0,0.0,0.0,0.01
2026-09-13 16:22:20,1.01,0.25,0.76,0.0,0.0,20.73,6091.2,0.0,0.12,0.14,0.1,0.0,0.0,0.0,0.01
2026-09-13 16:22:21,1.25,0.5,0.75,0.0,0.0,20.73,6091.2,0.0,0.12,0.14,0.1,0.0,0.0,0.31,0.01
2026-09-13 16:22:22,0.76,0.25,0.51,0.0,0.0,20.73,6091.2,0.0,0.12,0.14,0.1,0.0,0.0,1.76,0.02
2026-09-13 16:22:23,1.25,0.5,0.75,0.0,0.0,20.73,6091.2,0.0,0.11,0.13,0.1,0.0,0.0,0.0,0.0
2026-09-13 16:22:24,1.01,0.5,0.5,0.0,0.0,20.73,6091.2,0.0,0.11,0.13,0.1,0.0,0.0,0.0,0.01
2026-09-13 16:22:25,0.76,0.25,0.5,0.0,0.0,20.73,6091.0,0.0,0.11,0.13,0.1,0.0,0.0,0.0,0.01
2026-09-13 16:22:26,2.01,1.01,0.75,0.25,0.25,20.75,6089.5,0.0,0.11,0.13,0.1,0.0,0.0,0.32,0.01
2026-09-13 16:22:27,10.08,8.56,1.51,0.5,0.0,20.74,6090.2,0.0,0.11,0.13,0.1,0.0,0.02,1.76,0.01
2026-09-13 16:22:28,1.5,0.5,0.75,0.0,0.25,20.74,6090.2,0.0,0.1,0.13,0.1,0.0,0.0,0.0,0.01
2026-09-13 16:22:29,0.76,0.25,0.5,0.0,0.0,20.73,6091.2,0.0,0.1,0.13,0.1,0.0,0.0,2.08,0.01
2026-09-13 16:22:30,1.25,0.5,0.75,0.0,0.0,20.73,6091.5,0.0,0.1,0.13,0.1,0.0,0.0,0.0,0.01
2026-09-13 16:22:31,2.02,1.26,0.76,0.0,0.0,20.74,6090.5,0.0,0.1,0.13,0.1,0.0,0.0,0.0,0.01
2026-09-13 16:22:32,1.01,0.5,0.5,0.5,0.0,20.74,6090.3,0.0,0.1,0.13,0.1,0.0,0.01,2.08,0.02
2026-09-13 16:22:33,0.76,0.0,0.76,0.0,0.0,20.74,6090.3,0.0,0.1,0.13,0.1,0.0,0.0,0.0,0.01
2026-09-13 16:22:34,1.26,0.5,0.75,0.0,0.0,20.75,6090.1,0.0,0.1,0.13,0.1,0.0,0.0,0.0,0.02
2026-09-13 16:22:35,1.26,0.5,0.75,0.0,0.0,20.75,6090.1,0.0,0.1,0.13,0.1,0.0,0.0,0.01,0.01
2026-09-13 16:22:36,6.05,5.04,0.76,0.76,0.25,20.84,6082.6,0.0,0.1,0.13,0.1,0.0,0.02,0.61,0.01
2026-09-13 16:22:37,6.05,4.53,1.51,0.5,0.0,20.73,6091.4,0.0,0.1,0.13,0.1,0.0,0.02,2.2,0.02
2026-09-13 16:22:38,1.01,0.25,0.75,0.0,0.0,20.73,6091.4,0.0,0.09,0.13,0.1,0.0,0.0,0.0,0.01
2026-09-13 16:22:39,0.76,0.25,0.51,0.0,0.0,20.73,6091.4,0.0,0.09,0.13,0.1,0.0,0.0,0.0,0.01
2026-09-13 16:22:40,1.5,0.75,0.75,0.0,0.0,20.73,6091.4,0.0,0.09,0.13,0.1,0.0,0.0,0.0,0.0
2026-09-13 16:22:41,0.76,0.25,0.51,0.0,0.0,20.71,6093.1,0.0,0.09,0.13,0.1,0.0,0.0,0.0,0.0
2026-09-13 16:22:42,1.25,0.5,0.5,0.25,0.25,20.7,6093.4,0.0,0.09,0.13,0.1,0.0,0.01,0.32,0.01
2026-09-13 16:22:43,1.26,0.5,0.75,0.0,0.0,20.71,6093.0,0.0,0.08,0.12,0.1,0.0,0.0,1.0,0.01
2026-09-13 16:22:44,1.25,0.25,1.0,0.0,0.0,20.71,6092.9,0.0,0.08,0.12,0.1,0.0,0.0,0.76,0.01
2026-09-13 16:22:45,1.5,0.5,1.0,0.0,0.0,20.71,6092.9,0.0,0.08,0.12,0.1,0.0,0.0,0.0,0.01
2026-09-13 16:22:46,1.51,0.76,0.76,3.53,0.0,20.73,6091.2,0.0,0.08,0.12,0.1,0.0,1.4,0.0,0.01
2026-09-13 16:22:47,1.01,0.5,0.5,0.0,0.0,20.73,6091.2,0.0,0.08,0.12,0.1,0.0,0.0,0.0,0.01
2026-09-13 16:22:48,1.5,0.5,1.0,0.0,0.0,20.74,6090.9,0.0,0.07,0.12,0.1,0.0,0.0,0.0,0.01
2026-09-13 16:22:49,0.76,0.25,0.51,0.0,0.0,20.74,6090.5,0.0,0.07,0.12,0.1,0.0,0.0,0.0,0.01
2026-09-13 16:22:50,11.78,9.52,2.01,1.0,0.25,20.76,6088.9,0.0,0.07,0.12,0.1,0.0,0.02,0.32,0.02
2026-09-13 16:22:51,1.01,0.5,0.5,0.0,0.0,20.77,6088.4,0.0,0.07,0.12,0.1,0.0,0.0,0.0,0.01
2026-09-13 16:22:52,1.26,0.5,0.75,0.0,0.0,20.76,6089.4,0.0,0.07,0.12,0.1,0.0,0.0,1.76,0.02
2026-09-13 16:22:53,1.01,0.5,0.5,0.0,0.0,20.75,6090.1,0.0,0.07,0.12,0.1,0.0,0.0,0.0,0.01
2026-09-13 16:22:54,1.25,0.5,0.5,0.0,0.25,20.74,6090.7,0.0,0.07,0.12,0.1,0.0,0.0,0.0,0.01
2026-09-13 16:22:55,1.26,0.5,0.75,0.0,0.0,20.67,6096.1,0.0,0.07,0.12,0.1,0.0,0.0,0.0,0.01
2026-09-13 16:22:56,1.51,0.75,0.75,0.5,0.0,20.69,6094.5,0.0,0.07,0.12,0.1,0.0,0.01,0.0,0.01
2026-09-13 16:22:57,1.25,0.5,0.75,0.0,0.0,20.69,6094.4,0.0,0.07,0.12,0.1,0.0,0.01,0.0,0.01
2026-09-13 16:22:58,1.01,0.25,0.5,0.0,0.25,20.69,6094.4,0.0,0.06,0.12,0.1,0.0,0.0,0.0,0.01
2026-09-13 16:22:59,1.01,0.25,0.76,0.0,0.0,20.69,6094.4,0.0,0.06,0.12,0.1,0.0,0.0,0.0,0.01
2026-09-13 16:23:00,0.76,0.5,0.25,0.0,0.0,20.69,6094.4,0.0,0.06,0.12,0.1,0.0,0.0,0.0,0.01
2026-09-13 16:23:01,1.01,0.5,0.5,0.0,0.0,20.69,6094.5,0.0,0.06,0.12,0.1,0.0,0.0,0.0,0.0
2026-09-13 16:23:02,1.01,0.25,0.75,0.0,0.0,20.69,6094.5,0.0,0.06,0.12,0.1,0.0,0.0,0.0,0.01
2026-09-13 16:23:03,1.01,0.5,0.5,0.25,0.0,20.7,6094.0,0.0,0.06,0.12,0.1,0.0,0.02,0.32,0.01
2026-09-13 16:23:04,1.5,0.25,1.0,0.0,0.25,20.7,6093.7,0.0,0.06,0.12,0.1,0.0,0.0,0.0,0.02
2026-09-13 16:23:05,1.26,0.5,0.75,0.0,0.0,20.71,6093.0,0.0,0.06,0.12,0.1,0.0,0.0,1.76,0.01
2026-09-13 16:23:06,1.51,0.75,0.75,0.25,0.0,20.72,6091.8,0.0,0.06,0.12,0.1,0.0,0.63,0.0,0.0
2026-09-13 16:23:07,1.01,0.5,0.5,0.0,0.0,20.72,6092.0,0.0,0.06,0.12,0.1,0.0,0.0,0.0,0.01
2026-09-13 16:23:08,1.26,0.5,0.75,0.0,0.0,20.72,6092.0,0.0,0.05,0.11,0.1,0.0,0.0,0.0,0.01
2026-09-13 16:23:09,2.26,1.5,0.75,0.25,0.0,20.74,6090.3,0.0,0.05,0.11,0.1,0.0,0.0,0.0,0.01
2026-09-13 16:23:10,1.01,0.5,0.5,0.0,0.0,20.74,6090.3,0.0,0.05,0.11,0.1,0.0,0.0,0.0,0.0
2026-09-13 16:23:11,1.5,0.75,0.75,0.0,0.0,20.74,6090.3,0.0,0.05,0.11,0.1,0.0,0.0,0.0,0.0
2026-09-13 16:23:12,1.01,0.25,0.75,0.0,0.0,20.74,6090.3,0.0,0.05,0.11,0.1,0.0,0.0,0.0,0.0
2026-09-13 16:23:13,1.01,0.25,0.75,0.0,0.0,20.74,6090.3,0.0,0.05,0.11,0.09,0.0,0.01,0.0,0.01
2026-09-13 16:23:14,1.5,0.75,0.75,0.0,0.0,20.74,6090.3,0.0,0.05,0.11,0.09,0.0,0.0,0.0,0.01
2026-09-13 16:23:15,0.51,0.25,0.25,0.0,0.0,20.74,6090.3,0.0,0.05,0.11,0.09,0.0,0.0,0.0,0.01
2026-09-13 16:23:16,2.0,1.0,0.75,2.75,0.25,20.75,6089.7,0.0,0.05,0.11,0.09,0.0,1.0,0.0,0.01
2026-09-13 16:23:17,1.01,0.25,0.76,2.52,0.0,20.75,6089.7,0.0,0.05,0.11,0.09,0.0,0.42,0.0,0.01
2026-09-13 16:23:18,1.01,0.5,0.5,2.02,0.0,20.75,6089.7,0.0,0.04,0.11,0.09,0.0,0.24,0.0,0.01
2026-09-13 16:23:19,1.26,0.5,0.75,0.0,0.0,20.75,6089.5,0.0,0.04,0.11,0.09,0.0,0.0,0.32,0.01
2026-09-13 16:23:20,1.5,0.5,0.75,0.0,0.25,20.75,6089.5,0.0,0.04,0.11,0.09,0.0,0.0,0.0,0.01
2026-09-13 16:23:21,0.76,0.25,0.5,0.0,0.0,20.75,6089.5,0.0,0.04,0.11,0.09,0.0,0.0,1.76,0.02
2026-09-13 16:23:22,1.26,0.5,0.5,0.0,0.25,20.75,6089.5,0.0,0.04,0.11,0.09,0.0,0.0,0.0,0.01
2026-09-13 16:23:23,0.76,0.0,0.76,0.0,0.0,20.75,6089.5,0.0,0.04,0.11,0.09,0.0,0.0,0.0,0.01
2026-09-13 16:23:24,0.76,0.5,0.25,0.0,0.0,20.75,6089.5,0.0,0.04,0.11,0.09,0.0,0.0,0.0,0.01
2026-09-13 16:23:25,1.01,0.25,0.76,0.0,0.0,20.75,6089.5,0.0,0.04,0.11,0.09,0.0,0.0,0.0,0.01
2026-09-13 16:23:26,1.25,0.5,0.75,0.0,0.0,20.75,6089.5,0.0,0.04,0.11,0.09,0.0,0.0,0.0,0.01
2026-09-13 16:23:27,1.76,1.01,0.75,0.25,0.0,20.75,6089.5,0.0,0.04,0.11,0.09,0.0,0.01,0.0,0.01
2026-09-13 16:23:28,2.01,1.26,0.75,0.25,0.0,20.75,6089.6,0.0,0.04,0.11,0.09,0.0,0.0,0.0,0.01
2026-09-13 16:23:29,1.5,0.5,0.75,0.0,0.25,20.75,6089.6,0.0,0.04,0.11,0.09,0.0,0.0,0.0,0.01
2026-09-13 16:23:30,1.25,0.5,0.75,0.0,0.0,20.75,6089.6,0.0,0.04,0.11,0.09,0.0,0.0,0.32,0.01
2026-09-13 16:23:31,0.76,0.25,0.51,0.0,0.0,20.75,6089.6,0.0,0.04,0.11,0.09,0.0,0.0,1.76,0.01
2026-09-13 16:23:32,1.25,0.5,0.75,0.0,0.0,20.75,6089.7,0.0,0.04,0.11,0.09,0.0,0.0,0.0,0.01
2026-09-13 16:23:33,1.26,0.25,0.75,0.25,0.25,20.75,6089.7,0.0,0.03,0.1,0.09,0.0,0.01,0.0,0.01
2026-09-13 16:23:34,1.26,0.5,0.75,0.0,0.0,20.75,6089.7,0.0,0.03,0.1,0.09,0.0,0.0,0.0,0.02
2026-09-13 16:23:35,1.26,0.5,0.75,0.0,0.0,20.75,6089.7,0.0,0.03,0.1,0.09,0.0,0.0,0.0,0.01
2026-09-13 16:23:36,1.25,0.25,0.75,0.0,0.25,20.75,6089.4,0.0,0.03,0.1,0.09,0.0,0.0,0.0,0.01
2026-09-13 16:23:37,1.75,1.0,0.75,0.25,0.0,20.75,6089.4,0.0,0.03,0.1,0.09,0.0,0.0,0.0,0.01
2026-09-13 16:23:38,0.76,0.25,0.5,0.0,0.0,20.75,6089.4,0.0,0.03,0.1,0.09,0.0,0.0,0.32,0.01
2026-09-13 16:23:39,1.26,0.5,0.75,0.0,0.0,20.75,6089.4,0.0,0.03,0.1,0.09,0.0,0.0,0.0,0.01
2026-09-13 16:23:40,1.01,0.25,0.75,0.0,0.0,20.75,6089.4,0.0,0.03,0.1,0.09,0.0,0.0,0.0,0.0
2026-09-13 16:23:41,1.01,0.5,0.5,0.0,0.0,20.75,6089.4,0.0,0.03,0.1,0.09,0.0,0.0,0.0,0.01
2026-09-13 16:23:42,1.25,0.5,0.75,0.0,0.0,20.76,6089.3,0.0,0.03,0.1,0.09,0.0,0.0,1.76,0.02
2026-09-13 16:23:43,1.25,0.5,0.5,0.0,0.25,20.76,6089.0,0.0,0.03,0.1,0.09,0.0,0.0,0.0,0.01
2026-09-13 16:23:44,1.01,0.5,0.5,0.0,0.0,20.76,6089.0,0.0,0.03,0.1,0.09,0.0,0.0,0.0,0.02
2026-09-13 16:23:45,0.76,0.25,0.5,0.0,0.0,20.76,6089.0,0.0,0.03,0.1,0.09,0.0,0.0,0.0,0.01
2026-09-13 16:23:46,1.26,0.5,0.75,0.0,0.0,20.76,6089.0,0.0,0.03,0.1,0.09,0.0,0.0,0.0,0.01
2026-09-13 16:23:47,2.76,1.76,1.01,0.25,0.0,20.77,6088.0,0.0,0.03,0.1,0.09,0.0,0.0,0.0,0.01
2026-09-13 16:23:48,1.01,0.25,0.5,0.0,0.25,20.78,6087.7,0.0,0.11,0.11,0.09,0.0,0.07,0.0,0.01
2026-09-13 16:23:49,1.01,0.5,0.5,1.26,0.0,20.78,6087.8,0.0,0.11,0.11,0.09,0.0,1.26,0.0,0.01
2026-09-13 16:23:50,1.26,0.5,0.75,0.0,0.0,20.78,6087.8,0.0,0.11,0.11,0.09,0.0,0.0,0.0,0.01
2026-09-13 16:23:51,1.01,0.5,0.5,0.0,0.0,20.78,6087.5,0.0,0.11,0.11,0.09,0.0,0.01,0.0,0.01
2026-09-13 16:23:52,1.01,0.5,0.5,0.0,0.0,20.78,6087.3,0.0,0.11,0.11,0.09,0.0,0.0,0.0,0.01
2026-09-13 16:23:53,0.51,0.0,0.51,0.0,0.0,20.78,6087.3,0.0,0.1,0.11,0.09,0.0,0.0,0.32,0.01
2026-09-13 16:23:54,1.5,0.5,0.75,0.0,0.25,20.78,6087.3,0.0,0.1,0.11,0.09,0.0,0.0,1.76,0.02
2026-09-13 16:23:55,1.01,0.5,0.5,0.0,0.0,20.78,6087.3,0.0,0.1,0.11,0.09,0.0,0.0,0.0,0.01
2026-09-13 16:23:56,1.25,0.25,1.0,0.0,0.0,20.78,6087.3,0.0,0.1,0.11,0.09,0.0,0.0,0.0,0.01
2026-09-13 16:23:57,1.76,0.75,0.75,0.25,0.25,20.78,6087.3,0.0,0.1,0.11,0.09,0.0,0.0,0.0,0.01
2026-09-13 16:23:58,1.01,0.5,0.5,0.0,0.0,20.79,6087.1,0.0,0.09,0.11,0.09,0.0,0.5,0.0,0.01
2026-09-13 16:23:59,1.25,0.25,1.0,0.0,0.0,20.79,6087.1,0.0,0.09,0.11,0.09,0.0,0.0,0.0,0.01
2026-09-13 16:24:00,1.01,0.5,0.5,0.0,0.0,20.79,6087.1,0.0,0.09,0.11,0.09,0.0,0.0,0.0,0.0
2026-09-13 16:24:01,1.25,0.25,1.0,0.0,0.0,20.79,6087.1,0.0,0.09,0.11,0.09,0.0,0.0,0.0,0.01
2026-09-13 16:24:02,1.25,0.5,0.75,0.0,0.0,20.79,6087.1,0.0,0.09,0.11,0.09,0.0,0.0,0.0,0.0
2026-09-13 16:24:03,1.25,0.25,0.75,2.51,0.25,20.79,6087.1,0.0,0.08,0.11,0.09,0.0,0.05,0.0,0.01
2026-09-13 16:24:04,1.01,0.5,0.5,0.0,0.0,20.79,6086.8,0.0,0.08,0.11,0.09,0.0,0.0,0.0,0.01
2026-09-13 16:24:05,1.25,0.25,1.0,0.0,0.0,20.79,6086.8,0.0,0.08,0.11,0.09,0.0,0.0,0.0,0.01
2026-09-13 16:24:06,2.01,1.51,0.5,0.25,0.0,20.79,6086.8,0.0,0.08,0.11,0.09,0.0,0.0,0.0,0.0
2026-09-13 16:24:07,1.51,0.76,0.76,0.25,0.0,20.79,6086.8,0.0,0.08,0.11,0.09,0.0,0.0,0.0,0.0
2026-09-13 16:24:08,1.01,0.5,0.5,0.0,0.0,20.79,6086.8,0.0,0.07,0.11,0.09,0.0,0.0,0.0,0.01
2026-09-13 16:24:09,0.51,0.0,0.51,0.0,0.0,20.79,6086.8,0.0,0.07,0.11,0.09,0.0,0.01,0.0,0.01
2026-09-13 16:24:10,1.26,0.5,0.75,0.25,0.0,20.79,6086.8,0.0,0.07,0.11,0.09,0.0,0.02,0.32,0.0
2026-09-13 16:24:11,1.01,0.5,0.5,0.0,0.0,20.79,6086.6,0.0,0.07,0.11,0.09,0.0,0.0,0.0,0.01
2026-09-13 16:24:12,1.01,0.25,0.5,0.0,0.25,20.79,6086.6,0.0,0.07,0.11,0.09,0.0,0.0,0.0,0.01
2026-09-13 16:24:13,1.01,0.5,0.5,0.0,0.0,20.79,6086.6,0.0,0.07,0.1,0.09,0.0,0.0,1.76,0.02
2026-09-13 16:24:14,1.01,0.25,0.75,0.0,0.0,20.79,6086.8,0.0,0.07,0.1,0.09,0.0,0.63,0.0,0.01
2026-09-13 16:24:15,1.01,0.25,0.76,0.0,0.0,20.79,6086.6,0.0,0.07,0.1,0.09,0.0,0.0,0.0,0.01
2026-09-13 16:24:16,1.25,0.5,0.5,0.0,0.25,20.79,6086.6,0.0,0.07,0.1,0.09,0.0,0.0,0.0,0.01
2026-09-13 16:24:17,2.0,1.0,1.0,0.25,0.0,20.79,6086.6,0.0,0.07,0.1,0.09,0.0,0.0,0.0,0.01
2026-09-13 16:24:18,1.01,0.25,0.76,0.0,0.0,20.79,6086.7,0.0,0.06,0.1,0.09,0.0,0.0,0.0,0.01
2026-09-13 16:24:19,1.26,0.5,0.75,0.0,0.0,20.79,6086.4,0.0,0.06,0.1,0.09,0.0,0.5,0.0,0.01
2026-09-13 16:24:20,1.01,0.5,0.5,0.0,0.0,20.79,6086.7,0.0,0.06,0.1,0.09,0.0,0.01,0.0,0.01
2026-09-13 16:24:21,1.01,0.25,0.76,0.0,0.0,20.79,6086.7,0.0,0.06,0.1,0.09,0.0,0.0,0.0,0.01
2026-09-13 16:24:22,1.01,0.5,0.5,1.26,0.0,20.79,6087.0,0.0,0.06,0.1,0.09,0.0,1.27,0.0,0.01
2026-09-13 16:24:23,0.76,0.25,0.5,0.0,0.0,20.79,6087.0,0.0,0.06,0.1,0.09,0.0,0.0,0.0,0.01
2026-09-13 16:24:24,1.26,0.5,0.5,0.0,0.25,20.79,6087.0,0.0,0.06,0.1,0.09,0.0,0.0,0.0,0.01
2026-09-13 16:24:25,2.25,1.5,0.75,0.25,0.0,20.79,6087.0,0.0,0.06,0.1,0.09,0.0,0.0,0.0,0.01
2026-09-13 16:24:26,1.01,0.25,0.75,0.0,0.0,20.79,6087.0,0.0,0.06,0.1,0.09,0.0,0.0,0.0,0.0
2026-09-13 16:24:27,1.75,0.75,1.0,0.25,0.0,20.78,6087.6,0.0,0.06,0.1,0.09,0.0,0.0,0.0,0.0
2026-09-13 16:24:28,0.76,0.25,0.5,0.0,0.0,20.78,6087.6,0.0,0.05,0.1,0.09,0.0,0.0,0.32,0.01
2026-09-13 16:24:29,1.5,0.5,0.75,0.0,0.25,20.78,6087.6,0.0,0.05,0.1,0.09,0.0,0.0,0.0,0.01
2026-09-13 16:24:30,1.01,0.5,0.5,0.0,0.0,20.78,6087.6,0.0,0.05,0.1,0.09,0.0,0.0,1.76,0.01
2026-09-13 16:24:31,1.01,0.25,0.75,0.0,0.0,20.78,6087.4,0.0,0.05,0.1,0.09,0.0,0.0,0.0,0.01
2026-09-13 16:24:32,1.26,0.5,0.75,0.0,0.0,20.78,6087.4,0.0,0.05,0.1,0.09,0.0,0.0,0.0,0.01
2026-09-13 16:24:33,1.26,0.5,0.5,0.0,0.25,20.78,6087.6,0.0,0.05,0.1,0.09,0.0,0.0,0.0,0.02
2026-09-13 16:24:34,1.25,0.5,0.75,0.0,0.0,20.78,6087.4,0.0,0.05,0.1,0.09,0.0,0.03,0.0,0.01
2026-09-13 16:24:35,1.01,0.5,0.5,0.0,0.0,20.78,6087.4,0.0,0.05,0.1,0.09,0.0,0.0,0.0,0.01
2026-09-13 16:24:36,1.25,0.5,0.75,0.0,0.0,20.78,6087.4,0.0,0.05,0.1,0.09,0.0,0.0,0.0,0.01
2026-09-13 16:24:37,1.26,0.76,0.51,0.0,0.0,20.77,6087.9,0.0,0.05,0.1,0.09,0.0,0.0,0.0,0.01
2026-09-13 16:24:38,1.01,0.25,0.76,0.0,0.0,20.77,6087.9,0.0,0.04,0.1,0.09,0.0,0.0,0.0,0.01
2026-09-13 16:24:39,1.01,0.5,0.5,0.0,0.0,20.78,6087.7,0.0,0.04,0.1,0.09,0.0,0.0,0.0,0.01
2026-09-13 16:24:40,1.01,0.5,0.5,0.0,0.0,20.78,6087.7,0.0,0.04,0.1,0.09,0.0,0.0,0.0,0.0
2026-09-13 16:24:41,1.75,0.75,1.0,0.0,0.0,20.78,6087.7,0.0,0.04,0.1,0.09,0.0,0.0,0.03,0.01
2026-09-13 16:24:42,0.76,0.25,0.51,0.0,0.0,20.78,6087.7,0.0,0.04,0.1,0.09,0.0,0.0,0.0,0.01
2026-09-13 16:24:43,1.25,0.5,0.75,0.0,0.0,20.78,6087.7,0.0,0.04,0.09,0.09,0.0,0.0,0.0,0.01
2026-09-13 16:24:44,2.01,1.26,0.75,0.25,0.0,20.78,6087.4,0.0,0.04,0.09,0.09,0.0,0.0,0.0,0.01
2026-09-13 16:24:45,1.25,0.5,0.75,0.0,0.0,20.78,6087.4,0.0,0.04,0.09,0.09,0.0,0.0,0.32,0.01
2026-09-13 16:24:46,1.26,0.5,0.75,0.0,0.0,20.78,6087.4,0.0,0.04,0.09,0.09,0.0,0.0,0.0,0.01
2026-09-13 16:24:47,1.51,0.75,0.5,0.25,0.25,20.78,6087.2,0.0,0.04,0.09,0.09,0.0,0.0,0.0,0.01
2026-09-13 16:24:48,3.03,0.51,2.27,0.0,0.25,20.69,6094.6,0.0,0.12,0.11,0.09,0.0,0.0,0.07,0.03
2026-09-13 16:24:49,2.27,0.5,1.01,0.0,0.76,20.71,6092.8,0.0,0.12,0.11,0.09,0.0,0.0,18.05,0.1
2026-09-13 16:24:50,1.76,0.5,0.76,0.0,0.5,20.75,6090.0,0.0,0.12,0.11,0.09,0.0,0.0,18.36,0.09
2026-09-13 16:24:51,2.51,0.5,0.75,0.0,1.26,20.78,6087.7,0.0,0.12,0.11,0.09,0.0,0.01,29.31,0.15
2026-09-13 16:24:52,2.53,0.51,0.76,1.01,1.26,20.82,6084.4,0.0,0.12,0.11,0.09,0.0,1.26,36.59,0.17
2026-09-13 16:24:53,1.77,0.25,0.76,0.0,0.76,20.81,6085.1,0.0,0.11,0.11,0.09,0.0,0.0,23.96,0.12
2026-09-13 16:24:54,2.01,0.5,0.75,0.0,0.75,20.81,6084.9,0.0,0.11,0.11,0.09,0.0,0.0,19.61,0.1
2026-09-13 16:24:55,12.0,8.75,1.75,0.75,1.5,21.01,6069.8,0.0,0.11,0.11,0.09,0.0,0.06,24.93,0.13
2026-09-13 16:24:56,2.02,0.51,0.51,0.0,1.01,21.01,6069.6,0.0,0.11,0.11,0.09,0.0,0.0,31.12,0.15
2026-09-13 16:24:57,2.51,0.75,1.0,0.5,0.75,21.0,6070.5,0.0,0.11,0.11,0.09,0.0,0.0,20.75,0.1
2026-09-13 16:24:58,2.75,0.5,1.0,0.0,1.25,20.99,6071.6,0.0,0.1,0.1,0.09,0.0,0.01,22.83,0.11
2026-09-13 16:24:59,1.77,0.51,0.51,0.0,0.76,20.99,6071.1,0.0,0.1,0.1,0.09,0.0,0.01,24.9,0.12
2026-09-13 16:25:00,2.02,0.5,0.76,0.0,0.76,20.89,6079.3,0.0,0.1,0.1,0.09,0.0,0.0,24.91,0.12
2026-09-13 16:25:01,1.76,0.25,0.5,0.5,1.01,20.89,6079.4,0.0,0.1,0.1,0.09,0.0,0.01,22.86,0.11
2026-09-13 16:25:02,2.51,0.5,0.75,0.0,1.25,20.88,6079.7,0.0,0.1,0.1,0.09,0.0,0.0,24.86,0.12
2026-09-13 16:25:03,3.53,1.51,0.76,0.25,1.26,20.9,6078.4,0.0,0.09,0.1,0.09,0.0,0.0,26.97,0.15
2026-09-13 16:25:04,2.02,0.25,0.76,0.0,1.01,20.9,6078.2,0.0,0.09,0.1,0.09,0.0,0.0,24.9,0.12
2026-09-13 16:25:05,2.01,0.5,0.75,0.0,0.75,20.9,6078.3,0.0,0.09,0.1,0.09,0.0,0.0,19.6,0.1
2026-09-13 16:25:06,1.77,0.25,0.51,0.0,1.01,20.9,6078.4,0.0,0.09,0.1,0.09,0.0,0.0,22.94,0.11
2026-09-13 16:25:07,2.53,0.76,0.76,0.25,1.01,20.9,6078.5,0.0,0.09,0.1,0.09,0.0,0.01,30.39,0.15
2026-09-13 16:25:08,1.77,0.51,0.76,0.0,0.51,20.9,6078.6,0.0,0.08,0.1,0.09,0.0,0.0,22.85,0.11
2026-09-13 16:25:09,2.01,0.5,0.5,0.0,1.01,20.89,6078.8,0.0,0.08,0.1,0.09,0.0,0.0,20.73,0.11
2026-09-13 16:25:10,2.02,0.25,0.51,0.0,1.26,20.89,6078.8,0.0,0.08,0.1,0.09,0.0,0.0,26.66,0.13
2026-09-13 16:25:11,2.02,0.5,0.76,0.0,0.76,20.89,6078.8,0.0,0.08,0.1,0.09,0.0,0.0,28.05,0.13
2026-09-13 16:25:12,1.76,0.5,0.5,0.0,0.76,20.89,6078.8,0.0,0.08,0.1,0.09,0.0,0.0,22.71,0.11
2026-09-13 16:25:13,2.02,0.5,0.5,0.0,1.01,20.89,6078.8,0.0,0.08,0.1,0.09,0.0,0.0,23.93,0.12
2026-09-13 16:25:14,1.77,0.51,0.51,0.0,0.76,20.9,6078.6,0.0,0.08,0.1,0.09,0.0,0.0,24.9,0.12
2026-09-13 16:25:15,2.26,0.5,0.75,0.0,1.01,20.9,6078.6,0.0,0.08,0.1,0.09,0.0,0.0,24.9,0.12
2026-09-13 16:25:16,2.01,0.5,0.5,0.0,1.01,20.9,6078.6,0.0,0.08,0.1,0.09,0.0,0.0,20.75,0.11
2026-09-13 16:25:17,2.03,0.76,0.51,0.25,0.76,20.9,6078.6,0.0,0.08,0.1,0.09,0.0,0.0,24.9,0.12
2026-09-13 16:25:18,2.27,0.5,1.01,0.0,0.76,20.9,6078.3,0.0,0.07,0.1,0.09,0.0,0.0,28.43,0.15
2026-09-13 16:25:19,1.77,0.25,0.51,0.0,1.01,20.9,6078.6,0.0,0.07,0.1,0.09,0.0,0.0,23.45,0.12
2026-09-13 16:25:20,2.02,0.5,0.76,0.0,0.76,20.9,6078.6,0.0,0.07,0.1,0.09,0.0,0.0,18.67,0.09
2026-09-13 16:25:21,2.26,0.5,0.5,0.0,1.26,20.9,6078.3,0.0,0.07,0.1,0.09,0.0,0.0,24.9,0.13
2026-09-13 16:25:22,3.03,1.26,0.76,0.0,1.01,20.92,6077.1,0.0,0.07,0.1,0.09,0.0,0.01,29.38,0.14
2026-09-13 16:25:23,2.51,0.5,0.75,0.0,1.25,20.91,6077.2,0.0,0.06,0.09,0.09,0.0,0.0,24.56,0.12
2026-09-13 16:25:24,2.26,0.25,1.0,0.0,1.0,20.91,6077.2,0.0,0.06,0.09,0.09,0.0,0.0,20.75,0.11
2026-09-13 16:25:25,1.52,0.25,0.76,0.0,0.51,20.91,6077.2,0.0,0.06,0.09,0.09,0.0,0.0,24.9,0.12
2026-09-13 16:25:26,2.51,0.5,0.75,1.51,1.26,20.91,6077.3,0.0,0.06,0.09,0.09,0.0,1.39,26.52,0.13
2026-09-13 16:25:27,2.02,0.76,0.51,0.25,0.76,20.91,6077.2,0.0,0.06,0.09,0.09,0.0,0.0,23.28,0.11
2026-09-13 16:25:28,2.01,0.5,0.75,0.0,0.75,20.91,6077.2,0.0,0.06,0.09,0.09,0.0,0.0,22.07,0.11
2026-09-13 16:25:29,2.52,0.5,0.76,0.0,1.26,20.91,6077.2,0.0,0.06,0.09,0.09,0.0,0.0,27.73,0.14
2026-09-13 16:25:30,1.76,0.5,0.5,0.0,0.76,20.91,6077.2,0.0,0.06,0.09,0.09,0.0,0.0,25.21,0.12
2026-09-13 16:25:31,2.26,0.5,0.75,0.0,1.01,20.91,6077.2,0.0,0.06,0.09,0.09,0.0,0.0,20.75,0.11
2026-09-13 16:25:32,2.02,0.25,0.76,0.0,1.01,20.91,6077.2,0.0,0.06,0.09,0.09,0.0,0.01,24.9,0.13
2026-09-13 16:25:33,2.02,0.51,0.76,0.0,0.76,20.91,6077.2,0.0,0.05,0.09,0.09,0.0,0.0,28.73,0.15
2026-09-13 16:25:34,1.76,0.5,0.25,0.0,1.01,20.91,6077.2,0.0,0.05,0.09,0.09,0.0,0.0,22.84,0.12
2026-09-13 16:25:35,2.02,0.5,0.76,0.0,0.76,20.91,6077.2,0.0,0.05,0.09,0.09,0.0,0.0,20.74,0.1
2026-09-13 16:25:36,1.76,0.0,0.76,0.0,1.01,20.91,6077.2,0.0,0.05,0.09,0.09,0.0,0.0,24.9,0.12
2026-09-13 16:25:37,3.02,1.01,1.01,0.0,1.01,20.92,6076.7,0.0,0.05,0.09,0.09,0.0,0.0,29.05,0.14
2026-09-13 16:25:38,1.52,0.25,0.51,0.0,0.76,20.92,6076.7,0.0,0.13,0.11,0.09,0.0,0.0,21.74,0.11
2026-09-13 16:25:39,1.77,0.51,0.51,0.0,0.76,20.92,6076.5,0.0,0.13,0.11,0.09,0.0,0.5,23.91,0.12
2026-09-13 16:25:40,2.01,0.5,0.5,0.0,1.01,20.92,6076.5,0.0,0.13,0.11,0.09,0.0,0.0,25.21,0.12
2026-09-13 16:25:41,3.02,1.26,0.76,0.25,1.01,20.93,6076.0,0.0,0.13,0.11,0.09,0.0,0.0,28.57,0.14
2026-09-13 16:25:42,1.77,0.25,0.76,0.0,0.76,20.93,6076.0,0.0,0.13,0.11,0.09,0.0,0.0,22.98,0.12
2026-09-13 16:25:43,1.77,0.51,0.76,0.0,0.51,20.93,6076.0,0.0,0.12,0.1,0.09,0.0,0.0,22.83,0.11
2026-09-13 16:25:44,2.02,0.5,0.76,0.0,0.76,20.83,6083.8,0.0,0.12,0.1,0.09,0.0,0.0,21.14,0.11
2026-09-13 16:25:45,1.52,0.25,0.76,0.0,0.51,20.72,6092.0,0.0,0.12,0.1,0.09,0.0,0.0,16.52,0.09
2026-09-13 16:25:46,1.75,0.75,0.5,0.0,0.5,20.69,6094.1,0.0,0.12,0.1,0.09,0.0,0.0,10.06,0.06
2026-09-13 16:25:47,1.76,0.75,1.01,0.25,0.0,20.67,6095.7,0.0,0.12,0.1,0.09,0.0,0.0,2.08,0.02
2026-09-13 16:25:48,1.01,0.25,0.76,0.0,0.0,20.66,6096.7,0.0,0.19,0.12,0.1,0.0,0.0,0.0,0.01
2026-09-13 16:25:49,1.26,0.5,0.75,0.0,0.0,20.66,6096.6,0.0,0.19,0.12,0.1,0.0,0.5,0.0,0.01
2026-09-13 16:25:50,1.26,0.5,0.5,0.0,0.25,20.66,6096.6,0.0,0.19,0.12,0.1,0.0,0.0,0.0,0.01
2026-09-13 16:25:51,1.01,0.5,0.5,0.0,0.0,20.66,6096.6,0.0,0.19,0.12,0.1,0.0,0.0,0.32,0.02
2026-09-13 16:25:52,1.25,0.5,0.75,0.0,0.0,20.66,6096.5,0.0,0.19,0.12,0.1,0.0,0.0,1.76,0.01
2026-09-13 16:25:53,1.01,0.25,0.76,0.0,0.0,20.67,6095.9,0.0,0.17,0.12,0.1,0.0,0.0,0.0,0.01
2026-09-13 16:25:54,1.25,0.75,0.5,0.0,0.0,20.67,6095.7,0.0,0.17,0.12,0.1,0.0,0.0,0.0,0.01
2026-09-13 16:25:55,1.01,0.25,0.75,0.0,0.0,20.67,6095.7,0.0,0.17,0.12,0.1,0.0,0.0,0.0,0.01
2026-09-13 16:25:56,1.01,0.5,0.5,0.0,0.0,20.69,6094.5,0.0,0.17,0.12,0.1,0.0,0.0,0.0,0.01
2026-09-13 16:25:57,1.76,1.01,0.75,0.0,0.0,20.71,6092.7,0.0,0.17,0.12,0.1,0.0,0.0,0.0,0.01
2026-09-13 16:25:58,1.5,0.5,0.75,0.0,0.25,20.71,6092.5,0.0,0.16,0.11,0.09,0.0,0.5,0.0,0.01
2026-09-13 16:25:59,1.01,0.51,0.51,1.26,0.0,20.72,6092.4,0.0,0.16,0.11,0.09,0.0,1.15,0.0,0.01
2026-09-13 16:26:00,2.25,1.5,0.75,0.25,0.0,20.72,6091.8,0.0,0.16,0.11,0.09,0.0,0.0,0.32,0.0
2026-09-13 16:26:01,1.26,0.5,0.75,0.0,0.0,20.72,6091.8,0.0,0.16,0.11,0.09,0.0,0.0,0.0,0.01
2026-09-13 16:26:02,1.51,0.5,0.5,0.0,0.5,20.74,6090.6,0.0,0.16,0.11,0.09,0.0,0.0,13.51,0.07
2026-09-13 16:26:03,2.01,0.5,0.75,0.0,0.75,20.77,6088.5,0.0,0.15,0.11,0.09,0.0,0.0,22.45,0.11
2026-09-13 16:26:04,2.52,0.5,1.01,0.0,1.01,20.79,6086.5,0.0,0.15,0.11,0.09,0.0,0.0,29.91,0.14
2026-09-13 16:26:05,9.92,8.14,1.27,0.0,0.51,21.06,6065.9,0.0,0.15,0.11,0.09,0.0,0.0,27.46,0.14
2026-09-13 16:26:06,3.53,1.26,1.01,0.5,1.26,21.06,6065.6,0.0,0.15,0.11,0.09,0.0,0.02,30.49,0.15
2026-09-13 16:26:07,2.53,0.76,0.76,0.25,1.01,21.13,6060.5,0.0,0.15,0.11,0.09,0.0,0.0,36.56,0.18
2026-09-13 16:26:08,2.53,0.51,0.76,0.0,1.27,21.16,6058.4,0.0,0.13,0.11,0.09,0.0,0.0,39.48,0.19
2026-09-13 16:26:09,2.78,0.51,0.76,0.0,1.52,21.17,6057.2,0.0,0.13,0.11,0.09,0.0,0.0,44.41,0.22
2026-09-13 16:26:10,2.28,0.25,0.51,0.25,1.52,21.16,6058.6,0.0,0.13,0.11,0.09,0.0,0.01,51.34,0.25
2026-09-13 16:26:11,3.03,0.51,0.76,0.25,1.77,21.07,6064.8,0.0,0.13,0.11,0.09,0.0,0.01,51.14,0.26
2026-09-13 16:26:12,2.53,0.51,0.76,0.0,1.27,21.07,6065.6,0.0,0.13,0.11,0.09,0.0,0.0,44.21,0.22
2026-09-13 16:26:13,2.53,0.51,0.51,0.0,1.52,21.05,6066.4,0.0,0.12,0.11,0.09,0.0,0.0,48.77,0.25
2026-09-13 16:26:14,3.02,0.5,0.76,0.0,1.76,21.05,6067.0,0.0,0.12,0.11,0.09,0.0,0.0,52.65,0.26
2026-09-13 16:26:15,3.03,0.51,1.01,0.0,1.52,21.05,6066.7,0.0,0.12,0.11,0.09,0.0,0.63,49.51,0.25
2026-09-13 16:26:16,2.78,0.25,1.01,0.0,1.52,21.04,6067.3,0.0,0.12,0.11,0.09,0.0,0.0,43.34,0.22
2026-09-13 16:26:17,4.02,1.01,0.75,0.25,2.26,21.02,6068.9,0.0,0.12,0.11,0.09,0.0,0.0,53.57,0.26
2026-09-13 16:26:18,3.03,0.25,1.01,0.0,1.77,21.02,6069.3,0.0,0.11,0.11,0.09,0.0,0.0,51.75,0.26
2026-09-13 16:26:19,4.04,1.77,0.51,0.0,1.77,21.02,6069.1,0.0,0.11,0.11,0.09,0.0,0.0,47.16,0.24
2026-09-13 16:26:20,2.78,0.25,0.76,0.0,1.77,21.02,6068.8,0.0,0.11,0.11,0.09,0.0,0.0,46.74,0.24
2026-09-13 16:26:21,3.03,0.51,0.51,0.0,2.02,21.02,6068.8,0.0,0.11,0.11,0.09,0.0,0.0,52.17,0.26
2026-09-13 16:26:22,2.78,0.51,0.76,0.0,1.52,21.02,6068.7,0.0,0.11,0.11,0.09,0.0,0.0,48.81,0.24
2026-09-13 16:26:23,2.53,0.25,0.76,0.0,1.52,21.02,6068.7,0.0,0.1,0.1,0.09,0.0,0.0,46.45,0.24
2026-09-13 16:26:24,2.28,0.25,0.51,0.0,1.52,21.02,6069.4,0.0,0.1,0.1,0.09,0.0,0.01,48.58,0.24
2026-09-13 16:26:25,3.51,0.5,1.0,0.0,2.01,21.02,6069.2,0.0,0.1,0.1,0.09,0.0,0.0,49.12,0.24
2026-09-13 16:26:26,12.47,8.91,2.04,1.02,1.53,21.01,6069.5,0.0,0.1,0.1,0.09,0.0,0.02,51.19,0.26
2026-09-13 16:26:27,2.79,1.02,0.51,0.25,1.27,21.03,6068.0,0.0,0.1,0.1,0.09,0.0,0.0,43.9,0.22
2026-09-13 16:26:28,3.27,0.5,0.75,0.0,2.01,21.02,6069.2,0.0,0.1,0.1,0.09,0.0,0.0,49.91,0.25
2026-09-13 16:26:29,2.54,0.25,0.76,0.0,1.52,21.02,6069.2,0.0,0.1,0.1,0.09,0.0,0.0,54.2,0.27
2026-09-13 16:26:30,2.28,0.51,0.51,1.78,1.27,21.01,6069.6,0.0,0.1,0.1,0.09,0.0,1.51,48.54,0.24
2026-09-13 16:26:31,2.54,0.51,0.76,0.0,1.27,21.0,6071.0,0.0,0.1,0.1,0.09,0.0,0.02,44.39,0.23
2026-09-13 16:26:32,3.02,0.5,0.75,0.5,1.76,20.99,6071.3,0.0,0.1,0.1,0.09,0.0,0.01,51.12,0.26
2026-09-13 16:26:33,3.04,0.51,0.76,0.0,1.77,21.0,6070.3,0.0,0.09,0.1,0.09,0.0,0.0,52.38,0.27
2026-09-13 16:26:34,2.53,0.25,0.76,0.0,1.52,21.01,6069.8,0.0,0.09,0.1,0.09,0.0,0.0,44.72,0.23
2026-09-13 16:26:35,2.53,0.25,1.01,0.0,1.27,21.01,6070.0,0.0,0.09,0.1,0.09,0.0,0.0,48.59,0.24
2026-09-13 16:26:36,3.02,0.5,0.5,0.0,2.02,21.01,6069.8,0.0,0.09,0.1,0.09,0.0,0.0,50.83,0.26
2026-09-13 16:26:37,3.54,0.76,0.76,0.0,2.02,21.03,6068.1,0.0,0.09,0.1,0.09,0.0,0.0,48.81,0.25
2026-09-13 16:26:38,4.27,1.51,1.01,0.25,1.76,21.04,6067.8,0.0,0.08,0.1,0.09,0.0,0.0,45.9,0.24
2026-09-13 16:26:39,2.28,0.25,0.51,0.0,1.52,21.04,6067.6,0.0,0.08,0.1,0.09,0.0,0.0,48.98,0.25
2026-09-13 16:26:40,3.02,0.5,0.76,0.0,1.76,21.03,6068.2,0.0,0.08,0.1,0.09,0.0,0.0,49.25,0.24
2026-09-13 16:26:41,3.03,0.51,0.76,0.0,1.77,21.04,6067.5,0.0,0.08,0.1,0.09,0.0,0.5,49.19,0.25
2026-09-13 16:26:42,2.28,0.51,0.51,0.0,1.27,21.04,6067.4,0.0,0.08,0.1,0.09,0.0,0.01,43.92,0.23
2026-09-13 16:26:43,2.78,0.25,1.01,0.0,1.52,21.04,6067.2,0.0,0.07,0.1,0.09,0.0,0.0,50.95,0.26
2026-09-13 16:26:44,2.54,0.51,0.51,0.0,1.52,21.04,6067.9,0.0,0.07,0.1,0.09,0.0,0.0,52.7,0.26
2026-09-13 16:26:45,2.78,0.25,0.76,0.0,1.77,21.04,6067.2,0.0,0.07,0.1,0.09,0.0,0.0,48.78,0.25
2026-09-13 16:26:46,2.53,0.51,0.76,0.0,1.27,21.04,6067.3,0.0,0.07,0.1,0.09,0.0,0.0,46.69,0.24
2026-09-13 16:26:47,3.77,0.75,1.01,0.25,2.01,21.04,6067.2,0.0,0.07,0.1,0.09,0.0,0.0,50.1,0.25
2026-09-13 16:26:48,3.27,0.5,0.75,0.0,2.01,21.05,6066.9,0.0,0.07,0.1,0.09,0.0,0.0,48.31,0.24
2026-09-13 16:26:49,2.78,0.51,0.76,0.0,1.52,21.04,6067.2,0.0,0.07,0.1,0.09,0.0,0.0,46.45,0.24
2026-09-13 16:26:50,3.27,0.5,1.01,0.0,1.76,21.05,6067.1,0.0,0.07,0.1,0.09,0.0,0.0,49.05,0.25
2026-09-13 16:26:51,3.03,0.25,0.51,0.0,2.27,21.04,6067.5,0.0,0.07,0.1,0.09,0.0,0.5,52.96,0.27
2026-09-13 16:26:52,3.02,0.5,1.01,0.0,1.51,21.05,6067.1,0.0,0.07,0.1,0.09,0.0,0.0,48.55,0.24
2026-09-13 16:26:53,2.04,0.25,0.51,0.0,1.27,21.04,6067.8,0.0,0.06,0.09,0.09,0.0,0.0,44.18,0.23
2026-09-13 16:26:54,3.5,0.25,1.0,0.0,2.25,21.04,6067.3,0.0,0.06,0.09,0.09,0.0,0.0,46.67,0.23
2026-09-13 16:26:55,3.27,0.5,0.5,0.0,2.27,21.04,6067.4,0.0,0.06,0.09,0.09,0.0,0.01,53.93,0.27
2026-09-13 16:26:56,2.53,0.51,0.76,0.0,1.27,21.04,6067.5,0.0,0.06,0.09,0.09,0.0,0.0,49.03,0.25
2026-09-13 16:26:57,4.04,1.77,1.26,0.25,1.01,21.01,6069.5,0.0,0.06,0.09,0.09,0.0,0.0,39.29,0.2
2026-09-13 16:26:58,2.77,0.5,0.76,0.0,1.51,20.92,6076.8,0.0,0.06,0.09,0.09,0.0,0.0,42.32,0.22
2026-09-13 16:26:59,1.78,0.25,0.76,0.0,0.76,20.89,6078.7,0.0,0.06,0.09,0.09,0.0,0.0,35.9,0.18
2026-09-13 16:27:00,1.77,0.51,0.76,0.0,0.51,20.82,6084.6,0.0,0.06,0.09,0.09,0.0,0.0,26.26,0.13
2026-09-13 16:27:01,1.52,0.76,0.51,0.0,0.25,20.78,6087.2,0.0,0.06,0.09,0.09,0.0,0.0,22.08,0.12
2026-09-13 16:27:02,1.76,0.5,0.76,1.01,0.5,20.74,6090.8,0.0,0.06,0.09,0.09,0.0,1.26,17.36,0.09
2026-09-13 16:27:03,1.51,0.5,0.76,0.0,0.25,20.7,6093.6,0.0,0.05,0.09,0.09,0.0,0.0,9.86,0.07
2026-09-13 16:27:04,1.26,0.25,0.76,0.0,0.25,20.69,6094.7,0.0,0.05,0.09,0.09,0.0,0.0,3.9,0.02
2026-09-13 16:27:05,1.25,0.5,0.75,0.0,0.0,20.68,6095.4,0.0,0.05,0.09,0.09,0.0,0.0,0.0,0.01
2026-09-13 16:27:06,1.26,0.5,0.75,0.0,0.0,20.68,6095.4,0.0,0.05,0.09,0.09,0.0,0.0,0.0,0.01
2026-09-13 16:27:07,1.26,0.75,0.5,0.25,0.0,20.7,6093.7,0.0,0.05,0.09,0.09,0.0,0.0,0.0,0.01
2026-09-13 16:27:08,1.26,0.25,1.01,0.0,0.0,20.7,6093.7,0.0,0.05,0.09,0.09,0.0,0.0,0.0,0.01
2026-09-13 16:27:09,1.01,0.5,0.5,0.0,0.0,20.7,6093.7,0.0,0.05,0.09,0.09,0.0,0.0,0.0,0.01
2026-09-13 16:27:10,1.25,0.5,0.75,0.0,0.0,20.7,6093.7,0.0,0.05,0.09,0.09,0.0,0.0,0.0,0.0
2026-09-13 16:27:11,1.01,0.5,0.5,0.0,0.0,20.71,6093.2,0.0,0.05,0.09,0.09,0.0,0.0,0.0,0.0
2026-09-13 16:27:12,1.01,0.25,0.75,0.0,0.0,20.71,6092.7,0.0,0.05,0.09,0.09,0.0,0.0,0.0,0.01
2026-09-13 16:27:13,1.26,0.25,0.75,0.0,0.25,20.71,6092.7,0.0,0.04,0.09,0.09,0.0,0.0,0.32,0.01
2026-09-13 16:27:14,1.26,0.5,0.75,0.0,0.0,20.71,6092.7,0.0,0.04,0.09,0.09,0.0,0.0,1.76,0.02
2026-09-13 16:27:15,0.76,0.25,0.5,0.0,0.0,20.71,6092.7,0.0,0.04,0.09,0.09,0.0,0.0,0.0,0.01
2026-09-13 16:27:16,2.51,1.75,0.75,0.0,0.0,20.72,6091.8,0.0,0.04,0.09,0.09,0.0,0.0,0.0,0.01
2026-09-13 16:27:17,1.51,0.75,0.75,0.25,0.0,20.75,6090.1,0.0,0.04,0.09,0.09,0.0,0.0,0.0,0.01
2026-09-13 16:27:18,1.26,0.5,0.75,0.0,0.0,20.75,6089.8,0.0,0.04,0.08,0.08,0.0,0.0,0.0,0.01
2026-09-13 16:27:19,1.26,0.25,0.76,0.0,0.25,20.75,6089.6,0.0,0.04,0.08,0.08,0.0,0.0,2.0,0.02
2026-09-13 16:27:20,1.26,0.5,0.76,0.0,0.0,20.78,6087.1,0.0,0.04,0.08,0.08,0.0,0.0,8.4,0.05
2026-09-13 16:27:21,1.76,0.5,0.76,0.0,0.5,20.79,6086.9,0.0,0.04,0.08,0.08,0.0,0.0,14.62,0.08
2026-09-13 16:27:22,1.52,0.25,0.76,0.0,0.51,20.83,6083.6,0.0,0.04,0.08,0.08,0.0,0.0,19.87,0.11
2026-09-13 16:27:23,1.77,0.51,1.01,0.0,0.25,20.86,6081.3,0.0,0.12,0.1,0.09,0.0,0.0,27.11,0.15
2026-09-13 16:27:24,1.78,0.25,0.76,0.0,0.76,20.91,6077.8,0.0,0.12,0.1,0.09,0.0,0.0,32.32,0.18
2026-09-13 16:27:25,2.03,0.25,0.76,0.0,1.02,20.93,6076.0,0.0,0.12,0.1,0.09,0.0,0.0,40.0,0.21
2026-09-13 16:27:26,2.29,0.51,0.76,0.0,1.02,20.98,6072.3,0.0,0.12,0.1,0.09,0.0,0.0,44.27,0.23
2026-09-13 16:27:27,3.03,0.76,0.76,0.76,1.52,21.0,6070.3,0.0,0.12,0.1,0.09,0.0,0.05,50.93,0.27
2026-09-13 16:27:28,3.05,0.51,0.76,0.0,1.78,21.04,6067.6,0.0,0.11,0.1,0.09,0.0,0.0,56.27,0.3
2026-09-13 16:27:29,3.54,0.51,1.01,0.0,2.03,21.15,6059.1,0.0,0.11,0.1,0.09,0.0,0.0,63.04,0.34
2026-09-13 16:27:30,3.54,0.51,0.76,0.0,2.28,21.16,6058.6,0.0,0.11,0.1,0.09,0.0,0.0,68.21,0.36
2026-09-13 16:27:31,3.81,0.51,1.02,0.0,2.28,21.17,6057.9,0.0,0.11,0.1,0.09,0.0,0.0,72.16,0.39
2026-09-13 16:27:32,3.8,0.51,0.76,0.0,2.53,21.18,6056.9,0.0,0.11,0.1,0.09,0.0,0.0,72.79,0.39
2026-09-13 16:27:33,3.81,0.25,1.02,0.25,2.54,21.17,6057.2,0.0,0.18,0.11,0.1,0.0,0.02,73.27,0.4
2026-09-13 16:27:34,3.32,0.51,0.51,0.0,2.3,21.18,6056.9,0.0,0.18,0.11,0.1,0.0,0.0,73.65,0.4
2026-09-13 16:27:35,4.57,1.52,0.76,0.25,2.28,21.17,6057.5,0.0,0.18,0.11,0.1,0.0,0.0,71.86,0.38
2026-09-13 16:27:36,3.8,0.51,0.76,0.0,2.53,21.18,6056.9,0.0,0.18,0.11,0.1,0.0,0.0,73.66,0.39
2026-09-13 16:27:37,4.07,0.76,1.02,0.0,2.29,21.19,6055.9,0.0,0.18,0.11,0.1,0.0,0.0,72.47,0.39
2026-09-13 16:27:38,3.55,0.25,0.76,0.0,2.54,21.19,6055.8,0.0,0.16,0.11,0.09,0.0,0.0,72.38,0.39
2026-09-13 16:27:39,3.79,0.51,0.76,0.0,2.53,21.19,6055.7,0.0,0.16,0.11,0.09,0.0,0.0,72.96,0.39
2026-09-13 16:27:40,4.04,0.51,0.76,0.0,2.78,21.19,6055.7,0.0,0.16,0.11,0.09,0.0,0.0,73.5,0.39
2026-09-13 16:27:41,9.39,5.58,1.02,0.0,2.79,21.34,6044.4,0.0,0.16,0.11,0.09,0.0,0.0,72.57,0.39
2026-09-13 16:27:42,9.05,4.27,1.51,2.76,3.27,21.26,6051.0,0.0,0.16,0.11,0.09,0.0,1.42,73.54,0.4
2026-09-13 16:27:43,4.03,0.25,0.76,0.0,3.02,21.25,6051.4,0.0,0.15,0.11,0.09,0.0,0.0,73.68,0.4
2026-09-13 16:27:44,3.8,0.25,0.76,0.0,2.78,21.25,6051.4,0.0,0.15,0.11,0.09,0.0,0.0,72.55,0.38
2026-09-13 16:27:45,3.8,0.51,0.51,0.0,2.78,21.24,6052.3,0.0,0.15,0.11,0.09,0.0,0.0,72.97,0.4
2026-09-13 16:27:46,4.28,0.5,1.01,0.0,2.77,21.23,6052.9,0.0,0.15,0.11,0.09,0.0,0.0,72.89,0.39
2026-09-13 16:27:47,4.55,1.01,1.01,0.25,2.53,21.21,6054.6,0.0,0.15,0.11,0.09,0.0,0.01,74.94,0.4
2026-09-13 16:27:48,3.56,0.25,0.76,0.0,2.54,21.21,6054.4,0.0,0.14,0.11,0.09,0.0,0.0,72.5,0.39
2026-09-13 16:27:49,3.8,0.51,0.76,0.0,2.53,21.2,6055.4,0.0,0.14,0.11,0.09,0.0,0.0,73.26,0.4
2026-09-13 16:27:50,3.8,0.51,0.76,0.0,2.53,21.2,6055.2,0.0,0.14,0.11,0.09,0.0,0.0,73.01,0.39
2026-09-13 16:27:51,4.05,0.25,1.01,0.0,2.78,21.18,6056.8,0.0,0.14,0.11,0.09,0.0,0.0,73.91,0.4
2026-09-13 16:27:52,3.31,0.51,0.76,0.0,2.04,21.19,6055.8,0.0,0.14,0.11,0.09,0.0,0.0,72.85,0.39
2026-09-13 16:27:53,3.55,0.25,0.51,0.0,2.79,21.19,6056.0,0.0,0.13,0.11,0.09,0.0,0.0,72.99,0.38
2026-09-13 16:27:54,5.05,1.52,0.76,0.25,2.78,21.21,6054.2,0.0,0.13,0.11,0.09,0.0,0.0,72.87,0.4
2026-09-13 16:27:55,3.8,0.25,1.01,0.0,2.53,21.22,6053.9,0.0,0.13,0.11,0.09,0.0,0.0,73.06,0.4
2026-09-13 16:27:56,4.03,0.5,0.76,0.0,2.77,21.22,6053.9,0.0,0.13,0.11,0.09,0.0,0.0,73.21,0.4
2026-09-13 16:27:57,3.82,0.51,0.76,0.25,2.54,21.22,6053.7,0.0,0.13,0.11,0.09,0.0,0.0,72.7,0.39
2026-09-13 16:27:58,3.55,0.51,0.51,0.0,2.54,21.22,6053.6,0.0,0.12,0.1,0.09,0.0,0.05,72.5,0.39
2026-09-13 16:27:59,3.55,0.51,0.76,0.0,2.28,21.22,6053.4,0.0,0.12,0.1,0.09,0.0,0.0,73.03,0.39
2026-09-13 16:28:00,3.55,0.51,0.76,0.0,2.28,21.22,6053.5,0.0,0.12,0.1,0.09,0.0,0.0,73.05,0.39
2026-09-13 16:28:01,4.03,0.5,0.5,0.0,3.02,21.22,6053.4,0.0,0.12,0.1,0.09,0.0,0.0,72.64,0.39
2026-09-13 16:28:02,3.29,0.25,0.51,0.0,2.53,21.21,6054.3,0.0,0.12,0.1,0.09,0.0,0.0,73.56,0.38
2026-09-13 16:28:03,4.29,0.51,1.01,0.0,2.78,21.22,6053.4,0.0,0.11,0.1,0.09,0.0,0.0,73.1,0.4
2026-09-13 16:28:04,4.28,0.5,0.76,0.0,3.02,21.23,6053.2,0.0,0.11,0.1,0.09,0.0,0.0,74.56,0.4
2026-09-13 16:28:05,3.55,0.25,1.02,0.0,2.28,21.23,6053.3,0.0,0.11,0.1,0.09,0.0,0.0,72.57,0.39
2026-09-13 16:28:06,3.8,0.25,0.76,0.0,2.78,21.23,6053.0,0.0,0.11,0.1,0.09,0.0,0.0,73.23,0.39
2026-09-13 16:28:07,4.06,1.02,0.51,0.25,2.54,21.23,6053.0,0.0,0.11,0.1,0.09,0.0,0.0,72.73,0.39
2026-09-13 16:28:08,8.86,4.56,1.52,0.0,2.78,21.36,6043.1,0.0,0.1,0.1,0.09,0.0,0.01,73.5,0.4
2026-09-13 16:28:09,9.11,4.81,1.52,0.76,2.78,21.23,6052.9,0.0,0.1,0.1,0.09,0.0,0.03,73.03,0.39
2026-09-13 16:28:10,3.8,0.25,0.76,0.0,2.78,21.23,6053.2,0.0,0.1,0.1,0.09,0.0,0.0,72.35,0.37
2026-09-13 16:28:11,4.04,0.51,1.01,0.0,2.53,21.22,6053.7,0.0,0.1,0.1,0.09,0.0,0.0,73.29,0.39
2026-09-13 16:28:12,3.55,0.25,0.76,0.0,2.54,21.22,6053.8,0.0,0.1,0.1,0.09,0.0,0.0,72.81,0.39
2026-09-13 16:28:13,5.06,1.27,1.01,0.25,2.78,21.22,6053.9,0.0,0.09,0.1,0.09,0.0,0.01,73.15,0.39
2026-09-13 16:28:14,3.3,0.51,1.02,0.51,1.78,21.19,6056.2,0.0,0.09,0.1,0.09,0.0,0.01,70.64,0.38
2026-09-13 16:28:15,3.54,0.25,1.01,0.0,2.28,21.15,6058.8,0.0,0.09,0.1,0.09,0.0,0.0,65.84,0.35
2026-09-13 16:28:16,3.3,0.25,1.02,0.0,2.03,21.08,6064.8,0.0,0.09,0.1,0.09,0.0,0.0,61.4,0.33
2026-09-13 16:28:17,3.3,0.76,0.76,0.51,1.78,21.01,6070.1,0.0,0.09,0.1,0.09,0.0,0.02,53.56,0.29
2026-09-13 16:28:18,2.79,0.51,1.02,2.03,1.27,20.98,6072.1,0.0,0.08,0.1,0.09,0.0,0.2,47.81,0.26
2026-09-13 16:28:19,2.79,0.76,0.76,1.02,1.27,20.92,6076.5,0.0,0.08,0.1,0.09,0.0,1.39,44.09,0.24
2026-09-13 16:28:20,2.27,0.25,1.01,0.0,1.01,20.87,6080.5,0.0,0.08,0.1,0.09,0.0,0.0,35.82,0.19
2026-09-13 16:28:21,1.53,0.25,0.51,0.0,0.76,20.84,6083.0,0.0,0.08,0.1,0.09,0.0,0.0,29.67,0.16
2026-09-13 16:28:22,1.77,0.51,0.76,0.0,0.51,20.8,6086.3,0.0,0.08,0.1,0.09,0.0,0.0,23.89,0.13
2026-09-13 16:28:23,1.52,0.0,1.01,0.0,0.51,20.76,6088.7,0.0,0.08,0.09,0.09,0.0,0.0,18.18,0.1
2026-09-13 16:28:24,1.51,0.5,0.76,0.0,0.25,20.73,6091.5,0.0,0.08,0.09,0.09,0.0,0.0,11.69,0.06
2026-09-13 16:28:25,1.26,0.5,0.76,0.0,0.0,20.69,6094.2,0.0,0.08,0.09,0.09,0.0,0.0,5.73,0.03
2026-09-13 16:28:26,1.26,0.5,0.5,0.0,0.25,20.68,6095.4,0.0,0.08,0.09,0.09,0.0,0.0,0.77,0.01
2026-09-13 16:28:27,1.51,1.01,0.5,0.25,0.0,20.71,6092.7,0.0,0.08,0.09,0.09,0.0,0.0,0.0,0.0
2026-09-13 16:28:28,1.01,0.5,0.5,0.0,0.0,20.72,6092.2,0.0,0.07,0.09,0.09,0.0,0.0,0.0,0.0
2026-09-13 16:28:29,1.26,0.5,0.75,0.0,0.0,20.72,6092.2,0.0,0.07,0.09,0.09,0.0,0.0,0.0,0.01
2026-09-13 16:28:30,1.25,0.5,0.75,0.0,0.0,20.72,6092.2,0.0,0.07,0.09,0.09,0.0,0.0,0.0,0.0
2026-09-13 16:28:31,1.01,0.5,0.5,0.0,0.0,20.72,6092.2,0.0,0.07,0.09,0.09,0.0,0.0,0.31,0.01
2026-09-13 16:28:32,2.01,1.26,0.75,0.25,0.0,20.73,6091.0,0.0,0.07,0.09,0.09,0.0,0.0,0.0,0.01
2026-09-13 16:28:33,1.51,0.76,0.76,0.0,0.0,20.71,6092.9,0.0,0.14,0.11,0.09,0.0,0.02,0.0,0.02
2026-09-13 16:28:34,0.76,0.25,0.51,0.0,0.0,20.72,6092.5,0.0,0.14,0.11,0.09,0.0,0.01,1.76,0.02
2026-09-13 16:28:35,1.5,0.5,0.75,0.0,0.25,20.72,6092.4,0.0,0.14,0.11,0.09,0.0,0.0,0.0,0.01
2026-09-13 16:28:36,1.01,0.5,0.5,0.0,0.0,20.72,6092.2,0.0,0.14,0.11,0.09,0.0,0.0,0.0,0.01
2026-09-13 16:28:37,1.51,0.75,0.75,0.25,0.0,20.73,6091.2,0.0,0.14,0.11,0.09,0.0,0.0,0.0,0.01
2026-09-13 16:28:38,1.01,0.25,0.76,0.0,0.0,20.73,6091.2,0.0,0.13,0.1,0.09,0.0,0.0,0.0,0.01
2026-09-13 16:28:39,1.25,0.5,0.75,0.5,0.0,20.73,6091.2,0.0,0.13,0.1,0.09,0.0,0.01,0.0,0.01
2026-09-13 16:28:40,1.26,0.5,0.75,0.0,0.0,20.74,6090.4,0.0,0.13,0.1,0.09,0.0,0.0,0.36,0.01
2026-09-13 16:28:41,1.76,0.75,0.75,0.0,0.25,20.77,6088.0,0.0,0.13,0.1,0.09,0.0,0.0,6.32,0.04
2026-09-13 16:28:42,1.01,0.25,0.76,0.0,0.0,20.8,6086.0,0.0,0.13,0.1,0.09,0.0,0.0,11.39,0.06
2026-09-13 16:28:43,1.77,0.51,0.76,0.0,0.51,20.82,6084.1,0.0,0.12,0.1,0.09,0.0,0.0,17.45,0.1
2026-09-13 16:28:44,1.77,0.51,0.76,0.0,0.51,20.86,6081.6,0.0,0.12,0.1,0.09,0.0,0.0,23.61,0.13
2026-09-13 16:28:45,2.03,0.51,0.76,0.0,0.76,20.9,6078.3,0.0,0.12,0.1,0.09,0.0,0.06,29.56,0.18
2026-09-13 16:28:46,2.28,0.25,0.76,0.0,1.27,20.93,6075.6,0.0,0.12,0.1,0.09,0.0,0.0,35.44,0.2
2026-09-13 16:28:47,3.53,1.01,1.26,0.25,1.26,20.98,6071.9,0.0,0.12,0.1,0.09,0.0,0.0,42.48,0.23
2026-09-13 16:28:48,2.3,0.26,1.02,0.0,1.02,21.02,6069.1,0.0,0.11,0.1,0.09,0.0,0.0,47.19,0.26
2026-09-13 16:28:49,2.55,0.51,0.77,0.0,1.28,21.05,6067.0,0.0,0.11,0.1,0.09,0.0,0.0,53.51,0.3
2026-09-13 16:28:50,4.26,0.75,1.0,0.0,2.51,21.09,6063.9,0.0,0.11,0.1,0.09,0.0,0.0,59.67,0.32
2026-09-13 16:28:51,4.82,1.52,1.02,0.0,2.28,21.11,6062.0,0.0,0.11,0.1,0.09,0.0,0.0,65.49,0.36
2026-09-13 16:28:52,3.55,0.25,1.02,0.0,2.28,21.17,6057.4,0.0,0.11,0.1,0.09,0.0,0.0,71.82,0.38
2026-09-13 16:28:53,4.53,0.5,0.76,0.0,3.27,21.18,6056.8,0.0,0.1,0.1,0.09,0.0,0.0,76.34,0.41
2026-09-13 16:28:54,4.04,0.51,0.51,0.0,3.03,21.18,6056.9,0.0,0.1,0.1,0.09,0.0,0.0,76.03,0.41
2026-09-13 16:28:55,4.28,0.25,0.76,0.0,3.27,21.18,6056.9,0.0,0.1,0.1,0.09,0.0,0.0,76.9,0.41
2026-09-13 16:28:56,3.81,0.25,0.51,0.0,3.05,21.18,6056.7,0.0,0.1,0.1,0.09,0.0,0.0,77.86,0.42
2026-09-13 16:28:57,5.03,0.75,1.01,0.25,3.27,21.19,6055.7,0.0,0.1,0.1,0.09,0.0,0.0,77.65,0.41
2026-09-13 16:28:58,3.81,0.51,0.51,0.0,2.79,21.2,6055.6,0.0,0.09,0.1,0.09,0.0,0.0,76.04,0.41
2026-09-13 16:28:59,4.28,0.5,0.76,0.0,3.02,21.2,6055.4,0.0,0.09,0.1,0.09,0.0,0.0,76.69,0.42
2026-09-13 16:29:00,3.81,0.51,0.76,0.0,2.54,21.2,6055.2,0.0,0.09,0.1,0.09,0.0,0.0,75.55,0.41
2026-09-13 16:29:01,3.81,0.25,1.02,0.0,2.54,21.2,6055.2,0.0,0.09,0.1,0.09,0.0,0.0,75.19,0.4
2026-09-13 16:29:02,3.8,0.25,0.76,0.0,2.78,21.2,6055.3,0.0,0.09,0.1,0.09,0.0,0.0,75.69,0.41
2026-09-13 16:29:03,4.53,0.76,0.76,0.0,3.02,21.2,6054.9,0.0,0.09,0.1,0.09,0.0,0.0,76.22,0.42
2026-09-13 16:29:04,3.81,0.51,0.51,0.0,2.79,21.2,6055.0,0.0,0.09,0.1,0.09,0.0,0.0,76.58,0.41
2026-09-13 16:29:05,4.04,0.51,1.01,1.01,2.53,21.2,6055.4,0.0,0.09,0.1,0.09,0.0,1.28,76.61,0.41
2026-09-13 16:29:06,4.27,0.25,0.5,0.0,3.52,21.2,6055.5,0.0,0.09,0.1,0.09,0.0,0.0,75.61,0.4
2026-09-13 16:29:07,4.29,1.01,0.76,0.51,2.53,21.2,6055.6,0.0,0.09,0.1,0.09,0.0,0.0,75.9,0.41
2026-09-13 16:29:08,4.05,0.25,1.01,0.0,2.78,21.2,6055.4,0.0,0.08,0.09,0.09,0.0,0.0,77.63,0.42
2026-09-13 16:29:09,3.31,0.25,0.76,0.0,2.29,21.2,6055.4,0.0,0.08,0.09,0.09,0.0,0.0,76.1,0.41
2026-09-13 16:29:10,5.08,1.78,0.76,0.51,2.54,21.21,6054.7,0.0,0.08,0.09,0.09,0.0,0.0,77.02,0.41
2026-09-13 16:29:11,3.81,0.25,0.76,0.0,2.79,21.21,6054.5,0.0,0.08,0.09,0.09,0.0,0.0,75.2,0.4
2026-09-13 16:29:12,4.04,0.51,0.76,0.0,2.78,21.2,6055.0,0.0,0.08,0.09,0.09,0.0,0.0,76.05,0.41
2026-09-13 16:29:13,4.05,0.51,1.01,0.0,2.53,21.21,6054.3,0.0,0.07,0.09,0.09,0.0,0.0,76.04,0.41
2026-09-13 16:29:14,3.81,0.51,0.76,0.0,2.54,21.21,6054.4,0.0,0.07,0.09,0.09,0.0,0.0,77.02,0.41
2026-09-13 16:29:15,3.8,0.25,0.51,0.0,3.04,21.21,6054.1,0.0,0.07,0.09,0.09,0.0,0.0,76.4,0.41
2026-09-13 16:29:16,4.29,0.51,0.76,0.0,3.03,21.21,6054.2,0.0,0.07,0.09,0.09,0.0,0.0,76.69,0.41
2026-09-13 16:29:17,4.55,0.51,1.01,0.25,3.03,21.22,6053.8,0.0,0.07,0.09,0.09,0.0,0.0,74.61,0.4
2026-09-13 16:29:18,3.57,0.51,0.77,0.0,2.3,21.21,6054.1,0.0,0.07,0.09,0.09,0.0,0.0,77.88,0.42
2026-09-13 16:29:19,4.28,0.5,0.76,0.0,3.02,21.22,6054.0,0.0,0.07,0.09,0.09,0.0,0.0,77.03,0.42
2026-09-13 16:29:20,4.53,0.5,1.01,0.0,3.02,21.22,6053.9,0.0,0.07,0.09,0.09,0.0,0.0,77.33,0.42
2026-09-13 16:29:21,3.81,0.25,0.76,0.0,2.79,21.21,6054.1,0.0,0.07,0.09,0.09,0.0,0.0,75.14,0.41
2026-09-13 16:29:22,3.06,0.26,0.77,0.0,2.04,21.22,6053.8,0.0,0.07,0.09,0.09,0.0,0.0,76.66,0.41
2026-09-13 16:29:23,4.29,0.51,1.01,0.0,2.78,21.22,6053.4,0.0,0.06,0.09,0.09,0.0,0.0,76.24,0.41
2026-09-13 16:29:24,3.8,0.25,0.76,0.0,2.78,21.22,6053.9,0.0,0.06,0.09,0.09,0.0,0.0,75.5,0.41
2026-09-13 16:29:25,3.81,0.25,0.51,0.0,3.05,21.22,6053.9,0.0,0.06,0.09,0.09,0.0,0.0,75.47,0.41
2026-09-13 16:29:26,3.8,0.51,0.76,0.0,2.53,21.22,6053.7,0.0,0.06,0.09,0.09,0.0,0.0,76.86,0.41
2026-09-13 16:29:27,4.31,1.02,0.76,0.25,2.54,21.22,6053.5,0.0,0.06,0.09,0.09,0.0,0.0,75.49,0.41
2026-09-13 16:29:28,4.05,0.76,0.76,0.0,2.53,21.22,6053.8,0.0,0.06,0.09,0.09,0.0,0.0,78.2,0.42
2026-09-13 16:29:29,5.08,1.02,0.76,0.0,3.3,21.22,6053.6,0.0,0.06,0.09,0.09,0.0,0.0,76.29,0.41
2026-09-13 16:29:30,3.55,0.25,0.76,0.0,2.54,21.22,6053.4,0.0,0.06,0.09,0.09,0.0,0.0,75.01,0.4
2026-09-13 16:29:31,4.28,0.5,1.01,0.0,2.77,21.22,6053.3,0.0,0.06,0.09,0.09,0.0,0.0,75.96,0.41
2026-09-13 16:29:32,3.8,0.25,1.01,0.0,2.53,21.22,6053.4,0.0,0.06,0.09,0.09,0.0,0.0,76.47,0.41
2026-09-13 16:29:33,4.55,0.51,1.01,0.0,3.03,21.22,6053.9,0.0,0.05,0.08,0.09,0.0,0.0,75.77,0.42
2026-09-13 16:29:34,4.04,0.51,0.76,0.0,2.78,21.23,6053.3,0.0,0.05,0.08,0.09,0.0,0.0,75.54,0.41
2026-09-13 16:29:35,4.05,0.51,0.51,1.27,3.04,21.17,6057.6,0.0,0.05,0.08,0.09,0.0,1.26,76.15,0.4
2026-09-13 16:29:36,4.29,0.51,0.76,0.0,3.03,21.16,6058.1,0.0,0.05,0.08,0.09,0.0,0.0,74.99,0.41
2026-09-13 16:29:37,7.5,0.75,1.0,0.25,5.75,21.15,6059.4,0.0,0.05,0.08,0.09,0.0,0.0,117.53,0.66
2026-09-13 16:29:38,6.53,0.25,0.75,0.0,5.53,21.1,6063.2,0.0,0.05,0.08,0.09,0.0,0.0,117.52,0.65
2026-09-13 16:29:39,7.21,0.5,0.75,0.0,5.97,21.04,6067.5,0.0,0.05,0.08,0.09,0.0,0.01,116.79,0.65
2026-09-13 16:29:40,6.05,0.25,0.5,0.0,5.29,21.03,6068.6,0.0,0.05,0.08,0.09,0.0,0.0,117.52,0.64
2026-09-13 16:29:41,6.05,0.5,0.5,0.0,5.04,20.98,6072.2,0.0,0.05,0.08,0.09,0.0,0.0,117.52,0.64
2026-09-13 16:29:42,6.27,0.25,0.75,0.0,5.26,20.94,6075.0,0.0,0.05,0.08,0.09,0.0,0.0,117.53,0.64
2026-09-13 16:29:43,4.05,0.25,0.51,0.0,3.29,20.9,6078.1,0.0,0.12,0.1,0.09,0.0,0.0,80.7,0.43
2026-09-13 16:29:44,6.75,0.5,1.25,0.0,5.0,20.92,6076.8,0.0,0.12,0.1,0.09,0.0,0.0,113.41,0.63
2026-09-13 16:29:45,6.5,0.25,0.75,0.0,5.5,20.89,6079.2,0.0,0.12,0.1,0.09,0.0,0.0,114.25,0.63
2026-09-13 16:29:46,6.52,0.5,0.5,0.0,5.51,20.83,6083.8,0.0,0.12,0.1,0.09,0.0,0.0,117.52,0.64
2026-09-13 16:29:47,6.78,0.75,0.5,0.0,5.53,20.83,6083.3,0.0,0.12,0.1,0.09,0.0,0.0,117.53,0.63
2026-09-13 16:29:48,8.21,1.24,1.0,0.75,5.97,20.81,6085.0,0.0,0.11,0.1,0.09,0.0,0.0,117.47,0.63
2026-09-13 16:29:49,6.27,0.25,0.5,0.0,5.51,20.79,6086.4,0.0,0.11,0.1,0.09,0.0,0.0,117.5,0.63
2026-09-13 16:29:50,3.53,0.25,0.76,0.0,2.52,20.78,6087.3,0.0,0.11,0.1,0.09,0.0,0.0,55.91,0.3
2026-09-13 16:29:51,1.26,0.51,0.76,0.0,0.0,20.68,6095.0,0.0,0.11,0.1,0.09,0.0,0.0,5.71,0.04
2026-09-13 16:29:52,1.25,0.25,0.75,0.0,0.25,20.68,6094.9,0.0,0.11,0.1,0.09,0.0,0.0,0.0,0.0
2026-09-13 16:29:53,1.25,0.5,0.75,0.0,0.0,20.68,6094.9,0.0,0.1,0.09,0.09,0.0,0.0,0.0,0.01
2026-09-13 16:29:54,1.01,0.25,0.75,0.0,0.0,20.68,6094.9,0.0,0.1,0.09,0.09,0.0,0.0,0.0,0.01
2026-09-13 16:29:55,1.01,0.5,0.5,0.0,0.0,20.68,6094.9,0.0,0.1,0.09,0.09,0.0,0.0,0.31,0.01
2026-09-13 16:29:56,1.25,0.5,0.75,0.0,0.0,20.69,6094.7,0.0,0.1,0.09,0.09,0.0,0.0,1.76,0.02
2026-09-13 16:29:57,1.51,0.76,0.76,0.0,0.0,20.72,6092.5,0.0,0.1,0.09,0.09,0.0,0.0,0.0,0.01
2026-09-13 16:29:58,1.76,0.75,0.75,0.0,0.25,20.75,6090.0,0.0,0.1,0.09,0.09,0.0,0.0,0.0,0.01
2026-09-13 16:29:59,10.03,8.52,1.5,1.25,0.0,20.83,6083.9,0.0,0.1,0.09,0.09,0.0,0.06,0.01,0.01
2026-09-13 16:30:00,1.01,0.25,0.75,0.0,0.0,20.83,6083.9,0.0,0.1,0.09,0.09,0.0,0.0,0.0,0.0
2026-09-13 16:30:01,1.26,0.5,0.75,0.0,0.0,20.82,6084.4,0.0,0.1,0.09,0.09,0.0,0.0,0.31,0.01
2026-09-13 16:30:02,1.5,0.5,0.75,0.0,0.25,20.82,6084.7,0.0,0.1,0.09,0.09,0.0,0.0,1.76,0.01
2026-09-13 16:30:03,1.26,0.5,0.75,0.0,0.0,20.82,6084.6,0.0,0.09,0.09,0.09,0.0,0.0,0.0,0.01
2026-09-13 16:30:04,1.01,0.25,0.76,0.0,0.0,20.8,6086.1,0.0,0.09,0.09,0.09,0.0,0.0,0.0,0.01
2026-09-13 16:30:05,1.01,0.5,0.5,1.01,0.0,20.79,6086.8,0.0,0.09,0.09,0.09,0.0,0.02,0.0,0.0
2026-09-13 16:30:06,1.26,0.5,0.75,0.0,0.0,20.8,6086.0,0.0,0.09,0.09,0.09,0.0,0.0,1.74,0.01
2026-09-13 16:30:07,3.03,1.77,1.01,1.52,0.25,20.85,6082.1,0.0,0.09,0.09,0.09,0.0,1.4,8.13,0.05
2026-09-13 16:30:08,1.52,0.51,0.76,0.0,0.25,20.83,6084.0,0.0,0.08,0.09,0.09,0.0,0.0,13.93,0.08
2026-09-13 16:30:09,1.52,0.25,0.76,0.0,0.51,20.89,6078.9,0.0,0.08,0.09,0.09,0.0,0.01,22.3,0.11
2026-09-13 16:30:10,1.52,0.25,0.76,0.0,0.51,20.91,6077.5,0.0,0.08,0.09,0.09,0.0,0.0,26.49,0.13
2026-09-13 16:30:11,1.78,0.51,0.51,0.0,0.76,20.96,6073.6,0.0,0.08,0.09,0.09,0.0,0.0,31.58,0.17
2026-09-13 16:30:12,2.53,0.51,1.01,0.0,1.01,20.98,6072.1,0.0,0.08,0.09,0.09,0.0,0.0,37.23,0.2
2026-09-13 16:30:13,2.53,0.25,1.01,0.0,1.27,21.01,6070.0,0.0,0.07,0.09,0.09,0.0,0.0,44.62,0.24
2026-09-13 16:30:14,2.78,0.25,1.01,0.0,1.52,21.03,6068.2,0.0,0.07,0.09,0.09,0.0,0.0,51.37,0.27
2026-09-13 16:30:15,2.79,0.51,0.76,0.0,1.52,21.07,6065.3,0.0,0.07,0.09,0.09,0.0,0.0,55.31,0.3
2026-09-13 16:30:16,3.29,0.25,1.01,0.0,2.03,21.11,6062.2,0.0,0.07,0.09,0.09,0.0,0.0,62.17,0.33
2026-09-13 16:30:17,4.3,0.76,1.01,0.25,2.53,21.19,6055.7,0.0,0.07,0.09,0.09,0.0,0.0,67.59,0.35
2026-09-13 16:30:18,4.55,0.76,1.26,0.0,2.53,21.31,6046.9,0.0,0.07,0.09,0.09,0.0,0.0,73.63,0.4
2026-09-13 16:30:19,4.53,0.5,0.76,0.0,3.27,21.31,6047.1,0.0,0.07,0.09,0.09,0.0,0.0,75.45,0.41
2026-09-13 16:30:20,3.81,0.25,1.02,0.0,2.54,21.31,6046.6,0.0,0.07,0.09,0.09,0.0,0.0,77.36,0.42
2026-09-13 16:30:21,4.29,0.25,0.76,0.0,3.28,21.3,6047.2,0.0,0.07,0.09,0.09,0.0,0.0,77.04,0.41
2026-09-13 16:30:22,4.28,0.5,0.76,0.0,3.02,21.31,6046.4,0.0,0.07,0.09,0.09,0.0,0.0,77.55,0.41
2026-09-13 16:30:23,14.82,8.54,2.26,0.75,4.02,21.25,6051.6,0.0,0.22,0.12,0.1,0.0,0.03,75.69,0.41
2026-09-13 16:30:24,3.32,0.26,0.77,0.0,2.3,21.25,6051.1,0.0,0.22,0.12,0.1,0.0,0.0,76.22,0.41
2026-09-13 16:30:25,4.04,0.51,1.01,0.25,2.53,21.25,6051.2,0.0,0.22,0.12,0.1,0.0,0.01,75.05,0.4
2026-09-13 16:30:26,5.32,1.27,1.01,0.0,3.04,21.26,6050.6,0.0,0.22,0.12,0.1,0.0,0.0,76.81,0.4
2026-09-13 16:30:27,4.31,0.76,1.02,0.25,2.54,21.26,6050.9,0.0,0.22,0.12,0.1,0.0,0.0,75.86,0.41
2026-09-13 16:30:28,4.29,0.51,0.76,0.0,3.03,21.19,6056.1,0.0,0.28,0.13,0.1,0.0,0.0,77.75,0.41
2026-09-13 16:30:29,3.8,0.25,0.76,0.51,2.78,21.19,6056.2,0.0,0.28,0.13,0.1,0.0,0.01,75.97,0.41
2026-09-13 16:30:30,4.04,0.25,0.76,0.0,3.03,21.19,6056.3,0.0,0.28,0.13,0.1,0.0,0.0,76.18,0.41
2026-09-13 16:30:31,3.81,0.51,0.76,0.0,2.54,21.19,6056.2,0.0,0.28,0.13,0.1,0.0,0.0,75.49,0.41
2026-09-13 16:30:32,4.05,0.51,0.76,0.0,2.78,21.19,6056.1,0.0,0.28,0.13,0.1,0.0,0.0,77.71,0.42
2026-09-13 16:30:33,4.3,0.25,1.01,0.0,3.04,21.19,6056.1,0.0,0.26,0.13,0.1,0.0,0.0,76.8,0.42
2026-09-13 16:30:34,3.56,0.76,0.51,0.0,2.29,21.2,6055.0,0.0,0.26,0.13,0.1,0.0,0.0,75.51,0.4
2026-09-13 16:30:35,4.05,0.25,1.01,0.0,2.78,21.2,6055.0,0.0,0.26,0.13,0.1,0.0,0.0,75.36,0.4
2026-09-13 16:30:36,3.8,0.51,0.76,0.0,2.53,21.21,6054.7,0.0,0.26,0.13,0.1,0.0,0.01,76.36,0.41
2026-09-13 16:30:37,4.07,0.76,1.02,0.25,2.29,21.23,6053.2,0.0,0.26,0.13,0.1,0.0,0.0,77.6,0.41
2026-09-13 16:30:38,3.56,0.25,0.76,1.27,2.54,21.2,6055.1,0.0,0.24,0.13,0.1,0.0,1.39,76.0,0.41
2026-09-13 16:30:39,4.29,0.51,1.01,0.0,2.78,21.21,6054.8,0.0,0.24,0.13,0.1,0.0,0.0,76.45,0.4
2026-09-13 16:30:40,14.18,9.11,1.77,0.51,3.29,21.47,6034.5,0.0,0.24,0.13,0.1,0.0,0.04,75.52,0.4
2026-09-13 16:30:41,3.81,0.25,0.76,0.0,2.79,21.39,6041.0,0.0,0.24,0.13,0.1,0.0,0.0,75.95,0.41
2026-09-13 16:30:42,4.29,0.51,0.76,0.0,3.03,21.39,6041.0,0.0,0.24,0.13,0.1,0.0,0.0,75.58,0.4
2026-09-13 16:30:43,3.8,0.51,0.76,0.0,2.53,21.29,6048.1,0.0,0.22,0.12,0.1,0.0,0.0,76.58,0.41
2026-09-13 16:30:44,3.57,0.26,0.77,0.0,2.55,21.3,6047.9,0.0,0.22,0.12,0.1,0.0,0.0,77.62,0.42
2026-09-13 16:30:45,5.06,1.27,0.76,0.25,3.04,21.27,6049.9,0.0,0.22,0.12,0.1,0.0,0.0,76.19,0.42
2026-09-13 16:30:46,4.05,0.51,0.76,0.76,2.78,21.25,6051.7,0.0,0.22,0.12,0.1,0.0,0.02,76.52,0.41
2026-09-13 16:30:47,4.56,0.76,0.76,0.25,3.04,21.24,6051.9,0.0,0.22,0.12,0.1,0.0,0.0,75.54,0.41
2026-09-13 16:30:48,3.81,0.51,0.76,0.0,2.54,21.25,6051.7,0.0,0.28,0.14,0.1,0.0,0.0,74.7,0.4
2026-09-13 16:30:49,14.32,9.05,2.01,0.25,3.27,21.53,6030.0,0.0,0.28,0.14,0.1,0.0,0.02,75.84,0.41
2026-09-13 16:30:50,4.55,0.51,1.01,0.51,3.03,21.37,6042.5,0.0,0.28,0.14,0.1,0.0,0.01,76.21,0.41
2026-09-13 16:30:51,3.81,0.25,0.51,0.0,3.05,21.37,6041.8,0.0,0.28,0.14,0.1,0.0,0.0,78.38,0.43
2026-09-13 16:30:52,4.05,0.51,0.76,0.0,2.78,21.36,6042.8,0.0,0.28,0.14,0.1,0.0,0.0,75.93,0.39
2026-09-13 16:30:53,4.28,0.5,0.76,0.0,3.02,21.36,6043.2,0.0,0.26,0.14,0.1,0.0,0.0,76.47,0.41
2026-09-13 16:30:54,4.29,0.51,0.76,0.0,3.03,21.31,6046.5,0.0,0.26,0.14,0.1,0.0,0.0,75.52,0.41
2026-09-13 16:30:55,4.04,0.51,0.51,0.51,3.03,21.29,6048.2,0.0,0.26,0.14,0.1,0.0,0.01,76.42,0.42
2026-09-13 16:30:56,4.03,0.25,0.5,0.0,3.27,21.29,6048.3,0.0,0.26,0.14,0.1,0.0,0.0,77.43,0.41
2026-09-13 16:30:57,3.57,0.51,0.51,0.0,2.55,21.27,6049.5,0.0,0.26,0.14,0.1,0.0,0.0,76.07,0.41
2026-09-13 16:30:58,3.81,0.51,0.76,0.0,2.54,21.25,6051.5,0.0,0.24,0.13,0.1,0.0,0.0,75.87,0.41
2026-09-13 16:30:59,3.55,0.25,1.02,0.0,2.28,21.23,6052.7,0.0,0.24,0.13,0.1,0.0,0.0,76.57,0.41
2026-09-13 16:31:00,3.82,0.51,0.51,0.0,2.8,21.23,6052.6,0.0,0.24,0.13,0.1,0.0,0.0,76.15,0.4
2026-09-13 16:31:01,4.52,0.5,1.01,0.0,3.02,21.18,6056.9,0.0,0.24,0.13,0.1,0.0,0.0,76.4,0.41
2026-09-13 16:31:02,2.81,0.26,0.77,0.0,1.79,21.07,6065.5,0.0,0.24,0.13,0.1,0.0,0.0,69.69,0.37
2026-09-13 16:31:03,10.08,5.54,1.76,0.25,2.77,20.93,6075.7,0.0,0.22,0.13,0.1,0.0,0.01,63.46,0.34
2026-09-13 16:31:04,8.59,4.8,1.52,0.76,2.27,21.04,6067.8,0.0,0.22,0.13,0.1,0.0,0.02,56.64,0.3
2026-09-13 16:31:05,5.79,0.25,1.26,0.0,4.28,21.13,6060.9,0.0,0.22,0.13,0.1,0.0,0.0,92.77,0.53
2026-09-13 16:31:06,7.25,0.5,1.0,0.0,5.75,21.08,6064.1,0.0,0.22,0.13,0.1,0.0,0.0,117.53,0.74
2026-09-13 16:31:07,6.53,0.25,0.75,0.0,5.53,21.03,6068.1,0.0,0.22,0.13,0.1,0.0,0.0,117.52,0.75
2026-09-13 16:31:08,7.29,1.01,0.75,1.26,5.53,21.01,6069.8,0.0,0.36,0.16,0.11,0.0,1.39,117.5,0.75
2026-09-13 16:31:09,6.78,0.25,0.75,0.5,5.78,20.87,6080.9,0.0,0.36,0.16,0.11,0.0,0.02,117.45,0.75
2026-09-13 16:31:10,6.3,0.25,0.5,0.0,5.54,20.83,6083.6,0.0,0.36,0.16,0.11,0.0,0.0,117.53,0.75
2026-09-13 16:31:11,7.02,0.5,0.75,0.0,5.76,20.79,6086.5,0.0,0.36,0.16,0.11,0.0,0.01,117.53,0.75
2026-09-13 16:31:12,6.75,0.25,0.75,0.0,5.75,20.75,6090.2,0.0,0.36,0.16,0.11,0.0,0.0,117.46,0.75
2026-09-13 16:31:13,6.53,0.25,0.75,0.0,5.53,20.72,6091.9,0.0,0.33,0.16,0.11,0.0,0.0,117.5,0.74
2026-09-13 16:31:14,17.09,8.79,2.26,0.25,6.03,20.76,6088.8,0.0,0.33,0.16,0.11,0.0,0.03,117.53,0.74
2026-09-13 16:31:15,6.75,0.25,0.75,0.0,5.75,20.71,6093.0,0.0,0.33,0.16,0.11,0.0,0.0,117.52,0.69
2026-09-13 16:31:16,6.52,0.5,0.5,0.0,5.51,20.64,6098.4,0.0,0.33,0.16,0.11,0.0,0.0,117.53,0.64
2026-09-13 16:31:17,2.02,0.25,0.76,0.0,1.01,20.58,6102.6,0.0,0.33,0.16,0.11,0.0,0.01,29.39,0.15
2026-09-13 16:31:18,3.78,1.26,2.27,0.5,0.25,20.47,6111.2,0.0,0.39,0.17,0.12,0.0,0.01,6.72,0.05
2026-09-13 16:31:19,1.26,0.5,0.76,0.0,0.0,20.37,6119.1,0.0,0.39,0.17,0.12,0.0,0.0,0.0,0.01
2026-09-13 16:31:20,1.26,0.5,0.75,0.25,0.0,20.37,6119.3,0.0,0.39,0.17,0.12,0.0,0.01,0.0,0.01
2026-09-13 16:31:21,1.01,0.5,0.5,0.0,0.0,20.37,6119.0,0.0,0.39,0.17,0.12,0.0,0.0,0.0,0.01
2026-09-13 16:31:22,0.76,0.25,0.51,0.0,0.0,20.37,6119.0,0.0,0.39,0.17,0.12,0.0,0.0,1.66,0.01
2026-09-13 16:31:23,2.26,1.51,0.5,0.25,0.25,20.38,6118.5,0.0,0.36,0.17,0.12,0.0,0.0,0.41,0.01
2026-09-13 16:31:24,0.76,0.25,0.5,0.0,0.0,20.38,6118.5,0.0,0.36,0.17,0.12,0.0,0.0,0.0,0.01
2026-09-13 16:31:25,1.5,0.5,1.0,0.25,0.0,20.38,6118.5,0.0,0.36,0.17,0.12,0.0,0.01,0.0,0.01
2026-09-13 16:31:26,1.25,0.25,1.0,0.0,0.0,20.38,6118.5,0.0,0.36,0.17,0.12,0.0,0.0,0.0,0.01
2026-09-13 16:31:27,1.26,0.5,0.75,0.0,0.0,20.38,6118.5,0.0,0.36,0.17,0.12,0.0,0.0,0.97,0.01
2026-09-13 16:31:28,1.76,1.01,0.5,0.25,0.25,20.38,6118.5,0.0,0.33,0.17,0.11,0.0,0.0,1.11,0.02
2026-09-13 16:31:29,10.83,9.07,1.76,0.5,0.0,20.36,6119.7,0.0,0.33,0.17,0.11,0.0,0.03,0.06,0.05
2026-09-13 16:31:30,10.53,8.52,1.75,1.25,0.25,20.44,6113.2,0.0,0.33,0.17,0.11,0.0,0.03,0.01,0.01
2026-09-13 16:31:31,1.01,0.25,0.76,0.0,0.0,20.44,6113.2,0.0,0.33,0.17,0.11,0.0,0.0,0.0,0.0
2026-09-13 16:31:32,1.01,0.25,0.75,0.0,0.0,20.44,6113.2,0.0,0.33,0.17,0.11,0.0,0.0,0.31,0.01
2026-09-13 16:31:33,10.33,8.82,1.51,0.76,0.0,20.35,6120.4,0.0,0.3,0.17,0.11,0.0,0.03,1.77,0.02
2026-09-13 16:31:34,1.25,0.5,0.75,0.0,0.0,20.27,6126.6,0.0,0.3,0.17,0.11,0.0,0.0,0.0,0.0
2026-09-13 16:31:35,1.01,0.5,0.5,0.0,0.0,20.27,6126.6,0.0,0.3,0.17,0.11,0.0,0.0,0.0,0.0
2026-09-13 16:31:36,1.01,0.5,0.5,0.5,0.0,20.27,6126.4,0.0,0.3,0.17,0.11,0.0,0.03,0.0,0.0
2026-09-13 16:31:37,1.01,0.25,0.75,0.0,0.0,20.27,6126.3,0.0,0.3,0.17,0.11,0.0,0.0,0.0,0.0
2026-09-13 16:31:38,1.5,0.75,0.75,0.5,0.0,20.31,6123.7,0.0,0.36,0.18,0.12,0.0,0.0,0.32,0.0
2026-09-13 16:31:39,1.01,0.5,0.5,0.0,0.0,20.31,6123.7,0.0,0.36,0.18,0.12,0.0,0.0,0.0,0.0
2026-09-13 16:31:40,1.01,0.25,0.75,0.0,0.0,20.31,6123.7,0.0,0.36,0.18,0.12,0.0,0.0,1.76,0.01
2026-09-13 16:31:41,1.01,0.5,0.5,0.0,0.0,20.31,6123.7,0.0,0.36,0.18,0.12,0.0,0.0,0.0,0.0
2026-09-13 16:31:42,1.76,1.26,0.5,1.76,0.0,20.33,6122.3,0.0,0.36,0.18,0.12,0.0,1.41,0.0,0.0
2026-09-13 16:31:43,1.25,0.25,1.0,0.0,0.0,20.32,6122.6,0.0,0.33,0.18,0.12,0.0,0.0,0.0,0.0
2026-09-13 16:31:44,1.25,0.5,0.5,0.0,0.25,20.32,6122.6,0.0,0.33,0.18,0.12,0.0,0.0,0.32,0.01
2026-09-13 16:31:45,1.01,0.25,0.75,0.25,0.0,20.32,6122.6,0.0,0.33,0.18,0.12,0.0,0.01,1.76,0.01
2026-09-13 16:31:46,1.01,0.5,0.5,0.0,0.0,20.3,6124.1,0.0,0.33,0.18,0.12,0.0,0.01,0.04,0.01
2026-09-13 16:31:47,3.54,0.51,2.78,0.0,0.25,20.71,6092.6,0.0,0.33,0.18,0.12,0.0,0.0,14.03,0.09
2026-09-13 16:31:48,5.08,1.02,1.27,0.25,2.79,20.9,6078.4,0.0,0.3,0.17,0.12,0.0,0.0,83.96,0.39
2026-09-13 16:31:49,6.03,0.5,1.26,0.0,4.27,21.04,6067.4,0.0,0.3,0.17,0.12,0.0,0.0,97.41,0.48
2026-09-13 16:31:50,6.73,0.5,0.75,0.0,5.49,21.11,6062.1,0.0,0.3,0.17,0.12,0.0,0.01,104.46,0.58
2026-09-13 16:31:51,4.29,0.25,1.01,0.25,3.03,21.11,6061.8,0.0,0.3,0.17,0.12,0.0,0.02,78.3,0.39
2026-09-13 16:31:52,4.28,0.25,0.76,0.0,3.27,21.11,6061.8,0.0,0.3,0.17,0.12,0.0,0.0,79.78,0.4
2026-09-13 16:31:53,4.03,0.25,0.76,0.0,3.02,21.12,6061.6,0.0,0.28,0.17,0.12,0.0,0.0,76.57,0.38
2026-09-13 16:31:55,4.51,0.25,1.0,0.0,3.26,21.12,6061.6,0.0,0.28,0.17,0.12,0.0,0.0,73.29,0.35
2026-09-13 16:31:56,3.79,0.51,0.76,0.0,2.53,21.12,6061.6,0.0,0.28,0.17,0.12,0.0,0.0,72.62,0.35
2026-09-13 16:31:57,4.29,0.0,1.01,0.0,3.28,21.12,6061.6,0.0,0.28,0.17,0.12,0.0,0.0,84.03,0.42
2026-09-13 16:31:58,4.5,0.5,0.75,0.0,3.25,21.12,6061.1,0.0,0.28,0.17,0.12,0.0,0.0,70.08,0.34
2026-09-13 16:31:59,4.79,0.76,0.76,0.25,3.27,21.15,6059.3,0.0,0.25,0.17,0.11,0.0,0.0,75.49,0.37
2026-09-13 16:32:00,4.77,0.75,0.75,0.0,3.27,21.15,6059.3,0.0,0.25,0.17,0.11,0.0,0.0,81.62,0.4
2026-09-13 16:32:01,4.28,0.25,0.76,0.0,3.27,21.14,6059.5,0.0,0.25,0.17,0.11,0.0,0.0,80.18,0.4
2026-09-13 16:32:02,4.03,0.5,0.76,0.25,2.77,21.16,6058.3,0.0,0.25,0.17,0.11,0.0,0.0,69.2,0.33
2026-09-13 16:32:03,4.79,1.01,0.76,0.0,3.02,21.16,6058.1,0.0,0.25,0.17,0.11,0.0,0.0,72.62,0.36
2026-09-13 16:32:04,4.77,0.25,0.75,0.0,3.77,21.13,6060.4,0.0,0.23,0.16,0.11,0.0,0.0,81.64,0.41
2026-09-13 16:32:05,4.29,0.51,0.76,0.0,3.03,21.13,6060.4,0.0,0.23,0.16,0.11,0.0,0.0,80.51,0.4
2026-09-13 16:32:06,4.5,0.5,0.75,0.0,3.25,21.13,6060.5,0.0,0.23,0.16,0.11,0.0,0.0,68.25,0.34
2026-09-13 16:32:07,4.52,0.25,0.75,0.0,3.52,21.12,6061.1,0.0,0.23,0.16,0.11,0.0,0.0,76.69,0.37
2026-09-13 16:32:08,4.53,0.5,0.5,0.0,3.53,21.14,6060.2,0.0,0.23,0.16,0.11,0.0,0.0,82.82,0.41
2026-09-13 16:32:09,4.79,0.76,0.76,0.25,3.27,21.16,6058.6,0.0,0.22,0.16,0.11,0.0,0.0,74.4,0.37
2026-09-13 16:32:10,3.78,0.5,0.5,0.0,2.77,21.16,6058.7,0.0,0.22,0.16,0.11,0.0,0.0,72.34,0.35
2026-09-13 16:32:11,4.5,0.25,0.5,0.0,3.75,21.16,6058.4,0.0,0.22,0.16,0.11,0.0,0.0,77.52,0.38
2026-09-13 16:32:12,4.77,0.5,0.75,0.0,3.52,21.16,6058.2,0.0,0.22,0.16,0.11,0.0,0.0,81.52,0.42
2026-09-13 16:32:13,3.79,0.25,0.76,1.52,2.78,21.16,6058.2,0.0,0.22,0.16,0.11,0.0,1.26,66.88,0.33
2026-09-13 16:32:14,4.28,0.5,0.76,0.0,3.02,21.16,6058.2,0.0,0.2,0.16,0.11,0.0,0.0,77.57,0.39
2026-09-13 16:32:15,4.29,0.25,0.76,0.0,3.28,21.16,6057.9,0.0,0.2,0.16,0.11,0.0,0.0,81.1,0.42
2026-09-13 16:32:16,5.01,0.5,1.0,0.0,3.51,21.16,6057.9,0.0,0.2,0.16,0.11,0.0,0.0,80.44,0.41
2026-09-13 16:32:17,4.03,0.5,0.76,0.0,2.77,21.16,6057.9,0.0,0.2,0.16,0.11,0.0,0.0,68.95,0.35
2026-09-13 16:32:18,4.29,0.25,0.76,0.0,3.28,21.16,6057.9,0.0,0.2,0.16,0.11,0.0,0.0,74.96,0.38
2026-09-13 16:32:19,6.23,1.0,0.75,0.25,4.49,21.13,6060.3,0.0,0.18,0.16,0.11,0.0,0.01,83.47,0.43
2026-09-13 16:32:20,4.53,0.5,0.76,0.0,3.27,21.14,6060.1,0.0,0.18,0.16,0.11,0.0,0.0,73.84,0.38
2026-09-13 16:32:21,4.04,0.51,0.76,0.0,2.78,21.14,6059.9,0.0,0.18,0.16,0.11,0.0,0.0,72.97,0.38
2026-09-13 16:32:22,5.53,1.51,0.75,0.5,3.27,21.16,6058.1,0.0,0.18,0.16,0.11,0.0,0.01,76.07,0.38
2026-09-13 16:32:23,5.24,0.25,0.75,0.0,4.24,21.16,6058.3,0.0,0.18,0.16,0.11,0.0,0.0,83.71,0.42
2026-09-13 16:32:24,3.54,0.51,0.76,0.0,2.28,21.16,6058.1,0.0,0.17,0.15,0.11,0.0,0.0,68.89,0.34
2026-09-13 16:32:25,5.0,0.25,1.0,0.0,3.75,21.16,6058.0,0.0,0.17,0.15,0.11,0.0,0.0,75.07,0.38
2026-09-13 16:32:26,4.05,0.51,0.51,0.0,3.04,21.17,6057.6,0.0,0.17,0.15,0.11,0.0,0.0,80.13,0.41
2026-09-13 16:32:27,4.53,0.5,0.76,0.0,3.27,21.17,6057.4,0.0,0.17,0.15,0.11,0.0,0.0,82.34,0.41
2026-09-13 16:32:28,3.78,0.25,0.76,0.0,2.77,21.17,6057.4,0.0,0.17,0.15,0.11,0.0,0.0,65.75,0.33
2026-09-13 16:32:29,4.31,0.76,0.76,0.0,2.79,21.17,6057.8,0.0,0.15,0.15,0.11,0.0,0.0,78.13,0.39
2026-09-13 16:32:30,4.28,0.5,0.76,0.0,3.02,21.17,6057.7,0.0,0.15,0.15,0.11,0.0,0.0,80.85,0.42
2026-09-13 16:32:31,5.01,0.5,0.75,0.0,3.76,21.17,6057.6,0.0,0.15,0.15,0.11,0.0,0.0,80.47,0.41
2026-09-13 16:32:32,4.27,0.25,1.01,0.0,3.02,21.17,6057.6,0.0,0.15,0.15,0.11,0.0,0.0,68.42,0.34
2026-09-13 16:32:33,5.04,0.25,0.76,0.0,4.03,21.13,6060.3,0.0,0.15,0.15,0.11,0.0,0.0,88.23,0.45
2026-09-13 16:32:34,7.48,0.25,1.25,0.0,5.99,20.97,6072.9,0.0,0.14,0.15,0.11,0.0,0.0,117.45,0.64
2026-09-13 16:32:35,6.53,0.5,0.75,0.0,5.28,20.78,6087.2,0.0,0.14,0.15,0.11,0.0,0.0,117.47,0.62
2026-09-13 16:32:36,7.5,0.25,1.5,0.0,5.75,20.45,6113.2,0.0,0.14,0.15,0.11,0.0,0.0,117.0,0.63
2026-09-13 16:32:37,2.77,0.5,0.76,0.0,1.51,20.43,6114.4,0.0,0.14,0.15,0.11,0.0,0.0,35.13,0.18
2026-09-13 16:32:38,1.01,0.5,0.5,0.0,0.0,20.43,6114.4,0.0,0.14,0.15,0.11,0.0,0.0,0.0,0.01
2026-09-13 16:32:39,1.51,0.75,0.75,0.25,0.0,20.44,6113.6,0.0,0.21,0.16,0.11,0.0,0.0,0.32,0.01
2026-09-13 16:32:40,1.26,0.5,0.5,0.0,0.25,20.44,6113.6,0.0,0.21,0.16,0.11,0.0,0.0,1.76,0.02
2026-09-13 16:32:41,2.26,1.5,0.75,0.25,0.0,20.45,6112.6,0.0,0.21,0.16,0.11,0.0,0.0,0.0,0.01
2026-09-13 16:32:42,1.01,0.25,0.75,0.0,0.0,20.45,6112.6,0.0,0.21,0.16,0.11,0.0,0.0,0.0,0.01
2026-09-13 16:32:43,1.01,0.5,0.5,0.0,0.0,20.45,6112.6,0.0,0.21,0.16,0.11,0.0,0.0,0.02,0.01
2026-09-13 16:32:44,1.01,0.25,0.75,0.0,0.0,20.45,6112.6,0.0,0.19,0.16,0.11,0.0,0.0,0.0,0.01
2026-09-13 16:32:45,1.5,0.5,0.75,0.0,0.25,20.45,6112.6,0.0,0.19,0.16,0.11,0.0,0.0,0.32,0.01
2026-09-13 16:32:46,1.01,0.5,0.5,0.0,0.0,20.46,6112.4,0.0,0.19,0.16,0.11,0.0,0.0,0.01,0.01
2026-09-13 16:32:47,1.01,0.25,0.75,0.0,0.0,20.46,6112.4,0.0,0.19,0.16,0.11,0.0,0.0,1.76,0.02
2026-09-13 16:32:48,1.26,0.5,0.76,1.01,0.0,20.45,6112.9,0.0,0.19,0.16,0.11,0.0,1.27,0.0,0.01
2026-09-13 16:32:49,1.51,1.01,0.5,0.25,0.0,20.45,6112.6,0.0,0.26,0.17,0.12,0.0,0.0,0.0,0.01
2026-09-13 16:32:50,1.75,0.5,1.0,0.0,0.25,20.45,6112.6,0.0,0.26,0.17,0.12,0.0,0.0,0.0,0.01
2026-09-13 16:32:51,1.26,0.5,0.75,0.0,0.0,20.46,6112.3,0.0,0.26,0.17,0.12,0.0,0.01,0.0,0.01
2026-09-13 16:32:52,1.25,0.5,0.75,0.0,0.0,20.46,6112.3,0.0,0.26,0.17,0.12,0.0,0.0,0.32,0.01
2026-09-13 16:32:53,1.01,0.25,0.75,0.0,0.0,20.46,6112.3,0.0,0.26,0.17,0.12,0.0,0.0,0.0,0.0
2026-09-13 16:32:54,1.26,0.25,0.75,0.0,0.25,20.46,6112.3,0.0,0.24,0.17,0.12,0.0,0.0,1.76,0.01
2026-09-13 16:32:55,1.25,0.5,0.75,0.0,0.0,20.46,6112.3,0.0,0.24,0.17,0.12,0.0,0.0,0.0,0.0
2026-09-13 16:32:56,1.26,0.5,0.75,0.0,0.0,20.46,6112.1,0.0,0.24,0.17,0.12,0.0,0.0,0.0,0.01
2026-09-13 16:32:57,1.01,0.5,0.5,0.0,0.0,20.46,6112.1,0.0,0.24,0.17,0.12,0.0,0.0,0.0,0.01
2026-09-13 16:32:58,1.26,0.5,0.75,0.0,0.0,20.46,6112.1,0.0,0.24,0.17,0.12,0.0,0.0,0.0,0.01
2026-09-13 16:32:59,1.75,1.0,0.75,0.25,0.0,20.46,6112.1,0.0,0.22,0.17,0.11,0.0,0.0,0.0,0.01
2026-09-13 16:33:00,1.77,1.27,0.51,0.0,0.0,20.46,6112.1,0.0,0.22,0.17,0.11,0.0,0.0,0.32,0.01
2026-09-13 16:33:01,1.26,0.5,0.5,0.0,0.25,20.46,6111.8,0.0,0.22,0.17,0.11,0.0,0.0,1.76,0.02
2026-09-13 16:33:02,1.01,0.5,0.5,0.0,0.0,20.46,6111.8,0.0,0.22,0.17,0.11,0.0,0.0,0.0,0.0
2026-09-13 16:33:03,1.25,0.25,1.0,0.0,0.0,20.46,6111.8,0.0,0.22,0.17,0.11,0.0,0.0,0.0,0.01
2026-09-13 16:33:04,0.76,0.51,0.25,0.0,0.0,20.46,6111.8,0.0,0.2,0.16,0.11,0.0,0.0,0.0,0.01
2026-09-13 16:33:05,1.01,0.25,0.76,0.0,0.0,20.46,6111.8,0.0,0.2,0.16,0.11,0.0,0.0,0.0,0.01
2026-09-13 16:33:06,1.25,0.5,0.75,0.0,0.0,20.46,6111.8,0.0,0.2,0.16,0.11,0.0,0.0,2.08,0.01
2026-09-13 16:33:07,0.76,0.25,0.5,0.0,0.0,20.46,6111.8,0.0,0.2,0.16,0.11,0.0,0.0,0.0,0.01
2026-09-13 16:33:08,0.76,0.25,0.5,0.0,0.0,20.46,6111.8,0.0,0.2,0.16,0.11,0.0,0.0,0.0,0.01
2026-09-13 16:33:09,2.0,1.0,0.75,0.25,0.25,20.48,6110.4,0.0,0.18,0.16,0.11,0.0,0.0,0.0,0.01
2026-09-13 16:33:10,1.25,0.5,0.75,0.0,0.0,20.49,6110.1,0.0,0.18,0.16,0.11,0.0,0.0,0.32,0.01
2026-09-13 16:33:11,1.26,0.25,0.75,0.0,0.25,20.49,6110.1,0.0,0.18,0.16,0.11,0.0,0.0,1.76,0.01
2026-09-13 16:33:12,1.25,0.75,0.5,0.0,0.0,20.49,6110.1,0.0,0.18,0.16,0.11,0.0,0.0,0.0,0.01
2026-09-13 16:33:13,1.01,0.25,0.75,0.0,0.0,20.49,6110.1,0.0,0.18,0.16,0.11,0.0,0.0,0.0,0.01
2026-09-13 16:33:14,1.5,0.75,0.75,0.0,0.0,20.49,6110.1,0.0,0.17,0.16,0.11,0.0,0.0,2.08,0.02
2026-09-13 16:33:15,1.01,0.25,0.75,0.0,0.0,20.49,6110.1,0.0,0.17,0.16,0.11,0.0,0.0,0.0,0.01
2026-09-13 16:33:16,0.76,0.25,0.5,0.0,0.0,20.49,6109.9,0.0,0.17,0.16,0.11,0.0,0.0,0.0,0.01
2026-09-13 16:33:17,1.75,0.5,1.0,0.5,0.25,20.49,6109.9,0.0,0.17,0.16,0.11,0.0,0.02,2.07,0.01
2026-09-13 16:33:18,1.01,0.5,0.5,2.77,0.0,20.48,6110.2,0.0,0.17,0.16,0.11,0.0,1.49,0.0,0.01
2026-09-13 16:33:19,3.02,2.01,1.01,0.25,0.0,20.56,6104.0,0.0,0.15,0.16,0.11,0.0,0.01,0.0,0.01
2026-09-13 16:33:20,1.26,0.5,0.5,0.0,0.25,20.56,6104.0,0.0,0.15,0.16,0.11,0.0,0.0,0.0,0.01
2026-09-13 16:33:21,1.01,0.5,0.5,0.0,0.0,20.56,6104.0,0.0,0.15,0.16,0.11,0.0,0.0,0.32,0.01
2026-09-13 16:33:22,1.5,0.5,0.75,0.0,0.25,20.56,6104.0,0.0,0.15,0.16,0.11,0.0,0.01,1.76,0.02
2026-09-13 16:33:23,0.76,0.25,0.5,0.0,0.0,20.56,6104.0,0.0,0.15,0.16,0.11,0.0,0.0,0.0,0.0
2026-09-13 16:33:24,1.01,0.25,0.75,0.0,0.0,20.56,6104.0,0.0,0.14,0.15,0.11,0.0,0.0,0.0,0.0
