时间,CPU占用(%),PSS占用(MB),RSS占用(MB),private_Dirty占用(MB),swap占用(MB),磁盘读速度(MB/s),磁盘写速度(MB/s),网络发送速度(MB/s),网络接收速度(MB/s),RssAnon(MB),RssFile(MB),进程数
2026-09-13 15:34:15,0.0,31.4,48.39,8.3,0.0,0.0,0.0,0.0,0.01,8.3,40.1,2
2026-09-13 15:34:16,0.0,31.4,48.39,8.3,0.0,0.0,0.0,0.0,0.01,8.3,40.1,2
2026-09-13 15:34:17,0.0,31.4,48.39,8.3,0.0,0.0,0.0,0.0,0.01,8.3,40.1,2
2026-09-13 15:34:18,0.0,31.4,48.39,8.3,0.0,0.0,0.0,0.0,0.01,8.3,40.1,2
2026-09-13 15:34:19,0.0,31.43,48.39,8.3,0.0,0.0,0.0,0.0,0.01,8.3,40.1,2
2026-09-13 15:34:20,0.0,31.43,48.39,8.3,0.0,0.0,0.0,0.0,0.01,8.3,40.1,2
2026-09-13 15:34:21,0.0,31.43,48.39,8.3,0.0,0.0,0.0,0.0,0.01,8.3,40.1,2
2026-09-13 15:34:22,0.0,31.43,48.39,8.3,0.0,0.0,0.0,0.0,0.0,8.3,40.1,2
2026-09-13 15:34:23,0.0,31.43,48.39,8.3,0.0,0.0,0.0,0.0,0.01,8.3,40.1,2
2026-09-13 15:34:24,0.0,31.43,48.39,8.3,0.0,0.0,0.0,0.0,0.01,8.3,40.1,2
2026-09-13 15:34:25,0.0,31.43,48.39,8.3,0.0,0.0,0.0,0.0,0.01,8.3,40.1,2
2026-09-13 15:34:26,0.0,31.31,48.39,8.3,0.0,0.0,0.0,0.0,0.01,8.3,40.1,2
2026-09-13 15:34:27,0.0,31.43,48.39,8.3,0.0,0.0,0.0,0.01,0.01,8.3,40.1,2
2026-09-13 15:34:28,0.0,31.43,48.39,8.3,0.0,0.0,0.0,0.01,0.01,8.3,40.1,2
2026-09-13 15:34:29,0.0,31.43,48.39,8.3,0.0,0.0,0.0,0.0,0.01,8.3,40.1,2
2026-09-13 15:34:30,0.0,31.43,48.39,8.3,0.0,0.0,0.0,0.0,0.0,8.3,40.1,2
2026-09-13 15:34:31,0.0,31.43,48.39,8.3,0.0,0.0,0.0,0.0,0.01,8.3,40.1,2
2026-09-13 15:34:32,0.0,31.43,48.39,8.3,0.0,0.0,0.0,0.0,0.01,8.3,40.1,2
2026-09-13 15:34:33,0.0,31.43,48.39,8.3,0.0,0.0,0.0,0.0,0.02,8.3,40.1,2
2026-09-13 15:34:34,0.0,31.43,48.39,8.3,0.0,0.0,0.0,0.0,0.01,8.3,40.1,2
2026-09-13 15:34:35,0.0,31.43,48.39,8.3,0.0,0.0,0.0,0.0,0.01,8.3,40.1,2
2026-09-13 15:34:36,0.0,31.43,48.39,8.3,0.0,0.0,0.0,0.0,0.01,8.3,40.1,2
2026-09-13 15:34:37,0.0,31.43,48.39,8.3,0.0,0.0,0.0,0.0,0.01,8.3,40.1,2
2026-09-13 15:34:38,0.0,31.43,48.39,8.3,0.0,0.0,0.0,0.0,0.01,8.3,40.1,2
2026-09-13 15:34:39,0.0,31.43,48.39,8.3,0.0,0.0,0.0,0.0,0.0,8.3,40.1,2
2026-09-13 15:34:40,0.0,31.43,48.39,8.3,0.0,0.0,0.0,0.0,0.0,8.3,40.1,2
2026-09-13 15:34:41,0.0,31.43,48.39,8.3,0.0,0.0,0.0,0.0,0.01,8.3,40.1,2
2026-09-13 15:34:42,0.0,31.43,48.39,8.3,0.0,0.0,0.0,0.0,0.01,8.3,40.1,2
2026-09-13 15:34:43,0.0,31.43,48.39,8.3,0.0,0.0,0.0,0.01,0.01,8.3,40.1,2
2026-09-13 15:34:44,0.0,31.43,48.39,8.3,0.0,0.0,0.0,0.0,0.01,8.3,40.1,2
2026-09-13 15:34:45,0.0,31.43,48.39,8.3,0.0,0.0,0.0,0.0,0.01,8.3,40.1,2
2026-09-13 15:34:46,0.0,31.43,48.39,8.3,0.0,0.0,0.0,0.0,0.01,8.3,40.1,2
2026-09-13 15:34:47,0.0,31.43,48.39,8.3,0.0,0.0,0.0,0.0,0.01,8.3,40.1,2
2026-09-13 15:34:48,0.0,31.43,48.39,8.3,0.0,0.0,0.0,0.0,0.01,8.3,40.1,2
2026-09-13 15:34:49,0.0,31.43,48.39,8.3,0.0,0.0,0.0,0.0,0.01,8.3,40.1,2
2026-09-13 15:34:50,0.0,31.43,48.39,8.3,0.0,0.0,0.0,0.0,0.01,8.3,40.1,2
2026-09-13 15:34:51,0.0,31.43,48.39,8.3,0.0,0.0,0.0,0.0,0.01,8.3,40.1,2
2026-09-13 15:34:52,0.0,31.43,48.39,8.3,0.0,0.0,0.0,0.0,0.01,8.3,40.1,2
2026-09-13 15:34:54,0.0,31.43,48.39,8.3,0.0,0.0,0.0,0.0,0.01,8.3,40.1,2
2026-09-13 15:34:55,0.0,31.43,48.39,8.3,0.0,0.0,0.0,0.0,0.01,8.3,40.1,2
2026-09-13 15:34:56,0.0,31.43,48.39,8.3,0.0,0.0,0.0,0.0,0.01,8.3,40.1,2
2026-09-13 15:34:57,0.0,31.43,48.39,8.3,0.0,0.0,0.0,0.0,0.01,8.3,40.1,2
2026-09-13 15:34:58,0.0,31.43,48.39,8.3,0.0,0.0,0.0,0.0,0.01,8.3,40.1,2
2026-09-13 15:34:59,0.0,31.43,48.39,8.3,0.0,0.0,0.0,0.01,0.01,8.3,40.1,2
2026-09-13 15:35:00,0.0,31.43,48.39,8.3,0.0,0.0,0.0,0.0,0.0,8.3,40.1,2
2026-09-13 15:35:01,0.0,31.43,48.39,8.3,0.0,0.0,0.0,0.0,0.01,8.3,40.1,2
2026-09-13 15:35:02,0.0,31.43,48.39,8.3,0.0,0.0,0.0,0.0,0.0,8.3,40.1,2
2026-09-13 15:35:03,0.0,31.43,48.39,8.3,0.0,0.0,0.0,0.0,0.01,8.3,40.1,2
2026-09-13 15:35:04,0.0,31.43,48.39,8.3,0.0,0.0,0.0,0.0,0.01,8.3,40.1,2
2026-09-13 15:35:05,0.0,31.43,48.39,8.3,0.0,0.0,0.0,0.0,0.01,8.3,40.1,2
2026-09-13 15:35:06,0.0,31.43,48.39,8.3,0.0,0.0,0.0,0.0,0.01,8.3,40.1,2
2026-09-13 15:35:07,0.0,31.43,48.39,8.3,0.0,0.0,0.0,0.0,0.01,8.3,40.1,2
2026-09-13 15:35:08,0.0,31.43,48.39,8.3,0.0,0.0,0.0,0.0,0.01,8.3,40.1,2
2026-09-13 15:35:09,0.0,31.43,48.39,8.3,0.0,0.0,0.0,0.0,0.01,8.3,40.1,2
2026-09-13 15:35:10,0.0,31.43,48.39,8.3,0.0,0.0,0.0,0.0,0.0,8.3,40.1,2
2026-09-13 15:35:11,0.0,31.43,48.39,8.3,0.0,0.0,0.0,0.0,0.0,8.3,40.1,2
2026-09-13 15:35:12,0.0,31.43,48.39,8.3,0.0,0.0,0.0,0.0,0.01,8.3,40.1,2
2026-09-13 15:35:13,0.0,31.43,48.39,8.3,0.0,0.0,0.0,0.0,0.01,8.3,40.1,2
2026-09-13 15:35:14,0.0,31.43,48.39,8.3,0.0,0.0,0.0,0.01,0.01,8.3,40.1,2
2026-09-13 15:35:15,0.0,31.43,48.39,8.3,0.0,0.0,0.0,0.0,0.01,8.3,40.1,2
2026-09-13 15:35:16,0.0,31.43,48.39,8.3,0.0,0.0,0.0,0.0,0.01,8.3,40.1,2
2026-09-13 15:35:17,0.0,31.43,48.39,8.3,0.0,0.0,0.0,0.0,0.01,8.3,40.1,2
2026-09-13 15:35:18,0.0,31.43,48.39,8.3,0.0,0.0,0.0,0.0,0.01,8.3,40.1,2
2026-09-13 15:35:19,0.0,31.43,48.39,8.3,0.0,0.0,0.0,0.0,0.01,8.3,40.1,2
2026-09-13 15:35:20,0.0,31.43,48.39,8.3,0.0,0.0,0.0,0.0,0.01,8.3,40.1,2
2026-09-13 15:35:21,0.0,31.43,48.39,8.3,0.0,0.0,0.0,0.0,0.01,8.3,40.1,2
2026-09-13 15:35:22,0.0,31.43,48.39,8.3,0.0,0.0,0.0,0.0,0.01,8.3,40.1,2
2026-09-13 15:35:23,0.0,31.43,48.39,8.3,0.0,0.0,0.0,0.0,0.01,8.3,40.1,2
2026-09-13 15:35:24,0.0,31.43,48.39,8.3,0.0,0.0,0.0,0.0,0.01,8.3,40.1,2
2026-09-13 15:35:25,0.0,31.43,48.39,8.3,0.0,0.0,0.0,0.0,0.01,8.3,40.1,2
2026-09-13 15:35:26,0.0,31.43,48.39,8.3,0.0,0.0,0.0,0.0,0.01,8.3,40.1,2
2026-09-13 15:35:27,0.0,31.43,48.39,8.3,0.0,0.0,0.0,0.0,0.01,8.3,40.1,2
2026-09-13 15:35:28,0.0,31.43,48.39,8.3,0.0,0.0,0.0,0.0,0.0,8.3,40.1,2
2026-09-13 15:35:29,0.0,31.43,48.39,8.3,0.0,0.0,0.0,0.01,0.02,8.3,40.1,2
2026-09-13 15:35:30,0.0,31.43,48.39,8.3,0.0,0.0,0.0,0.0,0.0,8.3,40.1,2
2026-09-13 15:35:31,0.0,31.43,48.39,8.3,0.0,0.0,0.0,0.0,0.01,8.3,40.1,2
2026-09-13 15:35:32,0.0,31.43,48.39,8.3,0.0,0.0,0.0,0.0,0.01,8.3,40.1,2
2026-09-13 15:35:33,0.0,31.43,48.39,8.3,0.0,0.0,0.0,0.0,0.01,8.3,40.1,2
2026-09-13 15:35:34,0.0,31.43,48.39,8.3,0.0,0.0,0.0,0.0,0.01,8.3,40.1,2
2026-09-13 15:35:35,0.0,31.43,48.39,8.3,0.0,0.0,0.0,0.0,0.01,8.3,40.1,2
2026-09-13 15:35:36,0.0,31.43,48.39,8.3,0.0,0.0,0.0,0.0,0.01,8.3,40.1,2
2026-09-13 15:35:37,0.0,31.43,48.39,8.3,0.0,0.0,0.0,0.0,0.01,8.3,40.1,2
2026-09-13 15:35:38,1.0,31.43,48.39,8.3,0.0,0.0,0.0,0.0,0.01,8.3,40.1,2
2026-09-13 15:35:39,0.0,31.43,48.39,8.3,0.0,0.0,0.0,0.01,0.01,8.3,40.1,2
2026-09-13 15:35:40,0.0,31.43,48.39,8.3,0.0,0.0,0.0,0.0,0.01,8.3,40.1,2
2026-09-13 15:35:41,0.0,31.43,48.39,8.3,0.0,0.0,0.0,0.0,0.01,8.3,40.1,2
2026-09-13 15:35:42,0.0,31.43,48.39,8.3,0.0,0.0,0.0,0.0,0.01,8.3,40.1,2
2026-09-13 15:35:43,0.0,31.43,48.39,8.3,0.0,0.0,0.0,0.0,0.02,8.3,40.1,2
2026-09-13 15:35:44,0.0,31.43,48.39,8.3,0.0,0.0,0.0,0.01,0.01,8.3,40.1,2
2026-09-13 15:35:45,0.0,31.43,48.39,8.3,0.0,0.0,0.0,0.01,0.01,8.3,40.1,2
2026-09-13 15:35:46,0.0,31.43,48.39,8.3,0.0,0.0,0.0,0.01,0.01,8.3,40.1,2
2026-09-13 15:35:47,0.0,31.43,48.39,8.3,0.0,0.0,0.0,0.0,0.01,8.3,40.1,2
2026-09-13 15:35:48,0.0,31.43,48.39,8.3,0.0,0.0,0.0,0.0,0.01,8.3,40.1,2
2026-09-13 15:35:49,0.0,31.43,48.39,8.3,0.0,0.0,0.0,0.0,0.01,8.3,40.1,2
2026-09-13 15:35:50,0.0,31.43,48.39,8.3,0.0,0.0,0.0,0.0,0.01,8.3,40.1,2
2026-09-13 15:35:51,0.0,31.43,48.39,8.3,0.0,0.0,0.0,0.0,0.02,8.3,40.1,2
2026-09-13 15:35:52,0.0,31.43,48.39,8.3,0.0,0.0,0.0,0.0,0.01,8.3,40.1,2
2026-09-13 15:35:53,0.0,31.44,48.39,8.3,0.0,0.0,0.0,0.0,0.01,8.3,40.1,2
2026-09-13 15:35:54,0.0,31.44,48.39,8.3,0.0,0.0,0.0,0.0,0.01,8.3,40.1,2
2026-09-13 15:35:55,0.0,31.44,48.39,8.3,0.0,0.0,0.0,0.0,0.01,8.3,40.1,2
2026-09-13 15:35:56,0.0,31.44,48.39,8.3,0.0,0.0,0.0,0.0,0.01,8.3,40.1,2
2026-09-13 15:35:57,0.0,31.44,48.39,8.3,0.0,0.0,0.0,0.0,0.01,8.3,40.1,2
2026-09-13 15:35:58,0.0,31.43,48.39,8.3,0.0,0.0,0.0,0.0,0.01,8.3,40.1,2
2026-09-13 15:35:59,0.0,31.43,48.39,8.3,0.0,0.0,0.0,0.01,0.01,8.3,40.1,2
2026-09-13 15:36:00,0.0,31.43,48.39,8.3,0.0,0.0,0.0,0.0,0.0,8.3,40.1,2
2026-09-13 15:36:01,0.0,31.43,48.39,8.3,0.0,0.0,0.0,0.0,0.01,8.3,40.1,2
2026-09-13 15:36:02,0.0,31.43,48.39,8.3,0.0,0.0,0.0,0.0,0.0,8.3,40.1,2
2026-09-13 15:36:03,0.0,31.43,48.39,8.3,0.0,0.0,0.0,0.0,0.02,8.3,40.1,2
2026-09-13 15:36:04,0.0,31.4,48.39,8.3,0.0,0.0,0.0,0.01,0.01,8.3,40.1,2
2026-09-13 15:36:05,0.0,31.43,48.39,8.3,0.0,0.0,0.0,0.0,0.0,8.3,40.1,2
2026-09-13 15:36:06,0.0,31.43,48.39,8.3,0.0,0.0,0.0,0.0,0.01,8.3,40.1,2
2026-09-13 15:36:07,0.0,31.43,48.39,8.3,0.0,0.0,0.0,0.0,0.01,8.3,40.1,2
2026-09-13 15:36:08,0.0,31.43,48.39,8.3,0.0,0.0,0.0,0.0,0.01,8.3,40.1,2
2026-09-13 15:36:09,0.0,31.43,48.39,8.3,0.0,0.0,0.0,0.0,0.01,8.3,40.1,2
2026-09-13 15:36:10,0.0,31.43,48.39,8.3,0.0,0.0,0.0,0.0,0.0,8.3,40.1,2
2026-09-13 15:36:11,1.0,31.45,48.41,8.31,0.0,0.0,0.0,0.0,0.0,8.31,40.1,2
2026-09-13 15:36:12,0.0,31.45,48.41,8.31,0.0,0.0,0.0,0.0,0.01,8.31,40.1,2
2026-09-13 15:36:13,0.0,31.45,48.41,8.31,0.0,0.0,0.0,0.0,0.01,8.31,40.1,2
2026-09-13 15:36:14,0.0,31.45,48.41,8.31,0.0,0.0,0.0,0.01,0.01,8.31,40.1,2
2026-09-13 15:36:15,0.0,31.45,48.41,8.31,0.0,0.0,0.0,0.0,0.01,8.31,40.1,2
2026-09-13 15:36:16,0.0,31.45,48.41,8.31,0.0,0.0,0.0,0.0,0.01,8.31,40.1,2
2026-09-13 15:36:17,0.0,31.45,48.41,8.31,0.0,0.0,0.0,0.0,0.01,8.31,40.1,2
2026-09-13 15:36:18,0.0,31.46,48.43,8.33,0.0,0.0,0.0,0.01,0.01,8.33,40.1,2
2026-09-13 15:36:19,0.0,31.46,48.43,8.33,0.0,0.0,0.0,0.0,0.01,8.33,40.1,2
2026-09-13 15:36:20,0.0,31.46,48.43,8.33,0.0,0.0,0.0,0.0,0.01,8.33,40.1,2
2026-09-13 15:36:21,0.0,31.46,48.43,8.33,0.0,0.0,0.0,0.0,0.01,8.33,40.1,2
2026-09-13 15:36:22,0.0,31.46,48.43,8.33,0.0,0.0,0.0,0.0,0.0,8.33,40.1,2
2026-09-13 15:36:23,0.0,31.46,48.43,8.33,0.0,0.0,0.0,0.0,0.01,8.33,40.1,2
2026-09-13 15:36:24,0.0,31.47,48.43,8.34,0.0,0.0,0.0,0.01,0.01,8.34,40.1,2
2026-09-13 15:36:25,0.0,31.47,48.43,8.34,0.0,0.0,0.0,0.0,0.01,8.34,40.1,2
2026-09-13 15:36:26,0.0,31.47,48.43,8.34,0.0,0.0,0.0,0.0,0.01,8.34,40.1,2
2026-09-13 15:36:27,0.0,31.47,48.43,8.34,0.0,0.0,0.0,0.0,0.01,8.34,40.1,2
2026-09-13 15:36:28,0.0,31.47,48.43,8.34,0.0,0.0,0.0,0.0,0.01,8.34,40.1,2
2026-09-13 15:36:29,0.0,31.47,48.43,8.34,0.0,0.0,0.0,0.01,0.0,8.34,40.1,2
2026-09-13 15:36:30,0.0,31.47,48.43,8.34,0.0,0.0,0.0,0.0,0.01,8.34,40.1,2
2026-09-13 15:36:31,0.0,31.47,48.43,8.34,0.0,0.0,0.0,0.0,0.01,8.34,40.1,2
2026-09-13 15:36:32,0.0,31.47,48.43,8.34,0.0,0.0,0.0,0.0,0.02,8.34,40.1,2
2026-09-13 15:36:33,0.0,31.47,48.43,8.34,0.0,0.0,0.0,0.0,0.02,8.34,40.1,2
2026-09-13 15:36:34,0.0,31.47,48.43,8.34,0.0,0.0,0.0,0.0,0.01,8.34,40.1,2
2026-09-13 15:36:35,0.0,31.47,48.43,8.34,0.0,0.0,0.0,0.0,0.0,8.34,40.1,2
2026-09-13 15:36:36,0.0,31.53,48.49,8.39,0.0,0.0,0.0,0.04,0.01,8.39,40.1,2
2026-09-13 15:36:37,0.0,31.53,48.49,8.39,0.0,0.0,0.0,0.0,0.01,8.39,40.1,2
2026-09-13 15:36:38,0.0,31.53,48.49,8.39,0.0,0.0,0.0,0.0,0.0,8.39,40.1,2
2026-09-13 15:36:39,0.0,31.53,48.49,8.39,0.0,0.0,0.0,0.0,0.0,8.39,40.1,2
2026-09-13 15:36:40,0.0,31.53,48.49,8.39,0.0,0.0,0.0,0.0,0.0,8.39,40.1,2
2026-09-13 15:36:41,0.0,31.53,48.49,8.39,0.0,0.0,0.0,0.0,0.01,8.39,40.1,2
2026-09-13 15:36:43,0.0,31.53,48.49,8.39,0.0,0.0,0.0,0.0,0.01,8.39,40.1,2
2026-09-13 15:36:44,0.0,31.53,48.49,8.39,0.0,0.0,0.0,0.0,0.01,8.39,40.1,2
2026-09-13 15:36:45,0.0,31.53,48.49,8.39,0.0,0.0,0.0,0.01,0.01,8.39,40.1,2
2026-09-13 15:36:46,0.0,31.53,48.49,8.39,0.0,0.0,0.0,0.0,0.01,8.39,40.1,2
2026-09-13 15:36:47,0.0,31.53,48.49,8.39,0.0,0.0,0.0,0.0,0.01,8.39,40.1,2
2026-09-13 15:36:48,0.0,31.53,48.49,8.39,0.0,0.0,0.0,0.0,0.01,8.39,40.1,2
2026-09-13 15:36:49,0.0,31.53,48.49,8.39,0.0,0.0,0.0,0.0,0.02,8.39,40.1,2
2026-09-13 15:36:50,0.0,31.53,48.49,8.39,0.0,0.0,0.0,0.0,0.01,8.39,40.1,2
2026-09-13 15:36:51,0.0,31.53,48.49,8.39,0.0,0.0,0.0,0.0,0.01,8.39,40.1,2
2026-09-13 15:36:52,0.0,31.53,48.49,8.39,0.0,0.0,0.0,0.0,0.01,8.39,40.1,2
2026-09-13 15:36:53,0.0,31.53,48.49,8.39,0.0,0.0,0.0,0.0,0.01,8.39,40.1,2
2026-09-13 15:36:54,0.0,31.53,48.49,8.39,0.0,0.0,0.0,0.0,0.01,8.39,40.1,2
2026-09-13 15:36:55,0.0,31.53,48.49,8.39,0.0,0.0,0.0,0.0,0.01,8.39,40.1,2
2026-09-13 15:36:56,0.0,31.53,48.49,8.39,0.0,0.0,0.0,0.0,0.01,8.39,40.1,2
2026-09-13 15:36:57,0.0,31.53,48.49,8.39,0.0,0.0,0.0,0.0,0.01,8.39,40.1,2
2026-09-13 15:36:58,0.0,31.53,48.49,8.39,0.0,0.0,0.0,0.0,0.01,8.39,40.1,2
2026-09-13 15:36:59,0.0,31.53,48.49,8.39,0.0,0.0,0.0,0.0,0.01,8.39,40.1,2
2026-09-13 15:37:00,0.0,31.53,48.49,8.39,0.0,0.0,0.0,0.01,0.01,8.39,40.1,2
2026-09-13 15:37:01,0.0,31.53,48.49,8.39,0.0,0.0,0.0,0.0,0.01,8.39,40.1,2
2026-09-13 15:37:02,0.0,31.53,48.49,8.39,0.0,0.0,0.0,0.0,0.0,8.39,40.1,2
2026-09-13 15:37:03,0.0,31.53,48.49,8.39,0.0,0.0,0.0,0.0,0.02,8.39,40.1,2
2026-09-13 15:37:04,0.0,31.53,48.49,8.39,0.0,0.0,0.0,0.0,0.01,8.39,40.1,2
2026-09-13 15:37:05,0.0,31.53,48.49,8.39,0.0,0.0,0.0,0.0,0.01,8.39,40.1,2
2026-09-13 15:37:06,0.0,31.53,48.49,8.39,0.0,0.0,0.0,0.0,0.0,8.39,40.1,2
2026-09-13 15:37:07,0.0,31.53,48.49,8.39,0.0,0.0,0.0,0.0,0.01,8.39,40.1,2
2026-09-13 15:37:08,0.0,31.53,48.49,8.39,0.0,0.0,0.0,0.0,0.01,8.39,40.1,2
2026-09-13 15:37:09,0.0,31.53,48.49,8.39,0.0,0.0,0.0,0.0,0.01,8.39,40.1,2
2026-09-13 15:37:10,0.0,31.53,48.49,8.39,0.0,0.0,0.0,0.0,0.0,8.39,40.1,2
2026-09-13 15:37:11,0.0,31.53,48.49,8.39,0.0,0.0,0.0,0.0,0.0,8.39,40.1,2
2026-09-13 15:37:12,0.0,31.53,48.49,8.39,0.0,0.0,0.0,0.0,0.01,8.39,40.1,2
2026-09-13 15:37:13,0.0,31.53,48.49,8.39,0.0,0.0,0.0,0.0,0.01,8.39,40.1,2
2026-09-13 15:37:14,0.0,31.53,48.49,8.39,0.0,0.0,0.0,0.0,0.01,8.39,40.1,2
2026-09-13 15:37:15,0.0,31.53,48.49,8.39,0.0,0.0,0.0,0.01,0.01,8.39,40.1,2
2026-09-13 15:37:16,0.0,31.53,48.49,8.39,0.0,0.0,0.0,0.0,0.01,8.39,40.1,2
2026-09-13 15:37:17,0.0,31.53,48.49,8.39,0.0,0.0,0.0,0.0,0.01,8.39,40.1,2
2026-09-13 15:37:18,0.0,31.53,48.49,8.39,0.0,0.0,0.0,0.0,0.01,8.39,40.1,2
2026-09-13 15:37:19,0.0,31.53,48.49,8.39,0.0,0.0,0.0,0.0,0.01,8.39,40.1,2
2026-09-13 15:37:20,0.0,31.53,48.49,8.39,0.0,0.0,0.0,0.0,0.01,8.39,40.1,2
2026-09-13 15:37:21,0.0,31.53,48.49,8.39,0.0,0.0,0.0,0.0,0.01,8.39,40.1,2
2026-09-13 15:37:22,0.0,31.53,48.49,8.39,0.0,0.0,0.0,0.0,0.01,8.39,40.1,2
2026-09-13 15:37:23,0.0,31.53,48.49,8.39,0.0,0.0,0.0,0.0,0.01,8.39,40.1,2
2026-09-13 15:37:24,0.0,31.53,48.49,8.39,0.0,0.0,0.0,0.0,0.01,8.39,40.1,2
2026-09-13 15:37:25,0.0,31.53,48.49,8.39,0.0,0.0,0.0,0.0,0.01,8.39,40.1,2
2026-09-13 15:37:26,0.0,31.53,48.49,8.39,0.0,0.0,0.0,0.0,0.0,8.39,40.1,2
2026-09-13 15:37:27,0.0,31.53,48.49,8.39,0.0,0.0,0.0,0.0,0.01,8.39,40.1,2
2026-09-13 15:37:28,0.0,31.53,48.49,8.39,0.0,0.0,0.0,0.0,0.01,8.39,40.1,2
2026-09-13 15:37:29,0.0,31.53,48.49,8.39,0.0,0.0,0.0,0.0,0.01,8.39,40.1,2
2026-09-13 15:37:30,0.0,31.53,48.49,8.39,0.0,0.0,0.0,0.01,0.01,8.39,40.1,2
2026-09-13 15:37:31,0.0,31.53,48.49,8.39,0.0,0.0,0.0,0.0,0.01,8.39,40.1,2
2026-09-13 15:37:32,0.0,31.53,48.49,8.39,0.0,0.0,0.0,0.0,0.01,8.39,40.1,2
2026-09-13 15:37:33,0.0,31.53,48.49,8.39,0.0,0.0,0.0,0.0,0.01,8.39,40.1,2
2026-09-13 15:37:34,0.0,31.53,48.49,8.39,0.0,0.0,0.0,0.0,0.01,8.39,40.1,2
2026-09-13 15:37:35,0.0,31.53,48.49,8.39,0.0,0.0,0.0,0.0,0.01,8.39,40.1,2
2026-09-13 15:37:36,0.0,31.53,48.49,8.39,0.0,0.0,0.0,0.0,0.01,8.39,40.1,2
2026-09-13 15:37:37,0.0,31.53,48.49,8.39,0.0,0.0,0.0,0.0,0.01,8.39,40.1,2
2026-09-13 15:37:38,0.0,31.53,48.49,8.39,0.0,0.0,0.0,0.0,0.01,8.39,40.1,2
2026-09-13 15:37:39,0.0,31.53,48.49,8.39,0.0,0.0,0.0,0.0,0.01,8.39,40.1,2
2026-09-13 15:37:40,0.0,31.53,48.49,8.39,0.0,0.0,0.0,0.0,0.01,8.39,40.1,2
2026-09-13 15:37:41,0.0,31.53,48.49,8.39,0.0,0.0,0.0,0.0,0.0,8.39,40.1,2
2026-09-13 15:37:42,0.0,31.53,48.49,8.39,0.0,0.0,0.0,0.0,0.01,8.39,40.1,2
2026-09-13 15:37:43,0.0,31.53,48.49,8.39,0.0,0.0,0.0,0.0,0.01,8.39,40.1,2
2026-09-13 15:37:44,0.0,31.53,48.49,8.39,0.0,0.0,0.0,0.0,0.01,8.39,40.1,2
2026-09-13 15:37:45,0.0,31.53,48.49,8.39,0.0,0.0,0.0,0.01,0.02,8.39,40.1,2
2026-09-13 15:37:46,0.0,31.53,48.49,8.39,0.0,0.0,0.0,0.0,0.01,8.39,40.1,2
2026-09-13 15:37:47,0.0,31.53,48.49,8.39,0.0,0.0,0.0,0.0,0.01,8.39,40.1,2
2026-09-13 15:37:48,0.0,31.53,48.49,8.39,0.0,0.0,0.0,0.0,0.01,8.39,40.1,2
2026-09-13 15:37:49,0.0,31.53,48.49,8.39,0.0,0.0,0.0,0.0,0.02,8.39,40.1,2
2026-09-13 15:37:50,0.0,31.53,48.49,8.39,0.0,0.0,0.0,0.0,0.01,8.39,40.1,2
2026-09-13 15:37:51,0.0,31.53,48.49,8.39,0.0,0.0,0.0,0.0,0.02,8.39,40.1,2
2026-09-13 15:37:52,0.0,31.53,48.49,8.39,0.0,0.0,0.0,0.0,0.01,8.39,40.1,2
2026-09-13 15:37:53,0.0,31.53,48.49,8.39,0.0,0.0,0.0,0.0,0.01,8.39,40.1,2
2026-09-13 15:37:54,0.0,31.53,48.49,8.39,0.0,0.0,0.0,0.0,0.01,8.39,40.1,2
2026-09-13 15:37:55,0.0,31.53,48.49,8.39,0.0,0.0,0.0,0.0,0.01,8.39,40.1,2
2026-09-13 15:37:56,1.0,31.53,48.49,8.39,0.0,0.0,0.0,0.0,0.01,8.39,40.1,2
2026-09-13 15:37:57,0.0,31.53,48.49,8.39,0.0,0.0,0.0,0.0,0.01,8.39,40.1,2
2026-09-13 15:37:58,0.0,31.53,48.49,8.39,0.0,0.0,0.0,0.0,0.01,8.39,40.1,2
2026-09-13 15:37:59,0.0,31.53,48.49,8.39,0.0,0.0,0.0,0.0,0.01,8.39,40.1,2
2026-09-13 15:38:00,0.0,31.53,48.49,8.39,0.0,0.0,0.0,0.01,0.01,8.39,40.1,2
2026-09-13 15:38:01,0.0,31.53,48.49,8.39,0.0,0.0,0.0,0.0,0.01,8.39,40.1,2
2026-09-13 15:38:02,0.0,31.53,48.49,8.39,0.0,0.0,0.0,0.0,0.0,8.39,40.1,2
2026-09-13 15:38:03,0.0,31.53,48.49,8.39,0.0,0.0,0.0,0.0,0.02,8.39,40.1,2
2026-09-13 15:38:04,0.0,31.53,48.49,8.39,0.0,0.0,0.0,0.0,0.01,8.39,40.1,2
2026-09-13 15:38:05,0.0,31.53,48.49,8.39,0.0,0.0,0.0,0.0,0.01,8.39,40.1,2
2026-09-13 15:38:06,0.0,31.53,48.49,8.39,0.0,0.0,0.0,0.0,0.01,8.39,40.1,2
2026-09-13 15:38:07,0.0,31.53,48.49,8.39,0.0,0.0,0.0,0.0,0.01,8.39,40.1,2
2026-09-13 15:38:08,0.0,31.53,48.49,8.39,0.0,0.0,0.0,0.0,0.01,8.39,40.1,2
2026-09-13 15:38:09,0.0,31.53,48.49,8.39,0.0,0.0,0.0,0.0,0.01,8.39,40.1,2
2026-09-13 15:38:10,0.0,31.53,48.49,8.39,0.0,0.0,0.0,0.0,0.0,8.39,40.1,2
2026-09-13 15:38:11,0.0,31.53,48.49,8.39,0.0,0.0,0.0,0.0,0.0,8.39,40.1,2
2026-09-13 15:38:12,0.0,31.53,48.49,8.39,0.0,0.0,0.0,0.0,0.01,8.39,40.1,2
2026-09-13 15:38:13,0.0,31.53,48.49,8.39,0.0,0.0,0.0,0.0,0.01,8.39,40.1,2
2026-09-13 15:38:14,0.0,31.53,48.49,8.39,0.0,0.0,0.0,0.0,0.01,8.39,40.1,2
2026-09-13 15:38:15,0.0,31.53,48.49,8.39,0.0,0.0,0.0,0.0,0.01,8.39,40.1,2
2026-09-13 15:38:16,0.0,31.53,48.49,8.39,0.0,0.0,0.0,0.0,0.01,8.39,40.1,2
2026-09-13 15:38:17,0.0,31.53,48.49,8.39,0.0,0.0,0.0,0.0,0.01,8.39,40.1,2
2026-09-13 15:38:18,0.0,31.53,48.49,8.39,0.0,0.0,0.0,0.0,0.01,8.39,40.1,2
2026-09-13 15:38:19,0.0,31.53,48.49,8.39,0.0,0.0,0.0,0.0,0.01,8.39,40.1,2
2026-09-13 15:38:20,0.0,31.53,48.49,8.39,0.0,0.0,0.0,0.0,0.01,8.39,40.1,2
2026-09-13 15:38:21,0.0,31.53,48.49,8.39,0.0,0.0,0.0,0.0,0.01,8.39,40.1,2
2026-09-13 15:38:22,0.0,31.53,48.49,8.39,0.0,0.0,0.0,0.0,0.0,8.39,40.1,2
2026-09-13 15:38:23,0.0,31.53,48.49,8.39,0.0,0.0,0.0,0.0,0.01,8.39,40.1,2
2026-09-13 15:38:24,0.0,31.53,48.49,8.39,0.0,0.0,0.0,0.0,0.01,8.39,40.1,2
2026-09-13 15:38:25,0.0,31.53,48.49,8.39,0.0,0.0,0.0,0.0,0.01,8.39,40.1,2
2026-09-13 15:38:26,0.0,31.53,48.49,8.39,0.0,0.0,0.0,0.0,0.0,8.39,40.1,2
2026-09-13 15:38:27,0.0,31.53,48.49,8.39,0.0,0.0,0.0,0.0,0.01,8.39,40.1,2
2026-09-13 15:38:28,0.0,31.53,48.49,8.39,0.0,0.0,0.0,0.0,0.0,8.39,40.1,2
2026-09-13 15:38:29,0.0,31.53,48.49,8.39,0.0,0.0,0.0,0.0,0.01,8.39,40.1,2
2026-09-13 15:38:30,0.0,31.53,48.49,8.39,0.0,0.0,0.0,0.0,0.01,8.39,40.1,2
2026-09-13 15:38:31,0.0,31.53,48.49,8.39,0.0,0.0,0.0,0.0,0.01,8.39,40.1,2
2026-09-13 15:38:32,0.0,31.53,48.49,8.39,0.0,0.0,0.0,0.0,0.01,8.39,40.1,2
2026-09-13 15:38:33,0.0,31.53,48.49,8.39,0.0,0.0,0.0,0.0,0.02,8.39,40.1,2
2026-09-13 15:38:35,0.0,31.53,48.49,8.39,0.0,0.0,0.0,0.0,0.01,8.39,40.1,2
2026-09-13 15:38:36,0.0,31.53,48.49,8.39,0.0,0.0,0.0,0.0,0.01,8.39,40.1,2
2026-09-13 15:38:37,0.0,31.53,48.49,8.39,0.0,0.0,0.0,0.0,0.01,8.39,40.1,2
2026-09-13 15:38:38,0.0,31.53,48.49,8.39,0.0,0.0,0.0,0.0,0.01,8.39,40.1,2
2026-09-13 15:38:39,0.0,31.53,48.49,8.39,0.0,0.0,0.0,0.0,0.01,8.39,40.1,2
2026-09-13 15:38:40,0.0,31.53,48.49,8.39,0.0,0.0,0.0,0.0,0.0,8.39,40.1,2
2026-09-13 15:38:41,0.0,31.53,48.49,8.39,0.0,0.0,0.0,0.0,0.0,8.39,40.1,2
2026-09-13 15:38:42,0.0,31.53,48.49,8.39,0.0,0.0,0.0,0.0,0.01,8.39,40.1,2
2026-09-13 15:38:43,0.0,31.53,48.49,8.39,0.0,0.0,0.0,0.0,0.01,8.39,40.1,2
2026-09-13 15:38:44,0.0,31.53,48.49,8.39,0.0,0.0,0.0,0.0,0.01,8.39,40.1,2
2026-09-13 15:38:45,0.0,31.53,48.49,8.39,0.0,0.0,0.0,0.0,0.01,8.39,40.1,2
2026-09-13 15:38:46,0.0,31.53,48.49,8.39,0.0,0.0,0.0,0.0,0.01,8.39,40.1,2
2026-09-13 15:38:47,0.0,31.53,48.49,8.39,0.0,0.0,0.0,0.0,0.01,8.39,40.1,2
2026-09-13 15:38:48,0.0,31.53,48.49,8.39,0.0,0.0,0.0,0.0,0.01,8.39,40.1,2
2026-09-13 15:38:49,0.0,31.53,48.49,8.39,0.0,0.0,0.0,0.0,0.01,8.39,40.1,2
2026-09-13 15:38:50,1.0,31.53,48.49,8.39,0.0,0.0,0.0,0.0,0.01,8.39,40.1,2
2026-09-13 15:38:51,0.0,31.53,48.49,8.39,0.0,0.0,0.0,0.0,0.01,8.39,40.1,2
2026-09-13 15:38:52,0.0,31.53,48.49,8.39,0.0,0.0,0.0,0.0,0.01,8.39,40.1,2
2026-09-13 15:38:53,0.0,31.53,48.49,8.39,0.0,0.0,0.0,0.0,0.01,8.39,40.1,2
2026-09-13 15:38:54,0.0,31.53,48.49,8.39,0.0,0.0,0.0,0.0,0.01,8.39,40.1,2
2026-09-13 15:38:55,0.0,31.53,48.49,8.39,0.0,0.0,0.0,0.0,0.01,8.39,40.1,2
2026-09-13 15:38:56,0.0,31.53,48.49,8.39,0.0,0.0,0.0,0.0,0.01,8.39,40.1,2
2026-09-13 15:38:57,0.0,31.53,48.49,8.39,0.0,0.0,0.0,0.0,0.01,8.39,40.1,2
2026-09-13 15:38:58,0.0,31.53,48.49,8.39,0.0,0.0,0.0,0.0,0.01,8.39,40.1,2
2026-09-13 15:38:59,0.0,31.53,48.49,8.39,0.0,0.0,0.0,0.0,0.01,8.39,40.1,2
2026-09-13 15:39:00,0.0,31.53,48.49,8.39,0.0,0.0,0.0,0.0,0.0,8.39,40.1,2
2026-09-13 15:39:01,0.0,31.53,48.49,8.39,0.0,0.0,0.0,0.0,0.01,8.39,40.1,2
2026-09-13 15:39:02,0.0,31.53,48.49,8.39,0.0,0.0,0.0,0.0,0.0,8.39,40.1,2
2026-09-13 15:39:03,0.0,31.53,48.49,8.39,0.0,0.0,0.0,0.0,0.02,8.39,40.1,2
2026-09-13 15:39:04,0.0,31.53,48.49,8.39,0.0,0.0,0.0,0.0,0.01,8.39,40.1,2
2026-09-13 15:39:05,0.0,31.53,48.49,8.39,0.0,0.0,0.0,0.0,0.01,8.39,40.1,2
2026-09-13 15:39:06,0.0,31.53,48.49,8.39,0.0,0.0,0.0,0.0,0.0,8.39,40.1,2
2026-09-13 15:39:07,0.0,31.53,48.49,8.39,0.0,0.0,0.0,0.0,0.01,8.39,40.1,2
2026-09-13 15:39:08,0.0,31.53,48.49,8.39,0.0,0.0,0.0,0.0,0.01,8.39,40.1,2
2026-09-13 15:39:09,0.0,31.53,48.49,8.39,0.0,0.0,0.0,0.0,0.01,8.39,40.1,2
2026-09-13 15:39:10,0.0,31.53,48.49,8.39,0.0,0.0,0.0,0.0,0.0,8.39,40.1,2
2026-09-13 15:39:11,0.0,31.53,48.49,8.39,0.0,0.0,0.0,0.0,0.0,8.39,40.1,2
2026-09-13 15:39:12,0.0,31.53,48.49,8.39,0.0,0.0,0.0,0.0,0.01,8.39,40.1,2
2026-09-13 15:39:13,0.0,31.53,48.49,8.39,0.0,0.0,0.0,0.0,0.01,8.39,40.1,2
2026-09-13 15:39:14,0.0,31.53,48.49,8.39,0.0,0.0,0.0,0.0,0.01,8.39,40.1,2
2026-09-13 15:39:15,0.0,31.53,48.49,8.39,0.0,0.0,0.0,0.0,0.01,8.39,40.1,2
2026-09-13 15:39:16,0.0,31.53,48.49,8.39,0.0,0.0,0.0,0.0,0.01,8.39,40.1,2
2026-09-13 15:39:17,0.0,31.53,48.49,8.39,0.0,0.0,0.0,0.0,0.01,8.39,40.1,2
2026-09-13 15:39:18,0.0,31.53,48.49,8.39,0.0,0.0,0.0,0.0,0.01,8.39,40.1,2
2026-09-13 15:39:19,0.0,31.53,48.49,8.39,0.0,0.0,0.0,0.0,0.01,8.39,40.1,2
2026-09-13 15:39:20,0.0,31.53,48.49,8.39,0.0,0.0,0.0,0.0,0.01,8.39,40.1,2
2026-09-13 15:39:21,0.0,31.53,48.49,8.39,0.0,0.0,0.0,0.0,0.01,8.39,40.1,2
2026-09-13 15:39:22,0.0,31.53,48.49,8.39,0.0,0.0,0.0,0.0,0.01,8.39,40.1,2
2026-09-13 15:39:23,0.0,31.53,48.49,8.39,0.0,0.0,0.0,0.0,0.01,8.39,40.1,2
2026-09-13 15:39:24,0.0,31.53,48.49,8.39,0.0,0.0,0.0,0.0,0.01,8.39,40.1,2
2026-09-13 15:39:25,0.0,31.53,48.49,8.39,0.0,0.0,0.0,0.0,0.01,8.39,40.1,2
2026-09-13 15:39:26,0.0,31.53,48.49,8.39,0.0,0.0,0.0,0.0,0.01,8.39,40.1,2
2026-09-13 15:39:27,0.0,31.53,48.49,8.39,0.0,0.0,0.0,0.0,0.01,8.39,40.1,2
2026-09-13 15:39:28,0.0,31.53,48.49,8.39,0.0,0.0,0.0,0.0,0.01,8.39,40.1,2
2026-09-13 15:39:29,0.0,31.53,48.49,8.39,0.0,0.0,0.0,0.0,0.01,8.39,40.1,2
2026-09-13 15:39:30,0.0,31.53,48.49,8.39,0.0,0.0,0.0,0.0,0.0,8.39,40.1,2
2026-09-13 15:39:31,0.0,31.53,48.49,8.39,0.0,0.0,0.0,0.0,0.01,8.39,40.1,2
2026-09-13 15:39:32,0.0,31.53,48.49,8.39,0.0,0.0,0.0,0.0,0.01,8.39,40.1,2
2026-09-13 15:39:33,0.0,31.53,48.49,8.39,0.0,0.0,0.0,0.0,0.01,8.39,40.1,2
2026-09-13 15:39:34,0.0,31.53,48.49,8.39,0.0,0.0,0.0,0.0,0.01,8.39,40.1,2
2026-09-13 15:39:35,0.0,31.53,48.49,8.39,0.0,0.0,0.0,0.0,0.01,8.39,40.1,2
2026-09-13 15:39:36,0.0,31.53,48.49,8.39,0.0,0.0,0.0,0.0,0.01,8.39,40.1,2
2026-09-13 15:39:37,0.0,31.53,48.49,8.39,0.0,0.0,0.0,0.0,0.01,8.39,40.1,2
2026-09-13 15:39:38,0.0,31.53,48.49,8.39,0.0,0.0,0.0,0.0,0.01,8.39,40.1,2
2026-09-13 15:39:39,0.0,31.53,48.49,8.39,0.0,0.0,0.0,0.0,0.01,8.39,40.1,2
2026-09-13 15:39:40,0.0,31.53,48.49,8.39,0.0,0.0,0.0,0.0,0.01,8.39,40.1,2
2026-09-13 15:39:41,0.0,31.53,48.49,8.39,0.0,0.0,0.0,0.0,0.01,8.39,40.1,2
2026-09-13 15:39:42,0.0,31.53,48.49,8.39,0.0,0.0,0.0,0.0,0.01,8.39,40.1,2
2026-09-13 15:39:43,0.0,31.53,48.49,8.39,0.0,0.0,0.0,0.0,0.01,8.39,40.1,2
2026-09-13 15:39:44,0.0,31.53,48.49,8.39,0.0,0.0,0.0,0.0,0.01,8.39,40.1,2
2026-09-13 15:39:45,0.0,31.53,48.49,8.39,0.0,0.0,0.0,0.0,0.01,8.39,40.1,2
2026-09-13 15:39:46,0.0,31.53,48.49,8.39,0.0,0.0,0.0,0.0,0.01,8.39,40.1,2
2026-09-13 15:39:47,0.0,31.53,48.49,8.39,0.0,0.0,0.0,0.0,0.01,8.39,40.1,2
2026-09-13 15:39:48,0.0,31.53,48.49,8.39,0.0,0.0,0.0,0.0,0.01,8.39,40.1,2
2026-09-13 15:39:49,0.0,31.53,48.49,8.39,0.0,0.0,0.0,0.0,0.01,8.39,40.1,2
2026-09-13 15:39:50,0.0,31.53,48.49,8.39,0.0,0.0,0.0,0.0,0.01,8.39,40.1,2
2026-09-13 15:39:51,0.0,31.53,48.49,8.39,0.0,0.0,0.0,0.0,0.02,8.39,40.1,2
2026-09-13 15:39:52,0.0,31.53,48.49,8.39,0.0,0.0,0.0,0.0,0.01,8.39,40.1,2
2026-09-13 15:39:53,0.0,31.53,48.49,8.39,0.0,0.0,0.0,0.0,0.01,8.39,40.1,2
2026-09-13 15:39:54,0.0,31.53,48.49,8.39,0.0,0.0,0.0,0.0,0.01,8.39,40.1,2
2026-09-13 15:39:55,0.0,31.53,48.49,8.39,0.0,0.0,0.0,0.0,0.01,8.39,40.1,2
2026-09-13 15:39:56,0.0,31.51,48.49,8.39,0.0,0.0,0.0,0.0,0.01,8.39,40.1,2
2026-09-13 15:39:57,0.0,31.53,48.49,8.39,0.0,0.0,0.0,0.0,0.01,8.39,40.1,2
2026-09-13 15:39:58,0.0,31.53,48.49,8.39,0.0,0.0,0.0,0.0,0.01,8.39,40.1,2
2026-09-13 15:39:59,0.0,31.53,48.49,8.39,0.0,0.0,0.0,0.0,0.01,8.39,40.1,2
2026-09-13 15:40:00,0.0,31.53,48.49,8.39,0.0,0.0,0.0,0.0,0.0,8.39,40.1,2
2026-09-13 15:40:01,0.0,31.53,48.49,8.39,0.0,0.0,0.0,0.0,0.01,8.39,40.1,2
2026-09-13 15:40:02,0.0,31.53,48.49,8.39,0.0,0.0,0.0,0.0,0.0,8.39,40.1,2
2026-09-13 15:40:03,0.0,31.53,48.49,8.39,0.0,0.0,0.0,0.0,0.02,8.39,40.1,2
2026-09-13 15:40:04,0.0,31.53,48.49,8.39,0.0,0.0,0.0,0.0,0.01,8.39,40.1,2
2026-09-13 15:40:05,1.0,31.53,48.49,8.39,0.0,0.0,0.0,0.0,0.01,8.39,40.1,2
2026-09-13 15:40:06,0.0,31.51,48.49,8.39,0.0,0.0,0.0,0.0,0.0,8.39,40.1,2
2026-09-13 15:40:07,0.0,31.53,48.49,8.39,0.0,0.0,0.0,0.0,0.01,8.39,40.1,2
2026-09-13 15:40:08,0.0,31.53,48.49,8.39,0.0,0.0,0.0,0.0,0.01,8.39,40.1,2
2026-09-13 15:40:09,0.0,31.53,48.49,8.39,0.0,0.0,0.0,0.0,0.01,8.39,40.1,2
2026-09-13 15:40:10,0.0,31.53,48.49,8.39,0.0,0.0,0.0,0.0,0.0,8.39,40.1,2
2026-09-13 15:40:11,0.0,31.53,48.49,8.39,0.0,0.0,0.0,0.0,0.01,8.39,40.1,2
2026-09-13 15:40:12,0.0,31.53,48.49,8.39,0.0,0.0,0.0,0.0,0.01,8.39,40.1,2
2026-09-13 15:40:13,0.0,31.53,48.49,8.39,0.0,0.0,0.0,0.0,0.01,8.39,40.1,2
2026-09-13 15:40:14,0.0,31.53,48.49,8.39,0.0,0.0,0.0,0.0,0.01,8.39,40.1,2
2026-09-13 15:40:15,0.0,31.53,48.49,8.39,0.0,0.0,0.0,0.0,0.01,8.39,40.1,2
2026-09-13 15:40:16,0.0,31.53,48.49,8.39,0.0,0.0,0.0,0.0,0.01,8.39,40.1,2
2026-09-13 15:40:17,0.0,31.53,48.49,8.39,0.0,0.0,0.0,0.0,0.01,8.39,40.1,2
2026-09-13 15:40:18,0.0,31.53,48.49,8.39,0.0,0.0,0.0,0.0,0.01,8.39,40.1,2
2026-09-13 15:40:19,0.0,31.53,48.49,8.39,0.0,0.0,0.0,0.0,0.01,8.39,40.1,2
2026-09-13 15:40:20,0.0,31.53,48.49,8.39,0.0,0.0,0.0,0.0,0.01,8.39,40.1,2
2026-09-13 15:40:21,0.0,31.53,48.49,8.39,0.0,0.0,0.0,0.0,0.01,8.39,40.1,2
2026-09-13 15:40:22,0.0,31.53,48.49,8.39,0.0,0.0,0.0,0.0,0.0,8.39,40.1,2
2026-09-13 15:40:23,0.0,31.53,48.49,8.39,0.0,0.0,0.0,0.0,0.01,8.39,40.1,2
2026-09-13 15:40:24,0.0,31.53,48.49,8.39,0.0,0.0,0.0,0.0,0.01,8.39,40.1,2
2026-09-13 15:40:25,0.0,31.53,48.49,8.39,0.0,0.0,0.0,0.0,0.01,8.39,40.1,2
2026-09-13 15:40:26,0.0,31.53,48.49,8.39,0.0,0.0,0.0,0.0,0.01,8.39,40.1,2
2026-09-13 15:40:27,0.0,31.53,48.49,8.39,0.0,0.0,0.0,0.0,0.01,8.39,40.1,2
2026-09-13 15:40:28,0.0,31.53,48.49,8.39,0.0,0.0,0.0,0.0,0.01,8.39,40.1,2
2026-09-13 15:40:29,0.0,31.53,48.49,8.39,0.0,0.0,0.0,0.0,0.01,8.39,40.1,2
2026-09-13 15:40:31,0.0,31.53,48.49,8.39,0.0,0.0,0.0,0.0,0.0,8.39,40.1,2
2026-09-13 15:40:32,0.0,31.53,48.49,8.39,0.0,0.0,0.0,0.0,0.01,8.39,40.1,2
2026-09-13 15:40:33,0.0,31.53,48.49,8.39,0.0,0.0,0.0,0.0,0.01,8.39,40.1,2
2026-09-13 15:40:34,0.0,31.53,48.49,8.39,0.0,0.0,0.0,0.0,0.02,8.39,40.1,2
2026-09-13 15:40:35,0.0,31.53,48.49,8.39,0.0,0.0,0.0,0.0,0.01,8.39,40.1,2
2026-09-13 15:40:36,0.0,31.53,48.49,8.39,0.0,0.0,0.0,0.0,0.01,8.39,40.1,2
2026-09-13 15:40:37,0.0,31.53,48.49,8.39,0.0,0.0,0.0,0.0,0.01,8.39,40.1,2
2026-09-13 15:40:38,0.0,31.53,48.49,8.39,0.0,0.0,0.0,0.0,0.01,8.39,40.1,2
2026-09-13 15:40:39,0.0,31.53,48.49,8.39,0.0,0.0,0.0,0.0,0.01,8.39,40.1,2
2026-09-13 15:40:40,0.0,31.53,48.49,8.39,0.0,0.0,0.0,0.0,0.01,8.39,40.1,2
2026-09-13 15:40:41,0.0,31.53,48.49,8.39,0.0,0.0,0.0,0.0,0.0,8.39,40.1,2
2026-09-13 15:40:42,0.0,31.53,48.49,8.39,0.0,0.0,0.0,0.0,0.0,8.39,40.1,2
2026-09-13 15:40:43,0.0,31.53,48.49,8.39,0.0,0.0,0.0,0.01,0.01,8.39,40.1,2
2026-09-13 15:40:44,0.0,31.53,48.49,8.39,0.0,0.0,0.0,0.0,0.01,8.39,40.1,2
2026-09-13 15:40:45,0.0,31.53,48.49,8.39,0.0,0.0,0.0,0.0,0.01,8.39,40.1,2
2026-09-13 15:40:46,0.0,31.53,48.49,8.39,0.0,0.0,0.0,0.0,0.01,8.39,40.1,2
2026-09-13 15:40:47,0.0,31.53,48.49,8.39,0.0,0.0,0.0,0.0,0.01,8.39,40.1,2
2026-09-13 15:40:48,0.0,31.53,48.49,8.39,0.0,0.0,0.0,0.0,0.01,8.39,40.1,2
2026-09-13 15:40:49,0.0,31.53,48.49,8.39,0.0,0.0,0.0,0.0,0.01,8.39,40.1,2
2026-09-13 15:40:50,0.0,31.69,55.66,3.22,0.0,0.0,0.0,2.17,0.02,13.8,41.86,3
2026-09-13 15:40:51,0.0,31.69,55.66,3.22,0.0,0.0,0.0,2.6,0.01,13.8,41.86,3
2026-09-13 15:40:52,0.0,31.53,48.49,8.39,0.0,0.0,0.0,2.34,0.02,8.39,40.1,2
2026-09-13 15:40:53,0.0,31.53,48.49,8.39,0.0,0.0,0.0,1.28,0.01,8.39,40.1,2
2026-09-13 15:40:54,0.0,31.53,48.49,8.39,0.0,0.0,0.0,0.0,0.01,8.39,40.1,2
2026-09-13 15:40:55,0.0,31.53,48.49,8.39,0.0,0.0,0.0,0.0,0.01,8.39,40.1,2
2026-09-13 15:40:56,0.0,31.69,55.66,3.22,0.0,0.0,0.0,10.34,0.07,13.8,41.86,3
2026-09-13 15:40:57,0.0,31.69,55.66,3.22,0.0,0.0,0.0,0.0,0.01,13.8,41.86,3
2026-09-13 15:40:58,0.0,31.71,55.66,3.26,0.0,0.0,0.0,0.0,0.01,13.8,41.86,3
2026-09-13 15:40:59,0.0,31.71,55.66,3.26,0.0,0.0,0.0,0.26,0.01,13.8,41.86,3
2026-09-13 15:41:00,0.0,31.71,55.66,3.26,0.0,0.0,0.0,0.0,0.0,13.8,41.86,3
2026-09-13 15:41:01,0.0,31.72,55.66,3.27,0.0,0.0,0.0,0.26,0.01,13.8,41.86,3
2026-09-13 15:41:02,0.0,31.68,55.66,3.27,0.0,0.0,0.0,0.0,0.01,13.8,41.86,3
2026-09-13 15:41:03,0.0,31.72,55.66,3.27,0.0,0.0,0.0,0.01,0.02,13.8,41.86,3
2026-09-13 15:41:04,0.0,31.72,55.66,3.27,0.0,0.0,0.0,1.55,0.02,13.8,41.86,3
2026-09-13 15:41:05,0.0,31.72,55.66,3.27,0.0,0.0,0.0,1.3,0.01,13.8,41.86,3
2026-09-13 15:41:06,0.0,31.72,55.66,3.27,0.0,0.0,0.0,1.3,0.01,13.8,41.86,3
2026-09-13 15:41:07,0.0,31.72,55.66,3.27,0.0,0.0,0.0,1.56,0.01,13.8,41.86,3
2026-09-13 15:41:08,0.0,31.72,55.66,3.27,0.0,0.0,0.0,1.3,0.01,13.8,41.86,3
2026-09-13 15:41:09,0.0,31.72,55.66,3.27,0.0,0.0,0.0,1.3,0.01,13.8,41.86,3
2026-09-13 15:41:10,0.0,31.72,55.66,3.27,0.0,0.0,0.0,1.56,0.01,13.8,41.86,3
2026-09-13 15:41:11,0.0,31.72,55.66,3.27,0.0,0.0,0.0,1.3,0.01,13.8,41.86,3
2026-09-13 15:41:12,0.0,31.72,55.66,3.27,0.0,0.0,0.0,1.56,0.01,13.8,41.86,3
2026-09-13 15:41:13,0.0,31.72,55.66,3.27,0.0,0.0,0.0,1.3,0.02,13.8,41.86,3
2026-09-13 15:41:14,0.0,31.72,55.66,3.27,0.0,0.0,0.0,1.3,0.01,13.8,41.86,3
2026-09-13 15:41:15,0.0,31.72,55.66,3.27,0.0,0.0,0.0,1.56,0.02,13.8,41.86,3
2026-09-13 15:41:16,0.0,31.72,55.66,3.27,0.0,0.0,0.0,1.3,0.01,13.8,41.86,3
2026-09-13 15:41:17,0.0,31.68,55.66,3.27,0.0,0.0,0.0,1.3,0.01,13.8,41.86,3
2026-09-13 15:41:18,0.0,31.72,55.66,3.27,0.0,0.0,0.0,1.56,0.02,13.8,41.86,3
2026-09-13 15:41:19,0.0,31.72,55.66,3.27,0.0,0.0,0.0,1.3,0.02,13.8,41.86,3
2026-09-13 15:41:20,0.0,31.72,55.66,3.27,0.0,0.0,0.0,1.3,0.02,13.8,41.86,3
2026-09-13 15:41:21,0.0,31.72,55.66,3.27,0.0,0.0,0.0,1.56,0.02,13.8,41.86,3
2026-09-13 15:41:22,0.0,31.72,55.66,3.27,0.0,0.0,0.0,1.3,0.01,13.8,41.86,3
2026-09-13 15:41:23,0.0,31.72,55.66,3.27,0.0,0.0,0.0,1.3,0.02,13.8,41.86,3
2026-09-13 15:41:24,0.0,31.83,55.66,3.49,0.0,0.0,0.0,1.56,0.02,13.8,41.86,3
2026-09-13 15:41:25,0.0,31.83,55.66,3.49,0.0,0.0,0.0,1.3,0.01,13.8,41.86,3
2026-09-13 15:41:26,0.0,31.83,55.66,3.49,0.0,0.0,0.0,1.3,0.01,13.8,41.86,3
2026-09-13 15:41:27,0.0,31.83,55.66,3.49,0.0,0.0,0.0,1.56,0.01,13.8,41.86,3
2026-09-13 15:41:28,0.0,31.83,55.66,3.49,0.0,0.0,0.0,1.3,0.01,13.8,41.86,3
2026-09-13 15:41:29,0.0,31.83,55.66,3.49,0.0,0.0,0.0,1.56,0.02,13.8,41.86,3
2026-09-13 15:41:30,0.0,31.83,55.66,3.49,0.0,0.0,0.0,1.3,0.01,13.8,41.86,3
2026-09-13 15:41:31,0.0,31.83,55.66,3.49,0.0,0.0,0.0,1.3,0.02,13.8,41.86,3
2026-09-13 15:41:32,0.0,31.8,55.66,3.49,0.0,0.0,0.0,1.56,0.02,13.8,41.86,3
2026-09-13 15:41:33,0.0,31.83,55.66,3.49,0.0,0.0,0.0,1.3,0.02,13.8,41.86,3
2026-09-13 15:41:34,0.0,31.83,55.66,3.49,0.0,0.0,0.0,1.3,0.02,13.8,41.86,3
2026-09-13 15:41:35,0.0,31.83,55.66,3.49,0.0,0.0,0.0,1.56,0.01,13.8,41.86,3
2026-09-13 15:41:36,0.0,31.83,55.66,3.49,0.0,0.0,0.0,1.3,0.01,13.8,41.86,3
2026-09-13 15:41:37,0.0,31.83,55.66,3.49,0.0,0.0,0.0,1.3,0.01,13.8,41.86,3
2026-09-13 15:41:38,0.0,31.83,55.66,3.49,0.0,0.0,0.0,1.56,0.02,13.8,41.86,3
2026-09-13 15:41:39,0.0,31.83,55.66,3.49,0.0,0.0,0.0,1.3,0.01,13.8,41.86,3
2026-09-13 15:41:40,0.0,31.83,55.66,3.49,0.0,0.0,0.0,1.3,0.01,13.8,41.86,3
2026-09-13 15:41:41,0.0,31.83,55.66,3.49,0.0,0.0,0.0,1.56,0.01,13.8,41.86,3
2026-09-13 15:41:42,0.0,31.83,55.66,3.49,0.0,0.0,0.0,1.3,0.02,13.8,41.86,3
2026-09-13 15:41:43,0.0,31.83,55.66,3.49,0.0,0.0,0.0,1.3,0.02,13.8,41.86,3
2026-09-13 15:41:44,1.0,31.83,55.66,3.49,0.0,0.0,0.0,1.56,0.02,13.8,41.86,3
2026-09-13 15:41:45,0.0,31.83,55.66,3.49,0.0,0.0,0.0,1.3,0.02,13.8,41.86,3
2026-09-13 15:41:46,0.0,31.83,55.66,3.49,0.0,0.0,0.0,1.31,0.02,13.8,41.86,3
2026-09-13 15:41:47,0.0,31.7,55.66,3.49,0.0,0.0,0.0,1.55,0.02,13.8,41.86,3
2026-09-13 15:41:48,0.0,31.83,55.66,3.49,0.0,0.0,0.0,1.3,0.02,13.8,41.86,3
2026-09-13 15:41:49,0.0,31.83,55.66,3.49,0.0,0.0,0.0,1.56,0.02,13.8,41.86,3
2026-09-13 15:41:50,0.0,31.83,55.66,3.49,0.0,0.0,0.0,1.3,0.02,13.8,41.86,3
2026-09-13 15:41:51,0.0,31.83,55.66,3.49,0.0,0.0,0.0,1.3,0.02,13.8,41.86,3
2026-09-13 15:41:52,0.0,31.83,55.66,3.49,0.0,0.0,0.0,1.56,0.01,13.8,41.86,3
2026-09-13 15:41:53,0.0,31.83,55.66,3.49,0.0,0.0,0.0,1.3,0.02,13.8,41.86,3
2026-09-13 15:41:54,0.0,31.83,55.66,3.49,0.0,0.0,0.0,1.3,0.02,13.8,41.86,3
2026-09-13 15:41:55,0.0,31.83,55.66,3.49,0.0,0.0,0.0,1.55,0.02,13.8,41.86,3
2026-09-13 15:41:56,0.0,31.83,55.66,3.49,0.0,0.0,0.0,1.31,0.02,13.8,41.86,3
2026-09-13 15:41:57,0.0,31.83,55.66,3.49,0.0,0.0,0.0,1.3,0.01,13.8,41.86,3
2026-09-13 15:41:58,0.0,31.83,55.66,3.49,0.0,0.0,0.0,1.56,0.01,13.8,41.86,3
2026-09-13 15:41:59,0.0,31.83,55.66,3.49,0.0,0.0,0.0,1.3,0.02,13.8,41.86,3
2026-09-13 15:42:00,0.0,31.83,55.66,3.49,0.0,0.0,0.0,1.3,0.01,13.8,41.86,3
2026-09-13 15:42:01,0.0,31.83,55.66,3.49,0.0,0.0,0.0,1.56,0.02,13.8,41.86,3
2026-09-13 15:42:02,0.0,31.7,55.66,3.49,0.0,0.0,0.0,1.3,0.01,13.8,41.86,3
2026-09-13 15:42:03,0.0,31.83,55.66,3.49,0.0,0.0,0.0,1.3,0.02,13.8,41.86,3
2026-09-13 15:42:04,0.0,31.83,55.66,3.49,0.0,0.0,0.0,1.56,0.02,13.8,41.86,3
2026-09-13 15:42:05,0.0,31.83,55.66,3.49,0.0,0.0,0.0,1.3,0.01,13.8,41.86,3
2026-09-13 15:42:06,0.0,31.83,55.66,3.49,0.0,0.0,0.0,1.3,0.01,13.8,41.86,3
2026-09-13 15:42:07,0.0,31.83,55.66,3.49,0.0,0.0,0.0,1.56,0.01,13.8,41.86,3
2026-09-13 15:42:08,0.0,31.83,55.66,3.49,0.0,0.0,0.0,1.3,0.01,13.8,41.86,3
2026-09-13 15:42:09,0.0,31.83,55.66,3.49,0.0,0.0,0.0,1.3,0.01,13.8,41.86,3
2026-09-13 15:42:10,0.0,31.83,55.66,3.49,0.0,0.0,0.0,1.56,0.01,13.8,41.86,3
2026-09-13 15:42:11,0.0,31.83,55.66,3.49,0.0,0.0,0.0,1.3,0.01,13.8,41.86,3
2026-09-13 15:42:12,0.0,31.83,55.66,3.49,0.0,0.0,0.0,1.56,0.01,13.8,41.86,3
2026-09-13 15:42:13,0.0,31.83,55.66,3.49,0.0,0.0,0.0,1.3,0.02,13.8,41.86,3
2026-09-13 15:42:14,0.0,31.83,55.66,3.49,0.0,0.0,0.0,1.3,0.01,13.8,41.86,3
2026-09-13 15:42:15,0.0,31.83,55.66,3.49,0.0,0.0,0.0,1.56,0.02,13.8,41.86,3
2026-09-13 15:42:16,0.0,31.83,55.66,3.49,0.0,0.0,0.0,1.3,0.01,13.8,41.86,3
2026-09-13 15:42:17,0.0,31.83,55.66,3.49,0.0,0.0,0.0,1.3,0.01,13.8,41.86,3
2026-09-13 15:42:18,0.0,31.83,55.66,3.49,0.0,0.0,0.0,1.56,0.02,13.8,41.86,3
2026-09-13 15:42:19,1.0,31.83,55.66,3.49,0.0,0.0,0.0,1.3,0.02,13.8,41.86,3
2026-09-13 15:42:20,0.0,31.83,55.66,3.49,0.0,0.0,0.0,1.3,0.01,13.8,41.86,3
2026-09-13 15:42:21,0.0,31.83,55.66,3.49,0.0,0.0,0.0,1.55,0.02,13.8,41.86,3
2026-09-13 15:42:22,0.0,31.83,55.66,3.49,0.0,0.0,0.0,1.3,0.01,13.8,41.86,3
2026-09-13 15:42:24,0.0,31.83,55.66,3.49,0.0,0.0,0.0,1.31,0.02,13.8,41.86,3
2026-09-13 15:42:25,0.0,31.83,55.66,3.49,0.0,0.0,0.0,1.55,0.01,13.8,41.86,3
2026-09-13 15:42:26,0.0,31.83,55.66,3.49,0.0,0.0,0.0,1.31,0.02,13.8,41.86,3
2026-09-13 15:42:27,0.0,31.83,55.66,3.49,0.0,0.0,0.0,1.3,0.01,13.8,41.86,3
2026-09-13 15:42:28,0.0,31.83,55.66,3.49,0.0,0.0,0.0,1.56,0.01,13.8,41.86,3
2026-09-13 15:42:29,0.0,31.83,55.66,3.49,0.0,0.0,0.0,1.3,0.01,13.8,41.86,3
2026-09-13 15:42:30,0.0,31.83,55.66,3.49,0.0,0.0,0.0,1.56,0.02,13.8,41.86,3
2026-09-13 15:42:31,0.0,31.83,55.66,3.49,0.0,0.0,0.0,1.3,0.01,13.8,41.86,3
2026-09-13 15:42:32,0.0,31.83,55.66,3.49,0.0,0.0,0.0,1.3,0.02,13.8,41.86,3
2026-09-13 15:42:33,0.0,31.83,55.66,3.49,0.0,0.0,0.0,1.56,0.02,13.8,41.86,3
2026-09-13 15:42:34,0.0,31.83,55.66,3.49,0.0,0.0,0.0,1.3,0.03,13.8,41.86,3
2026-09-13 15:42:35,0.0,31.83,55.66,3.49,0.0,0.0,0.0,1.3,0.02,13.8,41.86,3
2026-09-13 15:42:36,0.0,31.83,55.66,3.49,0.0,0.0,0.0,1.56,0.01,13.8,41.86,3
2026-09-13 15:42:37,0.0,31.83,55.66,3.49,0.0,0.0,0.0,1.3,0.01,13.8,41.86,3
2026-09-13 15:42:38,0.0,31.83,55.66,3.49,0.0,0.0,0.0,1.3,0.01,13.8,41.86,3
2026-09-13 15:42:39,0.0,31.83,55.66,3.49,0.0,0.0,0.0,1.56,0.02,13.8,41.86,3
2026-09-13 15:42:40,0.0,31.83,55.66,3.49,0.0,0.0,0.0,1.3,0.01,13.8,41.86,3
2026-09-13 15:42:41,0.0,31.83,55.66,3.49,0.0,0.0,0.0,1.3,0.01,13.8,41.86,3
2026-09-13 15:42:42,0.0,31.83,55.66,3.49,0.0,0.0,0.0,1.56,0.01,13.8,41.86,3
2026-09-13 15:42:43,0.0,31.83,55.66,3.49,0.0,0.0,0.0,1.3,0.01,13.8,41.86,3
2026-09-13 15:42:44,0.0,31.83,55.66,3.49,0.0,0.0,0.0,1.31,0.02,13.8,41.86,3
2026-09-13 15:42:45,0.0,31.83,55.66,3.49,0.0,0.0,0.0,1.54,0.02,13.8,41.86,3
2026-09-13 15:42:46,0.0,31.83,55.66,3.49,0.0,0.0,0.0,1.3,0.02,13.8,41.86,3
2026-09-13 15:42:47,0.0,31.83,55.66,3.49,0.0,0.0,0.0,1.56,0.01,13.8,41.86,3
2026-09-13 15:42:48,0.0,31.83,55.66,3.49,0.0,0.0,0.0,1.3,0.02,13.8,41.86,3
2026-09-13 15:42:49,0.0,31.83,55.66,3.49,0.0,0.0,0.0,1.3,0.02,13.8,41.86,3
2026-09-13 15:42:50,0.0,31.83,55.66,3.49,0.0,0.0,0.0,1.56,0.02,13.8,41.86,3
2026-09-13 15:42:51,0.0,31.83,55.66,3.49,0.0,0.0,0.0,1.3,0.02,13.8,41.86,3
2026-09-13 15:42:52,0.0,31.83,55.66,3.49,0.0,0.0,0.0,1.3,0.02,13.8,41.86,3
2026-09-13 15:42:53,0.0,31.83,55.66,3.49,0.0,0.0,0.0,1.56,0.01,13.8,41.86,3
2026-09-13 15:42:54,0.0,31.83,55.66,3.49,0.0,0.0,0.0,1.3,0.01,13.8,41.86,3
2026-09-13 15:42:55,0.0,31.83,55.66,3.49,0.0,0.0,0.0,1.3,0.01,13.8,41.86,3
2026-09-13 15:42:56,0.0,31.83,55.66,3.49,0.0,0.0,0.0,1.56,0.02,13.8,41.86,3
2026-09-13 15:42:57,0.0,31.83,55.66,3.49,0.0,0.0,0.0,1.3,0.01,13.8,41.86,3
2026-09-13 15:42:58,0.0,31.83,55.66,3.49,0.0,0.0,0.0,1.3,0.02,13.8,41.86,3
2026-09-13 15:42:59,0.0,31.83,55.66,3.49,0.0,0.0,0.0,1.56,0.02,13.8,41.86,3
2026-09-13 15:43:00,0.0,31.83,55.66,3.49,0.0,0.0,0.0,1.3,0.01,13.8,41.86,3
2026-09-13 15:43:01,0.0,31.83,55.66,3.49,0.0,0.0,0.0,1.56,0.02,13.8,41.86,3
2026-09-13 15:43:02,0.0,31.83,55.66,3.49,0.0,0.0,0.0,1.3,0.01,13.8,41.86,3
2026-09-13 15:43:03,0.0,31.83,55.66,3.49,0.0,0.0,0.0,1.3,0.02,13.8,41.86,3
2026-09-13 15:43:04,0.0,31.83,55.66,3.49,0.0,0.0,0.0,1.56,0.02,13.8,41.86,3
2026-09-13 15:43:05,0.0,31.83,55.66,3.49,0.0,0.0,0.0,1.3,0.01,13.8,41.86,3
2026-09-13 15:43:06,0.0,31.83,55.66,3.49,0.0,0.0,0.0,1.3,0.01,13.8,41.86,3
2026-09-13 15:43:07,0.0,31.83,55.66,3.49,0.0,0.0,0.0,1.55,0.02,13.8,41.86,3
2026-09-13 15:43:08,0.0,31.83,55.66,3.49,0.0,0.0,0.0,1.3,0.02,13.8,41.86,3
2026-09-13 15:43:09,0.0,31.83,55.66,3.49,0.0,0.0,0.0,1.3,0.01,13.8,41.86,3
2026-09-13 15:43:10,0.0,31.83,55.66,3.49,0.0,0.0,0.0,1.56,0.01,13.8,41.86,3
2026-09-13 15:43:11,0.0,31.83,55.66,3.49,0.0,0.0,0.0,1.3,0.01,13.8,41.86,3
2026-09-13 15:43:12,0.0,31.83,55.66,3.49,0.0,0.0,0.0,1.3,0.01,13.8,41.86,3
2026-09-13 15:43:13,0.0,31.83,55.66,3.49,0.0,0.0,0.0,1.56,0.01,13.8,41.86,3
2026-09-13 15:43:14,0.0,31.83,55.66,3.49,0.0,0.0,0.0,1.3,0.01,13.8,41.86,3
2026-09-13 15:43:15,0.0,31.83,55.66,3.49,0.0,0.0,0.0,1.3,0.02,13.8,41.86,3
2026-09-13 15:43:16,1.0,31.83,55.66,3.49,0.0,0.0,0.0,1.56,0.01,13.8,41.86,3
2026-09-13 15:43:17,0.0,31.81,55.66,3.49,0.0,0.0,0.0,1.3,0.01,13.8,41.86,3
2026-09-13 15:43:18,0.0,31.83,55.66,3.49,0.0,0.0,0.0,1.56,0.01,13.8,41.86,3
2026-09-13 15:43:19,0.0,31.83,55.66,3.49,0.0,0.0,0.0,1.31,0.02,13.8,41.86,3
2026-09-13 15:43:20,0.0,31.83,55.66,3.49,0.0,0.0,0.0,1.3,0.01,13.8,41.86,3
2026-09-13 15:43:21,0.0,31.83,55.66,3.49,0.0,0.0,0.0,1.31,0.02,13.8,41.86,3
2026-09-13 15:43:22,0.0,31.83,55.66,3.49,0.0,0.0,0.0,1.55,0.01,13.8,41.86,3
2026-09-13 15:43:23,0.0,31.83,55.66,3.49,0.0,0.0,0.0,1.3,0.02,13.8,41.86,3
2026-09-13 15:43:24,0.0,31.83,55.66,3.49,0.0,0.0,0.0,1.56,0.02,13.8,41.86,3
2026-09-13 15:43:25,0.0,31.83,55.66,3.49,0.0,0.0,0.0,1.3,0.01,13.8,41.86,3
2026-09-13 15:43:26,0.0,31.83,55.66,3.49,0.0,0.0,0.0,1.3,0.01,13.8,41.86,3
2026-09-13 15:43:27,0.0,31.83,55.66,3.49,0.0,0.0,0.0,1.56,0.01,13.8,41.86,3
2026-09-13 15:43:28,0.0,31.83,55.66,3.49,0.0,0.0,0.0,1.3,0.01,13.8,41.86,3
2026-09-13 15:43:29,0.0,31.83,55.66,3.49,0.0,0.0,0.0,1.3,0.02,13.8,41.86,3
2026-09-13 15:43:30,0.0,31.83,55.66,3.49,0.0,0.0,0.0,1.56,0.01,13.8,41.86,3
2026-09-13 15:43:31,0.0,31.83,55.66,3.49,0.0,0.0,0.0,1.3,0.01,13.8,41.86,3
2026-09-13 15:43:32,0.0,31.83,55.66,3.49,0.0,0.0,0.0,1.3,0.02,13.8,41.86,3
2026-09-13 15:43:33,0.0,31.83,55.66,3.49,0.0,0.0,0.0,1.56,0.02,13.8,41.86,3
2026-09-13 15:43:34,0.0,31.83,55.66,3.49,0.0,0.0,0.0,1.3,0.02,13.8,41.86,3
2026-09-13 15:43:35,0.0,31.83,55.66,3.49,0.0,0.0,0.0,1.56,0.01,13.8,41.86,3
2026-09-13 15:43:36,0.0,31.83,55.66,3.49,0.0,0.0,0.0,1.3,0.01,13.8,41.86,3
2026-09-13 15:43:37,0.0,31.83,55.66,3.49,0.0,0.0,0.0,1.3,0.01,13.8,41.86,3
2026-09-13 15:43:38,0.0,31.83,55.66,3.49,0.0,0.0,0.0,1.31,0.02,13.8,41.86,3
2026-09-13 15:43:39,0.0,31.83,55.66,3.49,0.0,0.0,0.0,1.55,0.02,13.8,41.86,3
2026-09-13 15:43:40,0.0,31.83,55.66,3.49,0.0,0.0,0.0,1.3,0.01,13.8,41.86,3
2026-09-13 15:43:41,0.0,31.83,55.66,3.49,0.0,0.0,0.0,1.56,0.01,13.8,41.86,3
2026-09-13 15:43:42,0.0,31.83,55.66,3.49,0.0,0.0,0.0,1.3,0.01,13.8,41.86,3
2026-09-13 15:43:43,1.0,31.83,55.66,3.49,0.0,0.0,0.0,1.3,0.02,13.8,41.86,3
2026-09-13 15:43:44,0.0,31.83,55.66,3.49,0.0,0.0,0.0,1.56,0.02,13.8,41.86,3
2026-09-13 15:43:45,0.0,31.83,55.66,3.49,0.0,0.0,0.0,1.3,0.02,13.8,41.86,3
2026-09-13 15:43:46,0.0,31.83,55.66,3.49,0.0,0.0,0.0,1.3,0.02,13.8,41.86,3
2026-09-13 15:43:47,0.0,31.83,55.66,3.49,0.0,0.0,0.0,1.56,0.02,13.8,41.86,3
2026-09-13 15:43:48,0.0,31.83,55.66,3.49,0.0,0.0,0.0,1.3,0.01,13.8,41.86,3
2026-09-13 15:43:49,0.0,31.83,55.66,3.49,0.0,0.0,0.0,1.3,0.02,13.8,41.86,3
2026-09-13 15:43:50,1.0,31.83,55.66,3.49,0.0,0.0,0.0,1.56,0.02,13.8,41.86,3
2026-09-13 15:43:51,0.0,31.83,55.66,3.49,0.0,0.0,0.0,1.3,0.02,13.8,41.86,3
2026-09-13 15:43:52,0.0,31.83,55.66,3.49,0.0,0.0,0.0,1.3,0.01,13.8,41.86,3
2026-09-13 15:43:53,0.0,31.83,55.66,3.49,0.0,0.0,0.0,1.56,0.01,13.8,41.86,3
2026-09-13 15:43:54,0.0,31.83,55.66,3.49,0.0,0.0,0.0,1.3,0.02,13.8,41.86,3
2026-09-13 15:43:55,0.0,31.83,55.66,3.49,0.0,0.0,0.0,1.31,0.02,13.8,41.86,3
2026-09-13 15:43:56,0.0,31.83,55.66,3.49,0.0,0.0,0.0,1.55,0.01,13.8,41.86,3
2026-09-13 15:43:57,0.0,31.83,55.66,3.49,0.0,0.0,0.0,1.3,0.01,13.8,41.86,3
2026-09-13 15:43:58,0.0,31.83,55.66,3.49,0.0,0.0,0.0,1.56,0.02,13.8,41.86,3
2026-09-13 15:43:59,0.0,31.83,55.66,3.49,0.0,0.0,0.0,1.3,0.02,13.8,41.86,3
2026-09-13 15:44:00,0.0,31.83,55.66,3.49,0.0,0.0,0.0,1.3,0.01,13.8,41.86,3
2026-09-13 15:44:01,0.0,31.83,55.66,3.49,0.0,0.0,0.0,1.56,0.02,13.8,41.86,3
2026-09-13 15:44:02,0.0,31.83,55.66,3.49,0.0,0.0,0.0,1.3,0.01,13.8,41.86,3
2026-09-13 15:44:03,0.0,31.83,55.66,3.49,0.0,0.0,0.0,1.3,0.02,13.8,41.86,3
2026-09-13 15:44:04,0.0,31.83,55.66,3.49,0.0,0.0,0.0,1.56,0.02,13.8,41.86,3
2026-09-13 15:44:05,0.0,31.83,55.66,3.49,0.0,0.0,0.0,1.3,0.01,13.8,41.86,3
2026-09-13 15:44:06,0.0,31.83,55.66,3.49,0.0,0.0,0.0,1.3,0.01,13.8,41.86,3
2026-09-13 15:44:07,0.0,31.83,55.66,3.49,0.0,0.0,0.0,1.56,0.01,13.8,41.86,3
2026-09-13 15:44:08,0.0,31.83,55.66,3.49,0.0,0.0,0.0,1.3,0.01,13.8,41.86,3
2026-09-13 15:44:09,0.0,31.83,55.66,3.49,0.0,0.0,0.0,1.56,0.01,13.8,41.86,3
2026-09-13 15:44:10,0.0,31.83,55.66,3.49,0.0,0.0,0.0,1.3,0.01,13.8,41.86,3
2026-09-13 15:44:11,0.0,31.83,55.66,3.49,0.0,0.0,0.0,1.3,0.01,13.8,41.86,3
2026-09-13 15:44:12,0.0,31.83,55.66,3.49,0.0,0.0,0.0,1.31,0.01,13.8,41.86,3
2026-09-13 15:44:13,0.0,31.83,55.66,3.49,0.0,0.0,0.0,1.54,0.02,13.8,41.86,3
2026-09-13 15:44:14,0.0,31.83,55.66,3.49,0.0,0.0,0.0,1.3,0.01,13.8,41.86,3
2026-09-13 15:44:15,0.0,31.83,55.66,3.49,0.0,0.0,0.0,1.56,0.02,13.8,41.86,3
2026-09-13 15:44:16,0.0,31.83,55.66,3.49,0.0,0.0,0.0,1.3,0.01,13.8,41.86,3
2026-09-13 15:44:18,0.0,31.83,55.66,3.49,0.0,0.0,0.0,1.3,0.01,13.8,41.86,3
2026-09-13 15:44:19,0.0,31.83,55.66,3.49,0.0,0.0,0.0,1.56,0.02,13.8,41.86,3
2026-09-13 15:44:20,0.0,31.83,55.66,3.49,0.0,0.0,0.0,1.3,0.03,13.8,41.86,3
2026-09-13 15:44:21,0.0,31.83,55.66,3.49,0.0,0.0,0.0,1.3,0.02,13.8,41.86,3
2026-09-13 15:44:22,0.0,31.83,55.66,3.49,0.0,0.0,0.0,1.55,0.02,13.8,41.86,3
2026-09-13 15:44:23,0.0,31.83,55.66,3.49,0.0,0.0,0.0,1.3,0.01,13.8,41.86,3
2026-09-13 15:44:24,0.0,31.83,55.66,3.49,0.0,0.0,0.0,1.3,0.01,13.8,41.86,3
2026-09-13 15:44:25,0.0,31.83,55.66,3.49,0.0,0.0,0.0,1.56,0.01,13.8,41.86,3
2026-09-13 15:44:26,0.0,31.83,55.66,3.49,0.0,0.0,0.0,1.3,0.02,13.8,41.86,3
2026-09-13 15:44:27,0.0,31.83,55.66,3.49,0.0,0.0,0.0,1.32,0.01,13.8,41.86,3
2026-09-13 15:44:28,0.0,31.83,55.66,3.49,0.0,0.0,0.0,1.54,0.01,13.8,41.86,3
2026-09-13 15:44:29,0.0,31.83,55.66,3.49,0.0,0.0,0.0,1.3,0.01,13.8,41.86,3
2026-09-13 15:44:30,0.0,31.83,55.66,3.49,0.0,0.0,0.0,1.31,0.01,13.8,41.86,3
2026-09-13 15:44:31,0.0,31.83,55.66,3.49,0.0,0.0,0.0,1.54,0.01,13.8,41.86,3
2026-09-13 15:44:32,0.0,31.83,55.66,3.49,0.0,0.0,0.0,1.3,0.02,13.8,41.86,3
2026-09-13 15:44:33,0.0,31.83,55.66,3.49,0.0,0.0,0.0,1.56,0.02,13.8,41.86,3
2026-09-13 15:44:34,0.0,31.83,55.66,3.49,0.0,0.0,0.0,1.3,0.02,13.8,41.86,3
2026-09-13 15:44:35,0.0,31.88,55.66,3.59,0.0,0.0,0.0,1.3,0.02,13.8,41.86,3
2026-09-13 15:44:36,0.0,31.88,55.66,3.59,0.0,0.0,0.0,1.56,0.01,13.8,41.86,3
2026-09-13 15:44:37,0.0,31.88,55.66,3.59,0.0,0.0,0.0,1.3,0.01,13.8,41.86,3
2026-09-13 15:44:38,0.0,31.88,55.66,3.59,0.0,0.0,0.0,1.3,0.01,13.8,41.86,3
2026-09-13 15:44:39,0.0,31.88,55.66,3.59,0.0,0.0,0.0,1.56,0.02,13.8,41.86,3
2026-09-13 15:44:40,0.0,31.88,55.66,3.59,0.0,0.0,0.0,1.3,0.01,13.8,41.86,3
2026-09-13 15:44:41,0.0,31.88,55.66,3.59,0.0,0.0,0.0,1.31,0.01,13.8,41.86,3
2026-09-13 15:44:42,0.0,31.88,55.66,3.59,0.0,0.0,0.0,1.54,0.01,13.8,41.86,3
2026-09-13 15:44:43,0.0,31.88,55.66,3.59,0.0,0.0,0.0,1.3,0.01,13.8,41.86,3
2026-09-13 15:44:44,0.0,31.88,55.66,3.59,0.0,0.0,0.0,1.56,0.02,13.8,41.86,3
2026-09-13 15:44:45,0.0,31.88,55.66,3.59,0.0,0.0,0.0,1.3,0.02,13.8,41.86,3
2026-09-13 15:44:46,0.0,31.88,55.66,3.59,0.0,0.0,0.0,1.3,0.02,13.8,41.86,3
2026-09-13 15:44:47,0.0,31.88,55.66,3.59,0.0,0.0,0.0,1.56,0.02,13.8,41.86,3
2026-09-13 15:44:48,0.0,31.88,55.66,3.59,0.0,0.0,0.0,1.3,0.02,13.8,41.86,3
2026-09-13 15:44:49,0.0,31.88,55.66,3.59,0.0,0.0,0.0,1.3,0.02,13.8,41.86,3
2026-09-13 15:44:50,0.0,31.88,55.66,3.59,0.0,0.0,0.0,1.56,0.02,13.8,41.86,3
2026-09-13 15:44:51,0.0,31.88,55.66,3.59,0.0,0.0,0.0,1.3,0.02,13.8,41.86,3
2026-09-13 15:44:52,0.0,31.88,55.66,3.59,0.0,0.0,0.0,1.3,0.01,13.8,41.86,3
2026-09-13 15:44:53,0.0,31.88,55.66,3.59,0.0,0.0,0.0,1.56,0.02,13.8,41.86,3
2026-09-13 15:44:54,0.0,31.88,55.66,3.59,0.0,0.0,0.0,1.3,0.01,13.8,41.86,3
2026-09-13 15:44:55,0.0,31.88,55.66,3.59,0.0,0.0,0.0,1.31,0.02,13.8,41.86,3
2026-09-13 15:44:56,0.0,31.88,55.66,3.59,0.0,0.0,0.0,1.54,0.02,13.8,41.86,3
2026-09-13 15:44:57,0.0,31.88,55.66,3.59,0.0,0.0,0.0,1.3,0.01,13.8,41.86,3
2026-09-13 15:44:58,0.0,31.88,55.66,3.59,0.0,0.0,0.0,1.3,0.02,13.8,41.86,3
2026-09-13 15:44:59,0.0,31.88,55.66,3.59,0.0,0.0,0.0,1.56,0.02,13.8,41.86,3
2026-09-13 15:45:00,0.0,31.88,55.66,3.59,0.0,0.0,0.0,1.3,0.01,13.8,41.86,3
2026-09-13 15:45:01,0.0,31.88,55.66,3.59,0.0,0.0,0.0,1.31,0.01,13.8,41.86,3
2026-09-13 15:45:02,0.0,31.88,55.66,3.59,0.0,0.0,0.0,1.55,0.01,13.8,41.86,3
2026-09-13 15:45:03,0.0,31.88,55.66,3.59,0.0,0.0,0.0,1.3,0.03,13.8,41.86,3
2026-09-13 15:45:04,0.0,31.88,55.66,3.59,0.0,0.0,0.0,1.31,0.01,13.8,41.86,3
2026-09-13 15:45:05,0.0,31.88,55.66,3.59,0.0,0.0,0.0,1.55,0.02,13.8,41.86,3
2026-09-13 15:45:06,0.0,31.88,55.66,3.59,0.0,0.0,0.0,1.3,0.01,13.8,41.86,3
2026-09-13 15:45:07,1.0,31.88,55.66,3.59,0.0,0.0,0.0,1.56,0.01,13.8,41.86,3
2026-09-13 15:45:08,0.0,31.88,55.66,3.59,0.0,0.0,0.0,1.3,0.01,13.8,41.86,3
2026-09-13 15:45:09,0.0,31.88,55.66,3.59,0.0,0.0,0.0,1.3,0.01,13.8,41.86,3
2026-09-13 15:45:10,0.0,31.88,55.66,3.59,0.0,0.0,0.0,1.56,0.01,13.8,41.86,3
2026-09-13 15:45:11,0.0,31.88,55.66,3.59,0.0,0.0,0.0,1.3,0.01,13.8,41.86,3
2026-09-13 15:45:12,0.0,31.88,55.66,3.59,0.0,0.0,0.0,1.31,0.01,13.8,41.86,3
2026-09-13 15:45:13,0.0,31.88,55.66,3.59,0.0,0.0,0.0,1.54,0.01,13.8,41.86,3
2026-09-13 15:45:14,0.0,31.88,55.66,3.59,0.0,0.0,0.0,1.3,0.01,13.8,41.86,3
2026-09-13 15:45:15,0.0,31.88,55.66,3.59,0.0,0.0,0.0,1.3,0.02,13.8,41.86,3
2026-09-13 15:45:16,0.0,31.88,55.66,3.59,0.0,0.0,0.0,1.56,0.02,13.8,41.86,3
2026-09-13 15:45:17,0.0,31.88,55.66,3.59,0.0,0.0,0.0,1.3,0.01,13.8,41.86,3
2026-09-13 15:45:18,0.0,31.88,55.66,3.59,0.0,0.0,0.0,1.56,0.02,13.8,41.86,3
2026-09-13 15:45:19,0.0,31.88,55.66,3.59,0.0,0.0,0.0,1.3,0.02,13.8,41.86,3
2026-09-13 15:45:20,0.0,31.88,55.66,3.59,0.0,0.0,0.0,1.3,0.02,13.8,41.86,3
2026-09-13 15:45:21,0.0,31.88,55.66,3.59,0.0,0.0,0.0,1.56,0.02,13.8,41.86,3
2026-09-13 15:45:22,0.0,31.88,55.66,3.59,0.0,0.0,0.0,1.3,0.01,13.8,41.86,3
2026-09-13 15:45:23,0.0,31.88,55.66,3.59,0.0,0.0,0.0,1.3,0.02,13.8,41.86,3
2026-09-13 15:45:24,0.0,31.88,55.66,3.59,0.0,0.0,0.0,1.56,0.02,13.8,41.86,3
2026-09-13 15:45:25,0.0,31.88,55.66,3.59,0.0,0.0,0.0,1.3,0.01,13.8,41.86,3
2026-09-13 15:45:26,0.0,31.88,55.66,3.59,0.0,0.0,0.0,1.3,0.01,13.8,41.86,3
2026-09-13 15:45:27,0.0,31.88,55.66,3.59,0.0,0.0,0.0,1.56,0.01,13.8,41.86,3
2026-09-13 15:45:28,0.0,31.88,55.66,3.59,0.0,0.0,0.0,1.3,0.01,13.8,41.86,3
2026-09-13 15:45:29,0.0,31.88,55.66,3.59,0.0,0.0,0.0,1.3,0.01,13.8,41.86,3
2026-09-13 15:45:30,0.0,31.88,55.66,3.59,0.0,0.0,0.0,1.56,0.01,13.8,41.86,3
2026-09-13 15:45:31,0.0,31.88,55.66,3.59,0.0,0.0,0.0,1.3,0.02,13.8,41.86,3
2026-09-13 15:45:32,0.0,31.88,55.66,3.59,0.0,0.0,0.0,1.31,0.02,13.8,41.86,3
2026-09-13 15:45:33,0.0,31.88,55.66,3.59,0.0,0.0,0.0,1.55,0.03,13.8,41.86,3
2026-09-13 15:45:34,0.0,31.88,55.66,3.59,0.0,0.0,0.0,1.3,0.02,13.8,41.86,3
2026-09-13 15:45:35,0.0,31.88,55.66,3.59,0.0,0.0,0.0,1.56,0.02,13.8,41.86,3
2026-09-13 15:45:36,0.0,31.88,55.66,3.59,0.0,0.0,0.0,1.3,0.01,13.8,41.86,3
2026-09-13 15:45:37,0.0,31.88,55.66,3.59,0.0,0.0,0.0,1.3,0.01,13.8,41.86,3
2026-09-13 15:45:38,0.0,31.88,55.66,3.59,0.0,0.0,0.0,1.56,0.02,13.8,41.86,3
2026-09-13 15:45:39,0.0,31.88,55.66,3.59,0.0,0.0,0.0,1.3,0.01,13.8,41.86,3
2026-09-13 15:45:40,0.0,31.88,55.66,3.59,0.0,0.0,0.0,1.3,0.01,13.8,41.86,3
2026-09-13 15:45:41,0.0,31.88,55.66,3.59,0.0,0.0,0.0,1.56,0.01,13.8,41.86,3
2026-09-13 15:45:42,0.0,31.88,55.66,3.59,0.0,0.0,0.0,1.3,0.01,13.8,41.86,3
2026-09-13 15:45:43,0.0,31.88,55.66,3.59,0.0,0.0,0.0,1.3,0.02,13.8,41.86,3
2026-09-13 15:45:44,0.0,31.88,55.66,3.59,0.0,0.0,0.0,1.56,0.02,13.8,41.86,3
2026-09-13 15:45:45,0.0,31.88,55.66,3.59,0.0,0.0,0.0,1.3,0.02,13.8,41.86,3
2026-09-13 15:45:46,0.0,31.88,55.66,3.59,0.0,0.0,0.0,1.31,0.02,13.8,41.86,3
2026-09-13 15:45:47,0.0,31.85,55.66,3.59,0.0,0.0,0.0,1.55,0.02,13.8,41.86,3
2026-09-13 15:45:48,0.0,31.88,55.66,3.59,0.0,0.0,0.0,1.33,0.02,13.8,41.86,3
2026-09-13 15:45:49,0.0,31.88,55.66,3.59,0.0,0.0,0.0,1.3,0.02,13.8,41.86,3
2026-09-13 15:45:50,0.0,31.88,55.66,3.59,0.0,0.0,0.0,1.56,0.02,13.8,41.86,3
2026-09-13 15:45:51,0.0,31.88,55.66,3.59,0.0,0.0,0.0,1.3,0.02,13.8,41.86,3
2026-09-13 15:45:52,0.0,31.88,55.66,3.59,0.0,0.0,0.0,1.3,0.02,13.8,41.86,3
2026-09-13 15:45:53,0.0,31.88,55.66,3.59,0.0,0.0,0.0,1.56,0.01,13.8,41.86,3
2026-09-13 15:45:54,0.0,31.88,55.66,3.59,0.0,0.0,0.0,1.3,0.02,13.8,41.86,3
2026-09-13 15:45:55,1.0,32.45,70.0,3.91,0.0,0.0,0.0,3.05,0.03,24.62,45.37,5
2026-09-13 15:45:56,0.0,32.45,70.0,3.91,0.0,0.0,0.0,4.66,0.03,24.62,45.37,5
2026-09-13 15:45:57,0.0,32.45,70.0,3.91,0.0,0.0,0.0,4.41,0.03,24.62,45.37,5
2026-09-13 15:45:58,0.0,32.45,70.0,3.91,0.0,0.0,0.0,4.67,0.03,24.62,45.37,5
2026-09-13 15:45:59,0.0,32.3,62.83,3.92,0.0,0.0,0.0,4.42,0.03,19.21,43.61,4
2026-09-13 15:46:00,0.0,32.3,62.83,3.93,0.0,0.0,0.0,3.0,0.02,19.21,43.61,4
2026-09-13 15:46:01,0.0,32.3,62.83,3.93,0.0,0.0,0.0,3.12,0.02,19.21,43.61,4
2026-09-13 15:46:02,0.0,32.3,62.83,3.93,0.0,0.0,0.0,3.08,0.02,19.21,43.61,4
2026-09-13 15:46:03,0.0,32.3,62.83,3.93,0.0,0.0,0.0,2.9,0.03,19.21,43.61,4
2026-09-13 15:46:04,0.0,32.3,62.83,3.93,0.0,0.0,0.0,3.11,0.02,19.21,43.61,4
2026-09-13 15:46:05,0.0,32.3,62.83,3.93,0.0,0.0,0.0,2.87,0.02,19.21,43.61,4
2026-09-13 15:46:06,0.0,32.3,62.83,3.93,0.0,0.0,0.0,2.86,0.02,19.21,43.61,4
2026-09-13 15:46:07,0.0,32.3,62.83,3.93,0.0,0.0,0.0,3.12,0.02,19.21,43.61,4
2026-09-13 15:46:08,0.0,32.3,62.83,3.93,0.0,0.0,0.0,2.86,0.02,19.21,43.61,4
2026-09-13 15:46:09,0.0,32.3,62.83,3.93,0.0,0.0,0.0,2.87,0.02,19.21,43.61,4
2026-09-13 15:46:11,0.0,32.3,62.83,3.93,0.0,0.0,0.0,3.1,0.02,19.21,43.61,4
2026-09-13 15:46:12,0.0,32.3,62.83,3.93,0.0,0.0,0.0,2.86,0.02,19.21,43.61,4
2026-09-13 15:46:13,0.0,32.3,62.83,3.93,0.0,0.0,0.0,3.12,0.02,19.21,43.61,4
2026-09-13 15:46:14,0.0,32.3,62.83,3.93,0.0,0.0,0.0,2.86,0.02,19.21,43.61,4
2026-09-13 15:46:15,0.0,32.3,62.83,3.93,0.0,0.0,0.0,2.86,0.02,19.21,43.61,4
2026-09-13 15:46:16,0.0,32.32,62.83,3.96,0.0,0.0,0.0,3.12,0.03,19.21,43.61,4
2026-09-13 15:46:17,0.0,32.32,62.83,3.96,0.0,0.0,0.0,2.86,0.02,19.21,43.61,4
2026-09-13 15:46:18,0.0,32.32,62.83,3.96,0.0,0.0,0.0,2.86,0.02,19.21,43.61,4
2026-09-13 15:46:19,0.0,32.32,62.83,3.96,0.0,0.0,0.0,3.12,0.02,19.21,43.61,4
2026-09-13 15:46:20,0.0,32.32,62.83,3.96,0.0,0.0,0.0,2.86,0.03,19.21,43.61,4
2026-09-13 15:46:21,0.0,32.32,62.83,3.96,0.0,0.0,0.0,3.12,0.03,19.21,43.61,4
2026-09-13 15:46:22,0.0,32.32,62.83,3.96,0.0,0.0,0.0,3.12,0.03,19.21,43.61,4
2026-09-13 15:46:23,0.0,32.32,62.83,3.96,0.0,0.0,0.0,2.86,0.02,19.21,43.61,4
2026-09-13 15:46:24,0.0,32.32,62.83,3.96,0.0,0.0,0.0,2.86,0.02,19.21,43.61,4
2026-09-13 15:46:25,0.0,32.32,62.83,3.96,0.0,0.0,0.0,3.12,0.02,19.21,43.61,4
2026-09-13 15:46:26,0.0,32.32,62.83,3.96,0.0,0.0,0.0,2.86,0.02,19.21,43.61,4
2026-09-13 15:46:27,0.0,32.32,62.83,3.96,0.0,0.0,0.0,2.86,0.02,19.21,43.61,4
2026-09-13 15:46:28,0.0,32.32,62.83,3.96,0.0,0.0,0.0,3.12,0.02,19.21,43.61,4
2026-09-13 15:46:29,1.0,32.32,62.83,3.96,0.0,0.0,0.0,2.86,0.02,19.21,43.61,4
2026-09-13 15:46:30,0.0,32.32,62.83,3.96,0.0,0.0,0.0,2.86,0.02,19.21,43.61,4
2026-09-13 15:46:31,0.0,32.32,62.83,3.96,0.0,0.0,0.0,3.12,0.02,19.21,43.61,4
2026-09-13 15:46:32,0.0,32.32,62.83,3.96,0.0,0.0,0.0,2.86,0.03,19.21,43.61,4
2026-09-13 15:46:33,0.0,32.32,62.83,3.96,0.0,0.0,0.0,3.12,0.03,19.21,43.61,4
2026-09-13 15:46:34,0.0,32.32,62.83,3.96,0.0,0.0,0.0,2.86,0.03,19.21,43.61,4
2026-09-13 15:46:35,0.0,32.32,62.83,3.96,0.0,0.0,0.0,2.86,0.02,19.21,43.61,4
2026-09-13 15:46:36,0.0,32.32,62.83,3.96,0.0,0.0,0.0,3.12,0.03,19.21,43.61,4
2026-09-13 15:46:37,0.0,32.32,62.83,3.96,0.0,0.0,0.0,2.85,0.02,19.21,43.61,4
2026-09-13 15:46:38,0.0,32.32,62.83,3.96,0.0,0.0,0.0,2.86,0.02,19.21,43.61,4
2026-09-13 15:46:39,0.0,32.32,62.83,3.96,0.0,0.0,0.0,3.38,0.03,19.21,43.61,4
2026-09-13 15:46:40,0.0,32.32,62.83,3.96,0.0,0.0,0.0,2.86,0.02,19.21,43.61,4
2026-09-13 15:46:41,0.0,32.32,62.83,3.96,0.0,0.0,0.0,2.86,0.02,19.21,43.61,4
2026-09-13 15:46:42,0.0,32.32,62.83,3.96,0.0,0.0,0.0,3.11,0.02,19.21,43.61,4
2026-09-13 15:46:43,0.0,32.32,62.83,3.96,0.0,0.0,0.0,2.86,0.02,19.21,43.61,4
2026-09-13 15:46:44,0.0,32.32,62.83,3.96,0.0,0.0,0.0,2.86,0.02,19.21,43.61,4
2026-09-13 15:46:45,0.0,32.32,62.83,3.96,0.0,0.0,0.0,3.12,0.03,19.21,43.61,4
2026-09-13 15:46:46,0.0,32.32,62.83,3.96,0.0,0.0,0.0,2.86,0.03,19.21,43.61,4
2026-09-13 15:46:47,0.0,32.18,62.83,3.96,0.0,0.0,0.0,3.12,0.02,19.21,43.61,4
2026-09-13 15:46:48,0.0,32.32,62.83,3.96,0.0,0.0,0.0,2.86,0.03,19.21,43.61,4
2026-09-13 15:46:49,0.0,32.32,62.83,3.96,0.0,0.0,0.0,2.86,0.03,19.21,43.61,4
2026-09-13 15:46:50,0.0,32.32,62.83,3.96,0.0,0.0,0.0,3.12,0.03,19.21,43.61,4
2026-09-13 15:46:51,0.0,32.32,62.83,3.96,0.0,0.0,0.0,2.86,0.03,19.21,43.61,4
2026-09-13 15:46:52,0.0,32.32,62.83,3.96,0.0,0.0,0.0,2.86,0.02,19.21,43.61,4
2026-09-13 15:46:53,0.0,32.32,62.83,3.96,0.0,0.0,0.0,3.12,0.02,19.21,43.61,4
2026-09-13 15:46:54,0.0,32.32,62.83,3.96,0.0,0.0,0.0,2.86,0.02,19.21,43.61,4
2026-09-13 15:46:55,0.0,32.32,62.83,3.96,0.0,0.0,0.0,2.86,0.02,19.21,43.61,4
2026-09-13 15:46:56,0.0,32.32,62.83,3.96,0.0,0.0,0.0,3.12,0.02,19.21,43.61,4
2026-09-13 15:46:57,0.0,32.32,62.83,3.96,0.0,0.0,0.0,3.12,0.02,19.21,43.61,4
2026-09-13 15:46:58,1.0,32.32,62.83,3.96,0.0,0.0,0.0,2.86,0.02,19.21,43.61,4
2026-09-13 15:46:59,0.0,32.32,62.83,3.96,0.0,0.0,0.0,3.12,0.02,19.21,43.61,4
2026-09-13 15:47:00,0.0,32.32,62.83,3.96,0.0,0.0,0.0,2.86,0.02,19.21,43.61,4
2026-09-13 15:47:01,0.0,32.32,62.83,3.96,0.0,0.0,0.0,3.12,0.03,19.21,43.61,4
2026-09-13 15:47:02,0.0,32.32,62.83,3.96,0.0,0.0,0.0,2.86,0.02,19.21,43.61,4
2026-09-13 15:47:03,0.0,32.32,62.83,3.96,0.0,0.0,0.0,2.86,0.03,19.21,43.61,4
2026-09-13 15:47:04,0.0,32.32,62.83,3.96,0.0,0.0,0.0,3.12,0.02,19.21,43.61,4
2026-09-13 15:47:05,0.0,32.32,62.83,3.96,0.0,0.0,0.0,2.86,0.02,19.21,43.61,4
2026-09-13 15:47:06,0.0,32.32,62.83,3.96,0.0,0.0,0.0,2.86,0.02,19.21,43.61,4
2026-09-13 15:47:07,0.0,32.32,62.83,3.96,0.0,0.0,0.0,3.12,0.02,19.21,43.61,4
2026-09-13 15:47:08,0.0,32.32,62.83,3.96,0.0,0.0,0.0,2.86,0.02,19.21,43.61,4
2026-09-13 15:47:09,0.0,32.29,62.83,3.96,0.0,0.0,0.0,2.86,0.02,19.21,43.61,4
2026-09-13 15:47:10,0.0,32.34,62.83,4.0,0.0,0.0,0.0,3.12,0.02,19.21,43.61,4
2026-09-13 15:47:11,0.0,32.34,62.83,4.0,0.0,0.0,0.0,2.86,0.02,19.21,43.61,4
2026-09-13 15:47:12,0.0,32.34,62.83,4.0,0.0,0.0,0.0,2.88,0.02,19.21,43.61,4
2026-09-13 15:47:13,0.0,32.34,62.83,4.0,0.0,0.0,0.0,3.1,0.02,19.21,43.61,4
2026-09-13 15:47:14,0.0,32.34,62.83,4.0,0.0,0.0,0.0,2.86,0.02,19.21,43.61,4
2026-09-13 15:47:15,0.0,32.34,62.83,4.0,0.0,0.0,0.0,3.13,0.02,19.21,43.61,4
2026-09-13 15:47:16,0.0,32.34,62.83,4.0,0.0,0.0,0.0,3.11,0.02,19.21,43.61,4
2026-09-13 15:47:17,0.0,32.34,62.83,4.0,0.0,0.0,0.0,2.85,0.02,19.21,43.61,4
2026-09-13 15:47:18,0.0,32.34,62.83,4.0,0.0,0.0,0.0,2.87,0.02,19.21,43.61,4
2026-09-13 15:47:19,0.0,32.34,62.83,4.0,0.0,0.0,0.0,2.86,0.03,19.21,43.61,4
2026-09-13 15:47:20,0.0,32.34,62.83,4.0,0.0,0.0,0.0,2.86,0.02,19.21,43.61,4
2026-09-13 15:47:21,0.0,32.34,62.83,4.0,0.0,0.0,0.0,3.12,0.03,19.21,43.61,4
2026-09-13 15:47:22,0.0,32.34,62.83,4.0,0.0,0.0,0.0,2.86,0.02,19.21,43.61,4
2026-09-13 15:47:23,0.0,32.34,62.83,4.0,0.0,0.0,0.0,2.87,0.03,19.21,43.61,4
2026-09-13 15:47:24,0.0,32.34,62.83,4.0,0.0,0.0,0.0,3.12,0.02,19.21,43.61,4
2026-09-13 15:47:25,0.0,32.02,55.66,3.87,0.0,0.0,0.0,2.34,0.02,13.8,41.86,3
2026-09-13 15:47:26,0.0,32.02,55.66,3.87,0.0,0.0,0.0,1.3,0.01,13.8,41.86,3
2026-09-13 15:47:27,0.0,32.02,55.66,3.87,0.0,0.0,0.0,1.56,0.01,13.8,41.86,3
2026-09-13 15:47:28,0.0,32.02,55.66,3.87,0.0,0.0,0.0,1.3,0.01,13.8,41.86,3
2026-09-13 15:47:29,0.0,32.02,55.66,3.87,0.0,0.0,0.0,1.56,0.02,13.8,41.86,3
2026-09-13 15:47:30,0.0,32.02,55.66,3.87,0.0,0.0,0.0,1.3,0.01,13.8,41.86,3
2026-09-13 15:47:31,0.0,32.02,55.66,3.87,0.0,0.0,0.0,1.34,0.02,13.8,41.86,3
2026-09-13 15:47:32,0.0,32.02,55.66,3.87,0.0,0.0,0.0,1.56,0.02,13.8,41.86,3
2026-09-13 15:47:33,0.0,32.02,55.66,3.87,0.0,0.0,0.0,1.3,0.02,13.8,41.86,3
2026-09-13 15:47:34,0.0,32.02,55.66,3.87,0.0,0.0,0.0,1.3,0.02,13.8,41.86,3
2026-09-13 15:47:35,0.0,32.02,55.66,3.87,0.0,0.0,0.0,1.56,0.01,13.8,41.86,3
2026-09-13 15:47:36,0.0,32.02,55.66,3.87,0.0,0.0,0.0,1.3,0.01,13.8,41.86,3
2026-09-13 15:47:37,0.0,32.45,70.0,3.91,0.0,0.0,0.0,3.53,0.02,24.62,45.37,5
2026-09-13 15:47:38,0.0,32.96,84.33,4.38,0.0,0.0,0.0,7.43,0.05,35.45,48.89,7
2026-09-13 15:47:39,0.0,32.96,84.33,4.38,0.0,0.0,0.0,7.54,0.04,35.45,48.89,7
2026-09-13 15:47:40,0.0,32.82,77.16,4.38,0.0,0.0,0.0,7.34,0.04,30.04,47.13,6
2026-09-13 15:47:41,0.0,32.3,62.83,3.91,0.0,0.0,0.0,6.11,0.03,19.21,43.61,4
2026-09-13 15:47:42,0.0,32.31,62.83,3.92,0.0,0.0,0.0,3.51,0.03,19.21,43.61,4
2026-09-13 15:47:43,0.0,32.31,62.83,3.92,0.0,0.0,0.0,2.87,0.03,19.21,43.61,4
2026-09-13 15:47:44,0.0,32.31,62.83,3.92,0.0,0.0,0.0,3.11,0.03,19.21,43.61,4
2026-09-13 15:47:45,0.0,32.31,62.83,3.92,0.0,0.0,0.0,2.86,0.03,19.21,43.61,4
2026-09-13 15:47:46,0.0,32.31,62.83,3.92,0.0,0.0,0.0,2.87,0.02,19.21,43.61,4
2026-09-13 15:47:47,0.0,32.31,62.83,3.92,0.0,0.0,0.0,3.1,0.02,19.21,43.61,4
2026-09-13 15:47:48,0.0,32.31,62.83,3.92,0.0,0.0,0.0,3.12,0.03,19.21,43.61,4
2026-09-13 15:47:49,0.0,32.3,62.83,3.92,0.0,0.0,0.0,3.12,0.03,19.21,43.61,4
2026-09-13 15:47:50,0.0,32.31,62.83,3.92,0.0,0.0,0.0,2.86,0.02,19.21,43.61,4
2026-09-13 15:47:51,0.0,32.3,62.83,3.92,0.0,0.0,0.0,2.86,0.03,19.21,43.61,4
2026-09-13 15:47:52,0.0,32.3,62.83,3.92,0.0,0.0,0.0,3.12,0.02,19.21,43.61,4
2026-09-13 15:47:53,0.0,32.3,62.83,3.92,0.0,0.0,0.0,2.86,0.02,19.21,43.61,4
2026-09-13 15:47:54,0.0,32.3,62.83,3.92,0.0,0.0,0.0,2.86,0.02,19.21,43.61,4
2026-09-13 15:47:55,0.0,32.31,62.83,3.94,0.0,0.0,0.0,3.12,0.03,19.21,43.61,4
2026-09-13 15:47:56,0.0,32.31,62.83,3.94,0.0,0.0,0.0,2.86,0.02,19.21,43.61,4
2026-09-13 15:47:57,0.0,32.31,62.83,3.94,0.0,0.0,0.0,2.86,0.02,19.21,43.61,4
2026-09-13 15:47:58,1.0,32.31,62.83,3.94,0.0,0.0,0.0,3.12,0.02,19.21,43.61,4
2026-09-13 15:48:00,0.0,32.31,62.83,3.94,0.0,0.0,0.0,2.86,0.02,19.21,43.61,4
2026-09-13 15:48:01,0.0,32.31,62.83,3.94,0.0,0.0,0.0,2.86,0.02,19.21,43.61,4
2026-09-13 15:48:02,0.0,32.31,62.83,3.94,0.0,0.0,0.0,3.11,0.02,19.21,43.61,4
2026-09-13 15:48:03,0.0,32.31,62.83,3.94,0.0,0.0,0.0,2.86,0.02,19.21,43.61,4
2026-09-13 15:48:04,0.0,32.31,62.83,3.94,0.0,0.0,0.0,2.87,0.03,19.21,43.61,4
2026-09-13 15:48:05,0.0,32.31,62.83,3.94,0.0,0.0,0.0,3.1,0.02,19.21,43.61,4
2026-09-13 15:48:06,0.0,32.31,62.83,3.94,0.0,0.0,0.0,2.86,0.02,19.21,43.61,4
2026-09-13 15:48:07,0.0,32.31,62.83,3.94,0.0,0.0,0.0,3.38,0.03,19.21,43.61,4
2026-09-13 15:48:08,0.0,32.31,62.83,3.94,0.0,0.0,0.0,2.86,0.02,19.21,43.61,4
2026-09-13 15:48:09,0.0,32.31,62.83,3.94,0.0,0.0,0.0,2.86,0.02,19.21,43.61,4
2026-09-13 15:48:10,0.0,32.31,62.83,3.94,0.0,0.0,0.0,3.12,0.02,19.21,43.61,4
2026-09-13 15:48:11,0.0,32.31,62.83,3.94,0.0,0.0,0.0,2.86,0.02,19.21,43.61,4
2026-09-13 15:48:12,0.0,32.31,62.83,3.94,0.0,0.0,0.0,2.86,0.02,19.21,43.61,4
2026-09-13 15:48:13,0.0,32.31,62.83,3.94,0.0,0.0,0.0,3.12,0.02,19.21,43.61,4
2026-09-13 15:48:14,0.0,32.31,62.83,3.94,0.0,0.0,0.0,2.85,0.02,19.21,43.61,4
2026-09-13 15:48:15,1.0,32.31,62.83,3.94,0.0,0.0,0.0,2.86,0.02,19.21,43.61,4
2026-09-13 15:48:16,0.0,32.31,62.83,3.94,0.0,0.0,0.0,3.12,0.03,19.21,43.61,4
2026-09-13 15:48:17,0.0,32.31,62.83,3.94,0.0,0.0,0.0,2.86,0.02,19.21,43.61,4
2026-09-13 15:48:18,0.0,32.31,62.83,3.94,0.0,0.0,0.0,2.86,0.02,19.21,43.61,4
2026-09-13 15:48:19,0.0,32.31,62.83,3.94,0.0,0.0,0.0,3.12,0.02,19.21,43.61,4
2026-09-13 15:48:20,0.0,32.31,62.83,3.94,0.0,0.0,0.0,2.86,0.03,19.21,43.61,4
2026-09-13 15:48:21,0.0,32.31,62.83,3.94,0.0,0.0,0.0,3.12,0.02,19.21,43.61,4
2026-09-13 15:48:22,0.0,32.31,62.83,3.94,0.0,0.0,0.0,2.86,0.03,19.21,43.61,4
2026-09-13 15:48:23,0.0,32.31,62.83,3.94,0.0,0.0,0.0,2.86,0.02,19.21,43.61,4
2026-09-13 15:48:24,0.0,32.28,62.83,3.94,0.0,0.0,0.0,3.38,0.03,19.21,43.61,4
2026-09-13 15:48:25,0.0,32.31,62.83,3.94,0.0,0.0,0.0,3.13,0.03,19.21,43.61,4
2026-09-13 15:48:26,0.0,32.31,62.83,3.94,0.0,0.0,0.0,2.86,0.02,19.21,43.61,4
2026-09-13 15:48:27,0.0,32.31,62.83,3.94,0.0,0.0,0.0,3.12,0.02,19.21,43.61,4
2026-09-13 15:48:28,0.0,32.31,62.83,3.94,0.0,0.0,0.0,2.86,0.02,19.21,43.61,4
2026-09-13 15:48:29,0.0,32.31,62.83,3.94,0.0,0.0,0.0,2.86,0.02,19.21,43.61,4
2026-09-13 15:48:30,0.0,32.31,62.83,3.94,0.0,0.0,0.0,3.12,0.02,19.21,43.61,4
2026-09-13 15:48:31,0.0,32.31,62.83,3.94,0.0,0.0,0.0,2.86,0.02,19.21,43.61,4
2026-09-13 15:48:32,0.0,32.31,62.83,3.94,0.0,0.0,0.0,2.87,0.02,19.21,43.61,4
2026-09-13 15:48:33,0.0,32.31,62.83,3.94,0.0,0.0,0.0,3.1,0.03,19.21,43.61,4
2026-09-13 15:48:34,0.0,32.31,62.83,3.94,0.0,0.0,0.0,2.86,0.03,19.21,43.61,4
2026-09-13 15:48:35,0.0,32.31,62.83,3.94,0.0,0.0,0.0,2.86,0.02,19.21,43.61,4
2026-09-13 15:48:36,0.0,32.31,62.83,3.94,0.0,0.0,0.0,3.12,0.02,19.21,43.61,4
2026-09-13 15:48:37,0.0,32.31,62.83,3.94,0.0,0.0,0.0,2.86,0.02,19.21,43.61,4
2026-09-13 15:48:38,0.0,32.31,62.83,3.94,0.0,0.0,0.0,3.12,0.02,19.21,43.61,4
2026-09-13 15:48:39,0.0,32.31,62.83,3.94,0.0,0.0,0.0,2.86,0.02,19.21,43.61,4
2026-09-13 15:48:40,0.0,32.31,62.83,3.94,0.0,0.0,0.0,2.86,0.02,19.21,43.61,4
2026-09-13 15:48:41,0.0,32.31,62.83,3.94,0.0,0.0,0.0,3.12,0.02,19.21,43.61,4
2026-09-13 15:48:42,0.0,32.31,62.83,3.94,0.0,0.0,0.0,3.12,0.02,19.21,43.61,4
2026-09-13 15:48:43,0.0,32.31,62.83,3.94,0.0,0.0,0.0,2.86,0.02,19.21,43.61,4
2026-09-13 15:48:44,0.0,32.31,62.83,3.94,0.0,0.0,0.0,3.12,0.02,19.21,43.61,4
2026-09-13 15:48:45,0.0,32.31,62.83,3.94,0.0,0.0,0.0,2.86,0.03,19.21,43.61,4
2026-09-13 15:48:46,0.0,32.31,62.83,3.94,0.0,0.0,0.0,2.86,0.02,19.21,43.61,4
2026-09-13 15:48:47,0.0,32.31,62.83,3.94,0.0,0.0,0.0,3.12,0.02,19.21,43.61,4
2026-09-13 15:48:48,0.0,32.31,62.83,3.94,0.0,0.0,0.0,2.86,0.02,19.21,43.61,4
2026-09-13 15:48:49,0.0,32.31,62.83,3.94,0.0,0.0,0.0,2.86,0.03,19.21,43.61,4
2026-09-13 15:48:50,0.0,32.31,62.83,3.94,0.0,0.0,0.0,3.12,0.03,19.21,43.61,4
2026-09-13 15:48:51,0.0,32.31,62.83,3.94,0.0,0.0,0.0,2.86,0.03,19.21,43.61,4
2026-09-13 15:48:52,0.0,32.31,62.83,3.94,0.0,0.0,0.0,2.86,0.02,19.21,43.61,4
2026-09-13 15:48:53,0.0,32.31,62.83,3.94,0.0,0.0,0.0,3.12,0.02,19.21,43.61,4
2026-09-13 15:48:54,1.0,32.31,62.83,3.94,0.0,0.0,0.0,2.86,0.02,19.21,43.61,4
2026-09-13 15:48:55,0.0,32.31,62.83,3.94,0.0,0.0,0.0,3.11,0.02,19.21,43.61,4
2026-09-13 15:48:56,0.0,32.31,62.83,3.94,0.0,0.0,0.0,2.86,0.02,19.21,43.61,4
2026-09-13 15:48:57,0.0,32.31,62.83,3.94,0.0,0.0,0.0,2.85,0.02,19.21,43.61,4
2026-09-13 15:48:58,0.0,32.31,62.83,3.94,0.0,0.0,0.0,3.12,0.02,19.21,43.61,4
2026-09-13 15:48:59,0.0,32.31,62.83,3.94,0.0,0.0,0.0,2.61,0.02,19.21,43.61,4
2026-09-13 15:49:00,0.0,32.31,62.83,3.94,0.0,0.0,0.0,3.12,0.02,19.21,43.61,4
2026-09-13 15:49:01,0.0,32.31,62.83,3.94,0.0,0.0,0.0,3.12,0.02,19.21,43.61,4
2026-09-13 15:49:02,0.0,32.31,62.83,3.94,0.0,0.0,0.0,2.86,0.02,19.21,43.61,4
2026-09-13 15:49:03,0.0,32.31,62.83,3.94,0.0,0.0,0.0,2.86,0.03,19.21,43.61,4
2026-09-13 15:49:04,0.0,32.31,62.83,3.94,0.0,0.0,0.0,3.12,0.02,19.21,43.61,4
2026-09-13 15:49:05,0.0,32.31,62.83,3.94,0.0,0.0,0.0,2.86,0.02,19.21,43.61,4
2026-09-13 15:49:06,0.0,32.31,62.83,3.94,0.0,0.0,0.0,2.86,0.02,19.21,43.61,4
2026-09-13 15:49:07,0.0,32.03,55.66,3.88,0.0,0.0,0.0,2.34,0.02,13.8,41.86,3
2026-09-13 15:49:08,0.0,32.02,55.66,3.88,0.0,0.0,0.0,1.3,0.02,13.8,41.86,3
2026-09-13 15:49:09,0.0,32.02,55.66,3.88,0.0,0.0,0.0,1.56,0.01,13.8,41.86,3
2026-09-13 15:49:10,0.0,32.02,55.66,3.88,0.0,0.0,0.0,1.3,0.01,13.8,41.86,3
2026-09-13 15:49:11,0.0,32.02,55.66,3.88,0.0,0.0,0.0,1.3,0.01,13.8,41.86,3
2026-09-13 15:49:12,0.0,32.02,55.66,3.88,0.0,0.0,0.0,1.56,0.01,13.8,41.86,3
2026-09-13 15:49:13,0.0,32.03,55.66,3.88,0.0,0.0,0.0,1.3,0.02,13.8,41.86,3
2026-09-13 15:49:14,0.0,32.03,55.66,3.88,0.0,0.0,0.0,1.3,0.01,13.8,41.86,3
2026-09-13 15:49:15,1.0,32.03,55.66,3.88,0.0,0.0,0.0,1.32,0.02,13.8,41.86,3
2026-09-13 15:49:16,0.0,32.03,55.66,3.88,0.0,0.0,0.0,1.54,0.01,13.8,41.86,3
2026-09-13 15:49:17,0.0,32.03,55.66,3.88,0.0,0.0,0.0,1.3,0.01,13.8,41.86,3
2026-09-13 15:49:18,0.0,32.0,55.66,3.88,0.0,0.0,0.0,1.56,0.02,13.8,41.86,3
2026-09-13 15:49:19,0.0,32.03,55.66,3.88,0.0,0.0,0.0,1.3,0.02,13.8,41.86,3
2026-09-13 15:49:20,0.0,32.71,77.16,4.15,0.0,0.0,0.0,5.16,0.03,30.04,47.13,6
2026-09-13 15:49:21,1.0,33.25,91.5,4.62,0.0,0.0,0.0,8.72,0.06,40.86,50.64,8
2026-09-13 15:49:22,1.0,33.73,105.84,5.08,0.0,0.0,0.0,13.19,0.07,51.68,54.16,10
2026-09-13 15:49:23,0.0,33.48,98.67,4.84,0.0,0.0,0.0,13.35,0.08,46.27,52.4,9
2026-09-13 15:49:24,0.0,33.22,91.5,4.62,0.0,0.0,0.0,11.58,0.06,40.86,50.64,8
2026-09-13 15:49:25,0.0,33.23,91.5,4.62,0.0,0.0,0.0,9.23,0.05,40.86,50.64,8
2026-09-13 15:49:26,0.0,33.23,91.5,4.62,0.0,0.0,0.0,9.61,0.05,40.86,50.64,8
2026-09-13 15:49:27,0.0,32.97,84.33,4.39,0.0,0.0,0.0,9.09,0.05,35.45,48.89,7
2026-09-13 15:49:28,0.0,32.72,77.16,4.16,0.0,0.0,0.0,7.9,0.04,30.04,47.13,6
2026-09-13 15:49:29,0.0,32.72,77.16,4.16,0.0,0.0,0.0,6.5,0.04,30.04,47.13,6
2026-09-13 15:49:30,0.0,32.77,77.16,4.25,0.0,0.0,0.0,5.98,0.03,30.04,47.13,6
2026-09-13 15:49:31,0.0,32.03,55.66,3.88,0.0,0.0,0.0,4.68,0.03,13.8,41.86,3
2026-09-13 15:49:32,0.0,32.03,55.66,3.88,0.0,0.0,0.0,1.56,0.02,13.8,41.86,3
2026-09-13 15:49:33,0.0,32.69,77.16,4.13,0.0,0.0,0.0,7.29,0.05,30.04,47.13,6
2026-09-13 15:49:34,0.0,32.69,77.16,4.13,0.0,0.0,0.0,6.31,0.04,30.04,47.13,6
2026-09-13 15:49:35,0.0,32.55,70.0,4.12,0.0,0.0,0.0,6.56,0.04,24.62,45.37,5
2026-09-13 15:49:36,0.0,32.29,62.83,3.9,0.0,0.0,0.0,5.64,0.03,19.21,43.61,4
2026-09-13 15:49:37,0.0,32.29,62.83,3.9,0.0,0.0,0.0,2.82,0.02,19.21,43.61,4
2026-09-13 15:49:38,0.0,32.29,62.83,3.9,0.0,0.0,0.0,3.08,0.02,19.21,43.61,4
2026-09-13 15:49:39,0.0,32.29,62.83,3.9,0.0,0.0,0.0,2.83,0.02,19.21,43.61,4
2026-09-13 15:49:40,0.0,32.29,62.83,3.9,0.0,0.0,0.0,2.81,0.02,19.21,43.61,4
2026-09-13 15:49:41,0.0,32.29,62.83,3.9,0.0,0.0,0.0,3.08,0.02,19.21,43.61,4
2026-09-13 15:49:42,0.0,32.29,62.83,3.9,0.0,0.0,0.0,2.84,0.02,19.21,43.61,4
2026-09-13 15:49:43,0.0,32.29,62.83,3.9,0.0,0.0,0.0,4.14,0.03,19.21,43.61,4
2026-09-13 15:49:44,0.0,32.29,62.83,3.9,0.0,0.0,0.0,3.26,0.03,19.21,43.61,4
2026-09-13 15:49:45,0.0,32.29,62.83,3.9,0.0,0.0,0.0,2.82,0.03,19.21,43.61,4
2026-09-13 15:49:47,0.0,32.29,62.83,3.9,0.0,0.0,0.0,3.07,0.02,19.21,43.61,4
2026-09-13 15:49:48,0.0,32.03,55.66,3.88,0.0,0.0,0.0,1.3,0.02,13.8,41.86,3
2026-09-13 15:49:49,0.0,32.03,55.66,3.88,0.0,0.0,0.0,1.3,0.01,13.8,41.86,3
2026-09-13 15:49:50,0.0,32.03,55.66,3.88,0.0,0.0,0.0,1.56,0.02,13.8,41.86,3
2026-09-13 15:49:51,0.0,32.03,55.66,3.88,0.0,0.0,0.0,1.3,0.02,13.8,41.86,3
2026-09-13 15:49:52,0.0,32.03,55.66,3.88,0.0,0.0,0.0,1.3,0.02,13.8,41.86,3
2026-09-13 15:49:53,0.0,31.99,55.66,3.88,0.0,0.0,0.0,1.56,0.01,13.8,41.86,3
2026-09-13 15:49:54,0.0,32.02,55.66,3.88,0.0,0.0,0.0,1.3,0.01,13.8,41.86,3
2026-09-13 15:49:55,0.0,32.02,55.66,3.88,0.0,0.0,0.0,1.3,0.02,13.8,41.86,3
2026-09-13 15:49:56,0.0,32.02,55.66,3.88,0.0,0.0,0.0,1.56,0.02,13.8,41.86,3
2026-09-13 15:49:57,0.0,32.02,55.66,3.88,0.0,0.0,0.0,1.3,0.01,13.8,41.86,3
2026-09-13 15:49:58,0.0,32.02,55.66,3.88,0.0,0.0,0.0,1.56,0.01,13.8,41.86,3
2026-09-13 15:49:59,0.0,32.03,55.66,3.88,0.0,0.0,0.0,1.3,0.01,13.8,41.86,3
2026-09-13 15:50:00,0.0,32.03,55.66,3.88,0.0,0.0,0.0,1.3,0.02,13.8,41.86,3
2026-09-13 15:50:01,0.0,32.03,55.66,3.88,0.0,0.0,0.0,1.56,0.01,13.8,41.86,3
2026-09-13 15:50:02,0.0,32.03,55.66,3.88,0.0,0.0,0.0,1.3,0.02,13.8,41.86,3
2026-09-13 15:50:03,0.0,32.02,55.66,3.88,0.0,0.0,0.0,1.3,0.01,13.8,41.86,3
2026-09-13 15:50:04,0.0,32.03,55.66,3.88,0.0,0.0,0.0,1.56,0.02,13.8,41.86,3
2026-09-13 15:50:05,0.0,32.03,55.66,3.88,0.0,0.0,0.0,1.3,0.01,13.8,41.86,3
2026-09-13 15:50:06,0.0,32.03,55.66,3.88,0.0,0.0,0.0,1.3,0.01,13.8,41.86,3
2026-09-13 15:50:07,0.0,32.03,55.66,3.88,0.0,0.0,0.0,1.56,0.01,13.8,41.86,3
2026-09-13 15:50:08,0.0,31.99,55.66,3.88,0.0,0.0,0.0,1.3,0.02,13.8,41.86,3
2026-09-13 15:50:09,0.0,32.02,55.66,3.88,0.0,0.0,0.0,1.3,0.01,13.8,41.86,3
2026-09-13 15:50:10,0.0,32.02,55.66,3.88,0.0,0.0,0.0,1.56,0.01,13.8,41.86,3
2026-09-13 15:50:11,0.0,32.02,55.66,3.88,0.0,0.0,0.0,1.3,0.01,13.8,41.86,3
2026-09-13 15:50:12,0.0,32.02,55.66,3.88,0.0,0.0,0.0,1.3,0.01,13.8,41.86,3
2026-09-13 15:50:13,0.0,32.02,55.66,3.88,0.0,0.0,0.0,1.56,0.01,13.8,41.86,3
2026-09-13 15:50:14,1.0,32.04,55.66,3.9,0.0,0.0,0.0,1.34,0.02,13.8,41.86,3
2026-09-13 15:50:15,4.0,32.45,70.0,3.91,0.0,0.0,0.0,8.65,0.07,24.62,45.37,5
2026-09-13 15:50:16,1.0,32.31,62.83,3.92,0.0,0.0,0.0,5.45,0.04,19.21,43.61,4
2026-09-13 15:50:17,0.0,32.31,62.83,3.92,0.0,0.0,0.0,6.22,0.04,19.21,43.61,4
2026-09-13 15:50:18,0.0,32.31,62.83,3.92,0.0,0.0,0.0,1.65,0.02,19.21,43.61,4
2026-09-13 15:50:19,0.0,32.31,62.83,3.92,0.0,0.0,0.0,3.84,0.03,19.21,43.61,4
2026-09-13 15:50:20,0.0,32.31,62.83,3.92,0.0,0.0,0.0,4.15,0.03,19.21,43.61,4
2026-09-13 15:50:21,0.0,32.31,62.83,3.92,0.0,0.0,0.0,2.39,0.02,19.21,43.61,4
2026-09-13 15:50:22,0.0,32.29,62.83,3.96,0.0,0.0,0.0,1.76,0.02,19.21,43.61,4
2026-09-13 15:50:23,0.0,32.29,62.83,3.96,0.0,0.0,0.0,4.15,0.03,19.21,43.61,4
2026-09-13 15:50:24,0.0,32.33,62.83,3.96,0.0,0.0,0.0,2.68,0.02,19.21,43.61,4
2026-09-13 15:50:25,0.0,32.33,62.83,3.96,0.0,0.0,0.0,2.1,0.02,19.21,43.61,4
2026-09-13 15:50:26,0.0,32.33,62.83,3.96,0.0,0.0,0.0,3.52,0.02,19.21,43.61,4
2026-09-13 15:50:27,0.0,32.33,62.83,3.96,0.0,0.0,0.0,4.15,0.02,19.21,43.61,4
2026-09-13 15:50:28,0.0,32.33,62.83,3.96,0.0,0.0,0.0,2.08,0.01,19.21,43.61,4
2026-09-13 15:50:29,0.0,32.33,62.83,3.96,0.0,0.0,0.0,2.08,0.02,19.21,43.61,4
2026-09-13 15:50:30,0.0,32.33,62.83,3.96,0.0,0.0,0.0,4.15,0.02,19.21,43.61,4
2026-09-13 15:50:31,0.0,32.33,62.83,3.96,0.0,0.0,0.0,2.08,0.02,19.21,43.61,4
2026-09-13 15:50:32,0.0,32.33,62.83,3.96,0.0,0.0,0.0,4.15,0.03,19.21,43.61,4
2026-09-13 15:50:33,0.0,32.33,62.83,3.96,0.0,0.0,0.0,2.08,0.03,19.21,43.61,4
2026-09-13 15:50:34,0.0,32.33,62.83,3.96,0.0,0.0,0.0,2.08,0.02,19.21,43.61,4
2026-09-13 15:50:35,0.0,32.33,62.83,3.96,0.0,0.0,0.0,4.15,0.03,19.21,43.61,4
2026-09-13 15:50:36,0.0,32.33,62.83,3.96,0.0,0.0,0.0,4.15,0.02,19.21,43.61,4
2026-09-13 15:50:37,0.0,32.33,62.83,3.96,0.0,0.0,0.0,0.0,0.01,19.21,43.61,4
2026-09-13 15:50:38,0.0,32.19,62.83,3.96,0.0,0.0,0.0,4.15,0.03,19.21,43.61,4
2026-09-13 15:50:39,0.0,32.33,62.83,3.96,0.0,0.0,0.0,4.15,0.02,19.21,43.61,4
2026-09-13 15:50:40,0.0,32.33,62.83,3.96,0.0,0.0,0.0,2.08,0.01,19.21,43.61,4
2026-09-13 15:50:41,0.0,32.33,62.83,3.96,0.0,0.0,0.0,2.08,0.02,19.21,43.61,4
2026-09-13 15:50:42,0.0,32.33,62.83,3.96,0.0,0.0,0.0,4.15,0.02,19.21,43.61,4
2026-09-13 15:50:43,0.0,32.33,62.83,3.96,0.0,0.0,0.0,2.08,0.02,19.21,43.61,4
2026-09-13 15:50:44,0.0,32.33,62.83,3.96,0.0,0.0,0.0,2.56,0.02,19.21,43.61,4
2026-09-13 15:50:45,0.0,32.33,62.83,3.96,0.0,0.0,0.0,3.66,0.03,19.21,43.61,4
2026-09-13 15:50:46,0.0,32.33,62.83,3.96,0.0,0.0,0.0,2.08,0.02,19.21,43.61,4
2026-09-13 15:50:47,0.0,32.33,62.83,3.96,0.0,0.0,0.0,4.15,0.03,19.21,43.61,4
2026-09-13 15:50:48,0.0,32.33,62.83,3.96,0.0,0.0,0.0,2.08,0.02,19.21,43.61,4
2026-09-13 15:50:49,0.0,32.33,62.83,3.96,0.0,0.0,0.0,2.08,0.02,19.21,43.61,4
2026-09-13 15:50:50,0.0,32.33,62.83,3.96,0.0,0.0,0.0,4.15,0.03,19.21,43.61,4
2026-09-13 15:50:51,0.0,32.33,62.83,3.96,0.0,0.0,0.0,4.15,0.03,19.21,43.61,4
2026-09-13 15:50:52,0.0,32.33,62.83,3.96,0.0,0.0,0.0,0.0,0.01,19.21,43.61,4
2026-09-13 15:50:53,1.0,32.19,62.83,3.96,0.0,0.0,0.0,4.15,0.03,19.21,43.61,4
2026-09-13 15:50:54,0.0,32.33,62.83,3.96,0.0,0.0,0.0,4.15,0.03,19.21,43.61,4
2026-09-13 15:50:55,0.0,32.33,62.83,3.96,0.0,0.0,0.0,2.08,0.02,19.21,43.61,4
2026-09-13 15:50:56,0.0,32.33,62.83,3.96,0.0,0.0,0.0,2.08,0.02,19.21,43.61,4
2026-09-13 15:50:57,0.0,32.33,62.83,3.96,0.0,0.0,0.0,4.15,0.03,19.21,43.61,4
2026-09-13 15:50:58,0.0,32.33,62.83,3.96,0.0,0.0,0.0,2.08,0.02,19.21,43.61,4
2026-09-13 15:50:59,0.0,32.33,62.83,3.96,0.0,0.0,0.0,4.15,0.03,19.21,43.61,4
2026-09-13 15:51:00,0.0,32.33,62.83,3.96,0.0,0.0,0.0,2.08,0.01,19.21,43.61,4
2026-09-13 15:51:01,0.0,32.33,62.83,3.96,0.0,0.0,0.0,2.07,0.02,19.21,43.61,4
2026-09-13 15:51:02,0.0,32.33,62.83,3.96,0.0,0.0,0.0,4.15,0.03,19.21,43.61,4
2026-09-13 15:51:03,0.0,32.33,62.83,3.96,0.0,0.0,0.0,2.08,0.03,19.21,43.61,4
2026-09-13 15:51:04,0.0,32.33,62.83,3.96,0.0,0.0,0.0,2.08,0.02,19.21,43.61,4
2026-09-13 15:51:05,0.0,32.33,62.83,3.96,0.0,0.0,0.0,4.15,0.02,19.21,43.61,4
2026-09-13 15:51:06,0.0,32.33,62.83,3.96,0.0,0.0,0.0,4.15,0.02,19.21,43.61,4
2026-09-13 15:51:07,0.0,32.33,62.83,3.96,0.0,0.0,0.0,0.0,0.01,19.21,43.61,4
2026-09-13 15:51:08,0.0,32.23,62.83,3.96,0.0,0.0,0.0,4.15,0.03,19.21,43.61,4
2026-09-13 15:51:09,0.0,32.33,62.83,3.96,0.0,0.0,0.0,4.15,0.03,19.21,43.61,4
2026-09-13 15:51:10,0.0,32.33,62.83,3.96,0.0,0.0,0.0,2.08,0.01,19.21,43.61,4
2026-09-13 15:51:11,0.0,32.33,62.83,3.96,0.0,0.0,0.0,2.08,0.01,19.21,43.61,4
2026-09-13 15:51:12,0.0,32.33,62.83,3.96,0.0,0.0,0.0,4.15,0.03,19.21,43.61,4
2026-09-13 15:51:13,0.0,32.33,62.83,3.96,0.0,0.0,0.0,2.07,0.02,19.21,43.61,4
2026-09-13 15:51:14,0.0,32.33,62.83,3.96,0.0,0.0,0.0,4.15,0.03,19.21,43.61,4
2026-09-13 15:51:15,0.0,32.33,62.83,3.96,0.0,0.0,0.0,2.08,0.02,19.21,43.61,4
2026-09-13 15:51:16,0.0,32.33,62.83,3.96,0.0,0.0,0.0,2.07,0.02,19.21,43.61,4
2026-09-13 15:51:17,0.0,32.33,62.83,3.96,0.0,0.0,0.0,4.15,0.03,19.21,43.61,4
2026-09-13 15:51:18,0.0,32.33,62.83,3.96,0.0,0.0,0.0,4.15,0.03,19.21,43.61,4
2026-09-13 15:51:19,0.0,32.33,62.83,3.96,0.0,0.0,0.0,0.0,0.01,19.21,43.61,4
2026-09-13 15:51:20,0.0,32.33,62.83,3.96,0.0,0.0,0.0,4.15,0.03,19.21,43.61,4
2026-09-13 15:51:21,0.0,32.33,62.83,3.96,0.0,0.0,0.0,4.15,0.03,19.21,43.61,4
2026-09-13 15:51:22,0.0,32.33,62.83,3.96,0.0,0.0,0.0,2.4,0.02,19.21,43.61,4
2026-09-13 15:51:23,0.0,32.33,62.83,3.96,0.0,0.0,0.0,1.76,0.02,19.21,43.61,4
2026-09-13 15:51:24,0.0,32.33,62.83,3.96,0.0,0.0,0.0,4.15,0.03,19.21,43.61,4
2026-09-13 15:51:25,0.0,32.33,62.83,3.96,0.0,0.0,0.0,2.4,0.02,19.21,43.61,4
2026-09-13 15:51:26,0.0,32.33,62.83,3.96,0.0,0.0,0.0,1.76,0.01,19.21,43.61,4
2026-09-13 15:51:27,0.0,32.33,62.83,3.96,0.0,0.0,0.0,4.15,0.02,19.21,43.61,4
2026-09-13 15:51:28,0.0,32.33,62.83,3.96,0.0,0.0,0.0,2.39,0.02,19.21,43.61,4
2026-09-13 15:51:29,0.0,32.33,62.83,3.96,0.0,0.0,0.0,3.83,0.03,19.21,43.61,4
2026-09-13 15:51:30,0.0,32.29,62.83,3.96,0.0,0.0,0.0,2.08,0.01,19.21,43.61,4
2026-09-13 15:51:31,0.0,32.33,62.83,3.96,0.0,0.0,0.0,2.44,0.02,19.21,43.61,4
2026-09-13 15:51:32,0.0,32.33,62.83,3.96,0.0,0.0,0.0,3.83,0.03,19.21,43.61,4
2026-09-13 15:51:33,0.0,32.33,62.83,3.96,0.0,0.0,0.0,4.15,0.04,19.21,43.61,4
2026-09-13 15:51:34,0.0,32.04,55.66,3.9,0.0,0.0,0.0,0.32,0.01,13.8,41.86,3
2026-09-13 15:51:35,0.0,32.04,55.66,3.9,0.0,0.0,0.0,1.76,0.02,13.8,41.86,3
2026-09-13 15:51:37,0.0,32.04,55.66,3.9,0.0,0.0,0.0,2.08,0.02,13.8,41.86,3
2026-09-13 15:51:38,0.0,32.03,55.66,3.9,0.0,0.0,0.0,0.32,0.01,13.8,41.86,3
2026-09-13 15:51:39,0.0,32.04,55.66,3.9,0.0,0.0,0.0,1.76,0.02,13.8,41.86,3
2026-09-13 15:51:40,0.0,32.04,55.66,3.9,0.0,0.0,0.0,2.08,0.02,13.8,41.86,3
2026-09-13 15:51:41,0.0,32.04,55.66,3.9,0.0,0.0,0.0,0.32,0.01,13.8,41.86,3
2026-09-13 15:51:42,0.0,32.04,55.66,3.9,0.0,0.0,0.0,1.76,0.01,13.8,41.86,3
2026-09-13 15:51:43,0.0,32.04,55.66,3.9,0.0,0.0,0.0,2.08,0.02,13.8,41.86,3
2026-09-13 15:51:44,0.0,32.04,55.66,3.9,0.0,0.0,0.0,0.32,0.01,13.8,41.86,3
2026-09-13 15:51:45,0.0,32.04,55.66,3.9,0.0,0.0,0.0,1.76,0.02,13.8,41.86,3
2026-09-13 15:51:46,0.0,32.04,55.66,3.9,0.0,0.0,0.0,2.08,0.02,13.8,41.86,3
2026-09-13 15:51:47,0.0,32.04,55.66,3.9,0.0,0.0,0.0,0.32,0.01,13.8,41.86,3
2026-09-13 15:51:48,0.0,32.04,55.66,3.9,0.0,0.0,0.0,1.76,0.02,13.8,41.86,3
2026-09-13 15:51:49,1.0,32.46,70.0,3.91,0.0,0.0,0.0,4.34,0.03,24.62,45.37,5
2026-09-13 15:51:50,0.0,32.97,84.33,4.38,0.0,0.0,0.0,6.86,0.05,35.45,48.89,7
2026-09-13 15:51:51,0.0,32.83,77.16,4.38,0.0,0.0,0.0,8.25,0.05,30.04,47.13,6
2026-09-13 15:51:52,0.0,32.58,70.0,4.15,0.0,0.0,0.0,7.58,0.05,24.62,45.37,5
2026-09-13 15:51:53,0.0,32.32,62.83,3.93,0.0,0.0,0.0,4.59,0.03,19.21,43.61,4
2026-09-13 15:51:54,0.0,32.32,62.83,3.93,0.0,0.0,0.0,3.83,0.03,19.21,43.61,4
2026-09-13 15:51:55,0.0,32.32,62.83,3.93,0.0,0.0,0.0,3.38,0.03,19.21,43.61,4
2026-09-13 15:51:56,0.0,32.32,62.83,3.93,0.0,0.0,0.0,1.88,0.02,19.21,43.61,4
2026-09-13 15:51:57,0.0,32.31,62.83,3.93,0.0,0.0,0.0,3.32,0.02,19.21,43.61,4
2026-09-13 15:51:58,0.0,32.32,62.83,3.93,0.0,0.0,0.0,3.64,0.03,19.21,43.61,4
2026-09-13 15:51:59,0.0,32.32,62.83,3.93,0.0,0.0,0.0,1.88,0.02,19.21,43.61,4
2026-09-13 15:52:00,0.0,32.32,62.83,3.93,0.0,0.0,0.0,3.32,0.03,19.21,43.61,4
2026-09-13 15:52:01,0.0,32.32,62.83,3.93,0.0,0.0,0.0,3.63,0.02,19.21,43.61,4
2026-09-13 15:52:02,0.0,32.32,62.83,3.93,0.0,0.0,0.0,1.87,0.02,19.21,43.61,4
2026-09-13 15:52:03,0.0,32.32,62.83,3.93,0.0,0.0,0.0,3.32,0.02,19.21,43.61,4
2026-09-13 15:52:04,0.0,32.32,62.83,3.93,0.0,0.0,0.0,3.37,0.03,19.21,43.61,4
2026-09-13 15:52:05,0.0,32.32,62.83,3.94,0.0,0.0,0.0,1.88,0.02,19.21,43.61,4
2026-09-13 15:52:06,0.0,32.32,62.83,3.94,0.0,0.0,0.0,3.32,0.02,19.21,43.61,4
2026-09-13 15:52:07,0.0,32.32,62.83,3.94,0.0,0.0,0.0,3.63,0.02,19.21,43.61,4
2026-09-13 15:52:08,0.0,32.32,62.83,3.94,0.0,0.0,0.0,3.22,0.02,19.21,43.61,4
2026-09-13 15:52:09,0.0,32.32,62.83,3.94,0.0,0.0,0.0,1.98,0.02,19.21,43.61,4
2026-09-13 15:52:10,0.0,32.32,62.83,3.94,0.0,0.0,0.0,3.64,0.02,19.21,43.61,4
2026-09-13 15:52:11,0.0,32.32,62.83,3.94,0.0,0.0,0.0,2.04,0.01,19.21,43.61,4
2026-09-13 15:52:12,0.0,32.32,62.83,3.94,0.0,0.0,0.0,3.15,0.02,19.21,43.61,4
2026-09-13 15:52:13,0.0,32.32,62.83,3.94,0.0,0.0,0.0,3.38,0.02,19.21,43.61,4
2026-09-13 15:52:14,0.0,32.32,62.83,3.94,0.0,0.0,0.0,3.62,0.02,19.21,43.61,4
2026-09-13 15:52:15,0.0,32.32,62.83,3.94,0.0,0.0,0.0,1.56,0.02,19.21,43.61,4
2026-09-13 15:52:16,0.0,32.32,62.83,3.94,0.0,0.0,0.0,3.64,0.02,19.21,43.61,4
2026-09-13 15:52:17,0.0,32.32,62.83,3.94,0.0,0.0,0.0,3.63,0.02,19.21,43.61,4
2026-09-13 15:52:18,0.0,32.32,62.83,3.94,0.0,0.0,0.0,1.56,0.02,19.21,43.61,4
2026-09-13 15:52:19,0.0,32.32,62.83,3.94,0.0,0.0,0.0,3.64,0.03,19.21,43.61,4
2026-09-13 15:52:20,0.0,32.32,62.83,3.94,0.0,0.0,0.0,3.64,0.03,19.21,43.61,4
2026-09-13 15:52:21,0.0,32.32,62.83,3.94,0.0,0.0,0.0,1.61,0.02,19.21,43.61,4
2026-09-13 15:52:22,0.0,32.32,62.83,3.94,0.0,0.0,0.0,3.64,0.02,19.21,43.61,4
2026-09-13 15:52:23,0.0,32.32,62.83,3.94,0.0,0.0,0.0,3.37,0.03,19.21,43.61,4
2026-09-13 15:52:24,0.0,32.32,62.83,3.94,0.0,0.0,0.0,1.56,0.01,19.21,43.61,4
2026-09-13 15:52:25,0.0,32.32,62.83,3.94,0.0,0.0,0.0,3.64,0.03,19.21,43.61,4
2026-09-13 15:52:26,0.0,32.32,62.83,3.94,0.0,0.0,0.0,3.64,0.02,19.21,43.61,4
2026-09-13 15:52:27,0.0,32.32,62.83,3.94,0.0,0.0,0.0,1.56,0.01,19.21,43.61,4
2026-09-13 15:52:28,0.0,32.32,62.83,3.94,0.0,0.0,0.0,3.63,0.02,19.21,43.61,4
2026-09-13 15:52:29,0.0,32.32,62.83,3.94,0.0,0.0,0.0,3.61,0.02,19.21,43.61,4
2026-09-13 15:52:30,0.0,32.32,62.83,3.94,0.0,0.0,0.0,1.58,0.01,19.21,43.61,4
2026-09-13 15:52:31,0.0,32.32,62.83,3.94,0.0,0.0,0.0,3.64,0.03,19.21,43.61,4
2026-09-13 15:52:32,0.0,32.32,62.83,3.94,0.0,0.0,0.0,3.38,0.03,19.21,43.61,4
2026-09-13 15:52:33,0.0,32.32,62.83,3.94,0.0,0.0,0.0,1.56,0.02,19.21,43.61,4
2026-09-13 15:52:34,0.0,32.32,62.83,3.94,0.0,0.0,0.0,3.63,0.03,19.21,43.61,4
2026-09-13 15:52:35,0.0,32.32,62.83,3.94,0.0,0.0,0.0,3.64,0.02,19.21,43.61,4
2026-09-13 15:52:36,0.0,32.32,62.83,3.94,0.0,0.0,0.0,1.56,0.01,19.21,43.61,4
2026-09-13 15:52:37,0.0,32.32,62.83,3.94,0.0,0.0,0.0,3.63,0.02,19.21,43.61,4
2026-09-13 15:52:38,0.0,32.32,62.83,3.94,0.0,0.0,0.0,3.63,0.02,19.21,43.61,4
2026-09-13 15:52:39,0.0,32.32,62.83,3.94,0.0,0.0,0.0,1.56,0.01,19.21,43.61,4
2026-09-13 15:52:40,0.0,32.32,62.83,3.94,0.0,0.0,0.0,3.64,0.02,19.21,43.61,4
2026-09-13 15:52:41,0.0,32.32,62.83,3.94,0.0,0.0,0.0,3.37,0.02,19.21,43.61,4
2026-09-13 15:52:42,0.0,32.32,62.83,3.94,0.0,0.0,0.0,1.56,0.02,19.21,43.61,4
2026-09-13 15:52:43,1.0,32.32,62.83,3.94,0.0,0.0,0.0,3.63,0.03,19.21,43.61,4
2026-09-13 15:52:44,0.0,32.32,62.83,3.94,0.0,0.0,0.0,3.63,0.02,19.21,43.61,4
2026-09-13 15:52:45,0.0,32.32,62.83,3.94,0.0,0.0,0.0,1.56,0.02,19.21,43.61,4
2026-09-13 15:52:46,0.0,32.32,62.83,3.94,0.0,0.0,0.0,3.63,0.03,19.21,43.61,4
2026-09-13 15:52:47,0.0,32.32,62.83,3.94,0.0,0.0,0.0,3.63,0.03,19.21,43.61,4
2026-09-13 15:52:48,0.0,32.32,62.83,3.94,0.0,0.0,0.0,1.56,0.02,19.21,43.61,4
2026-09-13 15:52:49,0.0,32.32,62.83,3.94,0.0,0.0,0.0,3.63,0.03,19.21,43.61,4
2026-09-13 15:52:50,0.0,32.32,62.83,3.94,0.0,0.0,0.0,3.38,0.03,19.21,43.61,4
2026-09-13 15:52:51,0.0,32.32,62.83,3.94,0.0,0.0,0.0,1.56,0.02,19.21,43.61,4
2026-09-13 15:52:52,0.0,32.32,62.83,3.94,0.0,0.0,0.0,3.63,0.02,19.21,43.61,4
2026-09-13 15:52:53,0.0,32.32,62.83,3.94,0.0,0.0,0.0,3.64,0.03,19.21,43.61,4
2026-09-13 15:52:54,0.0,32.32,62.83,3.94,0.0,0.0,0.0,1.56,0.02,19.21,43.61,4
2026-09-13 15:52:55,0.0,32.32,62.83,3.94,0.0,0.0,0.0,3.64,0.03,19.21,43.61,4
2026-09-13 15:52:56,0.0,32.32,62.83,3.94,0.0,0.0,0.0,3.63,0.02,19.21,43.61,4
2026-09-13 15:52:57,0.0,32.32,62.83,3.94,0.0,0.0,0.0,1.56,0.01,19.21,43.61,4
2026-09-13 15:52:58,0.0,32.32,62.83,3.94,0.0,0.0,0.0,3.63,0.03,19.21,43.61,4
2026-09-13 15:52:59,0.0,32.32,62.83,3.94,0.0,0.0,0.0,3.37,0.02,19.21,43.61,4
2026-09-13 15:53:00,0.0,32.32,62.83,3.94,0.0,0.0,0.0,1.56,0.01,19.21,43.61,4
2026-09-13 15:53:01,0.0,32.32,62.83,3.94,0.0,0.0,0.0,3.63,0.03,19.21,43.61,4
2026-09-13 15:53:02,0.0,32.32,62.83,3.94,0.0,0.0,0.0,3.64,0.02,19.21,43.61,4
2026-09-13 15:53:03,0.0,32.32,62.83,3.94,0.0,0.0,0.0,1.56,0.03,19.21,43.61,4
2026-09-13 15:53:04,0.0,32.32,62.83,3.94,0.0,0.0,0.0,3.64,0.03,19.21,43.61,4
2026-09-13 15:53:05,0.0,32.32,62.83,3.94,0.0,0.0,0.0,3.63,0.02,19.21,43.61,4
2026-09-13 15:53:06,0.0,32.32,62.83,3.94,0.0,0.0,0.0,1.61,0.01,19.21,43.61,4
2026-09-13 15:53:07,0.0,32.32,62.83,3.94,0.0,0.0,0.0,3.32,0.02,19.21,43.61,4
2026-09-13 15:53:08,0.0,32.04,55.66,3.9,0.0,0.0,0.0,3.37,0.02,13.8,41.86,3
2026-09-13 15:53:09,0.0,32.04,55.66,3.9,0.0,0.0,0.0,0.0,0.0,13.8,41.86,3
2026-09-13 15:53:10,0.0,32.04,55.66,3.9,0.0,0.0,0.0,2.08,0.02,13.8,41.86,3
2026-09-13 15:53:11,0.0,32.04,55.66,3.9,0.0,0.0,0.0,2.14,0.02,13.8,41.86,3
2026-09-13 15:53:12,0.0,32.04,55.66,3.9,0.0,0.0,0.0,0.32,0.01,13.8,41.86,3
2026-09-13 15:53:13,0.0,32.04,55.66,3.9,0.0,0.0,0.0,1.76,0.01,13.8,41.86,3
2026-09-13 15:53:14,0.0,32.04,55.66,3.9,0.0,0.0,0.0,2.07,0.02,13.8,41.86,3
2026-09-13 15:53:15,0.0,32.04,55.66,3.9,0.0,0.0,0.0,0.09,0.01,13.8,41.86,3
2026-09-13 15:53:16,0.0,32.04,55.66,3.9,0.0,0.0,0.0,1.99,0.02,13.8,41.86,3
2026-09-13 15:53:17,0.0,32.04,55.66,3.9,0.0,0.0,0.0,2.08,0.02,13.8,41.86,3
2026-09-13 15:53:18,0.0,32.04,55.66,3.9,0.0,0.0,0.0,0.32,0.01,13.8,41.86,3
2026-09-13 15:53:19,0.0,32.04,55.66,3.9,0.0,0.0,0.0,1.76,0.02,13.8,41.86,3
2026-09-13 15:53:20,0.0,32.04,55.66,3.9,0.0,0.0,0.0,2.08,0.02,13.8,41.86,3
2026-09-13 15:53:21,0.0,32.04,55.66,3.9,0.0,0.0,0.0,0.32,0.01,13.8,41.86,3
2026-09-13 15:53:22,0.0,32.19,62.83,3.68,0.0,0.0,0.0,2.62,0.02,19.21,43.61,4
2026-09-13 15:53:23,1.0,32.96,84.33,4.37,0.0,0.0,0.0,7.78,0.05,35.45,48.89,7
2026-09-13 15:53:24,0.0,33.94,113.0,5.27,0.0,0.0,0.0,11.61,0.06,57.09,55.92,11
2026-09-13 15:53:25,0.0,33.7,105.84,5.05,0.0,0.0,0.0,14.5,0.08,51.68,54.16,10
2026-09-13 15:53:27,0.0,33.21,91.5,4.61,0.0,0.0,0.0,12.01,0.06,40.86,50.64,8
2026-09-13 15:53:28,0.0,33.21,91.5,4.61,0.0,0.0,0.0,9.4,0.05,40.86,50.64,8
2026-09-13 15:53:29,0.0,33.21,91.5,4.61,0.0,0.0,0.0,9.81,0.05,40.86,50.64,8
2026-09-13 15:53:30,0.0,33.21,91.5,4.61,0.0,0.0,0.0,9.62,0.06,40.86,50.64,8
2026-09-13 15:53:31,0.0,32.71,77.16,4.15,0.0,0.0,0.0,8.14,0.04,30.04,47.13,6
2026-09-13 15:53:32,0.0,32.76,77.16,4.24,0.0,0.0,0.0,6.46,0.04,30.04,47.13,6
2026-09-13 15:53:33,1.0,32.76,77.16,4.24,0.0,0.0,0.0,6.74,0.04,30.04,47.13,6
2026-09-13 15:53:34,0.0,32.76,77.16,4.24,0.0,0.0,0.0,4.99,0.04,30.04,47.13,6
2026-09-13 15:53:35,0.0,32.76,77.16,4.24,0.0,0.0,0.0,6.43,0.04,30.04,47.13,6
2026-09-13 15:53:36,0.0,32.76,77.16,4.24,0.0,0.0,0.0,6.49,0.04,30.04,47.13,6
2026-09-13 15:53:37,0.0,32.76,77.16,4.24,0.0,0.0,0.0,4.74,0.03,30.04,47.13,6
2026-09-13 15:53:38,0.0,32.76,77.16,4.24,0.0,0.0,0.0,6.7,0.04,30.04,47.13,6
2026-09-13 15:53:39,0.0,32.76,77.16,4.24,0.0,0.0,0.0,6.75,0.04,30.04,47.13,6
2026-09-13 15:53:40,0.0,32.76,77.16,4.24,0.0,0.0,0.0,4.73,0.03,30.04,47.13,6
2026-09-13 15:53:41,0.0,32.76,77.16,4.24,0.0,0.0,0.0,6.44,0.04,30.04,47.13,6
2026-09-13 15:53:42,0.0,32.76,77.16,4.24,0.0,0.0,0.0,6.49,0.04,30.04,47.13,6
2026-09-13 15:53:43,0.0,32.76,77.16,4.24,0.0,0.0,0.0,4.99,0.03,30.04,47.13,6
2026-09-13 15:53:44,0.0,32.76,77.16,4.24,0.0,0.0,0.0,6.44,0.04,30.04,47.13,6
2026-09-13 15:53:45,0.0,32.76,77.16,4.24,0.0,0.0,0.0,6.49,0.04,30.04,47.13,6
2026-09-13 15:53:46,0.0,32.76,77.16,4.24,0.0,0.0,0.0,5.0,0.04,30.04,47.13,6
2026-09-13 15:53:47,0.0,32.76,77.16,4.24,0.0,0.0,0.0,6.44,0.04,30.04,47.13,6
2026-09-13 15:53:48,0.0,32.76,77.16,4.24,0.0,0.0,0.0,6.76,0.04,30.04,47.13,6
2026-09-13 15:53:49,0.0,32.76,77.16,4.24,0.0,0.0,0.0,4.66,0.03,30.04,47.13,6
2026-09-13 15:53:50,0.0,32.76,77.16,4.24,0.0,0.0,0.0,6.54,0.05,30.04,47.13,6
2026-09-13 15:53:51,0.0,32.76,77.16,4.24,0.0,0.0,0.0,6.49,0.04,30.04,47.13,6
2026-09-13 15:53:52,0.0,32.76,77.16,4.24,0.0,0.0,0.0,5.54,0.04,30.04,47.13,6
2026-09-13 15:53:53,0.0,32.76,77.16,4.24,0.0,0.0,0.0,5.89,0.03,30.04,47.13,6
2026-09-13 15:53:54,0.0,32.76,77.16,4.24,0.0,0.0,0.0,6.49,0.04,30.04,47.13,6
2026-09-13 15:53:55,0.0,32.76,77.16,4.24,0.0,0.0,0.0,6.49,0.04,30.04,47.13,6
2026-09-13 15:53:56,0.0,32.76,77.16,4.24,0.0,0.0,0.0,4.94,0.04,30.04,47.13,6
2026-09-13 15:53:57,0.0,32.76,77.16,4.24,0.0,0.0,0.0,6.75,0.04,30.04,47.13,6
2026-09-13 15:53:58,0.0,32.76,77.16,4.24,0.0,0.0,0.0,6.49,0.04,30.04,47.13,6
2026-09-13 15:53:59,0.0,32.76,77.16,4.24,0.0,0.0,0.0,4.68,0.04,30.04,47.13,6
2026-09-13 15:54:00,0.0,32.76,77.16,4.24,0.0,0.0,0.0,6.49,0.03,30.04,47.13,6
2026-09-13 15:54:01,0.0,32.76,77.16,4.24,0.0,0.0,0.0,6.75,0.04,30.04,47.13,6
2026-09-13 15:54:02,0.0,32.76,77.16,4.24,0.0,0.0,0.0,4.67,0.03,30.04,47.13,6
2026-09-13 15:54:03,0.0,32.76,77.16,4.24,0.0,0.0,0.0,6.5,0.04,30.04,47.13,6
2026-09-13 15:54:04,1.0,32.76,77.16,4.24,0.0,0.0,0.0,6.5,0.04,30.04,47.13,6
2026-09-13 15:54:05,0.0,32.76,77.16,4.24,0.0,0.0,0.0,4.92,0.03,30.04,47.13,6
2026-09-13 15:54:06,0.0,32.76,77.16,4.24,0.0,0.0,0.0,6.73,0.04,30.04,47.13,6
2026-09-13 15:54:07,0.0,32.76,77.16,4.24,0.0,0.0,0.0,6.51,0.04,30.04,47.13,6
2026-09-13 15:54:08,0.0,32.76,77.16,4.24,0.0,0.0,0.0,4.68,0.03,30.04,47.13,6
2026-09-13 15:54:09,0.0,32.76,77.16,4.24,0.0,0.0,0.0,6.49,0.04,30.04,47.13,6
2026-09-13 15:54:10,0.0,32.76,77.16,4.24,0.0,0.0,0.0,6.49,0.04,30.04,47.13,6
2026-09-13 15:54:11,0.0,32.76,77.16,4.24,0.0,0.0,0.0,4.94,0.03,30.04,47.13,6
2026-09-13 15:54:12,0.0,32.76,77.16,4.24,0.0,0.0,0.0,6.51,0.04,30.04,47.13,6
2026-09-13 15:54:13,0.0,32.76,77.16,4.24,0.0,0.0,0.0,6.74,0.04,30.04,47.13,6
2026-09-13 15:54:14,0.0,32.76,77.16,4.24,0.0,0.0,0.0,4.68,0.03,30.04,47.13,6
2026-09-13 15:54:15,0.0,32.76,77.16,4.24,0.0,0.0,0.0,6.75,0.04,30.04,47.13,6
2026-09-13 15:54:16,0.0,32.76,77.16,4.24,0.0,0.0,0.0,6.5,0.04,30.04,47.13,6
2026-09-13 15:54:17,0.0,32.76,77.16,4.24,0.0,0.0,0.0,4.67,0.03,30.04,47.13,6
2026-09-13 15:54:18,0.0,32.76,77.16,4.24,0.0,0.0,0.0,6.49,0.04,30.04,47.13,6
2026-09-13 15:54:19,0.0,32.76,77.16,4.24,0.0,0.0,0.0,6.77,0.05,30.04,47.13,6
2026-09-13 15:54:20,0.0,32.76,77.16,4.24,0.0,0.0,0.0,4.66,0.03,30.04,47.13,6
2026-09-13 15:54:21,0.0,32.76,77.16,4.24,0.0,0.0,0.0,6.75,0.04,30.04,47.13,6
2026-09-13 15:54:22,0.0,32.76,77.16,4.24,0.0,0.0,0.0,6.49,0.04,30.04,47.13,6
2026-09-13 15:54:23,0.0,32.76,77.16,4.24,0.0,0.0,0.0,4.68,0.03,30.04,47.13,6
2026-09-13 15:54:24,0.0,32.76,77.16,4.24,0.0,0.0,0.0,6.75,0.04,30.04,47.13,6
2026-09-13 15:54:25,0.0,32.77,77.16,4.24,0.0,0.0,0.0,6.51,0.04,30.04,47.13,6
2026-09-13 15:54:26,0.0,32.77,77.16,4.24,0.0,0.0,0.0,4.67,0.03,30.04,47.13,6
2026-09-13 15:54:27,0.0,32.77,77.16,4.24,0.0,0.0,0.0,6.99,0.04,30.04,47.13,6
2026-09-13 15:54:28,0.0,32.77,77.16,4.24,0.0,0.0,0.0,6.26,0.03,30.04,47.13,6
2026-09-13 15:54:29,0.0,32.76,77.16,4.24,0.0,0.0,0.0,4.92,0.03,30.04,47.13,6
2026-09-13 15:54:30,0.0,32.77,77.16,4.24,0.0,0.0,0.0,6.49,0.04,30.04,47.13,6
2026-09-13 15:54:31,0.0,32.77,77.16,4.24,0.0,0.0,0.0,6.76,0.04,30.04,47.13,6
2026-09-13 15:54:32,0.0,32.76,77.16,4.24,0.0,0.0,0.0,4.43,0.04,30.04,47.13,6
2026-09-13 15:54:33,0.0,32.76,77.16,4.24,0.0,0.0,0.0,6.74,0.05,30.04,47.13,6
2026-09-13 15:54:34,0.0,32.76,77.16,4.24,0.0,0.0,0.0,6.75,0.04,30.04,47.13,6
2026-09-13 15:54:35,0.0,32.04,55.66,3.9,0.0,0.0,0.0,1.3,0.01,13.8,41.86,3
2026-09-13 15:54:36,0.0,32.04,55.66,3.9,0.0,0.0,0.0,2.08,0.02,13.8,41.86,3
2026-09-13 15:54:37,0.0,32.04,55.66,3.9,0.0,0.0,0.0,5.19,0.03,13.8,41.86,3
2026-09-13 15:54:38,0.0,32.04,55.66,3.9,0.0,0.0,0.0,0.0,0.01,13.8,41.86,3
2026-09-13 15:54:39,1.0,32.04,55.66,3.9,0.0,0.0,0.0,2.07,0.01,13.8,41.86,3
2026-09-13 15:54:40,0.0,32.04,55.66,3.9,0.0,0.0,0.0,2.08,0.01,13.8,41.86,3
2026-09-13 15:54:41,0.0,32.04,55.66,3.9,0.0,0.0,0.0,0.01,0.01,13.8,41.86,3
2026-09-13 15:54:42,0.0,32.04,55.66,3.9,0.0,0.0,0.0,2.07,0.02,13.8,41.86,3
2026-09-13 15:54:43,0.0,32.04,55.66,3.9,0.0,0.0,0.0,2.08,0.02,13.8,41.86,3
2026-09-13 15:54:44,0.0,32.04,55.66,3.9,0.0,0.0,0.0,0.0,0.01,13.8,41.86,3
2026-09-13 15:54:45,0.0,32.04,55.66,3.9,0.0,0.0,0.0,2.07,0.02,13.8,41.86,3
2026-09-13 15:54:46,0.0,32.04,55.66,3.9,0.0,0.0,0.0,2.08,0.02,13.8,41.86,3
2026-09-13 15:54:47,1.0,32.31,62.83,3.92,0.0,0.0,0.0,74.49,0.35,19.21,43.61,4
2026-09-13 15:54:48,1.0,32.31,62.83,3.93,0.0,0.0,0.0,111.52,0.5,19.21,43.61,4
2026-09-13 15:54:49,0.0,32.31,62.83,3.93,0.0,0.0,0.0,101.89,0.46,19.21,43.61,4
2026-09-13 15:54:50,1.0,32.31,62.83,3.93,0.0,0.0,0.0,105.58,0.48,19.21,43.61,4
2026-09-13 15:54:51,1.0,32.31,62.83,3.93,0.0,0.0,0.0,101.4,0.46,19.21,43.61,4
2026-09-13 15:54:52,0.0,32.31,62.83,3.93,0.0,0.0,0.0,105.13,0.47,19.21,43.61,4
2026-09-13 15:54:53,1.0,32.31,62.83,3.93,0.0,0.0,0.0,111.94,0.5,19.21,43.61,4
2026-09-13 15:54:54,1.0,32.31,62.83,3.93,0.0,0.0,0.0,108.49,0.49,19.21,43.61,4
2026-09-13 15:54:55,0.0,32.31,62.83,3.93,0.0,0.0,0.0,110.04,0.5,19.21,43.61,4
2026-09-13 15:54:56,1.0,32.31,62.83,3.93,0.0,0.0,0.0,102.22,0.46,19.21,43.61,4
2026-09-13 15:54:57,1.0,32.31,62.83,3.93,0.0,0.0,0.0,106.97,0.48,19.21,43.61,4
2026-09-13 15:54:58,0.0,32.31,62.83,3.93,0.0,0.0,0.0,113.24,0.51,19.21,43.61,4
2026-09-13 15:54:59,1.0,32.31,62.83,3.93,0.0,0.0,0.0,109.14,0.49,19.21,43.61,4
2026-09-13 15:55:00,1.0,32.31,62.83,3.93,0.0,0.0,0.0,102.71,0.46,19.21,43.61,4
2026-09-13 15:55:01,1.0,32.31,62.83,3.93,0.0,0.0,0.0,112.38,0.51,19.21,43.61,4
2026-09-13 15:55:02,0.0,32.31,62.83,3.93,0.0,0.0,0.0,100.05,0.44,19.21,43.61,4
2026-09-13 15:55:03,1.0,32.31,62.83,3.93,0.0,0.0,0.0,109.21,0.5,19.21,43.61,4
2026-09-13 15:55:04,1.0,32.31,62.83,3.93,0.0,0.0,0.0,109.46,0.49,19.21,43.61,4
2026-09-13 15:55:05,0.0,32.31,62.83,3.93,0.0,0.0,0.0,105.07,0.47,19.21,43.61,4
2026-09-13 15:55:06,1.0,32.31,62.83,3.93,0.0,0.0,0.0,104.25,0.47,19.21,43.61,4
2026-09-13 15:55:07,1.0,32.31,62.83,3.93,0.0,0.0,0.0,110.06,0.5,19.21,43.61,4
2026-09-13 15:55:08,0.0,32.31,62.83,3.93,0.0,0.0,0.0,101.2,0.45,19.21,43.61,4
2026-09-13 15:55:09,1.0,32.31,62.83,3.93,0.0,0.0,0.0,113.1,0.51,19.21,43.61,4
2026-09-13 15:55:11,1.0,32.31,62.83,3.93,0.0,0.0,0.0,105.54,0.47,19.21,43.61,4
2026-09-13 15:55:12,1.0,32.31,62.83,3.93,0.0,0.0,0.0,111.36,0.5,19.21,43.61,4
2026-09-13 15:55:13,0.0,32.04,55.66,3.9,0.0,0.0,0.0,7.81,0.04,13.8,41.86,3
2026-09-13 15:55:14,0.0,32.04,55.66,3.9,0.0,0.0,0.0,2.08,0.02,13.8,41.86,3
2026-09-13 15:55:15,0.0,32.04,55.66,3.9,0.0,0.0,0.0,0.32,0.01,13.8,41.86,3
2026-09-13 15:55:16,0.0,32.04,55.66,3.9,0.0,0.0,0.0,1.76,0.02,13.8,41.86,3
2026-09-13 15:55:17,0.0,32.04,55.66,3.9,0.0,0.0,0.0,2.08,0.02,13.8,41.86,3
2026-09-13 15:55:18,0.0,32.04,55.66,3.9,0.0,0.0,0.0,0.32,0.01,13.8,41.86,3
2026-09-13 15:55:19,0.0,32.04,55.66,3.9,0.0,0.0,0.0,1.76,0.02,13.8,41.86,3
2026-09-13 15:55:20,0.0,32.04,55.66,3.9,0.0,0.0,0.0,2.08,0.02,13.8,41.86,3
2026-09-13 15:55:21,0.0,32.3,62.83,3.9,0.0,0.0,0.0,66.42,0.31,19.21,43.61,4
2026-09-13 15:55:22,1.0,32.45,70.0,3.91,0.0,0.0,0.0,104.85,0.5,24.62,45.37,5
2026-09-13 15:55:23,1.0,32.71,77.16,4.14,0.0,0.0,0.0,118.65,0.59,30.04,47.13,6
2026-09-13 15:55:24,0.0,32.71,77.16,4.14,0.0,0.0,0.0,118.46,0.6,30.04,47.13,6
2026-09-13 15:55:25,0.0,32.71,77.16,4.14,0.0,0.0,0.0,118.82,0.61,30.04,47.13,6
2026-09-13 15:55:26,0.0,32.31,62.83,3.92,0.0,0.0,0.0,117.69,0.59,19.21,43.61,4
2026-09-13 15:55:27,1.0,32.31,62.83,3.92,0.0,0.0,0.0,111.33,0.5,19.21,43.61,4
2026-09-13 15:55:28,1.0,32.31,62.83,3.92,0.0,0.0,0.0,109.1,0.49,19.21,43.61,4
2026-09-13 15:55:29,0.0,32.31,62.83,3.92,0.0,0.0,0.0,105.71,0.47,19.21,43.61,4
2026-09-13 15:55:30,1.0,32.31,62.83,3.92,0.0,0.0,0.0,99.41,0.45,19.21,43.61,4
2026-09-13 15:55:31,1.0,32.31,62.83,3.92,0.0,0.0,0.0,108.6,0.48,19.21,43.61,4
2026-09-13 15:55:32,0.0,32.31,62.83,3.93,0.0,0.0,0.0,111.54,0.51,19.21,43.61,4
2026-09-13 15:55:33,1.0,32.31,62.83,3.93,0.0,0.0,0.0,110.11,0.5,19.21,43.61,4
2026-09-13 15:55:34,1.0,32.31,62.83,3.93,0.0,0.0,0.0,104.45,0.48,19.21,43.61,4
2026-09-13 15:55:35,1.0,32.31,62.83,3.93,0.0,0.0,0.0,107.66,0.49,19.21,43.61,4
2026-09-13 15:55:36,0.0,32.31,62.83,3.93,0.0,0.0,0.0,109.73,0.49,19.21,43.61,4
2026-09-13 15:55:37,1.0,32.31,62.83,3.93,0.0,0.0,0.0,105.68,0.47,19.21,43.61,4
2026-09-13 15:55:38,1.0,32.31,62.83,3.93,0.0,0.0,0.0,106.42,0.49,19.21,43.61,4
2026-09-13 15:55:39,0.0,32.31,62.83,3.93,0.0,0.0,0.0,108.82,0.49,19.21,43.61,4
2026-09-13 15:55:40,1.0,32.31,62.83,3.93,0.0,0.0,0.0,104.74,0.47,19.21,43.61,4
2026-09-13 15:55:41,1.0,32.31,62.83,3.93,0.0,0.0,0.0,104.98,0.47,19.21,43.61,4
2026-09-13 15:55:42,0.0,32.31,62.83,3.93,0.0,0.0,0.0,109.52,0.5,19.21,43.61,4
2026-09-13 15:55:43,1.0,32.31,62.83,3.93,0.0,0.0,0.0,104.75,0.47,19.21,43.61,4
2026-09-13 15:55:44,1.0,32.31,62.83,3.93,0.0,0.0,0.0,109.15,0.49,19.21,43.61,4
2026-09-13 15:55:45,0.0,32.31,62.83,3.93,0.0,0.0,0.0,108.53,0.49,19.21,43.61,4
2026-09-13 15:55:46,0.0,32.03,55.66,3.9,0.0,0.0,0.0,11.15,0.06,13.8,41.86,3
2026-09-13 15:55:47,0.0,32.04,55.66,3.9,0.0,0.0,0.0,2.08,0.02,13.8,41.86,3
2026-09-13 15:55:48,0.0,32.04,55.66,3.9,0.0,0.0,0.0,2.08,0.02,13.8,41.86,3
2026-09-13 15:55:49,0.0,32.04,55.66,3.9,0.0,0.0,0.0,0.0,0.01,13.8,41.86,3
2026-09-13 15:55:50,0.0,32.04,55.66,3.9,0.0,0.0,0.0,2.08,0.02,13.8,41.86,3
2026-09-13 15:55:51,0.0,32.04,55.66,3.9,0.0,0.0,0.0,2.08,0.02,13.8,41.86,3
2026-09-13 15:55:52,0.0,32.04,55.66,3.9,0.0,0.0,0.0,0.0,0.01,13.8,41.86,3
2026-09-13 15:55:53,0.0,32.04,55.66,3.9,0.0,0.0,0.0,2.08,0.02,13.8,41.86,3
2026-09-13 15:55:54,0.0,32.45,70.0,3.91,0.0,0.0,0.0,60.03,0.28,24.62,45.37,5
2026-09-13 15:55:55,1.0,32.45,70.0,3.91,0.0,0.0,0.0,110.96,0.52,24.62,45.37,5
2026-09-13 15:55:56,0.0,32.96,84.33,4.37,0.0,0.0,0.0,118.56,0.59,35.45,48.89,7
2026-09-13 15:55:57,2.0,33.47,98.67,4.85,0.0,0.0,0.0,118.71,0.61,46.27,52.4,9
2026-09-13 15:55:58,0.0,32.82,77.16,4.37,0.0,0.0,0.0,118.39,0.59,30.04,47.13,6
2026-09-13 15:55:59,0.0,32.82,77.16,4.37,0.0,0.0,0.0,118.86,0.59,30.04,47.13,6
2026-09-13 15:56:00,0.0,32.31,62.83,3.92,0.0,0.0,0.0,110.4,0.53,19.21,43.61,4
2026-09-13 15:56:01,1.0,32.31,62.83,3.92,0.0,0.0,0.0,100.67,0.45,19.21,43.61,4
2026-09-13 15:56:02,1.0,32.31,62.83,3.92,0.0,0.0,0.0,102.11,0.46,19.21,43.61,4
2026-09-13 15:56:03,0.0,32.31,62.83,3.92,0.0,0.0,0.0,98.74,0.45,19.21,43.61,4
2026-09-13 15:56:04,1.0,32.31,62.83,3.92,0.0,0.0,0.0,93.98,0.42,19.21,43.61,4
2026-09-13 15:56:05,1.0,32.31,62.83,3.93,0.0,0.0,0.0,106.07,0.48,19.21,43.61,4
2026-09-13 15:56:06,0.0,32.31,62.83,3.93,0.0,0.0,0.0,94.12,0.42,19.21,43.61,4
2026-09-13 15:56:07,1.0,32.31,62.83,3.93,0.0,0.0,0.0,89.11,0.39,19.21,43.61,4
2026-09-13 15:56:08,1.0,32.29,62.83,3.93,0.0,0.0,0.0,97.9,0.45,19.21,43.61,4
2026-09-13 15:56:09,0.0,32.31,62.83,3.93,0.0,0.0,0.0,103.27,0.46,19.21,43.61,4
2026-09-13 15:56:10,1.0,32.31,62.83,3.93,0.0,0.0,0.0,96.41,0.43,19.21,43.61,4
2026-09-13 15:56:11,1.0,32.31,62.83,3.93,0.0,0.0,0.0,104.5,0.47,19.21,43.61,4
2026-09-13 15:56:12,0.0,32.31,62.83,3.93,0.0,0.0,0.0,102.69,0.46,19.21,43.61,4
2026-09-13 15:56:13,1.0,32.31,62.83,3.93,0.0,0.0,0.0,98.87,0.45,19.21,43.61,4
2026-09-13 15:56:14,1.0,32.31,62.83,3.93,0.0,0.0,0.0,96.9,0.43,19.21,43.61,4
2026-09-13 15:56:15,0.0,32.31,62.83,3.93,0.0,0.0,0.0,97.46,0.44,19.21,43.61,4
2026-09-13 15:56:16,1.0,32.31,62.83,3.93,0.0,0.0,0.0,102.34,0.46,19.21,43.61,4
2026-09-13 15:56:17,1.0,32.31,62.83,3.93,0.0,0.0,0.0,93.81,0.42,19.21,43.61,4
2026-09-13 15:56:18,0.0,32.31,62.83,3.93,0.0,0.0,0.0,98.83,0.44,19.21,43.61,4
2026-09-13 15:56:19,0.0,32.04,55.66,3.9,0.0,0.0,0.0,17.68,0.09,13.8,41.86,3
2026-09-13 15:56:20,0.0,32.04,55.66,3.9,0.0,0.0,0.0,1.76,0.02,13.8,41.86,3
2026-09-13 15:56:21,0.0,32.04,55.66,3.9,0.0,0.0,0.0,2.08,0.02,13.8,41.86,3
2026-09-13 15:56:22,0.0,32.04,55.66,3.9,0.0,0.0,0.0,0.32,0.01,13.8,41.86,3
2026-09-13 15:56:23,0.0,32.04,55.66,3.9,0.0,0.0,0.0,1.76,0.02,13.8,41.86,3
2026-09-13 15:56:24,0.0,32.04,55.66,3.9,0.0,0.0,0.0,2.07,0.02,13.8,41.86,3
2026-09-13 15:56:25,0.0,32.04,55.66,3.9,0.0,0.0,0.0,0.32,0.01,13.8,41.86,3
2026-09-13 15:56:26,0.0,32.04,55.66,3.9,0.0,0.0,0.0,1.76,0.01,13.8,41.86,3
2026-09-13 15:56:27,0.0,32.03,55.66,3.9,0.0,0.0,0.0,2.08,0.02,13.8,41.86,3
2026-09-13 15:56:28,0.0,32.04,55.66,3.9,0.0,0.0,0.0,0.32,0.01,13.8,41.86,3
2026-09-13 15:56:29,0.0,32.04,55.66,3.9,0.0,0.0,0.0,1.76,0.02,13.8,41.86,3
2026-09-13 15:56:30,0.0,32.04,55.66,3.9,0.0,0.0,0.0,2.07,0.01,13.8,41.86,3
2026-09-13 15:56:31,0.0,32.04,55.66,3.9,0.0,0.0,0.0,0.32,0.01,13.8,41.86,3
2026-09-13 15:56:32,0.0,32.04,55.66,3.9,0.0,0.0,0.0,1.76,0.02,13.8,41.86,3
2026-09-13 15:56:33,0.0,32.04,55.66,3.9,0.0,0.0,0.0,2.08,0.03,13.8,41.86,3
2026-09-13 15:56:34,0.0,32.04,55.66,3.9,0.0,0.0,0.0,0.32,0.01,13.8,41.86,3
2026-09-13 15:56:35,0.0,32.04,55.66,3.9,0.0,0.0,0.0,1.76,0.01,13.8,41.86,3
2026-09-13 15:56:36,0.0,32.04,55.66,3.9,0.0,0.0,0.0,2.07,0.01,13.8,41.86,3
2026-09-13 15:56:37,0.0,32.04,55.66,3.9,0.0,0.0,0.0,0.32,0.01,13.8,41.86,3
2026-09-13 15:56:38,0.0,32.04,55.66,3.9,0.0,0.0,0.0,1.76,0.02,13.8,41.86,3
2026-09-13 15:56:39,0.0,32.04,55.66,3.9,0.0,0.0,0.0,2.07,0.02,13.8,41.86,3
2026-09-13 15:56:40,0.0,32.04,55.66,3.9,0.0,0.0,0.0,0.32,0.01,13.8,41.86,3
2026-09-13 15:56:41,0.0,32.04,55.66,3.9,0.0,0.0,0.0,1.76,0.01,13.8,41.86,3
2026-09-13 15:56:42,0.0,32.03,55.66,3.9,0.0,0.0,0.0,2.08,0.02,13.8,41.86,3
2026-09-13 15:56:43,0.0,32.04,55.66,3.9,0.0,0.0,0.0,0.32,0.01,13.8,41.86,3
2026-09-13 15:56:44,0.0,32.04,55.66,3.9,0.0,0.0,0.0,1.76,0.02,13.8,41.86,3
2026-09-13 15:56:45,0.0,32.04,55.66,3.9,0.0,0.0,0.0,2.08,0.02,13.8,41.86,3
2026-09-13 15:56:46,0.0,32.04,55.66,3.9,0.0,0.0,0.0,0.31,0.01,13.8,41.86,3
2026-09-13 15:56:47,0.0,32.04,55.66,3.9,0.0,0.0,0.0,1.76,0.02,13.8,41.86,3
2026-09-13 15:56:48,0.0,32.04,55.66,3.9,0.0,0.0,0.0,2.08,0.02,13.8,41.86,3
2026-09-13 15:56:50,4.0,32.06,55.66,3.94,0.0,0.0,0.0,0.38,0.04,13.8,41.86,3
2026-09-13 15:56:51,1.0,32.48,70.0,3.94,0.0,0.0,0.0,89.09,0.42,24.62,45.37,5
2026-09-13 15:56:52,2.0,32.33,62.83,3.93,0.0,0.0,0.0,96.41,0.44,19.21,43.61,4
2026-09-13 15:56:53,0.0,32.33,62.83,3.93,0.0,0.0,0.0,101.97,0.46,19.21,43.61,4
2026-09-13 15:56:54,1.0,32.33,62.83,3.93,0.0,0.0,0.0,104.52,0.47,19.21,43.61,4
2026-09-13 15:56:55,1.0,32.33,62.83,3.93,0.0,0.0,0.0,112.02,0.52,19.21,43.61,4
2026-09-13 15:56:56,0.0,32.33,62.83,3.94,0.0,0.0,0.0,106.05,0.48,19.21,43.61,4
2026-09-13 15:56:57,1.0,32.33,62.83,3.94,0.0,0.0,0.0,109.98,0.49,19.21,43.61,4
2026-09-13 15:56:58,1.0,32.33,62.83,3.94,0.0,0.0,0.0,101.22,0.46,19.21,43.61,4
2026-09-13 15:56:59,1.0,32.33,62.83,3.94,0.0,0.0,0.0,106.49,0.48,19.21,43.61,4
2026-09-13 15:57:00,0.0,32.33,62.83,3.94,0.0,0.0,0.0,110.73,0.5,19.21,43.61,4
2026-09-13 15:57:01,1.0,32.33,62.83,3.94,0.0,0.0,0.0,115.19,0.51,19.21,43.61,4
2026-09-13 15:57:02,1.0,32.33,62.83,3.94,0.0,0.0,0.0,112.31,0.51,19.21,43.61,4
2026-09-13 15:57:03,0.0,32.33,62.83,3.94,0.0,0.0,0.0,113.53,0.51,19.21,43.61,4
2026-09-13 15:57:04,1.0,32.33,62.83,3.94,0.0,0.0,0.0,108.79,0.5,19.21,43.61,4
2026-09-13 15:57:05,1.0,32.34,62.83,3.95,0.0,0.0,0.0,111.47,0.5,19.21,43.61,4
2026-09-13 15:57:06,1.0,32.34,62.83,3.95,0.0,0.0,0.0,98.54,0.44,19.21,43.61,4
2026-09-13 15:57:07,0.0,32.34,62.83,3.95,0.0,0.0,0.0,115.69,0.52,19.21,43.61,4
2026-09-13 15:57:08,1.0,32.34,62.83,3.95,0.0,0.0,0.0,104.07,0.46,19.21,43.61,4
2026-09-13 15:57:09,1.0,32.34,62.83,3.95,0.0,0.0,0.0,104.41,0.47,19.21,43.61,4
2026-09-13 15:57:10,0.0,32.34,62.83,3.95,0.0,0.0,0.0,104.84,0.47,19.21,43.61,4
2026-09-13 15:57:11,1.0,32.34,62.83,3.95,0.0,0.0,0.0,104.24,0.47,19.21,43.61,4
2026-09-13 15:57:12,0.0,32.34,62.83,3.95,0.0,0.0,0.0,103.45,0.46,19.21,43.61,4
2026-09-13 15:57:13,1.0,32.34,62.83,3.95,0.0,0.0,0.0,111.57,0.5,19.21,43.61,4
2026-09-13 15:57:14,1.0,32.34,62.83,3.95,0.0,0.0,0.0,111.56,0.5,19.21,43.61,4
2026-09-13 15:57:15,0.0,32.06,55.66,3.94,0.0,0.0,0.0,99.26,0.45,13.8,41.86,3
2026-09-13 15:57:16,0.0,32.06,55.66,3.94,0.0,0.0,0.0,2.08,0.02,13.8,41.86,3
2026-09-13 15:57:17,0.0,32.06,55.66,3.94,0.0,0.0,0.0,2.07,0.01,13.8,41.86,3
2026-09-13 15:57:18,0.0,32.06,55.66,3.94,0.0,0.0,0.0,0.0,0.01,13.8,41.86,3
2026-09-13 15:57:19,0.0,32.06,55.66,3.94,0.0,0.0,0.0,2.08,0.02,13.8,41.86,3
2026-09-13 15:57:20,1.0,32.06,55.66,3.94,0.0,0.0,0.0,2.08,0.03,13.8,41.86,3
2026-09-13 15:57:21,0.0,32.06,55.66,3.94,0.0,0.0,0.0,0.0,0.01,13.8,41.86,3
2026-09-13 15:57:22,0.0,32.06,55.66,3.94,0.0,0.0,0.0,2.07,0.02,13.8,41.86,3
2026-09-13 15:57:23,0.0,32.06,55.66,3.94,0.0,0.0,0.0,2.08,0.02,13.8,41.86,3
2026-09-13 15:57:24,0.0,32.06,55.66,3.94,0.0,0.0,0.0,0.0,0.01,13.8,41.86,3
2026-09-13 15:57:25,0.0,32.06,55.66,3.94,0.0,0.0,0.0,2.08,0.02,13.8,41.86,3
2026-09-13 15:57:26,0.0,32.06,55.66,3.94,0.0,0.0,0.0,2.07,0.01,13.8,41.86,3
2026-09-13 15:57:27,0.0,32.06,55.66,3.94,0.0,0.0,0.0,0.0,0.0,13.8,41.86,3
2026-09-13 15:57:28,0.0,32.06,55.66,3.94,0.0,0.0,0.0,2.08,0.02,13.8,41.86,3
2026-09-13 15:57:29,0.0,32.06,55.66,3.94,0.0,0.0,0.0,2.08,0.02,13.8,41.86,3
2026-09-13 15:57:30,0.0,32.06,55.66,3.94,0.0,0.0,0.0,0.0,0.0,13.8,41.86,3
2026-09-13 15:57:31,0.0,32.06,55.66,3.94,0.0,0.0,0.0,2.08,0.02,13.8,41.86,3
2026-09-13 15:57:32,0.0,32.21,62.83,3.7,0.0,0.0,0.0,15.06,0.08,19.21,43.61,4
2026-09-13 15:57:33,0.0,32.48,70.0,3.94,0.0,0.0,0.0,114.15,0.54,24.62,45.37,5
2026-09-13 15:57:34,1.0,32.74,77.16,4.18,0.0,0.0,0.0,117.21,0.57,30.04,47.13,6
2026-09-13 15:57:35,0.0,32.75,77.16,4.18,0.0,0.0,0.0,118.89,0.6,30.04,47.13,6
2026-09-13 15:57:36,0.0,32.75,77.16,4.18,0.0,0.0,0.0,118.77,0.6,30.04,47.13,6
2026-09-13 15:57:37,0.0,32.75,77.16,4.18,0.0,0.0,0.0,118.78,0.61,30.04,47.13,6
2026-09-13 15:57:38,1.0,32.33,62.83,3.94,0.0,0.0,0.0,112.36,0.54,19.21,43.61,4
2026-09-13 15:57:39,0.0,32.33,62.83,3.94,0.0,0.0,0.0,105.56,0.47,19.21,43.61,4
2026-09-13 15:57:40,1.0,32.34,62.83,3.95,0.0,0.0,0.0,109.33,0.5,19.21,43.61,4
2026-09-13 15:57:41,1.0,32.34,62.83,3.95,0.0,0.0,0.0,111.42,0.5,19.21,43.61,4
2026-09-13 15:57:42,0.0,32.34,62.83,3.95,0.0,0.0,0.0,105.69,0.47,19.21,43.61,4
2026-09-13 15:57:43,1.0,32.34,62.83,3.95,0.0,0.0,0.0,112.68,0.51,19.21,43.61,4
2026-09-13 15:57:44,1.0,32.34,62.83,3.95,0.0,0.0,0.0,113.72,0.51,19.21,43.61,4
2026-09-13 15:57:45,1.0,32.34,62.83,3.95,0.0,0.0,0.0,107.31,0.49,19.21,43.61,4
2026-09-13 15:57:46,0.0,32.34,62.83,3.95,0.0,0.0,0.0,112.05,0.51,19.21,43.61,4
2026-09-13 15:57:47,1.0,32.34,62.83,3.95,0.0,0.0,0.0,110.46,0.5,19.21,43.61,4
2026-09-13 15:57:48,1.0,32.34,62.83,3.95,0.0,0.0,0.0,111.51,0.5,19.21,43.61,4
2026-09-13 15:57:49,0.0,32.34,62.83,3.95,0.0,0.0,0.0,102.4,0.47,19.21,43.61,4
2026-09-13 15:57:50,1.0,32.34,62.83,3.95,0.0,0.0,0.0,109.87,0.5,19.21,43.61,4
2026-09-13 15:57:51,1.0,32.34,62.83,3.95,0.0,0.0,0.0,110.37,0.51,19.21,43.61,4
2026-09-13 15:57:52,0.0,32.34,62.83,3.95,0.0,0.0,0.0,114.37,0.52,19.21,43.61,4
2026-09-13 15:57:53,1.0,32.34,62.83,3.95,0.0,0.0,0.0,108.21,0.49,19.21,43.61,4
2026-09-13 15:57:54,1.0,32.34,62.83,3.95,0.0,0.0,0.0,114.77,0.52,19.21,43.61,4
2026-09-13 15:57:55,1.0,32.34,62.83,3.95,0.0,0.0,0.0,112.06,0.51,19.21,43.61,4
2026-09-13 15:57:56,0.0,32.34,62.83,3.95,0.0,0.0,0.0,109.62,0.5,19.21,43.61,4
2026-09-13 15:57:57,0.0,32.06,55.66,3.94,0.0,0.0,0.0,65.62,0.3,13.8,41.86,3
2026-09-13 15:57:58,0.0,32.06,55.66,3.94,0.0,0.0,0.0,1.77,0.02,13.8,41.86,3
2026-09-13 15:57:59,0.0,32.06,55.66,3.94,0.0,0.0,0.0,2.08,0.02,13.8,41.86,3
2026-09-13 15:58:00,0.0,32.04,55.66,3.94,0.0,0.0,0.0,0.31,0.0,13.8,41.86,3
2026-09-13 15:58:01,0.0,32.06,55.66,3.94,0.0,0.0,0.0,1.76,0.02,13.8,41.86,3
2026-09-13 15:58:02,0.0,32.06,55.66,3.94,0.0,0.0,0.0,2.07,0.01,13.8,41.86,3
2026-09-13 15:58:03,0.0,32.06,55.66,3.94,0.0,0.0,0.0,0.32,0.01,13.8,41.86,3
2026-09-13 15:58:04,0.0,32.06,55.66,3.94,0.0,0.0,0.0,1.76,0.01,13.8,41.86,3
2026-09-13 15:58:05,0.0,32.06,55.66,3.94,0.0,0.0,0.0,2.08,0.01,13.8,41.86,3
2026-09-13 15:58:06,0.0,32.06,55.66,3.94,0.0,0.0,0.0,0.31,0.01,13.8,41.86,3
2026-09-13 15:58:07,0.0,32.06,55.66,3.94,0.0,0.0,0.0,1.76,0.02,13.8,41.86,3
2026-09-13 15:58:08,0.0,32.06,55.66,3.94,0.0,0.0,0.0,2.08,0.02,13.8,41.86,3
2026-09-13 15:58:09,0.0,32.06,55.66,3.94,0.0,0.0,0.0,0.31,0.01,13.8,41.86,3
2026-09-13 15:58:10,0.0,32.06,55.66,3.94,0.0,0.0,0.0,1.76,0.01,13.8,41.86,3
2026-09-13 15:58:11,0.0,32.06,55.66,3.94,0.0,0.0,0.0,2.08,0.01,13.8,41.86,3
2026-09-13 15:58:12,0.0,32.06,55.66,3.94,0.0,0.0,0.0,0.31,0.01,13.8,41.86,3
2026-09-13 15:58:13,0.0,32.06,55.66,3.94,0.0,0.0,0.0,1.77,0.02,13.8,41.86,3
2026-09-13 15:58:14,0.0,32.06,55.66,3.94,0.0,0.0,0.0,2.08,0.02,13.8,41.86,3
2026-09-13 15:58:15,1.0,32.32,62.83,3.92,0.0,0.0,0.0,44.36,0.21,19.21,43.61,4
2026-09-13 15:58:16,1.0,32.48,70.0,3.95,0.0,0.0,0.0,109.23,0.52,24.62,45.37,5
2026-09-13 15:58:17,1.0,33.0,84.33,4.41,0.0,0.0,0.0,117.13,0.58,35.45,48.89,7
2026-09-13 15:58:18,1.0,33.52,98.67,4.88,0.0,0.0,0.0,118.58,0.62,46.27,52.4,9
2026-09-13 15:58:19,0.0,32.87,77.16,4.41,0.0,0.0,0.0,118.83,0.63,30.04,47.13,6
2026-09-13 15:58:20,0.0,32.87,77.16,4.41,0.0,0.0,0.0,118.95,0.61,30.04,47.13,6
2026-09-13 15:58:21,0.0,32.34,62.83,3.96,0.0,0.0,0.0,117.2,0.6,19.21,43.61,4
2026-09-13 15:58:22,1.0,32.34,62.83,3.96,0.0,0.0,0.0,102.16,0.46,19.21,43.61,4
2026-09-13 15:58:23,0.0,32.34,62.83,3.96,0.0,0.0,0.0,107.2,0.48,19.21,43.61,4
2026-09-13 15:58:24,1.0,32.34,62.83,3.96,0.0,0.0,0.0,109.71,0.5,19.21,43.61,4
2026-09-13 15:58:25,1.0,32.34,62.83,3.96,0.0,0.0,0.0,106.45,0.48,19.21,43.61,4
2026-09-13 15:58:26,0.0,32.34,62.83,3.96,0.0,0.0,0.0,108.74,0.48,19.21,43.61,4
2026-09-13 15:58:27,1.0,32.34,62.83,3.96,0.0,0.0,0.0,103.2,0.46,19.21,43.61,4
2026-09-13 15:58:28,1.0,32.31,62.83,3.96,0.0,0.0,0.0,107.18,0.48,19.21,43.61,4
2026-09-13 15:58:29,0.0,32.34,62.83,3.96,0.0,0.0,0.0,103.85,0.47,19.21,43.61,4
2026-09-13 15:58:30,1.0,32.34,62.83,3.96,0.0,0.0,0.0,104.73,0.47,19.21,43.61,4
2026-09-13 15:58:32,1.0,32.34,62.83,3.96,0.0,0.0,0.0,104.47,0.47,19.21,43.61,4
2026-09-13 15:58:33,0.0,32.34,62.83,3.96,0.0,0.0,0.0,107.22,0.49,19.21,43.61,4
2026-09-13 15:58:34,1.0,32.34,62.83,3.96,0.0,0.0,0.0,106.08,0.49,19.21,43.61,4
2026-09-13 15:58:35,0.0,32.34,62.83,3.96,0.0,0.0,0.0,107.69,0.48,19.21,43.61,4
2026-09-13 15:58:36,1.0,32.34,62.83,3.96,0.0,0.0,0.0,107.64,0.48,19.21,43.61,4
2026-09-13 15:58:37,1.0,32.34,62.83,3.96,0.0,0.0,0.0,110.21,0.49,19.21,43.61,4
2026-09-13 15:58:38,0.0,32.34,62.83,3.96,0.0,0.0,0.0,106.97,0.48,19.21,43.61,4
2026-09-13 15:58:39,1.0,32.34,62.83,3.96,0.0,0.0,0.0,109.96,0.49,19.21,43.61,4
2026-09-13 15:58:40,1.0,32.34,62.83,3.96,0.0,0.0,0.0,111.57,0.5,19.21,43.61,4
2026-09-13 15:58:41,0.0,32.04,55.66,3.94,0.0,0.0,0.0,34.86,0.16,13.8,41.86,3
2026-09-13 15:58:42,0.0,32.06,55.66,3.94,0.0,0.0,0.0,2.08,0.01,13.8,41.86,3
2026-09-13 15:58:43,0.0,32.06,55.66,3.94,0.0,0.0,0.0,2.08,0.02,13.8,41.86,3
2026-09-13 15:58:44,0.0,32.02,55.66,3.94,0.0,0.0,0.0,0.0,0.01,13.8,41.86,3
2026-09-13 15:58:45,0.0,32.06,55.66,3.94,0.0,0.0,0.0,2.08,0.02,13.8,41.86,3
2026-09-13 15:58:46,0.0,32.06,55.66,3.94,0.0,0.0,0.0,2.07,0.02,13.8,41.86,3
2026-09-13 15:58:47,0.0,32.06,55.66,3.94,0.0,0.0,0.0,0.0,0.01,13.8,41.86,3
2026-09-13 15:58:48,0.0,32.06,55.66,3.94,0.0,0.0,0.0,2.08,0.02,13.8,41.86,3
2026-09-13 15:58:49,0.0,32.06,55.66,3.94,0.0,0.0,0.0,2.08,0.02,13.8,41.86,3
2026-09-13 15:58:50,0.0,32.06,55.66,3.94,0.0,0.0,0.0,0.0,0.02,13.8,41.86,3
2026-09-13 15:58:51,0.0,32.06,55.66,3.94,0.0,0.0,0.0,2.08,0.02,13.8,41.86,3
2026-09-13 15:58:52,0.0,32.06,55.66,3.94,0.0,0.0,0.0,2.07,0.02,13.8,41.86,3
2026-09-13 15:58:53,0.0,32.06,55.66,3.94,0.0,0.0,0.0,0.0,0.01,13.8,41.86,3
2026-09-13 15:58:54,0.0,32.06,55.66,3.94,0.0,0.0,0.0,2.08,0.02,13.8,41.86,3
2026-09-13 15:58:55,0.0,32.06,55.66,3.94,0.0,0.0,0.0,2.08,0.02,13.8,41.86,3
2026-09-13 15:58:56,0.0,32.06,55.66,3.94,0.0,0.0,0.0,0.0,0.01,13.8,41.86,3
2026-09-13 15:58:57,0.0,32.06,55.66,3.94,0.0,0.0,0.0,2.07,0.01,13.8,41.86,3
2026-09-13 15:58:58,0.0,32.06,55.66,3.94,0.0,0.0,0.0,2.08,0.02,13.8,41.86,3
2026-09-13 15:58:59,0.0,32.03,55.66,3.94,0.0,0.0,0.0,0.01,0.01,13.8,41.86,3
2026-09-13 15:59:00,0.0,32.06,55.66,3.94,0.0,0.0,0.0,2.08,0.02,13.8,41.86,3
2026-09-13 15:59:01,0.0,31.96,55.66,3.94,0.0,0.0,0.0,2.08,0.01,13.8,41.86,3
2026-09-13 15:59:02,0.0,32.06,55.66,3.94,0.0,0.0,0.0,0.08,0.01,13.8,41.86,3
2026-09-13 15:59:03,0.0,32.06,55.66,3.94,0.0,0.0,0.0,2.08,0.02,13.8,41.86,3
2026-09-13 15:59:04,1.0,32.06,55.66,3.94,0.0,0.0,0.0,2.08,0.03,13.8,41.86,3
2026-09-13 15:59:05,0.0,32.06,55.66,3.94,0.0,0.0,0.0,0.0,0.01,13.8,41.86,3
2026-09-13 15:59:06,0.0,32.06,55.66,3.94,0.0,0.0,0.0,2.08,0.01,13.8,41.86,3
2026-09-13 15:59:07,0.0,32.06,55.66,3.94,0.0,0.0,0.0,2.07,0.01,13.8,41.86,3
2026-09-13 15:59:08,0.0,32.06,55.66,3.94,0.0,0.0,0.0,0.0,0.01,13.8,41.86,3
2026-09-13 15:59:09,0.0,32.06,55.66,3.94,0.0,0.0,0.0,2.08,0.01,13.8,41.86,3
2026-09-13 15:59:10,0.0,32.06,55.66,3.94,0.0,0.0,0.0,2.08,0.01,13.8,41.86,3
2026-09-13 15:59:11,0.0,32.06,55.66,3.94,0.0,0.0,0.0,0.0,0.0,13.8,41.86,3
2026-09-13 15:59:12,0.0,32.06,55.66,3.94,0.0,0.0,0.0,2.08,0.02,13.8,41.86,3
2026-09-13 15:59:13,0.0,32.06,55.66,3.94,0.0,0.0,0.0,2.07,0.02,13.8,41.86,3
2026-09-13 15:59:14,0.0,32.02,55.66,3.94,0.0,0.0,0.0,0.0,0.01,13.8,41.86,3
2026-09-13 15:59:15,0.0,32.06,55.66,3.94,0.0,0.0,0.0,2.08,0.02,13.8,41.86,3
2026-09-13 15:59:16,0.0,32.06,55.66,3.94,0.0,0.0,0.0,2.07,0.02,13.8,41.86,3
2026-09-13 15:59:17,0.0,32.06,55.66,3.94,0.0,0.0,0.0,0.0,0.01,13.8,41.86,3
2026-09-13 15:59:18,0.0,32.06,55.66,3.94,0.0,0.0,0.0,2.08,0.02,13.8,41.86,3
2026-09-13 15:59:19,0.0,32.06,55.66,3.94,0.0,0.0,0.0,2.08,0.02,13.8,41.86,3
2026-09-13 15:59:20,0.0,32.06,55.66,3.94,0.0,0.0,0.0,0.0,0.01,13.8,41.86,3
2026-09-13 15:59:21,0.0,32.06,55.66,3.94,0.0,0.0,0.0,2.08,0.02,13.8,41.86,3
2026-09-13 15:59:22,0.0,32.06,55.66,3.94,0.0,0.0,0.0,2.07,0.02,13.8,41.86,3
2026-09-13 15:59:23,0.0,32.06,55.66,3.94,0.0,0.0,0.0,0.0,0.01,13.8,41.86,3
2026-09-13 15:59:24,0.0,32.06,55.66,3.94,0.0,0.0,0.0,2.08,0.02,13.8,41.86,3
2026-09-13 15:59:25,0.0,32.06,55.66,3.94,0.0,0.0,0.0,2.08,0.02,13.8,41.86,3
2026-09-13 15:59:26,0.0,32.06,55.66,3.94,0.0,0.0,0.0,0.31,0.01,13.8,41.86,3
2026-09-13 15:59:27,0.0,32.06,55.66,3.94,0.0,0.0,0.0,1.76,0.01,13.8,41.86,3
2026-09-13 15:59:28,0.0,32.06,55.66,3.94,0.0,0.0,0.0,2.08,0.02,13.8,41.86,3
2026-09-13 15:59:29,0.0,31.92,55.66,3.94,0.0,0.0,0.0,0.32,0.01,13.8,41.86,3
2026-09-13 15:59:30,0.0,32.06,55.66,3.94,0.0,0.0,0.0,1.76,0.01,13.8,41.86,3
2026-09-13 15:59:31,0.0,32.06,55.66,3.94,0.0,0.0,0.0,2.08,0.02,13.8,41.86,3
2026-09-13 15:59:32,0.0,32.06,55.66,3.94,0.0,0.0,0.0,0.31,0.01,13.8,41.86,3
2026-09-13 15:59:33,0.0,32.06,55.66,3.94,0.0,0.0,0.0,1.76,0.02,13.8,41.86,3
2026-09-13 15:59:34,0.0,32.06,55.66,3.94,0.0,0.0,0.0,2.08,0.02,13.8,41.86,3
2026-09-13 15:59:35,0.0,32.06,55.66,3.94,0.0,0.0,0.0,0.32,0.01,13.8,41.86,3
2026-09-13 15:59:36,0.0,32.06,55.66,3.94,0.0,0.0,0.0,1.76,0.01,13.8,41.86,3
2026-09-13 15:59:37,0.0,32.06,55.66,3.94,0.0,0.0,0.0,2.08,0.02,13.8,41.86,3
2026-09-13 15:59:38,0.0,32.06,55.66,3.94,0.0,0.0,0.0,0.31,0.01,13.8,41.86,3
2026-09-13 15:59:39,0.0,32.06,55.66,3.94,0.0,0.0,0.0,1.76,0.02,13.8,41.86,3
2026-09-13 15:59:40,0.0,32.06,55.66,3.94,0.0,0.0,0.0,2.08,0.02,13.8,41.86,3
2026-09-13 15:59:41,0.0,32.06,55.66,3.94,0.0,0.0,0.0,0.32,0.01,13.8,41.86,3
2026-09-13 15:59:42,0.0,32.06,55.66,3.94,0.0,0.0,0.0,1.76,0.02,13.8,41.86,3
2026-09-13 15:59:43,0.0,32.06,55.66,3.94,0.0,0.0,0.0,2.08,0.02,13.8,41.86,3
2026-09-13 15:59:44,0.0,31.96,55.66,3.94,0.0,0.0,0.0,0.32,0.02,13.8,41.86,3
2026-09-13 15:59:45,0.0,32.06,55.66,3.94,0.0,0.0,0.0,1.76,0.02,13.8,41.86,3
2026-09-13 15:59:46,0.0,32.06,55.66,3.94,0.0,0.0,0.0,2.08,0.02,13.8,41.86,3
2026-09-13 15:59:47,0.0,32.06,55.66,3.94,0.0,0.0,0.0,0.31,0.01,13.8,41.86,3
2026-09-13 15:59:48,0.0,32.06,55.66,3.94,0.0,0.0,0.0,1.76,0.02,13.8,41.86,3
2026-09-13 15:59:49,0.0,32.06,55.66,3.94,0.0,0.0,0.0,2.08,0.02,13.8,41.86,3
2026-09-13 15:59:50,1.0,32.06,55.66,3.94,0.0,0.0,0.0,0.31,0.01,13.8,41.86,3
2026-09-13 15:59:51,0.0,32.06,55.66,3.94,0.0,0.0,0.0,1.76,0.02,13.8,41.86,3
2026-09-13 15:59:52,0.0,32.06,55.66,3.94,0.0,0.0,0.0,2.08,0.02,13.8,41.86,3
2026-09-13 15:59:53,0.0,32.06,55.66,3.94,0.0,0.0,0.0,0.31,0.01,13.8,41.86,3
2026-09-13 15:59:54,0.0,32.06,55.66,3.94,0.0,0.0,0.0,1.76,0.02,13.8,41.86,3
2026-09-13 15:59:55,0.0,32.06,55.66,3.94,0.0,0.0,0.0,2.08,0.02,13.8,41.86,3
2026-09-13 15:59:56,0.0,31.95,55.66,3.94,0.0,0.0,0.0,0.32,0.01,13.8,41.86,3
2026-09-13 15:59:57,0.0,32.06,55.66,3.94,0.0,0.0,0.0,1.85,0.02,13.8,41.86,3
2026-09-13 15:59:58,0.0,32.06,55.66,3.94,0.0,0.0,0.0,2.08,0.02,13.8,41.86,3
2026-09-13 15:59:59,0.0,32.02,55.66,3.94,0.0,0.0,0.0,0.31,0.01,13.8,41.86,3
2026-09-13 16:00:00,0.0,32.06,55.66,3.94,0.0,0.0,0.0,1.77,0.01,13.8,41.86,3
2026-09-13 16:00:01,0.0,32.06,55.66,3.94,0.0,0.0,0.0,2.07,0.02,13.8,41.86,3
2026-09-13 16:00:02,0.0,32.06,55.66,3.94,0.0,0.0,0.0,0.31,0.0,13.8,41.86,3
2026-09-13 16:00:03,0.0,32.06,55.66,3.94,0.0,0.0,0.0,1.76,0.02,13.8,41.86,3
2026-09-13 16:00:04,0.0,32.06,55.66,3.94,0.0,0.0,0.0,2.08,0.02,13.8,41.86,3
2026-09-13 16:00:05,0.0,32.06,55.66,3.94,0.0,0.0,0.0,0.32,0.01,13.8,41.86,3
2026-09-13 16:00:06,0.0,32.06,55.66,3.94,0.0,0.0,0.0,1.76,0.01,13.8,41.86,3
2026-09-13 16:00:07,0.0,32.06,55.66,3.94,0.0,0.0,0.0,2.08,0.01,13.8,41.86,3
2026-09-13 16:00:08,0.0,32.06,55.66,3.94,0.0,0.0,0.0,0.31,0.01,13.8,41.86,3
2026-09-13 16:00:09,0.0,32.06,55.66,3.94,0.0,0.0,0.0,1.76,0.01,13.8,41.86,3
2026-09-13 16:00:10,0.0,32.06,55.66,3.94,0.0,0.0,0.0,2.08,0.01,13.8,41.86,3
2026-09-13 16:00:11,0.0,32.06,55.66,3.94,0.0,0.0,0.0,0.31,0.0,13.8,41.86,3
2026-09-13 16:00:12,0.0,32.06,55.66,3.94,0.0,0.0,0.0,1.76,0.01,13.8,41.86,3
2026-09-13 16:00:13,0.0,32.06,55.66,3.94,0.0,0.0,0.0,2.07,0.02,13.8,41.86,3
2026-09-13 16:00:14,0.0,32.06,55.66,3.94,0.0,0.0,0.0,0.31,0.01,13.8,41.86,3
2026-09-13 16:00:15,0.0,32.06,55.66,3.94,0.0,0.0,0.0,1.77,0.02,13.8,41.86,3
2026-09-13 16:00:16,0.0,32.06,55.66,3.94,0.0,0.0,0.0,2.07,0.02,13.8,41.86,3
2026-09-13 16:00:17,0.0,32.06,55.66,3.94,0.0,0.0,0.0,0.92,0.01,13.8,41.86,3
2026-09-13 16:00:18,0.0,32.06,55.66,3.94,0.0,0.0,0.0,1.16,0.02,13.8,41.86,3
2026-09-13 16:00:19,0.0,32.06,55.66,3.94,0.0,0.0,0.0,2.08,0.02,13.8,41.86,3
2026-09-13 16:00:20,0.0,32.06,55.66,3.94,0.0,0.0,0.0,1.03,0.01,13.8,41.86,3
2026-09-13 16:00:21,0.0,32.06,55.66,3.94,0.0,0.0,0.0,1.04,0.02,13.8,41.86,3
2026-09-13 16:00:22,0.0,32.06,55.66,3.94,0.0,0.0,0.0,2.07,0.01,13.8,41.86,3
2026-09-13 16:00:23,0.0,32.06,55.66,3.94,0.0,0.0,0.0,0.78,0.01,13.8,41.86,3
2026-09-13 16:00:25,0.0,32.06,55.66,3.94,0.0,0.0,0.0,1.3,0.01,13.8,41.86,3
2026-09-13 16:00:26,0.0,32.06,55.66,3.94,0.0,0.0,0.0,2.08,0.02,13.8,41.86,3
2026-09-13 16:00:27,0.0,32.06,55.66,3.94,0.0,0.0,0.0,2.08,0.02,13.8,41.86,3
2026-09-13 16:00:28,0.0,32.06,55.66,3.94,0.0,0.0,0.0,0.0,0.01,13.8,41.86,3
2026-09-13 16:00:29,0.0,32.06,55.66,3.94,0.0,0.0,0.0,2.07,0.01,13.8,41.86,3
2026-09-13 16:00:30,0.0,32.06,55.66,3.94,0.0,0.0,0.0,2.08,0.02,13.8,41.86,3
2026-09-13 16:00:31,0.0,32.06,55.66,3.94,0.0,0.0,0.0,0.01,0.0,13.8,41.86,3
2026-09-13 16:00:32,0.0,32.05,55.66,3.94,0.0,0.0,0.0,2.08,0.02,13.8,41.86,3
2026-09-13 16:00:33,0.0,32.06,55.66,3.94,0.0,0.0,0.0,2.08,0.02,13.8,41.86,3
2026-09-13 16:00:34,0.0,32.06,55.66,3.94,0.0,0.0,0.0,0.0,0.02,13.8,41.86,3
2026-09-13 16:00:35,0.0,32.06,55.66,3.94,0.0,0.0,0.0,2.08,0.02,13.8,41.86,3
2026-09-13 16:00:36,0.0,32.06,55.66,3.94,0.0,0.0,0.0,2.08,0.01,13.8,41.86,3
2026-09-13 16:00:37,0.0,32.06,55.66,3.94,0.0,0.0,0.0,0.0,0.01,13.8,41.86,3
2026-09-13 16:00:38,0.0,32.06,55.66,3.94,0.0,0.0,0.0,2.07,0.02,13.8,41.86,3
2026-09-13 16:00:39,0.0,32.06,55.66,3.94,0.0,0.0,0.0,2.08,0.02,13.8,41.86,3
2026-09-13 16:00:40,0.0,32.06,55.66,3.94,0.0,0.0,0.0,0.0,0.0,13.8,41.86,3
2026-09-13 16:00:41,0.0,32.06,55.66,3.94,0.0,0.0,0.0,2.08,0.01,13.8,41.86,3
2026-09-13 16:00:42,0.0,32.06,55.66,3.94,0.0,0.0,0.0,2.08,0.01,13.8,41.86,3
2026-09-13 16:00:43,0.0,32.06,55.66,3.94,0.0,0.0,0.0,0.0,0.01,13.8,41.86,3
2026-09-13 16:00:44,0.0,32.06,55.66,3.94,0.0,0.0,0.0,2.07,0.02,13.8,41.86,3
2026-09-13 16:00:45,0.0,32.06,55.66,3.94,0.0,0.0,0.0,2.08,0.02,13.8,41.86,3
2026-09-13 16:00:46,0.0,32.06,55.66,3.94,0.0,0.0,0.0,0.01,0.01,13.8,41.86,3
2026-09-13 16:00:47,0.0,32.06,55.66,3.94,0.0,0.0,0.0,2.08,0.02,13.8,41.86,3
2026-09-13 16:00:48,0.0,32.06,55.66,3.94,0.0,0.0,0.0,2.07,0.02,13.8,41.86,3
2026-09-13 16:00:49,0.0,32.06,55.66,3.94,0.0,0.0,0.0,0.0,0.01,13.8,41.86,3
2026-09-13 16:00:50,0.0,32.06,55.66,3.94,0.0,0.0,0.0,2.08,0.03,13.8,41.86,3
2026-09-13 16:00:51,1.0,32.06,55.66,3.94,0.0,0.0,0.0,2.07,0.02,13.8,41.86,3
2026-09-13 16:00:52,0.0,32.02,55.66,3.94,0.0,0.0,0.0,0.0,0.02,13.8,41.86,3
2026-09-13 16:00:53,0.0,32.06,55.66,3.94,0.0,0.0,0.0,2.18,0.02,13.8,41.86,3
2026-09-13 16:00:54,0.0,32.06,55.66,3.94,0.0,0.0,0.0,2.08,0.02,13.8,41.86,3
2026-09-13 16:00:55,0.0,32.06,55.66,3.94,0.0,0.0,0.0,0.0,0.01,13.8,41.86,3
2026-09-13 16:00:56,0.0,32.06,55.66,3.94,0.0,0.0,0.0,2.07,0.02,13.8,41.86,3
2026-09-13 16:00:57,0.0,32.06,55.66,3.94,0.0,0.0,0.0,2.07,0.02,13.8,41.86,3
2026-09-13 16:00:58,0.0,32.06,55.66,3.94,0.0,0.0,0.0,0.0,0.01,13.8,41.86,3
2026-09-13 16:00:59,0.0,32.06,55.66,3.94,0.0,0.0,0.0,2.08,0.02,13.8,41.86,3
2026-09-13 16:01:00,0.0,32.06,55.66,3.94,0.0,0.0,0.0,2.07,0.01,13.8,41.86,3
2026-09-13 16:01:01,0.0,32.04,55.66,3.94,0.0,0.0,0.0,0.01,0.01,13.8,41.86,3
2026-09-13 16:01:02,0.0,32.06,55.66,3.94,0.0,0.0,0.0,2.08,0.01,13.8,41.86,3
2026-09-13 16:01:03,0.0,32.06,55.66,3.94,0.0,0.0,0.0,2.08,0.03,13.8,41.86,3
2026-09-13 16:01:04,0.0,32.06,55.66,3.94,0.0,0.0,0.0,0.0,0.01,13.8,41.86,3
2026-09-13 16:01:05,0.0,32.06,55.66,3.94,0.0,0.0,0.0,2.08,0.02,13.8,41.86,3
2026-09-13 16:01:06,0.0,32.06,55.66,3.94,0.0,0.0,0.0,2.07,0.01,13.8,41.86,3
2026-09-13 16:01:07,0.0,32.06,55.66,3.94,0.0,0.0,0.0,0.0,0.01,13.8,41.86,3
2026-09-13 16:01:08,0.0,32.06,55.66,3.94,0.0,0.0,0.0,2.08,0.02,13.8,41.86,3
2026-09-13 16:01:09,0.0,32.06,55.66,3.94,0.0,0.0,0.0,2.07,0.01,13.8,41.86,3
2026-09-13 16:01:10,0.0,32.06,55.66,3.94,0.0,0.0,0.0,0.04,0.01,13.8,41.86,3
2026-09-13 16:01:11,0.0,32.06,55.66,3.94,0.0,0.0,0.0,2.08,0.02,13.8,41.86,3
2026-09-13 16:01:12,0.0,32.06,55.66,3.94,0.0,0.0,0.0,2.08,0.02,13.8,41.86,3
2026-09-13 16:01:13,0.0,32.06,55.66,3.94,0.0,0.0,0.0,0.31,0.01,13.8,41.86,3
2026-09-13 16:01:14,0.0,32.06,55.66,3.94,0.0,0.0,0.0,1.76,0.02,13.8,41.86,3
2026-09-13 16:01:15,0.0,32.06,55.66,3.94,0.0,0.0,0.0,2.08,0.02,13.8,41.86,3
2026-09-13 16:01:16,0.0,32.06,55.66,3.94,0.0,0.0,0.0,0.01,0.01,13.8,41.86,3
2026-09-13 16:01:17,0.0,32.06,55.66,3.94,0.0,0.0,0.0,2.08,0.02,13.8,41.86,3
2026-09-13 16:01:18,0.0,32.06,55.66,3.94,0.0,0.0,0.0,2.08,0.02,13.8,41.86,3
2026-09-13 16:01:19,0.0,32.06,55.66,3.94,0.0,0.0,0.0,0.31,0.01,13.8,41.86,3
2026-09-13 16:01:20,0.0,32.06,55.66,3.94,0.0,0.0,0.0,1.76,0.02,13.8,41.86,3
2026-09-13 16:01:21,0.0,32.06,55.66,3.94,0.0,0.0,0.0,2.08,0.02,13.8,41.86,3
2026-09-13 16:01:22,0.0,32.06,55.66,3.94,0.0,0.0,0.0,0.32,0.01,13.8,41.86,3
2026-09-13 16:01:23,0.0,32.06,55.66,3.94,0.0,0.0,0.0,1.76,0.02,13.8,41.86,3
2026-09-13 16:01:24,0.0,32.06,55.66,3.94,0.0,0.0,0.0,2.08,0.02,13.8,41.86,3
2026-09-13 16:01:25,0.0,32.06,55.66,3.94,0.0,0.0,0.0,0.32,0.01,13.8,41.86,3
2026-09-13 16:01:26,0.0,32.06,55.66,3.94,0.0,0.0,0.0,1.76,0.01,13.8,41.86,3
2026-09-13 16:01:27,0.0,32.06,55.66,3.94,0.0,0.0,0.0,2.07,0.01,13.8,41.86,3
2026-09-13 16:01:28,0.0,32.06,55.66,3.94,0.0,0.0,0.0,0.31,0.01,13.8,41.86,3
2026-09-13 16:01:29,0.0,32.06,55.66,3.94,0.0,0.0,0.0,1.76,0.02,13.8,41.86,3
2026-09-13 16:01:30,0.0,32.06,55.66,3.94,0.0,0.0,0.0,2.08,0.01,13.8,41.86,3
2026-09-13 16:01:31,0.0,32.06,55.66,3.94,0.0,0.0,0.0,0.32,0.01,13.8,41.86,3
2026-09-13 16:01:32,0.0,32.04,55.66,3.94,0.0,0.0,0.0,1.76,0.02,13.8,41.86,3
2026-09-13 16:01:33,0.0,32.06,55.66,3.94,0.0,0.0,0.0,2.08,0.03,13.8,41.86,3
2026-09-13 16:01:34,0.0,32.06,55.66,3.94,0.0,0.0,0.0,0.31,0.01,13.8,41.86,3
2026-09-13 16:01:35,0.0,32.06,55.66,3.94,0.0,0.0,0.0,1.76,0.02,13.8,41.86,3
2026-09-13 16:01:36,0.0,32.06,55.66,3.94,0.0,0.0,0.0,2.08,0.01,13.8,41.86,3
2026-09-13 16:01:37,0.0,32.06,55.66,3.94,0.0,0.0,0.0,0.31,0.01,13.8,41.86,3
2026-09-13 16:01:38,0.0,32.06,55.66,3.94,0.0,0.0,0.0,2.66,0.03,13.8,41.86,3
2026-09-13 16:01:39,0.0,32.06,55.66,3.94,0.0,0.0,0.0,2.07,0.02,13.8,41.86,3
2026-09-13 16:01:40,0.0,32.06,55.66,3.94,0.0,0.0,0.0,0.31,0.01,13.8,41.86,3
2026-09-13 16:01:41,0.0,32.06,55.66,3.94,0.0,0.0,0.0,1.76,0.01,13.8,41.86,3
2026-09-13 16:01:42,0.0,32.06,55.66,3.94,0.0,0.0,0.0,2.08,0.02,13.8,41.86,3
2026-09-13 16:01:43,0.0,32.06,55.66,3.94,0.0,0.0,0.0,0.31,0.01,13.8,41.86,3
2026-09-13 16:01:44,1.0,32.06,55.66,3.94,0.0,0.0,0.0,1.76,0.02,13.8,41.86,3
2026-09-13 16:01:45,0.0,32.06,55.66,3.94,0.0,0.0,0.0,2.08,0.02,13.8,41.86,3
2026-09-13 16:01:46,1.0,32.06,55.66,3.94,0.0,0.0,0.0,0.32,0.01,13.8,41.86,3
2026-09-13 16:01:47,0.0,32.06,55.66,3.94,0.0,0.0,0.0,1.76,0.02,13.8,41.86,3
2026-09-13 16:01:48,0.0,32.06,55.66,3.94,0.0,0.0,0.0,2.08,0.02,13.8,41.86,3
2026-09-13 16:01:49,0.0,32.06,55.66,3.94,0.0,0.0,0.0,0.32,0.01,13.8,41.86,3
2026-09-13 16:01:50,0.0,32.06,55.66,3.94,0.0,0.0,0.0,1.76,0.02,13.8,41.86,3
2026-09-13 16:01:51,0.0,32.06,55.66,3.94,0.0,0.0,0.0,2.07,0.02,13.8,41.86,3
2026-09-13 16:01:52,0.0,32.06,55.66,3.94,0.0,0.0,0.0,0.31,0.01,13.8,41.86,3
2026-09-13 16:01:53,0.0,32.06,55.66,3.94,0.0,0.0,0.0,1.76,0.02,13.8,41.86,3
2026-09-13 16:01:54,0.0,32.06,55.66,3.94,0.0,0.0,0.0,2.08,0.02,13.8,41.86,3
2026-09-13 16:01:55,0.0,32.06,55.66,3.94,0.0,0.0,0.0,0.31,0.01,13.8,41.86,3
2026-09-13 16:01:56,0.0,32.06,55.66,3.94,0.0,0.0,0.0,1.76,0.02,13.8,41.86,3
2026-09-13 16:01:57,0.0,32.06,55.66,3.94,0.0,0.0,0.0,2.08,0.02,13.8,41.86,3
2026-09-13 16:01:58,0.0,32.06,55.66,3.94,0.0,0.0,0.0,0.31,0.01,13.8,41.86,3
2026-09-13 16:01:59,0.0,32.06,55.66,3.94,0.0,0.0,0.0,1.76,0.02,13.8,41.86,3
2026-09-13 16:02:00,0.0,32.06,55.66,3.94,0.0,0.0,0.0,2.08,0.01,13.8,41.86,3
2026-09-13 16:02:01,0.0,32.06,55.66,3.94,0.0,0.0,0.0,0.32,0.01,13.8,41.86,3
2026-09-13 16:02:02,0.0,32.06,55.66,3.94,0.0,0.0,0.0,1.76,0.01,13.8,41.86,3
2026-09-13 16:02:03,0.0,32.06,55.66,3.94,0.0,0.0,0.0,2.08,0.02,13.8,41.86,3
2026-09-13 16:02:04,0.0,32.06,55.66,3.94,0.0,0.0,0.0,0.31,0.01,13.8,41.86,3
2026-09-13 16:02:05,0.0,32.06,55.66,3.94,0.0,0.0,0.0,1.76,0.01,13.8,41.86,3
2026-09-13 16:02:06,0.0,32.06,55.66,3.94,0.0,0.0,0.0,2.08,0.02,13.8,41.86,3
2026-09-13 16:02:07,0.0,32.06,55.66,3.94,0.0,0.0,0.0,0.31,0.01,13.8,41.86,3
2026-09-13 16:02:08,0.0,32.06,55.66,3.94,0.0,0.0,0.0,1.76,0.01,13.8,41.86,3
2026-09-13 16:02:09,0.0,32.06,55.66,3.94,0.0,0.0,0.0,2.08,0.01,13.8,41.86,3
2026-09-13 16:02:10,0.0,32.06,55.66,3.94,0.0,0.0,0.0,2.07,0.01,13.8,41.86,3
2026-09-13 16:02:11,0.0,32.06,55.66,3.94,0.0,0.0,0.0,0.0,0.0,13.8,41.86,3
2026-09-13 16:02:12,0.0,32.06,55.66,3.94,0.0,0.0,0.0,2.07,0.02,13.8,41.86,3
2026-09-13 16:02:13,0.0,32.06,55.66,3.94,0.0,0.0,0.0,0.57,0.01,13.8,41.86,3
2026-09-13 16:02:14,0.0,32.06,55.66,3.94,0.0,0.0,0.0,1.51,0.01,13.8,41.86,3
2026-09-13 16:02:15,0.0,32.06,55.66,3.94,0.0,0.0,0.0,2.08,0.02,13.8,41.86,3
2026-09-13 16:02:17,0.0,32.06,55.66,3.94,0.0,0.0,0.0,2.08,0.02,13.8,41.86,3
2026-09-13 16:02:18,0.0,32.06,55.66,3.94,0.0,0.0,0.0,0.0,0.01,13.8,41.86,3
2026-09-13 16:02:19,0.0,32.06,55.66,3.94,0.0,0.0,0.0,2.08,0.02,13.8,41.86,3
2026-09-13 16:02:20,0.0,32.06,55.66,3.94,0.0,0.0,0.0,2.08,0.02,13.8,41.86,3
2026-09-13 16:02:21,0.0,32.06,55.66,3.94,0.0,0.0,0.0,0.0,0.01,13.8,41.86,3
2026-09-13 16:02:22,0.0,32.06,55.66,3.94,0.0,0.0,0.0,2.07,0.02,13.8,41.86,3
2026-09-13 16:02:23,0.0,32.06,55.66,3.94,0.0,0.0,0.0,2.08,0.02,13.8,41.86,3
2026-09-13 16:02:24,0.0,32.06,55.66,3.94,0.0,0.0,0.0,0.0,0.01,13.8,41.86,3
2026-09-13 16:02:25,0.0,32.06,55.66,3.94,0.0,0.0,0.0,2.08,0.02,13.8,41.86,3
2026-09-13 16:02:26,0.0,32.06,55.66,3.94,0.0,0.0,0.0,2.08,0.02,13.8,41.86,3
2026-09-13 16:02:27,0.0,32.06,55.66,3.94,0.0,0.0,0.0,0.0,0.0,13.8,41.86,3
2026-09-13 16:02:28,0.0,32.06,55.66,3.94,0.0,0.0,0.0,2.08,0.02,13.8,41.86,3
2026-09-13 16:02:29,0.0,32.06,55.66,3.94,0.0,0.0,0.0,2.08,0.01,13.8,41.86,3
2026-09-13 16:02:30,0.0,32.06,55.66,3.94,0.0,0.0,0.0,0.0,0.01,13.8,41.86,3
2026-09-13 16:02:31,0.0,32.06,55.66,3.94,0.0,0.0,0.0,2.07,0.02,13.8,41.86,3
2026-09-13 16:02:32,0.0,32.06,55.66,3.94,0.0,0.0,0.0,2.08,0.02,13.8,41.86,3
2026-09-13 16:02:33,0.0,32.06,55.66,3.94,0.0,0.0,0.0,0.0,0.01,13.8,41.86,3
2026-09-13 16:02:34,0.0,32.06,55.66,3.94,0.0,0.0,0.0,2.08,0.03,13.8,41.86,3
2026-09-13 16:02:35,0.0,32.06,55.66,3.94,0.0,0.0,0.0,2.08,0.02,13.8,41.86,3
2026-09-13 16:02:36,0.0,32.06,55.66,3.94,0.0,0.0,0.0,0.47,0.01,13.8,41.86,3
2026-09-13 16:02:37,0.0,32.06,55.66,3.94,0.0,0.0,0.0,2.08,0.02,13.8,41.86,3
2026-09-13 16:02:38,0.0,32.06,55.66,3.94,0.0,0.0,0.0,2.08,0.02,13.8,41.86,3
2026-09-13 16:02:39,0.0,32.06,55.66,3.94,0.0,0.0,0.0,0.0,0.01,13.8,41.86,3
2026-09-13 16:02:40,1.0,32.06,55.66,3.94,0.0,0.0,0.0,2.08,0.02,13.8,41.86,3
2026-09-13 16:02:41,0.0,32.06,55.66,3.94,0.0,0.0,0.0,2.07,0.02,13.8,41.86,3
2026-09-13 16:02:42,0.0,32.06,55.66,3.94,0.0,0.0,0.0,0.0,0.0,13.8,41.86,3
2026-09-13 16:02:43,0.0,32.06,55.66,3.94,0.0,0.0,0.0,2.08,0.02,13.8,41.86,3
2026-09-13 16:02:44,0.0,32.06,55.66,3.94,0.0,0.0,0.0,2.08,0.02,13.8,41.86,3
2026-09-13 16:02:45,0.0,32.06,55.66,3.94,0.0,0.0,0.0,0.0,0.01,13.8,41.86,3
2026-09-13 16:02:46,0.0,32.06,55.66,3.94,0.0,0.0,0.0,2.08,0.02,13.8,41.86,3
2026-09-13 16:02:47,0.0,32.06,55.66,3.94,0.0,0.0,0.0,2.08,0.02,13.8,41.86,3
2026-09-13 16:02:48,0.0,32.06,55.66,3.94,0.0,0.0,0.0,0.0,0.01,13.8,41.86,3
2026-09-13 16:02:49,0.0,32.06,55.66,3.94,0.0,0.0,0.0,2.08,0.02,13.8,41.86,3
2026-09-13 16:02:50,0.0,32.06,55.66,3.94,0.0,0.0,0.0,2.08,0.02,13.8,41.86,3
2026-09-13 16:02:51,0.0,32.06,55.66,3.94,0.0,0.0,0.0,0.0,0.01,13.8,41.86,3
2026-09-13 16:02:52,0.0,32.06,55.66,3.94,0.0,0.0,0.0,0.0,0.01,13.8,41.86,3
2026-09-13 16:02:53,0.0,32.06,55.66,3.94,0.0,0.0,0.0,0.0,0.01,13.8,41.86,3
2026-09-13 16:02:54,0.0,32.06,55.66,3.94,0.0,0.0,0.0,0.0,0.01,13.8,41.86,3
2026-09-13 16:02:55,0.0,32.06,55.66,3.94,0.0,0.0,0.0,0.0,0.01,13.8,41.86,3
2026-09-13 16:02:56,0.0,32.06,55.66,3.94,0.0,0.0,0.0,0.31,0.01,13.8,41.86,3
2026-09-13 16:02:57,0.0,32.06,55.66,3.94,0.0,0.0,0.0,1.76,0.01,13.8,41.86,3
2026-09-13 16:02:58,0.0,32.06,55.66,3.94,0.0,0.0,0.0,0.0,0.01,13.8,41.86,3
2026-09-13 16:02:59,0.0,32.06,55.66,3.94,0.0,0.0,0.0,0.0,0.01,13.8,41.86,3
2026-09-13 16:03:00,0.0,32.06,55.66,3.94,0.0,0.0,0.0,0.0,0.0,13.8,41.86,3
2026-09-13 16:03:01,0.0,32.06,55.66,3.94,0.0,0.0,0.0,0.0,0.01,13.8,41.86,3
2026-09-13 16:03:02,0.0,32.06,55.66,3.94,0.0,0.0,0.0,0.01,0.01,13.8,41.86,3
2026-09-13 16:03:03,0.0,32.06,55.66,3.94,0.0,0.0,0.0,0.0,0.02,13.8,41.86,3
2026-09-13 16:03:04,0.0,32.06,55.66,3.94,0.0,0.0,0.0,0.0,0.01,13.8,41.86,3
2026-09-13 16:03:05,0.0,32.06,55.66,3.94,0.0,0.0,0.0,0.0,0.01,13.8,41.86,3
2026-09-13 16:03:06,0.0,32.06,55.66,3.94,0.0,0.0,0.0,0.0,0.01,13.8,41.86,3
2026-09-13 16:03:07,0.0,32.06,55.66,3.94,0.0,0.0,0.0,0.0,0.01,13.8,41.86,3
2026-09-13 16:03:08,0.0,32.06,55.66,3.94,0.0,0.0,0.0,0.0,0.01,13.8,41.86,3
2026-09-13 16:03:09,0.0,32.06,55.66,3.94,0.0,0.0,0.0,0.31,0.01,13.8,41.86,3
2026-09-13 16:03:10,0.0,32.06,55.66,3.94,0.0,0.0,0.0,1.76,0.01,13.8,41.86,3
2026-09-13 16:03:11,0.0,32.06,55.66,3.94,0.0,0.0,0.0,0.0,0.0,13.8,41.86,3
2026-09-13 16:03:12,0.0,32.06,55.66,3.94,0.0,0.0,0.0,0.0,0.01,13.8,41.86,3
2026-09-13 16:03:13,0.0,32.06,55.66,3.94,0.0,0.0,0.0,0.0,0.01,13.8,41.86,3
2026-09-13 16:03:14,0.0,32.06,55.66,3.94,0.0,0.0,0.0,0.01,0.01,13.8,41.86,3
2026-09-13 16:03:15,0.0,32.06,55.66,3.94,0.0,0.0,0.0,0.0,0.01,13.8,41.86,3
2026-09-13 16:03:16,0.0,32.06,55.66,3.94,0.0,0.0,0.0,0.0,0.01,13.8,41.86,3
2026-09-13 16:03:17,0.0,32.06,55.66,3.94,0.0,0.0,0.0,0.01,0.01,13.8,41.86,3
2026-09-13 16:03:18,0.0,32.06,55.66,3.94,0.0,0.0,0.0,0.0,0.01,13.8,41.86,3
2026-09-13 16:03:19,0.0,32.06,55.66,3.94,0.0,0.0,0.0,0.0,0.01,13.8,41.86,3
2026-09-13 16:03:20,0.0,32.06,55.66,3.94,0.0,0.0,0.0,0.32,0.01,13.8,41.86,3
2026-09-13 16:03:21,0.0,32.06,55.66,3.94,0.0,0.0,0.0,0.0,0.01,13.8,41.86,3
2026-09-13 16:03:22,0.0,32.06,55.66,3.94,0.0,0.0,0.0,0.0,0.01,13.8,41.86,3
2026-09-13 16:03:23,0.0,32.06,55.66,3.94,0.0,0.0,0.0,1.79,0.02,13.8,41.86,3
2026-09-13 16:03:24,0.0,32.06,55.66,3.94,0.0,0.0,0.0,0.0,0.01,13.8,41.86,3
2026-09-13 16:03:25,0.0,32.06,55.66,3.94,0.0,0.0,0.0,0.0,0.01,13.8,41.86,3
2026-09-13 16:03:26,0.0,32.06,55.66,3.94,0.0,0.0,0.0,0.0,0.01,13.8,41.86,3
2026-09-13 16:03:27,0.0,32.06,55.66,3.94,0.0,0.0,0.0,0.0,0.0,13.8,41.86,3
2026-09-13 16:03:28,0.0,32.06,55.66,3.94,0.0,0.0,0.0,0.0,0.0,13.8,41.86,3
2026-09-13 16:03:29,0.0,32.06,55.66,3.94,0.0,0.0,0.0,0.0,0.01,13.8,41.86,3
2026-09-13 16:03:30,0.0,32.06,55.66,3.94,0.0,0.0,0.0,0.31,0.0,13.8,41.86,3
2026-09-13 16:03:31,0.0,32.06,55.66,3.94,0.0,0.0,0.0,0.0,0.01,13.8,41.86,3
2026-09-13 16:03:32,0.0,32.06,55.66,3.94,0.0,0.0,0.0,1.77,0.02,13.8,41.86,3
2026-09-13 16:03:33,0.0,32.06,55.66,3.94,0.0,0.0,0.0,0.01,0.02,13.8,41.86,3
2026-09-13 16:03:34,0.0,32.06,55.66,3.94,0.0,0.0,0.0,0.0,0.01,13.8,41.86,3
2026-09-13 16:03:35,0.0,32.06,55.66,3.94,0.0,0.0,0.0,0.0,0.01,13.8,41.86,3
2026-09-13 16:03:36,0.0,32.06,55.66,3.94,0.0,0.0,0.0,0.0,0.01,13.8,41.86,3
2026-09-13 16:03:37,0.0,32.06,55.66,3.94,0.0,0.0,0.0,0.0,0.01,13.8,41.86,3
2026-09-13 16:03:38,0.0,32.06,55.66,3.94,0.0,0.0,0.0,0.0,0.01,13.8,41.86,3
2026-09-13 16:03:39,0.0,32.06,55.66,3.94,0.0,0.0,0.0,0.0,0.01,13.8,41.86,3
2026-09-13 16:03:40,0.0,32.02,55.66,3.94,0.0,0.0,0.0,0.32,0.01,13.8,41.86,3
2026-09-13 16:03:41,0.0,32.06,55.66,3.94,0.0,0.0,0.0,1.76,0.02,13.8,41.86,3
2026-09-13 16:03:42,0.0,32.06,55.66,3.94,0.0,0.0,0.0,0.0,0.01,13.8,41.86,3
2026-09-13 16:03:43,0.0,32.06,55.66,3.94,0.0,0.0,0.0,0.0,0.01,13.8,41.86,3
2026-09-13 16:03:44,0.0,32.06,55.66,3.94,0.0,0.0,0.0,0.0,0.01,13.8,41.86,3
2026-09-13 16:03:45,0.0,32.06,55.66,3.94,0.0,0.0,0.0,2.07,0.02,13.8,41.86,3
2026-09-13 16:03:46,0.0,32.06,55.66,3.94,0.0,0.0,0.0,0.0,0.01,13.8,41.86,3
2026-09-13 16:03:47,0.0,32.06,55.66,3.94,0.0,0.0,0.0,0.01,0.01,13.8,41.86,3
2026-09-13 16:03:48,0.0,32.06,55.66,3.94,0.0,0.0,0.0,0.0,0.01,13.8,41.86,3
2026-09-13 16:03:49,0.0,32.06,55.66,3.94,0.0,0.0,0.0,0.0,0.01,13.8,41.86,3
2026-09-13 16:03:50,0.0,32.06,55.66,3.94,0.0,0.0,0.0,0.32,0.01,13.8,41.86,3
2026-09-13 16:03:51,0.0,32.06,55.66,3.94,0.0,0.0,0.0,1.76,0.02,13.8,41.86,3
2026-09-13 16:03:52,0.0,32.06,55.66,3.94,0.0,0.0,0.0,0.0,0.01,13.8,41.86,3
2026-09-13 16:03:53,0.0,32.06,55.66,3.94,0.0,0.0,0.0,0.0,0.01,13.8,41.86,3
2026-09-13 16:03:54,0.0,32.06,55.66,3.94,0.0,0.0,0.0,0.0,0.01,13.8,41.86,3
2026-09-13 16:03:55,0.0,32.06,55.66,3.94,0.0,0.0,0.0,0.0,0.01,13.8,41.86,3
2026-09-13 16:03:56,0.0,32.06,55.66,3.94,0.0,0.0,0.0,0.0,0.01,13.8,41.86,3
2026-09-13 16:03:57,0.0,32.06,55.66,3.94,0.0,0.0,0.0,0.0,0.01,13.8,41.86,3
2026-09-13 16:03:58,0.0,32.06,55.66,3.94,0.0,0.0,0.0,0.0,0.01,13.8,41.86,3
2026-09-13 16:03:59,0.0,32.06,55.66,3.94,0.0,0.0,0.0,0.31,0.01,13.8,41.86,3
2026-09-13 16:04:00,0.0,32.06,55.66,3.94,0.0,0.0,0.0,1.76,0.01,13.8,41.86,3
2026-09-13 16:04:01,0.0,32.06,55.66,3.94,0.0,0.0,0.0,0.0,0.01,13.8,41.86,3
2026-09-13 16:04:02,0.0,32.06,55.66,3.94,0.0,0.0,0.0,0.01,0.01,13.8,41.86,3
2026-09-13 16:04:03,0.0,32.06,55.66,3.94,0.0,0.0,0.0,0.01,0.01,13.8,41.86,3
2026-09-13 16:04:04,0.0,32.06,55.66,3.94,0.0,0.0,0.0,0.0,0.01,13.8,41.86,3
2026-09-13 16:04:05,0.0,32.06,55.66,3.94,0.0,0.0,0.0,0.31,0.01,13.8,41.86,3
2026-09-13 16:04:06,0.0,32.06,55.66,3.94,0.0,0.0,0.0,1.76,0.01,13.8,41.86,3
2026-09-13 16:04:07,0.0,32.06,55.66,3.94,0.0,0.0,0.0,0.0,0.01,13.8,41.86,3
2026-09-13 16:04:08,0.0,32.06,55.66,3.94,0.0,0.0,0.0,0.0,0.01,13.8,41.86,3
2026-09-13 16:04:09,0.0,32.06,55.66,3.94,0.0,0.0,0.0,0.0,0.01,13.8,41.86,3
2026-09-13 16:04:11,0.0,32.06,55.66,3.94,0.0,0.0,0.0,0.0,0.0,13.8,41.86,3
2026-09-13 16:04:12,0.0,32.06,55.66,3.94,0.0,0.0,0.0,0.0,0.01,13.8,41.86,3
2026-09-13 16:04:13,0.0,32.06,55.66,3.94,0.0,0.0,0.0,0.0,0.01,13.8,41.86,3
2026-09-13 16:04:14,0.0,32.06,55.66,3.94,0.0,0.0,0.0,0.31,0.01,13.8,41.86,3
2026-09-13 16:04:15,0.0,32.06,55.66,3.94,0.0,0.0,0.0,1.76,0.02,13.8,41.86,3
2026-09-13 16:04:16,0.0,32.06,55.66,3.94,0.0,0.0,0.0,0.0,0.01,13.8,41.86,3
2026-09-13 16:04:17,0.0,32.06,55.66,3.94,0.0,0.0,0.0,0.0,0.01,13.8,41.86,3
2026-09-13 16:04:18,0.0,32.06,55.66,3.94,0.0,0.0,0.0,0.01,0.01,13.8,41.86,3
2026-09-13 16:04:19,0.0,32.06,55.66,3.94,0.0,0.0,0.0,0.0,0.01,13.8,41.86,3
2026-09-13 16:04:20,0.0,32.06,55.66,3.94,0.0,0.0,0.0,0.31,0.02,13.8,41.86,3
2026-09-13 16:04:21,0.0,32.06,55.66,3.94,0.0,0.0,0.0,1.76,0.02,13.8,41.86,3
2026-09-13 16:04:22,0.0,32.06,55.66,3.94,0.0,0.0,0.0,0.0,0.01,13.8,41.86,3
2026-09-13 16:04:23,0.0,32.06,55.66,3.94,0.0,0.0,0.0,0.0,0.0,13.8,41.86,3
2026-09-13 16:04:24,0.0,32.04,55.66,3.94,0.0,0.0,0.0,0.0,0.01,13.8,41.86,3
2026-09-13 16:04:25,0.0,32.06,55.66,3.94,0.0,0.0,0.0,0.0,0.01,13.8,41.86,3
2026-09-13 16:04:26,0.0,32.06,55.66,3.94,0.0,0.0,0.0,0.0,0.01,13.8,41.86,3
2026-09-13 16:04:27,0.0,32.06,55.66,3.94,0.0,0.0,0.0,0.0,0.0,13.8,41.86,3
2026-09-13 16:04:28,0.0,32.06,55.66,3.94,0.0,0.0,0.0,0.0,0.01,13.8,41.86,3
2026-09-13 16:04:29,0.0,32.06,55.66,3.94,0.0,0.0,0.0,0.0,0.0,13.8,41.86,3
2026-09-13 16:04:30,0.0,32.06,55.66,3.94,0.0,0.0,0.0,0.31,0.01,13.8,41.86,3
2026-09-13 16:04:31,0.0,32.06,55.66,3.94,0.0,0.0,0.0,1.76,0.01,13.8,41.86,3
2026-09-13 16:04:32,0.0,32.04,55.66,3.94,0.0,0.0,0.0,0.0,0.01,13.8,41.86,3
2026-09-13 16:04:33,0.0,32.06,55.66,3.94,0.0,0.0,0.0,0.0,0.02,13.8,41.86,3
2026-09-13 16:04:34,0.0,32.06,55.66,3.94,0.0,0.0,0.0,0.0,0.01,13.8,41.86,3
2026-09-13 16:04:35,0.0,32.06,55.66,3.94,0.0,0.0,0.0,0.01,0.01,13.8,41.86,3
2026-09-13 16:04:36,0.0,32.06,55.66,3.94,0.0,0.0,0.0,0.0,0.0,13.8,41.86,3
2026-09-13 16:04:37,1.0,32.06,55.66,3.94,0.0,0.0,0.0,0.0,0.01,13.8,41.86,3
2026-09-13 16:04:38,0.0,32.06,55.66,3.94,0.0,0.0,0.0,0.31,0.01,13.8,41.86,3
2026-09-13 16:04:39,0.0,32.06,55.66,3.94,0.0,0.0,0.0,1.76,0.01,13.8,41.86,3
2026-09-13 16:04:40,0.0,32.06,55.66,3.94,0.0,0.0,0.0,0.0,0.0,13.8,41.86,3
2026-09-13 16:04:41,0.0,32.06,55.66,3.94,0.0,0.0,0.0,0.0,0.01,13.8,41.86,3
2026-09-13 16:04:42,0.0,32.06,55.66,3.94,0.0,0.0,0.0,0.0,0.01,13.8,41.86,3
2026-09-13 16:04:43,0.0,32.06,55.66,3.94,0.0,0.0,0.0,2.07,0.02,13.8,41.86,3
2026-09-13 16:04:44,0.0,32.06,55.66,3.94,0.0,0.0,0.0,0.0,0.01,13.8,41.86,3
2026-09-13 16:04:45,0.0,32.06,55.66,3.94,0.0,0.0,0.0,0.0,0.01,13.8,41.86,3
2026-09-13 16:04:46,0.0,32.06,55.66,3.94,0.0,0.0,0.0,0.0,0.01,13.8,41.86,3
2026-09-13 16:04:47,0.0,32.06,55.66,3.94,0.0,0.0,0.0,2.07,0.02,13.8,41.86,3
2026-09-13 16:04:48,0.0,32.06,55.66,3.94,0.0,0.0,0.0,0.0,0.02,13.8,41.86,3
2026-09-13 16:04:49,0.0,32.06,55.66,3.94,0.0,0.0,0.0,0.0,0.02,13.8,41.86,3
2026-09-13 16:04:50,0.0,32.06,55.66,3.94,0.0,0.0,0.0,0.0,0.01,13.8,41.86,3
2026-09-13 16:04:51,0.0,32.06,55.66,3.94,0.0,0.0,0.0,0.31,0.02,13.8,41.86,3
2026-09-13 16:04:52,0.0,32.06,55.66,3.94,0.0,0.0,0.0,1.76,0.01,13.8,41.86,3
2026-09-13 16:04:53,0.0,32.06,55.66,3.94,0.0,0.0,0.0,0.0,0.01,13.8,41.86,3
2026-09-13 16:04:54,0.0,32.06,55.66,3.94,0.0,0.0,0.0,0.0,0.01,13.8,41.86,3
2026-09-13 16:04:55,0.0,32.06,55.66,3.94,0.0,0.0,0.0,0.0,0.01,13.8,41.86,3
2026-09-13 16:04:56,0.0,32.06,55.66,3.94,0.0,0.0,0.0,0.31,0.01,13.8,41.86,3
2026-09-13 16:04:57,0.0,32.06,55.66,3.94,0.0,0.0,0.0,1.76,0.01,13.8,41.86,3
2026-09-13 16:04:58,0.0,32.06,55.66,3.94,0.0,0.0,0.0,0.0,0.01,13.8,41.86,3
2026-09-13 16:04:59,0.0,32.06,55.66,3.94,0.0,0.0,0.0,0.0,0.01,13.8,41.86,3
2026-09-13 16:05:00,0.0,32.06,55.66,3.94,0.0,0.0,0.0,0.0,0.0,13.8,41.86,3
2026-09-13 16:05:01,0.0,32.06,55.66,3.94,0.0,0.0,0.0,0.0,0.01,13.8,41.86,3
2026-09-13 16:05:02,0.0,32.06,55.66,3.94,0.0,0.0,0.0,0.0,0.01,13.8,41.86,3
2026-09-13 16:05:03,0.0,32.06,55.66,3.94,0.0,0.0,0.0,0.01,0.02,13.8,41.86,3
2026-09-13 16:05:04,0.0,32.06,55.66,3.94,0.0,0.0,0.0,0.31,0.01,13.8,41.86,3
2026-09-13 16:05:05,0.0,32.06,55.66,3.94,0.0,0.0,0.0,1.76,0.01,13.8,41.86,3
2026-09-13 16:05:06,0.0,32.06,55.66,3.94,0.0,0.0,0.0,0.0,0.01,13.8,41.86,3
2026-09-13 16:05:07,0.0,32.06,55.66,3.94,0.0,0.0,0.0,0.0,0.0,13.8,41.86,3
2026-09-13 16:05:08,0.0,32.06,55.66,3.94,0.0,0.0,0.0,0.0,0.01,13.8,41.86,3
2026-09-13 16:05:09,0.0,32.06,55.66,3.94,0.0,0.0,0.0,0.0,0.0,13.8,41.86,3
2026-09-13 16:05:10,0.0,32.06,55.66,3.94,0.0,0.0,0.0,0.0,0.0,13.8,41.86,3
2026-09-13 16:05:11,0.0,32.06,55.66,3.94,0.0,0.0,0.0,0.0,0.0,13.8,41.86,3
2026-09-13 16:05:12,0.0,32.06,55.66,3.94,0.0,0.0,0.0,0.0,0.01,13.8,41.86,3
2026-09-13 16:05:13,0.0,32.06,55.66,3.94,0.0,0.0,0.0,0.31,0.01,13.8,41.86,3
2026-09-13 16:05:14,0.0,32.06,55.66,3.94,0.0,0.0,0.0,0.0,0.01,13.8,41.86,3
2026-09-13 16:05:15,0.0,32.06,55.66,3.94,0.0,0.0,0.0,1.76,0.02,13.8,41.86,3
2026-09-13 16:05:16,0.0,32.06,55.66,3.94,0.0,0.0,0.0,0.0,0.01,13.8,41.86,3
2026-09-13 16:05:17,0.0,32.06,55.66,3.94,0.0,0.0,0.0,0.0,0.01,13.8,41.86,3
2026-09-13 16:05:18,0.0,32.06,55.66,3.94,0.0,0.0,0.0,0.01,0.01,13.8,41.86,3
2026-09-13 16:05:19,0.0,32.06,55.66,3.94,0.0,0.0,0.0,0.0,0.01,13.8,41.86,3
2026-09-13 16:05:20,0.0,32.06,55.66,3.94,0.0,0.0,0.0,0.0,0.01,13.8,41.86,3
2026-09-13 16:05:21,0.0,32.06,55.66,3.94,0.0,0.0,0.0,0.0,0.01,13.8,41.86,3
2026-09-13 16:05:22,0.0,32.06,55.66,3.94,0.0,0.0,0.0,0.0,0.01,13.8,41.86,3
2026-09-13 16:05:23,0.0,32.06,55.66,3.94,0.0,0.0,0.0,0.31,0.01,13.8,41.86,3
2026-09-13 16:05:24,0.0,32.06,55.66,3.94,0.0,0.0,0.0,1.76,0.02,13.8,41.86,3
2026-09-13 16:05:25,0.0,32.06,55.66,3.94,0.0,0.0,0.0,0.0,0.01,13.8,41.86,3
2026-09-13 16:05:26,0.0,32.06,55.66,3.94,0.0,0.0,0.0,0.0,0.01,13.8,41.86,3
2026-09-13 16:05:27,0.0,32.06,55.66,3.94,0.0,0.0,0.0,0.0,0.0,13.8,41.86,3
2026-09-13 16:05:28,0.0,32.06,55.66,3.94,0.0,0.0,0.0,0.0,0.0,13.8,41.86,3
2026-09-13 16:05:29,0.0,32.06,55.66,3.94,0.0,0.0,0.0,0.31,0.01,13.8,41.86,3
2026-09-13 16:05:30,0.0,32.06,55.66,3.94,0.0,0.0,0.0,1.76,0.01,13.8,41.86,3
2026-09-13 16:05:31,0.0,32.06,55.66,3.94,0.0,0.0,0.0,0.0,0.01,13.8,41.86,3
2026-09-13 16:05:32,0.0,32.06,55.66,3.94,0.0,0.0,0.0,0.0,0.01,13.8,41.86,3
2026-09-13 16:05:33,0.0,32.06,55.66,3.94,0.0,0.0,0.0,0.01,0.02,13.8,41.86,3
2026-09-13 16:05:34,0.0,32.06,55.66,3.94,0.0,0.0,0.0,0.0,0.01,13.8,41.86,3
2026-09-13 16:05:35,0.0,32.06,55.66,3.94,0.0,0.0,0.0,0.31,0.01,13.8,41.86,3
2026-09-13 16:05:36,0.0,32.06,55.66,3.94,0.0,0.0,0.0,1.76,0.01,13.8,41.86,3
2026-09-13 16:05:37,0.0,32.06,55.66,3.94,0.0,0.0,0.0,0.0,0.01,13.8,41.86,3
2026-09-13 16:05:38,0.0,32.06,55.66,3.94,0.0,0.0,0.0,0.0,0.01,13.8,41.86,3
2026-09-13 16:05:39,0.0,32.06,55.66,3.94,0.0,0.0,0.0,0.0,0.01,13.8,41.86,3
2026-09-13 16:05:40,0.0,32.06,55.66,3.94,0.0,0.0,0.0,0.0,0.01,13.8,41.86,3
2026-09-13 16:05:41,0.0,32.06,55.66,3.94,0.0,0.0,0.0,0.31,0.01,13.8,41.86,3
2026-09-13 16:05:42,0.0,32.06,55.66,3.94,0.0,0.0,0.0,1.76,0.01,13.8,41.86,3
2026-09-13 16:05:43,0.0,32.06,55.66,3.94,0.0,0.0,0.0,0.0,0.01,13.8,41.86,3
2026-09-13 16:05:44,0.0,32.06,55.66,3.94,0.0,0.0,0.0,0.0,0.01,13.8,41.86,3
2026-09-13 16:05:45,0.0,32.06,55.66,3.94,0.0,0.0,0.0,0.0,0.01,13.8,41.86,3
2026-09-13 16:05:46,0.0,32.06,55.66,3.94,0.0,0.0,0.0,0.0,0.01,13.8,41.86,3
2026-09-13 16:05:47,0.0,32.06,55.66,3.94,0.0,0.0,0.0,0.0,0.01,13.8,41.86,3
2026-09-13 16:05:48,0.0,32.06,55.66,3.94,0.0,0.0,0.0,0.01,0.01,13.8,41.86,3
2026-09-13 16:05:49,1.0,32.06,55.66,3.94,0.0,0.0,0.0,0.32,0.01,13.8,41.86,3
2026-09-13 16:05:50,0.0,32.06,55.66,3.94,0.0,0.0,0.0,1.76,0.02,13.8,41.86,3
2026-09-13 16:05:51,0.0,32.06,55.66,3.94,0.0,0.0,0.0,0.0,0.01,13.8,41.86,3
2026-09-13 16:05:52,0.0,32.06,55.66,3.94,0.0,0.0,0.0,0.0,0.01,13.8,41.86,3
2026-09-13 16:05:53,0.0,32.06,55.66,3.94,0.0,0.0,0.0,0.0,0.01,13.8,41.86,3
2026-09-13 16:05:54,0.0,32.06,55.66,3.94,0.0,0.0,0.0,0.0,0.01,13.8,41.86,3
2026-09-13 16:05:55,0.0,32.06,55.66,3.94,0.0,0.0,0.0,0.0,0.01,13.8,41.86,3
2026-09-13 16:05:56,0.0,32.06,55.66,3.94,0.0,0.0,0.0,0.19,0.01,13.8,41.86,3
2026-09-13 16:05:57,0.0,32.06,55.66,3.94,0.0,0.0,0.0,1.36,0.01,13.8,41.86,3
2026-09-13 16:05:58,0.0,32.06,55.66,3.94,0.0,0.0,0.0,0.52,0.01,13.8,41.86,3
2026-09-13 16:05:59,0.0,32.06,55.66,3.94,0.0,0.0,0.0,0.0,0.01,13.8,41.86,3
2026-09-13 16:06:00,0.0,32.06,55.66,3.94,0.0,0.0,0.0,0.0,0.0,13.8,41.86,3
2026-09-13 16:06:01,0.0,32.06,55.66,3.94,0.0,0.0,0.0,0.0,0.01,13.8,41.86,3
2026-09-13 16:06:02,0.0,32.06,55.66,3.94,0.0,0.0,0.0,0.0,0.0,13.8,41.86,3
2026-09-13 16:06:03,0.0,32.06,55.66,3.94,0.0,0.0,0.0,0.01,0.01,13.8,41.86,3
2026-09-13 16:06:05,0.0,32.06,55.66,3.94,0.0,0.0,0.0,0.0,0.01,13.8,41.86,3
2026-09-13 16:06:06,0.0,32.06,55.66,3.94,0.0,0.0,0.0,0.31,0.01,13.8,41.86,3
2026-09-13 16:06:07,0.0,32.06,55.66,3.94,0.0,0.0,0.0,1.76,0.01,13.8,41.86,3
2026-09-13 16:06:08,0.0,32.06,55.66,3.94,0.0,0.0,0.0,0.0,0.01,13.8,41.86,3
2026-09-13 16:06:09,0.0,32.06,55.66,3.94,0.0,0.0,0.0,0.0,0.01,13.8,41.86,3
2026-09-13 16:06:10,0.0,32.06,55.66,3.94,0.0,0.0,0.0,0.0,0.01,13.8,41.86,3
2026-09-13 16:06:11,0.0,32.06,55.66,3.94,0.0,0.0,0.0,0.0,0.0,13.8,41.86,3
2026-09-13 16:06:12,0.0,32.06,55.66,3.94,0.0,0.0,0.0,0.0,0.0,13.8,41.86,3
2026-09-13 16:06:13,0.0,32.06,55.66,3.94,0.0,0.0,0.0,0.0,0.01,13.8,41.86,3
2026-09-13 16:06:14,0.0,32.06,55.66,3.94,0.0,0.0,0.0,0.31,0.01,13.8,41.86,3
2026-09-13 16:06:15,1.0,32.06,55.66,3.94,0.0,0.0,0.0,0.0,0.01,13.8,41.86,3
2026-09-13 16:06:16,0.0,32.06,55.66,3.94,0.0,0.0,0.0,1.76,0.02,13.8,41.86,3
2026-09-13 16:06:17,0.0,32.06,55.66,3.94,0.0,0.0,0.0,0.0,0.01,13.8,41.86,3
2026-09-13 16:06:18,0.0,32.06,55.66,3.94,0.0,0.0,0.0,0.0,0.01,13.8,41.86,3
2026-09-13 16:06:19,0.0,32.02,55.66,3.94,0.0,0.0,0.0,0.01,0.01,13.8,41.86,3
2026-09-13 16:06:20,0.0,32.06,55.66,3.94,0.0,0.0,0.0,0.0,0.01,13.8,41.86,3
2026-09-13 16:06:21,0.0,32.06,55.66,3.94,0.0,0.0,0.0,0.0,0.01,13.8,41.86,3
2026-09-13 16:06:22,0.0,32.06,55.66,3.94,0.0,0.0,0.0,0.0,0.01,13.8,41.86,3
2026-09-13 16:06:23,0.0,32.06,55.66,3.94,0.0,0.0,0.0,0.0,0.0,13.8,41.86,3
2026-09-13 16:06:24,0.0,32.06,55.66,3.94,0.0,0.0,0.0,0.0,0.01,13.8,41.86,3
2026-09-13 16:06:25,0.0,32.06,55.66,3.94,0.0,0.0,0.0,0.0,0.01,13.8,41.86,3
2026-09-13 16:06:26,0.0,32.06,55.66,3.94,0.0,0.0,0.0,0.0,0.01,13.8,41.86,3
2026-09-13 16:06:27,0.0,32.06,55.66,3.94,0.0,0.0,0.0,0.0,0.0,13.8,41.86,3
2026-09-13 16:06:28,0.0,32.06,55.66,3.94,0.0,0.0,0.0,0.31,0.01,13.8,41.86,3
2026-09-13 16:06:29,0.0,32.06,55.66,3.94,0.0,0.0,0.0,0.0,0.01,13.8,41.86,3
2026-09-13 16:06:30,0.0,32.06,55.66,3.94,0.0,0.0,0.0,1.76,0.02,13.8,41.86,3
2026-09-13 16:06:31,0.0,32.06,55.66,3.94,0.0,0.0,0.0,0.0,0.0,13.8,41.86,3
2026-09-13 16:06:32,0.0,32.06,55.66,3.94,0.0,0.0,0.0,0.0,0.01,13.8,41.86,3
2026-09-13 16:06:33,0.0,32.06,55.66,3.94,0.0,0.0,0.0,0.0,0.01,13.8,41.86,3
2026-09-13 16:06:34,0.0,32.02,55.66,3.94,0.0,0.0,0.0,0.0,0.02,13.8,41.86,3
2026-09-13 16:06:35,0.0,32.06,55.66,3.94,0.0,0.0,0.0,0.01,0.01,13.8,41.86,3
2026-09-13 16:06:36,0.0,32.06,55.66,3.94,0.0,0.0,0.0,0.0,0.01,13.8,41.86,3
2026-09-13 16:06:37,0.0,32.06,55.66,3.94,0.0,0.0,0.0,0.0,0.01,13.8,41.86,3
2026-09-13 16:06:38,0.0,32.06,55.66,3.94,0.0,0.0,0.0,0.31,0.01,13.8,41.86,3
2026-09-13 16:06:39,0.0,32.06,55.66,3.94,0.0,0.0,0.0,1.76,0.01,13.8,41.86,3
2026-09-13 16:06:40,0.0,32.06,55.66,3.94,0.0,0.0,0.0,0.0,0.0,13.8,41.86,3
2026-09-13 16:06:41,0.0,32.06,55.66,3.94,0.0,0.0,0.0,0.0,0.0,13.8,41.86,3
2026-09-13 16:06:42,0.0,32.06,55.66,3.94,0.0,0.0,0.0,0.0,0.01,13.8,41.86,3
2026-09-13 16:06:43,0.0,32.06,55.66,3.94,0.0,0.0,0.0,0.0,0.01,13.8,41.86,3
2026-09-13 16:06:44,0.0,32.06,55.66,3.94,0.0,0.0,0.0,0.0,0.01,13.8,41.86,3
2026-09-13 16:06:45,0.0,32.06,55.66,3.94,0.0,0.0,0.0,0.31,0.01,13.8,41.86,3
2026-09-13 16:06:46,0.0,32.06,55.66,3.94,0.0,0.0,0.0,1.76,0.02,13.8,41.86,3
2026-09-13 16:06:47,0.0,32.06,55.66,3.94,0.0,0.0,0.0,0.0,0.01,13.8,41.86,3
2026-09-13 16:06:48,0.0,32.06,55.66,3.94,0.0,0.0,0.0,0.0,0.01,13.8,41.86,3
2026-09-13 16:06:49,0.0,31.93,55.66,3.94,0.0,0.0,0.0,0.0,0.02,13.8,41.86,3
2026-09-13 16:06:50,0.0,32.06,55.66,3.94,0.0,0.0,0.0,0.0,0.01,13.8,41.86,3
2026-09-13 16:06:51,0.0,32.06,55.66,3.94,0.0,0.0,0.0,0.0,0.01,13.8,41.86,3
2026-09-13 16:06:52,0.0,32.06,55.66,3.94,0.0,0.0,0.0,0.31,0.01,13.8,41.86,3
2026-09-13 16:06:53,0.0,32.06,55.66,3.94,0.0,0.0,0.0,1.76,0.02,13.8,41.86,3
2026-09-13 16:06:54,0.0,32.06,55.66,3.94,0.0,0.0,0.0,0.0,0.01,13.8,41.86,3
2026-09-13 16:06:55,0.0,32.06,55.66,3.94,0.0,0.0,0.0,0.0,0.01,13.8,41.86,3
2026-09-13 16:06:56,0.0,32.06,55.66,3.94,0.0,0.0,0.0,0.0,0.01,13.8,41.86,3
2026-09-13 16:06:57,0.0,32.06,55.66,3.94,0.0,0.0,0.0,0.31,0.01,13.8,41.86,3
2026-09-13 16:06:58,0.0,32.06,55.66,3.94,0.0,0.0,0.0,1.76,0.02,13.8,41.86,3
2026-09-13 16:06:59,0.0,32.06,55.66,3.94,0.0,0.0,0.0,0.0,0.01,13.8,41.86,3
2026-09-13 16:07:00,0.0,32.06,55.66,3.94,0.0,0.0,0.0,0.0,0.0,13.8,41.86,3
2026-09-13 16:07:01,0.0,32.06,55.66,3.94,0.0,0.0,0.0,0.99,0.01,13.8,41.86,3
2026-09-13 16:07:02,0.0,32.06,55.66,3.94,0.0,0.0,0.0,1.08,0.01,13.8,41.86,3
2026-09-13 16:07:03,0.0,32.06,55.66,3.94,0.0,0.0,0.0,0.0,0.02,13.8,41.86,3
2026-09-13 16:07:04,0.0,31.95,55.66,3.94,0.0,0.0,0.0,0.32,0.01,13.8,41.86,3
2026-09-13 16:07:05,0.0,32.06,55.66,3.94,0.0,0.0,0.0,1.77,0.02,13.8,41.86,3
2026-09-13 16:07:06,0.0,32.06,55.66,3.94,0.0,0.0,0.0,0.0,0.01,13.8,41.86,3
2026-09-13 16:07:07,0.0,32.06,55.66,3.94,0.0,0.0,0.0,0.31,0.01,13.8,41.86,3
2026-09-13 16:07:08,0.0,32.06,55.66,3.94,0.0,0.0,0.0,1.76,0.02,13.8,41.86,3
2026-09-13 16:07:09,0.0,32.06,55.66,3.94,0.0,0.0,0.0,0.0,0.0,13.8,41.86,3
2026-09-13 16:07:10,0.0,32.06,55.66,3.94,0.0,0.0,0.0,0.0,0.0,13.8,41.86,3
2026-09-13 16:07:11,0.0,32.06,55.66,3.94,0.0,0.0,0.0,0.31,0.01,13.8,41.86,3
2026-09-13 16:07:12,0.0,32.06,55.66,3.94,0.0,0.0,0.0,1.76,0.01,13.8,41.86,3
2026-09-13 16:07:13,0.0,32.06,55.66,3.94,0.0,0.0,0.0,0.0,0.01,13.8,41.86,3
2026-09-13 16:07:14,0.0,32.06,55.66,3.94,0.0,0.0,0.0,0.0,0.01,13.8,41.86,3
2026-09-13 16:07:15,0.0,32.04,55.66,3.94,0.0,0.0,0.0,0.0,0.01,13.8,41.86,3
2026-09-13 16:07:16,0.0,32.06,55.66,3.94,0.0,0.0,0.0,0.0,0.01,13.8,41.86,3
2026-09-13 16:07:17,0.0,32.06,55.66,3.94,0.0,0.0,0.0,0.0,0.01,13.8,41.86,3
2026-09-13 16:07:18,0.0,32.06,55.66,3.94,0.0,0.0,0.0,0.31,0.01,13.8,41.86,3
2026-09-13 16:07:19,0.0,31.92,55.66,3.94,0.0,0.0,0.0,1.76,0.02,13.8,41.86,3
2026-09-13 16:07:20,0.0,32.06,55.66,3.94,0.0,0.0,0.0,0.0,0.01,13.8,41.86,3
2026-09-13 16:07:21,0.0,32.06,55.66,3.94,0.0,0.0,0.0,0.0,0.01,13.8,41.86,3
2026-09-13 16:07:22,0.0,32.06,55.66,3.94,0.0,0.0,0.0,0.0,0.01,13.8,41.86,3
2026-09-13 16:07:23,0.0,32.06,55.66,3.94,0.0,0.0,0.0,0.0,0.01,13.8,41.86,3
2026-09-13 16:07:24,0.0,32.06,55.66,3.94,0.0,0.0,0.0,0.0,0.01,13.8,41.86,3
2026-09-13 16:07:25,0.0,32.06,55.66,3.94,0.0,0.0,0.0,0.31,0.01,13.8,41.86,3
2026-09-13 16:07:26,0.0,32.06,55.66,3.94,0.0,0.0,0.0,1.76,0.01,13.8,41.86,3
2026-09-13 16:07:27,0.0,32.06,55.66,3.94,0.0,0.0,0.0,0.0,0.0,13.8,41.86,3
2026-09-13 16:07:28,0.0,32.06,55.66,3.94,0.0,0.0,0.0,0.0,0.0,13.8,41.86,3
2026-09-13 16:07:29,0.0,32.06,55.66,3.94,0.0,0.0,0.0,0.0,0.01,13.8,41.86,3
2026-09-13 16:07:30,0.0,32.06,55.66,3.94,0.0,0.0,0.0,0.31,0.0,13.8,41.86,3
2026-09-13 16:07:31,0.0,32.06,55.66,3.94,0.0,0.0,0.0,1.76,0.02,13.8,41.86,3
2026-09-13 16:07:32,0.0,32.06,55.66,3.94,0.0,0.0,0.0,0.0,0.01,13.8,41.86,3
2026-09-13 16:07:33,0.0,32.06,55.66,3.94,0.0,0.0,0.0,0.0,0.02,13.8,41.86,3
2026-09-13 16:07:34,0.0,32.06,55.66,3.94,0.0,0.0,0.0,0.0,0.01,13.8,41.86,3
2026-09-13 16:07:35,0.0,32.06,55.66,3.94,0.0,0.0,0.0,0.01,0.01,13.8,41.86,3
2026-09-13 16:07:36,0.0,32.06,55.66,3.94,0.0,0.0,0.0,0.0,0.01,13.8,41.86,3
2026-09-13 16:07:37,0.0,32.06,55.66,3.94,0.0,0.0,0.0,2.08,0.02,13.8,41.86,3
2026-09-13 16:07:38,0.0,32.06,55.66,3.94,0.0,0.0,0.0,0.0,0.01,13.8,41.86,3
2026-09-13 16:07:39,0.0,32.06,55.66,3.94,0.0,0.0,0.0,0.0,0.01,13.8,41.86,3
2026-09-13 16:07:40,0.0,32.06,55.66,3.94,0.0,0.0,0.0,0.0,0.01,13.8,41.86,3
2026-09-13 16:07:41,0.0,32.06,55.66,3.94,0.0,0.0,0.0,0.31,0.01,13.8,41.86,3
2026-09-13 16:07:42,0.0,32.06,55.66,3.94,0.0,0.0,0.0,1.77,0.02,13.8,41.86,3
2026-09-13 16:07:43,0.0,32.06,55.66,3.94,0.0,0.0,0.0,0.0,0.01,13.8,41.86,3
2026-09-13 16:07:44,0.0,32.06,55.66,3.94,0.0,0.0,0.0,0.0,0.01,13.8,41.86,3
2026-09-13 16:07:45,0.0,32.06,55.66,3.94,0.0,0.0,0.0,0.0,0.01,13.8,41.86,3
2026-09-13 16:07:46,0.0,32.06,55.66,3.94,0.0,0.0,0.0,0.0,0.01,13.8,41.86,3
2026-09-13 16:07:47,0.0,32.06,55.66,3.94,0.0,0.0,0.0,0.0,0.01,13.8,41.86,3
2026-09-13 16:07:48,0.0,32.06,55.66,3.94,0.0,0.0,0.0,0.0,0.01,13.8,41.86,3
2026-09-13 16:07:49,0.0,32.06,55.66,3.94,0.0,0.0,0.0,0.32,0.01,13.8,41.86,3
2026-09-13 16:07:50,0.0,32.06,55.66,3.94,0.0,0.0,0.0,1.77,0.02,13.8,41.86,3
2026-09-13 16:07:51,0.0,32.06,55.66,3.94,0.0,0.0,0.0,0.0,0.01,13.8,41.86,3
2026-09-13 16:07:52,0.0,32.06,55.66,3.94,0.0,0.0,0.0,0.0,0.01,13.8,41.86,3
2026-09-13 16:07:53,0.0,32.06,55.66,3.94,0.0,0.0,0.0,0.0,0.01,13.8,41.86,3
2026-09-13 16:07:54,0.0,32.06,55.66,3.94,0.0,0.0,0.0,0.0,0.01,13.8,41.86,3
2026-09-13 16:07:55,0.0,32.06,55.66,3.94,0.0,0.0,0.0,0.0,0.01,13.8,41.86,3
2026-09-13 16:07:56,0.0,32.06,55.66,3.94,0.0,0.0,0.0,0.31,0.01,13.8,41.86,3
2026-09-13 16:07:57,0.0,32.06,55.66,3.94,0.0,0.0,0.0,1.76,0.01,13.8,41.86,3
2026-09-13 16:07:59,0.0,32.06,55.66,3.94,0.0,0.0,0.0,0.0,0.01,13.8,41.86,3
2026-09-13 16:08:00,0.0,32.06,55.66,3.94,0.0,0.0,0.0,0.0,0.01,13.8,41.86,3
2026-09-13 16:08:01,0.0,32.06,55.66,3.94,0.0,0.0,0.0,0.0,0.0,13.8,41.86,3
2026-09-13 16:08:02,0.0,32.06,55.66,3.94,0.0,0.0,0.0,0.0,0.01,13.8,41.86,3
2026-09-13 16:08:03,0.0,32.06,55.66,3.94,0.0,0.0,0.0,0.0,0.0,13.8,41.86,3
2026-09-13 16:08:04,0.0,32.06,55.66,3.94,0.0,0.0,0.0,0.0,0.01,13.8,41.86,3
2026-09-13 16:08:05,0.0,32.06,55.66,3.94,0.0,0.0,0.0,0.31,0.01,13.8,41.86,3
2026-09-13 16:08:06,0.0,32.06,55.66,3.94,0.0,0.0,0.0,1.77,0.02,13.8,41.86,3
2026-09-13 16:08:07,0.0,32.06,55.66,3.94,0.0,0.0,0.0,0.0,0.0,13.8,41.86,3
2026-09-13 16:08:08,0.0,32.06,55.66,3.94,0.0,0.0,0.0,0.0,0.0,13.8,41.86,3
2026-09-13 16:08:09,0.0,32.06,55.66,3.94,0.0,0.0,0.0,0.0,0.01,13.8,41.86,3
2026-09-13 16:08:10,0.0,32.06,55.66,3.94,0.0,0.0,0.0,0.0,0.01,13.8,41.86,3
2026-09-13 16:08:11,0.0,32.06,55.66,3.94,0.0,0.0,0.0,0.31,0.01,13.8,41.86,3
2026-09-13 16:08:12,0.0,32.06,55.66,3.94,0.0,0.0,0.0,1.76,0.01,13.8,41.86,3
2026-09-13 16:08:13,0.0,32.06,55.66,3.94,0.0,0.0,0.0,0.0,0.01,13.8,41.86,3
2026-09-13 16:08:14,0.0,32.06,55.66,3.94,0.0,0.0,0.0,0.0,0.01,13.8,41.86,3
2026-09-13 16:08:15,0.0,32.06,55.66,3.94,0.0,0.0,0.0,0.0,0.01,13.8,41.86,3
2026-09-13 16:08:16,0.0,32.06,55.66,3.94,0.0,0.0,0.0,0.0,0.01,13.8,41.86,3
2026-09-13 16:08:17,0.0,32.06,55.66,3.94,0.0,0.0,0.0,0.31,0.01,13.8,41.86,3
2026-09-13 16:08:18,0.0,32.06,55.66,3.94,0.0,0.0,0.0,1.76,0.02,13.8,41.86,3
2026-09-13 16:08:19,0.0,32.06,55.66,3.94,0.0,0.0,0.0,0.0,0.01,13.8,41.86,3
2026-09-13 16:08:20,0.0,32.06,55.66,3.94,0.0,0.0,0.0,0.0,0.01,13.8,41.86,3
2026-09-13 16:08:21,0.0,32.06,55.66,3.94,0.0,0.0,0.0,0.01,0.01,13.8,41.86,3
2026-09-13 16:08:22,0.0,32.06,55.66,3.94,0.0,0.0,0.0,0.32,0.01,13.8,41.86,3
2026-09-13 16:08:23,0.0,32.06,55.66,3.94,0.0,0.0,0.0,1.76,0.01,13.8,41.86,3
2026-09-13 16:08:24,0.0,32.06,55.66,3.94,0.0,0.0,0.0,0.0,0.01,13.8,41.86,3
2026-09-13 16:08:25,0.0,32.06,55.66,3.94,0.0,0.0,0.0,0.0,0.01,13.8,41.86,3
2026-09-13 16:08:26,0.0,32.06,55.66,3.94,0.0,0.0,0.0,0.0,0.01,13.8,41.86,3
2026-09-13 16:08:27,0.0,32.06,55.66,3.94,0.0,0.0,0.0,0.31,0.0,13.8,41.86,3
2026-09-13 16:08:28,0.0,32.06,55.66,3.94,0.0,0.0,0.0,1.76,0.01,13.8,41.86,3
2026-09-13 16:08:29,0.0,32.06,55.66,3.94,0.0,0.0,0.0,0.0,0.01,13.8,41.86,3
2026-09-13 16:08:30,0.0,32.06,55.66,3.94,0.0,0.0,0.0,0.0,0.01,13.8,41.86,3
2026-09-13 16:08:31,0.0,32.06,55.66,3.94,0.0,0.0,0.0,0.0,0.01,13.8,41.86,3
2026-09-13 16:08:32,1.0,32.06,55.66,3.94,0.0,0.0,0.0,0.0,0.01,13.8,41.86,3
2026-09-13 16:08:33,0.0,32.06,55.66,3.94,0.0,0.0,0.0,0.0,0.01,13.8,41.86,3
2026-09-13 16:08:34,0.0,32.06,55.66,3.94,0.0,0.0,0.0,0.31,0.02,13.8,41.86,3
2026-09-13 16:08:35,0.0,32.06,55.66,3.94,0.0,0.0,0.0,0.0,0.01,13.8,41.86,3
2026-09-13 16:08:36,0.0,32.06,55.66,3.94,0.0,0.0,0.0,1.77,0.02,13.8,41.86,3
2026-09-13 16:08:37,0.0,32.06,55.66,3.94,0.0,0.0,0.0,0.0,0.01,13.8,41.86,3
2026-09-13 16:08:38,0.0,32.06,55.66,3.94,0.0,0.0,0.0,0.0,0.01,13.8,41.86,3
2026-09-13 16:08:39,0.0,32.06,55.66,3.94,0.0,0.0,0.0,0.0,0.01,13.8,41.86,3
2026-09-13 16:08:40,0.0,32.06,55.66,3.94,0.0,0.0,0.0,0.0,0.0,13.8,41.86,3
2026-09-13 16:08:41,0.0,32.06,55.66,3.94,0.0,0.0,0.0,0.0,0.0,13.8,41.86,3
2026-09-13 16:08:42,0.0,32.06,55.66,3.94,0.0,0.0,0.0,0.31,0.01,13.8,41.86,3
2026-09-13 16:08:43,0.0,32.06,55.66,3.94,0.0,0.0,0.0,1.76,0.02,13.8,41.86,3
2026-09-13 16:08:44,0.0,32.06,55.66,3.94,0.0,0.0,0.0,0.0,0.01,13.8,41.86,3
2026-09-13 16:08:45,0.0,32.06,55.66,3.94,0.0,0.0,0.0,0.0,0.01,13.8,41.86,3
2026-09-13 16:08:46,0.0,32.06,55.66,3.94,0.0,0.0,0.0,0.0,0.01,13.8,41.86,3
2026-09-13 16:08:47,0.0,32.06,55.66,3.94,0.0,0.0,0.0,0.0,0.01,13.8,41.86,3
2026-09-13 16:08:48,0.0,32.06,55.66,3.94,0.0,0.0,0.0,0.0,0.01,13.8,41.86,3
2026-09-13 16:08:49,0.0,32.06,55.66,3.94,0.0,0.0,0.0,0.31,0.02,13.8,41.86,3
2026-09-13 16:08:50,0.0,32.06,55.66,3.94,0.0,0.0,0.0,1.77,0.02,13.8,41.86,3
2026-09-13 16:08:51,0.0,32.06,55.66,3.94,0.0,0.0,0.0,0.01,0.02,13.8,41.86,3
2026-09-13 16:08:52,0.0,32.06,55.66,3.94,0.0,0.0,0.0,0.0,0.01,13.8,41.86,3
2026-09-13 16:08:53,0.0,32.06,55.66,3.94,0.0,0.0,0.0,0.0,0.01,13.8,41.86,3
2026-09-13 16:08:54,0.0,32.06,55.66,3.94,0.0,0.0,0.0,2.07,0.02,13.8,41.86,3
2026-09-13 16:08:55,0.0,32.06,55.66,3.94,0.0,0.0,0.0,0.0,0.01,13.8,41.86,3
2026-09-13 16:08:56,0.0,32.06,55.66,3.94,0.0,0.0,0.0,0.0,0.01,13.8,41.86,3
2026-09-13 16:08:57,0.0,32.06,55.66,3.94,0.0,0.0,0.0,0.0,0.01,13.8,41.86,3
2026-09-13 16:08:58,0.0,32.06,55.66,3.94,0.0,0.0,0.0,0.0,0.01,13.8,41.86,3
2026-09-13 16:08:59,0.0,32.06,55.66,3.94,0.0,0.0,0.0,2.08,0.02,13.8,41.86,3
2026-09-13 16:09:00,0.0,32.06,55.66,3.94,0.0,0.0,0.0,0.0,0.0,13.8,41.86,3
2026-09-13 16:09:01,0.0,32.06,55.66,3.94,0.0,0.0,0.0,0.0,0.01,13.8,41.86,3
2026-09-13 16:09:02,0.0,32.06,55.66,3.94,0.0,0.0,0.0,0.0,0.0,13.8,41.86,3
2026-09-13 16:09:03,0.0,32.06,55.66,3.94,0.0,0.0,0.0,0.0,0.02,13.8,41.86,3
2026-09-13 16:09:04,0.0,32.06,55.66,3.94,0.0,0.0,0.0,0.31,0.01,13.8,41.86,3
2026-09-13 16:09:05,0.0,32.06,55.66,3.94,0.0,0.0,0.0,1.76,0.01,13.8,41.86,3
2026-09-13 16:09:06,0.0,32.06,55.66,3.94,0.0,0.0,0.0,0.01,0.01,13.8,41.86,3
2026-09-13 16:09:07,0.0,32.06,55.66,3.94,0.0,0.0,0.0,0.0,0.0,13.8,41.86,3
2026-09-13 16:09:08,0.0,32.06,55.66,3.94,0.0,0.0,0.0,0.0,0.01,13.8,41.86,3
2026-09-13 16:09:09,0.0,32.06,55.66,3.94,0.0,0.0,0.0,0.0,0.0,13.8,41.86,3
2026-09-13 16:09:10,0.0,32.06,55.66,3.94,0.0,0.0,0.0,0.0,0.0,13.8,41.86,3
2026-09-13 16:09:11,0.0,32.06,55.66,3.94,0.0,0.0,0.0,0.0,0.0,13.8,41.86,3
2026-09-13 16:09:12,0.0,32.06,55.66,3.94,0.0,0.0,0.0,0.0,0.01,13.8,41.86,3
2026-09-13 16:09:13,0.0,32.06,55.66,3.94,0.0,0.0,0.0,0.31,0.01,13.8,41.86,3
2026-09-13 16:09:14,0.0,32.06,55.66,3.94,0.0,0.0,0.0,0.0,0.01,13.8,41.86,3
2026-09-13 16:09:15,0.0,32.06,55.66,3.94,0.0,0.0,0.0,1.76,0.02,13.8,41.86,3
2026-09-13 16:09:16,0.0,32.06,55.66,3.94,0.0,0.0,0.0,0.0,0.01,13.8,41.86,3
2026-09-13 16:09:17,0.0,32.06,55.66,3.94,0.0,0.0,0.0,0.0,0.01,13.8,41.86,3
2026-09-13 16:09:18,0.0,32.06,55.66,3.94,0.0,0.0,0.0,0.0,0.01,13.8,41.86,3
2026-09-13 16:09:19,0.0,32.06,55.66,3.94,0.0,0.0,0.0,0.0,0.01,13.8,41.86,3
2026-09-13 16:09:20,0.0,32.06,55.66,3.94,0.0,0.0,0.0,0.0,0.01,13.8,41.86,3
2026-09-13 16:09:21,0.0,32.06,55.66,3.94,0.0,0.0,0.0,2.08,0.02,13.8,41.86,3
2026-09-13 16:09:22,0.0,32.06,55.66,3.94,0.0,0.0,0.0,0.0,0.01,13.8,41.86,3
2026-09-13 16:09:23,0.0,32.06,55.66,3.94,0.0,0.0,0.0,0.0,0.01,13.8,41.86,3
2026-09-13 16:09:24,0.0,32.06,55.66,3.94,0.0,0.0,0.0,0.0,0.01,13.8,41.86,3
2026-09-13 16:09:25,0.0,32.06,55.66,3.94,0.0,0.0,0.0,0.31,0.01,13.8,41.86,3
2026-09-13 16:09:26,0.0,32.06,55.66,3.94,0.0,0.0,0.0,1.76,0.01,13.8,41.86,3
2026-09-13 16:09:27,0.0,32.06,55.66,3.94,0.0,0.0,0.0,0.0,0.0,13.8,41.86,3
2026-09-13 16:09:28,0.0,32.06,55.66,3.94,0.0,0.0,0.0,0.0,0.0,13.8,41.86,3
2026-09-13 16:09:29,0.0,32.06,55.66,3.94,0.0,0.0,0.0,0.0,0.01,13.8,41.86,3
2026-09-13 16:09:30,0.0,32.06,55.66,3.94,0.0,0.0,0.0,0.0,0.0,13.8,41.86,3
2026-09-13 16:09:31,0.0,32.06,55.66,3.94,0.0,0.0,0.0,0.31,0.01,13.8,41.86,3
2026-09-13 16:09:32,0.0,32.06,55.66,3.94,0.0,0.0,0.0,0.0,0.01,13.8,41.86,3
2026-09-13 16:09:33,0.0,32.06,55.66,3.94,0.0,0.0,0.0,1.76,0.02,13.8,41.86,3
2026-09-13 16:09:34,0.0,32.06,55.66,3.94,0.0,0.0,0.0,0.0,0.01,13.8,41.86,3
2026-09-13 16:09:35,0.0,32.06,55.66,3.94,0.0,0.0,0.0,0.0,0.01,13.8,41.86,3
2026-09-13 16:09:36,0.0,32.06,55.66,3.94,0.0,0.0,0.0,0.01,0.01,13.8,41.86,3
2026-09-13 16:09:37,0.0,32.06,55.66,3.94,0.0,0.0,0.0,0.0,0.01,13.8,41.86,3
2026-09-13 16:09:38,0.0,32.06,55.66,3.94,0.0,0.0,0.0,0.31,0.01,13.8,41.86,3
2026-09-13 16:09:39,0.0,32.06,55.66,3.94,0.0,0.0,0.0,1.76,0.01,13.8,41.86,3
2026-09-13 16:09:40,0.0,32.06,55.66,3.94,0.0,0.0,0.0,0.0,0.01,13.8,41.86,3
2026-09-13 16:09:41,0.0,32.06,55.66,3.94,0.0,0.0,0.0,0.0,0.0,13.8,41.86,3
2026-09-13 16:09:42,0.0,32.06,55.66,3.94,0.0,0.0,0.0,0.0,0.01,13.8,41.86,3
2026-09-13 16:09:43,0.0,32.06,55.66,3.94,0.0,0.0,0.0,0.31,0.01,13.8,41.86,3
2026-09-13 16:09:44,0.0,32.06,55.66,3.94,0.0,0.0,0.0,1.76,0.02,13.8,41.86,3
2026-09-13 16:09:45,0.0,32.06,55.66,3.94,0.0,0.0,0.0,0.0,0.01,13.8,41.86,3
2026-09-13 16:09:46,0.0,32.06,55.66,3.94,0.0,0.0,0.0,0.0,0.01,13.8,41.86,3
2026-09-13 16:09:47,1.0,32.06,55.66,3.94,0.0,0.0,0.0,0.31,0.01,13.8,41.86,3
2026-09-13 16:09:48,0.0,32.06,55.66,3.94,0.0,0.0,0.0,1.76,0.02,13.8,41.86,3
2026-09-13 16:09:49,0.0,32.06,55.66,3.94,0.0,0.0,0.0,0.01,0.01,13.8,41.86,3
2026-09-13 16:09:50,0.0,32.06,55.66,3.94,0.0,0.0,0.0,0.0,0.01,13.8,41.86,3
2026-09-13 16:09:51,0.0,32.06,55.66,3.94,0.0,0.0,0.0,0.01,0.02,13.8,41.86,3
2026-09-13 16:09:53,0.0,32.06,55.66,3.94,0.0,0.0,0.0,0.31,0.01,13.8,41.86,3
2026-09-13 16:09:54,0.0,32.06,55.66,3.94,0.0,0.0,0.0,1.76,0.02,13.8,41.86,3
2026-09-13 16:09:55,0.0,32.06,55.66,3.94,0.0,0.0,0.0,0.0,0.01,13.8,41.86,3
2026-09-13 16:09:56,0.0,32.06,55.66,3.94,0.0,0.0,0.0,0.0,0.01,13.8,41.86,3
2026-09-13 16:09:57,0.0,32.06,55.66,3.94,0.0,0.0,0.0,0.0,0.01,13.8,41.86,3
2026-09-13 16:09:58,0.0,32.06,55.66,3.94,0.0,0.0,0.0,2.08,0.02,13.8,41.86,3
2026-09-13 16:09:59,0.0,32.06,55.66,3.94,0.0,0.0,0.0,0.0,0.01,13.8,41.86,3
2026-09-13 16:10:00,0.0,32.06,55.66,3.94,0.0,0.0,0.0,0.0,0.01,13.8,41.86,3
2026-09-13 16:10:01,0.0,32.06,55.66,3.94,0.0,0.0,0.0,0.0,0.0,13.8,41.86,3
2026-09-13 16:10:02,0.0,32.06,55.66,3.94,0.0,0.0,0.0,0.31,0.01,13.8,41.86,3
2026-09-13 16:10:03,0.0,32.06,55.66,3.94,0.0,0.0,0.0,1.76,0.01,13.8,41.86,3
2026-09-13 16:10:04,0.0,32.06,55.66,3.94,0.0,0.0,0.0,0.0,0.01,13.8,41.86,3
2026-09-13 16:10:05,0.0,32.06,55.66,3.94,0.0,0.0,0.0,0.0,0.01,13.8,41.86,3
2026-09-13 16:10:06,0.0,32.06,55.66,3.94,0.0,0.0,0.0,0.0,0.0,13.8,41.86,3
2026-09-13 16:10:07,0.0,32.06,55.66,3.94,0.0,0.0,0.0,0.32,0.01,13.8,41.86,3
2026-09-13 16:10:08,0.0,32.06,55.66,3.94,0.0,0.0,0.0,1.76,0.02,13.8,41.86,3
2026-09-13 16:10:09,0.0,32.06,55.66,3.94,0.0,0.0,0.0,0.0,0.01,13.8,41.86,3
2026-09-13 16:10:10,0.0,32.06,55.66,3.94,0.0,0.0,0.0,0.0,0.01,13.8,41.86,3
2026-09-13 16:10:11,0.0,32.06,55.66,3.94,0.0,0.0,0.0,0.0,0.0,13.8,41.86,3
2026-09-13 16:10:12,0.0,32.06,55.66,3.94,0.0,0.0,0.0,0.0,0.0,13.8,41.86,3
2026-09-13 16:10:13,0.0,32.06,55.66,3.94,0.0,0.0,0.0,2.07,0.02,13.8,41.86,3
2026-09-13 16:10:14,0.0,32.06,55.66,3.94,0.0,0.0,0.0,0.0,0.01,13.8,41.86,3
2026-09-13 16:10:15,0.0,32.06,55.66,3.94,0.0,0.0,0.0,0.0,0.01,13.8,41.86,3
2026-09-13 16:10:16,0.0,32.06,55.66,3.94,0.0,0.0,0.0,0.0,0.01,13.8,41.86,3
2026-09-13 16:10:17,0.0,32.06,55.66,3.94,0.0,0.0,0.0,0.31,0.01,13.8,41.86,3
2026-09-13 16:10:18,0.0,32.06,55.66,3.94,0.0,0.0,0.0,1.76,0.02,13.8,41.86,3
2026-09-13 16:10:19,0.0,32.06,55.66,3.94,0.0,0.0,0.0,0.0,0.01,13.8,41.86,3
2026-09-13 16:10:20,0.0,32.06,55.66,3.94,0.0,0.0,0.0,0.0,0.02,13.8,41.86,3
2026-09-13 16:10:21,0.0,32.06,55.66,3.94,0.0,0.0,0.0,0.0,0.01,13.8,41.86,3
2026-09-13 16:10:22,0.0,32.06,55.66,3.94,0.0,0.0,0.0,0.01,0.01,13.8,41.86,3
2026-09-13 16:10:23,0.0,32.06,55.66,3.94,0.0,0.0,0.0,0.0,0.01,13.8,41.86,3
2026-09-13 16:10:24,0.0,32.06,55.66,3.94,0.0,0.0,0.0,0.0,0.01,13.8,41.86,3
2026-09-13 16:10:25,0.0,32.06,55.66,3.94,0.0,0.0,0.0,0.31,0.01,13.8,41.86,3
2026-09-13 16:10:26,0.0,32.06,55.66,3.94,0.0,0.0,0.0,1.76,0.01,13.8,41.86,3
2026-09-13 16:10:27,0.0,32.06,55.66,3.94,0.0,0.0,0.0,0.0,0.0,13.8,41.86,3
2026-09-13 16:10:28,0.0,32.06,55.66,3.94,0.0,0.0,0.0,0.0,0.0,13.8,41.86,3
2026-09-13 16:10:29,0.0,32.06,55.66,3.94,0.0,0.0,0.0,0.0,0.01,13.8,41.86,3
2026-09-13 16:10:30,0.0,32.06,55.66,3.94,0.0,0.0,0.0,0.0,0.01,13.8,41.86,3
2026-09-13 16:10:31,0.0,32.06,55.66,3.94,0.0,0.0,0.0,0.0,0.01,13.8,41.86,3
2026-09-13 16:10:32,0.0,32.06,55.66,3.94,0.0,0.0,0.0,0.0,0.01,13.8,41.86,3
2026-09-13 16:10:33,0.0,32.06,55.66,3.94,0.0,0.0,0.0,0.31,0.02,13.8,41.86,3
2026-09-13 16:10:34,1.0,32.06,55.66,3.94,0.0,0.0,0.0,0.0,0.01,13.8,41.86,3
2026-09-13 16:10:35,0.0,32.06,55.66,3.94,0.0,0.0,0.0,1.76,0.02,13.8,41.86,3
2026-09-13 16:10:36,0.0,32.06,55.66,3.94,0.0,0.0,0.0,0.0,0.01,13.8,41.86,3
2026-09-13 16:10:37,0.0,32.06,55.66,3.94,0.0,0.0,0.0,0.01,0.01,13.8,41.86,3
2026-09-13 16:10:38,0.0,32.06,55.66,3.94,0.0,0.0,0.0,0.0,0.01,13.8,41.86,3
2026-09-13 16:10:39,0.0,32.06,55.66,3.94,0.0,0.0,0.0,0.0,0.01,13.8,41.86,3
2026-09-13 16:10:40,0.0,32.06,55.66,3.94,0.0,0.0,0.0,0.0,0.01,13.8,41.86,3
2026-09-13 16:10:41,0.0,32.06,55.66,3.94,0.0,0.0,0.0,0.0,0.0,13.8,41.86,3
2026-09-13 16:10:42,0.0,32.06,55.66,3.94,0.0,0.0,0.0,0.0,0.01,13.8,41.86,3
2026-09-13 16:10:43,0.0,32.06,55.66,3.94,0.0,0.0,0.0,0.0,0.01,13.8,41.86,3
2026-09-13 16:10:44,0.0,32.06,55.66,3.94,0.0,0.0,0.0,0.0,0.01,13.8,41.86,3
2026-09-13 16:10:45,0.0,32.06,55.66,3.94,0.0,0.0,0.0,0.0,0.01,13.8,41.86,3
2026-09-13 16:10:46,0.0,32.06,55.66,3.94,0.0,0.0,0.0,0.31,0.01,13.8,41.86,3
2026-09-13 16:10:47,1.0,32.06,55.66,3.94,0.0,0.0,0.0,1.76,0.02,13.8,41.86,3
2026-09-13 16:10:48,0.0,32.06,55.66,3.94,0.0,0.0,0.0,0.0,0.01,13.8,41.86,3
2026-09-13 16:10:49,0.0,32.06,55.66,3.94,0.0,0.0,0.0,0.0,0.01,13.8,41.86,3
2026-09-13 16:10:50,0.0,32.06,55.66,3.94,0.0,0.0,0.0,0.0,0.01,13.8,41.86,3
2026-09-13 16:10:51,0.0,32.06,55.66,3.94,0.0,0.0,0.0,0.0,0.01,13.8,41.86,3
2026-09-13 16:10:52,0.0,32.06,55.66,3.94,0.0,0.0,0.0,0.01,0.01,13.8,41.86,3
2026-09-13 16:10:53,0.0,32.06,55.66,3.94,0.0,0.0,0.0,0.0,0.01,13.8,41.86,3
2026-09-13 16:10:54,0.0,32.06,55.66,3.94,0.0,0.0,0.0,0.0,0.01,13.8,41.86,3
2026-09-13 16:10:55,0.0,32.06,55.66,3.94,0.0,0.0,0.0,0.0,0.01,13.8,41.86,3
2026-09-13 16:10:56,0.0,32.06,55.66,3.94,0.0,0.0,0.0,0.0,0.01,13.8,41.86,3
2026-09-13 16:10:57,0.0,32.06,55.66,3.94,0.0,0.0,0.0,0.31,0.01,13.8,41.86,3
2026-09-13 16:10:58,0.0,32.06,55.66,3.94,0.0,0.0,0.0,0.0,0.01,13.8,41.86,3
2026-09-13 16:10:59,0.0,32.06,55.66,3.94,0.0,0.0,0.0,1.76,0.02,13.8,41.86,3
2026-09-13 16:11:00,0.0,32.06,55.66,3.94,0.0,0.0,0.0,0.0,0.0,13.8,41.86,3
2026-09-13 16:11:01,0.0,32.06,55.66,3.94,0.0,0.0,0.0,0.0,0.01,13.8,41.86,3
2026-09-13 16:11:02,0.0,32.06,55.66,3.94,0.0,0.0,0.0,0.0,0.0,13.8,41.86,3
2026-09-13 16:11:03,0.0,32.06,55.66,3.94,0.0,0.0,0.0,0.0,0.02,13.8,41.86,3
2026-09-13 16:11:04,0.0,32.06,55.66,3.94,0.0,0.0,0.0,0.0,0.01,13.8,41.86,3
2026-09-13 16:11:05,0.0,32.06,55.66,3.94,0.0,0.0,0.0,0.32,0.01,13.8,41.86,3
2026-09-13 16:11:06,0.0,32.06,55.66,3.94,0.0,0.0,0.0,1.76,0.01,13.8,41.86,3
2026-09-13 16:11:07,0.0,32.06,55.66,3.94,0.0,0.0,0.0,0.01,0.01,13.8,41.86,3
2026-09-13 16:11:08,0.0,32.06,55.66,3.94,0.0,0.0,0.0,0.0,0.01,13.8,41.86,3
2026-09-13 16:11:09,0.0,32.06,55.66,3.94,0.0,0.0,0.0,0.0,0.0,13.8,41.86,3
2026-09-13 16:11:10,0.0,32.06,55.66,3.94,0.0,0.0,0.0,0.0,0.0,13.8,41.86,3
2026-09-13 16:11:11,0.0,32.06,55.66,3.94,0.0,0.0,0.0,0.31,0.01,13.8,41.86,3
2026-09-13 16:11:12,0.0,32.06,55.66,3.94,0.0,0.0,0.0,1.76,0.01,13.8,41.86,3
2026-09-13 16:11:13,0.0,32.06,55.66,3.94,0.0,0.0,0.0,0.0,0.01,13.8,41.86,3
2026-09-13 16:11:14,0.0,32.06,55.66,3.94,0.0,0.0,0.0,0.0,0.01,13.8,41.86,3
2026-09-13 16:11:15,0.0,32.06,55.66,3.94,0.0,0.0,0.0,0.0,0.01,13.8,41.86,3
2026-09-13 16:11:16,0.0,32.06,55.66,3.94,0.0,0.0,0.0,0.0,0.01,13.8,41.86,3
2026-09-13 16:11:17,0.0,32.06,55.66,3.94,0.0,0.0,0.0,0.0,0.01,13.8,41.86,3
2026-09-13 16:11:18,0.0,32.06,55.66,3.94,0.0,0.0,0.0,0.0,0.01,13.8,41.86,3
2026-09-13 16:11:19,0.0,32.06,55.66,3.94,0.0,0.0,0.0,0.0,0.01,13.8,41.86,3
2026-09-13 16:11:20,0.0,32.06,55.66,3.94,0.0,0.0,0.0,0.0,0.01,13.8,41.86,3
2026-09-13 16:11:21,0.0,32.06,55.66,3.94,0.0,0.0,0.0,0.0,0.01,13.8,41.86,3
2026-09-13 16:11:22,0.0,32.06,55.66,3.94,0.0,0.0,0.0,0.01,0.01,13.8,41.86,3
2026-09-13 16:11:23,0.0,32.06,55.66,3.94,0.0,0.0,0.0,0.0,0.01,13.8,41.86,3
2026-09-13 16:11:24,0.0,32.06,55.66,3.94,0.0,0.0,0.0,0.31,0.01,13.8,41.86,3
2026-09-13 16:11:25,0.0,32.06,55.66,3.94,0.0,0.0,0.0,0.0,0.01,13.8,41.86,3
2026-09-13 16:11:26,0.0,32.06,55.66,3.94,0.0,0.0,0.0,1.76,0.01,13.8,41.86,3
2026-09-13 16:11:27,0.0,32.06,55.66,3.94,0.0,0.0,0.0,0.0,0.0,13.8,41.86,3
2026-09-13 16:11:28,0.0,32.06,55.66,3.94,0.0,0.0,0.0,0.0,0.01,13.8,41.86,3
2026-09-13 16:11:29,0.0,32.06,55.66,3.94,0.0,0.0,0.0,0.0,0.01,13.8,41.86,3
2026-09-13 16:11:30,0.0,32.06,55.66,3.94,0.0,0.0,0.0,0.0,0.0,13.8,41.86,3
2026-09-13 16:11:31,0.0,32.06,55.66,3.94,0.0,0.0,0.0,0.0,0.01,13.8,41.86,3
2026-09-13 16:11:32,0.0,32.06,55.66,3.94,0.0,0.0,0.0,0.31,0.01,13.8,41.86,3
2026-09-13 16:11:33,0.0,32.06,55.66,3.94,0.0,0.0,0.0,0.0,0.02,13.8,41.86,3
2026-09-13 16:11:34,0.0,32.06,55.66,3.94,0.0,0.0,0.0,0.0,0.01,13.8,41.86,3
2026-09-13 16:11:35,0.0,32.06,55.66,3.94,0.0,0.0,0.0,1.76,0.01,13.8,41.86,3
2026-09-13 16:11:36,0.0,32.06,55.66,3.94,0.0,0.0,0.0,0.0,0.01,13.8,41.86,3
2026-09-13 16:11:37,0.0,32.06,55.66,3.94,0.0,0.0,0.0,0.01,0.01,13.8,41.86,3
2026-09-13 16:11:38,0.0,32.06,55.66,3.94,0.0,0.0,0.0,0.0,0.01,13.8,41.86,3
2026-09-13 16:11:39,0.0,32.06,55.66,3.94,0.0,0.0,0.0,0.0,0.01,13.8,41.86,3
2026-09-13 16:11:40,0.0,32.06,55.66,3.94,0.0,0.0,0.0,0.0,0.01,13.8,41.86,3
2026-09-13 16:11:41,0.0,32.06,55.66,3.94,0.0,0.0,0.0,0.0,0.01,13.8,41.86,3
2026-09-13 16:11:42,0.0,32.06,55.66,3.94,0.0,0.0,0.0,0.0,0.01,13.8,41.86,3
2026-09-13 16:11:43,0.0,32.06,55.66,3.94,0.0,0.0,0.0,0.31,0.02,13.8,41.86,3
2026-09-13 16:11:44,0.0,32.06,55.66,3.94,0.0,0.0,0.0,1.76,0.02,13.8,41.86,3
2026-09-13 16:11:45,0.0,32.06,55.66,3.94,0.0,0.0,0.0,0.0,0.01,13.8,41.86,3
2026-09-13 16:11:46,0.0,32.06,55.66,3.94,0.0,0.0,0.0,0.0,0.01,13.8,41.86,3
2026-09-13 16:11:48,0.0,32.06,55.66,3.94,0.0,0.0,0.0,0.0,0.01,13.8,41.86,3
2026-09-13 16:11:49,0.0,32.06,55.66,3.94,0.0,0.0,0.0,0.32,0.01,13.8,41.86,3
2026-09-13 16:11:50,0.0,32.06,55.66,3.94,0.0,0.0,0.0,1.76,0.02,13.8,41.86,3
2026-09-13 16:11:51,0.0,32.06,55.66,3.94,0.0,0.0,0.0,0.0,0.01,13.8,41.86,3
2026-09-13 16:11:52,0.0,32.06,55.66,3.94,0.0,0.0,0.0,0.0,0.01,13.8,41.86,3
2026-09-13 16:11:53,0.0,32.06,55.66,3.94,0.0,0.0,0.0,0.01,0.01,13.8,41.86,3
2026-09-13 16:11:54,0.0,32.06,55.66,3.94,0.0,0.0,0.0,0.0,0.01,13.8,41.86,3
2026-09-13 16:11:55,0.0,32.06,55.66,3.94,0.0,0.0,0.0,0.0,0.01,13.8,41.86,3
2026-09-13 16:11:56,0.0,32.06,55.66,3.94,0.0,0.0,0.0,0.0,0.01,13.8,41.86,3
2026-09-13 16:11:57,0.0,32.06,55.66,3.94,0.0,0.0,0.0,0.31,0.01,13.8,41.86,3
2026-09-13 16:11:58,0.0,32.06,55.66,3.94,0.0,0.0,0.0,1.76,0.01,13.8,41.86,3
2026-09-13 16:11:59,0.0,32.06,55.66,3.94,0.0,0.0,0.0,0.0,0.01,13.8,41.86,3
2026-09-13 16:12:00,0.0,32.06,55.66,3.94,0.0,0.0,0.0,0.0,0.01,13.8,41.86,3
2026-09-13 16:12:01,0.0,32.06,55.66,3.94,0.0,0.0,0.0,0.0,0.0,13.8,41.86,3
2026-09-13 16:12:02,0.0,32.06,55.66,3.94,0.0,0.0,0.0,0.0,0.01,13.8,41.86,3
2026-09-13 16:12:03,0.0,32.06,55.66,3.94,0.0,0.0,0.0,0.0,0.0,13.8,41.86,3
2026-09-13 16:12:04,0.0,32.06,55.66,3.94,0.0,0.0,0.0,0.0,0.01,13.8,41.86,3
2026-09-13 16:12:05,0.0,32.06,55.66,3.94,0.0,0.0,0.0,0.31,0.01,13.8,41.86,3
2026-09-13 16:12:06,0.0,32.06,55.66,3.94,0.0,0.0,0.0,0.0,0.01,13.8,41.86,3
2026-09-13 16:12:07,0.0,32.06,55.66,3.94,0.0,0.0,0.0,1.76,0.01,13.8,41.86,3
2026-09-13 16:12:08,0.0,32.06,55.66,3.94,0.0,0.0,0.0,0.01,0.01,13.8,41.86,3
2026-09-13 16:12:09,0.0,32.06,55.66,3.94,0.0,0.0,0.0,0.0,0.01,13.8,41.86,3
2026-09-13 16:12:10,0.0,32.06,55.66,3.94,0.0,0.0,0.0,0.0,0.01,13.8,41.86,3
2026-09-13 16:12:11,0.0,32.06,55.66,3.94,0.0,0.0,0.0,0.0,0.0,13.8,41.86,3
2026-09-13 16:12:12,0.0,32.06,55.66,3.94,0.0,0.0,0.0,0.0,0.0,13.8,41.86,3
2026-09-13 16:12:13,0.0,32.06,55.66,3.94,0.0,0.0,0.0,0.0,0.01,13.8,41.86,3
2026-09-13 16:12:14,0.0,32.06,55.66,3.94,0.0,0.0,0.0,0.31,0.01,13.8,41.86,3
2026-09-13 16:12:15,0.0,32.06,55.66,3.94,0.0,0.0,0.0,0.0,0.01,13.8,41.86,3
2026-09-13 16:12:16,0.0,32.06,55.66,3.94,0.0,0.0,0.0,1.76,0.02,13.8,41.86,3
2026-09-13 16:12:17,0.0,32.06,55.66,3.94,0.0,0.0,0.0,0.0,0.01,13.8,41.86,3
2026-09-13 16:12:18,0.0,32.06,55.66,3.94,0.0,0.0,0.0,0.0,0.01,13.8,41.86,3
2026-09-13 16:12:19,0.0,32.06,55.66,3.94,0.0,0.0,0.0,0.0,0.01,13.8,41.86,3
2026-09-13 16:12:20,0.0,32.06,55.66,3.94,0.0,0.0,0.0,0.0,0.01,13.8,41.86,3
2026-09-13 16:12:21,0.0,32.06,55.66,3.94,0.0,0.0,0.0,0.0,0.01,13.8,41.86,3
2026-09-13 16:12:22,0.0,32.06,55.66,3.94,0.0,0.0,0.0,0.31,0.01,13.8,41.86,3
2026-09-13 16:12:23,0.0,32.06,55.66,3.94,0.0,0.0,0.0,1.77,0.02,13.8,41.86,3
2026-09-13 16:12:24,0.0,32.06,55.66,3.94,0.0,0.0,0.0,0.0,0.01,13.8,41.86,3
2026-09-13 16:12:25,0.0,32.06,55.66,3.94,0.0,0.0,0.0,0.0,0.01,13.8,41.86,3
2026-09-13 16:12:26,0.0,32.06,55.66,3.94,0.0,0.0,0.0,0.0,0.01,13.8,41.86,3
2026-09-13 16:12:27,0.0,32.06,55.66,3.94,0.0,0.0,0.0,0.0,0.0,13.8,41.86,3
2026-09-13 16:12:28,0.0,32.06,55.66,3.94,0.0,0.0,0.0,0.0,0.01,13.8,41.86,3
2026-09-13 16:12:29,0.0,32.06,55.66,3.94,0.0,0.0,0.0,0.0,0.01,13.8,41.86,3
2026-09-13 16:12:30,0.0,32.06,55.66,3.94,0.0,0.0,0.0,0.0,0.0,13.8,41.86,3
2026-09-13 16:12:31,0.0,32.06,55.66,3.94,0.0,0.0,0.0,2.07,0.02,13.8,41.86,3
2026-09-13 16:12:32,0.0,32.06,55.66,3.94,0.0,0.0,0.0,0.0,0.01,13.8,41.86,3
2026-09-13 16:12:33,0.0,32.06,55.66,3.94,0.0,0.0,0.0,0.0,0.02,13.8,41.86,3
2026-09-13 16:12:34,0.0,32.06,55.66,3.94,0.0,0.0,0.0,0.0,0.01,13.8,41.86,3
2026-09-13 16:12:35,0.0,32.06,55.66,3.94,0.0,0.0,0.0,0.31,0.01,13.8,41.86,3
2026-09-13 16:12:36,0.0,32.06,55.66,3.94,0.0,0.0,0.0,1.76,0.01,13.8,41.86,3
2026-09-13 16:12:37,0.0,32.06,55.66,3.94,0.0,0.0,0.0,0.0,0.01,13.8,41.86,3
2026-09-13 16:12:38,0.0,32.06,55.66,3.94,0.0,0.0,0.0,0.01,0.01,13.8,41.86,3
2026-09-13 16:12:39,0.0,32.06,55.66,3.94,0.0,0.0,0.0,0.0,0.0,13.8,41.86,3
2026-09-13 16:12:40,0.0,32.06,55.66,3.94,0.0,0.0,0.0,0.0,0.0,13.8,41.86,3
2026-09-13 16:12:41,0.0,32.06,55.66,3.94,0.0,0.0,0.0,0.0,0.0,13.8,41.86,3
2026-09-13 16:12:42,0.0,32.06,55.66,3.94,0.0,0.0,0.0,2.07,0.02,13.8,41.86,3
2026-09-13 16:12:43,0.0,32.06,55.66,3.94,0.0,0.0,0.0,0.0,0.01,13.8,41.86,3
2026-09-13 16:12:44,0.0,32.06,55.66,3.94,0.0,0.0,0.0,0.0,0.01,13.8,41.86,3
2026-09-13 16:12:45,0.0,32.06,55.66,3.94,0.0,0.0,0.0,0.0,0.01,13.8,41.86,3
2026-09-13 16:12:46,0.0,32.06,55.66,3.94,0.0,0.0,0.0,0.0,0.01,13.8,41.86,3
2026-09-13 16:12:47,0.0,32.06,55.66,3.94,0.0,0.0,0.0,0.0,0.01,13.8,41.86,3
2026-09-13 16:12:48,0.0,32.06,55.66,3.94,0.0,0.0,0.0,0.32,0.01,13.8,41.86,3
2026-09-13 16:12:49,0.0,32.06,55.66,3.94,0.0,0.0,0.0,1.76,0.02,13.8,41.86,3
2026-09-13 16:12:50,0.0,32.06,55.66,3.94,0.0,0.0,0.0,0.0,0.01,13.8,41.86,3
2026-09-13 16:12:51,1.0,32.06,55.66,3.94,0.0,0.0,0.0,0.0,0.02,13.8,41.86,3
2026-09-13 16:12:52,0.0,32.06,55.66,3.94,0.0,0.0,0.0,0.0,0.01,13.8,41.86,3
2026-09-13 16:12:53,0.0,32.06,55.66,3.94,0.0,0.0,0.0,0.0,0.01,13.8,41.86,3
2026-09-13 16:12:54,0.0,32.06,55.66,3.94,0.0,0.0,0.0,0.0,0.01,13.8,41.86,3
2026-09-13 16:12:55,0.0,32.06,55.66,3.94,0.0,0.0,0.0,0.0,0.01,13.8,41.86,3
2026-09-13 16:12:56,0.0,32.06,55.66,3.94,0.0,0.0,0.0,0.0,0.01,13.8,41.86,3
2026-09-13 16:12:57,0.0,32.06,55.66,3.94,0.0,0.0,0.0,0.0,0.01,13.8,41.86,3
2026-09-13 16:12:58,0.0,32.06,55.66,3.94,0.0,0.0,0.0,0.31,0.01,13.8,41.86,3
2026-09-13 16:12:59,0.0,32.06,55.66,3.94,0.0,0.0,0.0,1.76,0.02,13.8,41.86,3
2026-09-13 16:13:00,0.0,32.06,55.66,3.94,0.0,0.0,0.0,0.0,0.0,13.8,41.86,3
2026-09-13 16:13:01,0.0,32.06,55.66,3.94,0.0,0.0,0.0,0.0,0.01,13.8,41.86,3
2026-09-13 16:13:02,0.0,32.06,55.66,3.94,0.0,0.0,0.0,0.0,0.0,13.8,41.86,3
2026-09-13 16:13:03,0.0,32.06,55.66,3.94,0.0,0.0,0.0,0.32,0.02,13.8,41.86,3
2026-09-13 16:13:04,0.0,32.06,55.66,3.94,0.0,0.0,0.0,0.0,0.01,13.8,41.86,3
2026-09-13 16:13:05,0.0,32.06,55.66,3.94,0.0,0.0,0.0,1.76,0.01,13.8,41.86,3
2026-09-13 16:13:06,0.0,32.06,55.66,3.94,0.0,0.0,0.0,0.0,0.01,13.8,41.86,3
2026-09-13 16:13:07,0.0,32.06,55.66,3.94,0.0,0.0,0.0,0.0,0.01,13.8,41.86,3
2026-09-13 16:13:08,0.0,32.06,55.66,3.94,0.0,0.0,0.0,0.0,0.01,13.8,41.86,3
2026-09-13 16:13:09,0.0,32.06,55.66,3.94,0.0,0.0,0.0,0.0,0.01,13.8,41.86,3
2026-09-13 16:13:10,0.0,32.06,55.66,3.94,0.0,0.0,0.0,0.0,0.0,13.8,41.86,3
2026-09-13 16:13:11,0.0,32.06,55.66,3.94,0.0,0.0,0.0,0.0,0.01,13.8,41.86,3
2026-09-13 16:13:12,0.0,32.06,55.66,3.94,0.0,0.0,0.0,0.31,0.01,13.8,41.86,3
2026-09-13 16:13:13,0.0,32.06,55.66,3.94,0.0,0.0,0.0,0.0,0.01,13.8,41.86,3
2026-09-13 16:13:14,0.0,32.06,55.66,3.94,0.0,0.0,0.0,1.76,0.02,13.8,41.86,3
2026-09-13 16:13:15,0.0,32.06,55.66,3.94,0.0,0.0,0.0,0.0,0.01,13.8,41.86,3
2026-09-13 16:13:16,0.0,32.06,55.66,3.94,0.0,0.0,0.0,0.0,0.01,13.8,41.86,3
2026-09-13 16:13:17,0.0,32.06,55.66,3.94,0.0,0.0,0.0,0.0,0.01,13.8,41.86,3
2026-09-13 16:13:18,0.0,32.06,55.66,3.94,0.0,0.0,0.0,0.0,0.01,13.8,41.86,3
2026-09-13 16:13:19,0.0,32.06,55.66,3.94,0.0,0.0,0.0,0.0,0.01,13.8,41.86,3
2026-09-13 16:13:20,0.0,32.06,55.66,3.94,0.0,0.0,0.0,0.0,0.01,13.8,41.86,3
2026-09-13 16:13:21,0.0,32.06,55.66,3.94,0.0,0.0,0.0,0.0,0.01,13.8,41.86,3
2026-09-13 16:13:22,0.0,32.06,55.66,3.94,0.0,0.0,0.0,0.31,0.01,13.8,41.86,3
2026-09-13 16:13:23,0.0,32.06,55.66,3.94,0.0,0.0,0.0,0.0,0.01,13.8,41.86,3
2026-09-13 16:13:24,0.0,32.06,55.66,3.94,0.0,0.0,0.0,1.76,0.02,13.8,41.86,3
2026-09-13 16:13:25,1.0,32.06,55.66,3.94,0.0,0.0,0.0,0.0,0.01,13.8,41.86,3
2026-09-13 16:13:26,0.0,32.06,55.66,3.94,0.0,0.0,0.0,0.0,0.0,13.8,41.86,3
2026-09-13 16:13:27,0.0,32.06,55.66,3.94,0.0,0.0,0.0,0.0,0.01,13.8,41.86,3
2026-09-13 16:13:28,0.0,32.06,55.66,3.94,0.0,0.0,0.0,0.0,0.01,13.8,41.86,3
2026-09-13 16:13:29,0.0,32.06,55.66,3.94,0.0,0.0,0.0,0.0,0.01,13.8,41.86,3
2026-09-13 16:13:30,0.0,32.06,55.66,3.94,0.0,0.0,0.0,0.0,0.0,13.8,41.86,3
2026-09-13 16:13:31,0.0,32.06,55.66,3.94,0.0,0.0,0.0,0.0,0.01,13.8,41.86,3
2026-09-13 16:13:32,0.0,32.06,55.66,3.94,0.0,0.0,0.0,0.0,0.01,13.8,41.86,3
2026-09-13 16:13:33,0.0,32.06,55.66,3.94,0.0,0.0,0.0,0.32,0.02,13.8,41.86,3
2026-09-13 16:13:34,0.0,32.06,55.66,3.94,0.0,0.0,0.0,1.76,0.02,13.8,41.86,3
2026-09-13 16:13:35,0.0,32.06,55.66,3.94,0.0,0.0,0.0,0.0,0.01,13.8,41.86,3
2026-09-13 16:13:36,0.0,32.06,55.66,3.94,0.0,0.0,0.0,0.0,0.01,13.8,41.86,3
2026-09-13 16:13:37,0.0,32.06,55.66,3.94,0.0,0.0,0.0,0.0,0.01,13.8,41.86,3
2026-09-13 16:13:38,0.0,32.06,55.66,3.94,0.0,0.0,0.0,0.01,0.01,13.8,41.86,3
2026-09-13 16:13:39,0.0,32.06,55.66,3.94,0.0,0.0,0.0,0.0,0.01,13.8,41.86,3
2026-09-13 16:13:40,0.0,32.06,55.66,3.94,0.0,0.0,0.0,0.0,0.01,13.8,41.86,3
2026-09-13 16:13:41,0.0,32.06,55.66,3.94,0.0,0.0,0.0,0.0,0.0,13.8,41.86,3
2026-09-13 16:13:43,0.0,32.06,55.66,3.94,0.0,0.0,0.0,0.0,0.01,13.8,41.86,3
2026-09-13 16:13:44,0.0,32.06,55.66,3.94,0.0,0.0,0.0,0.31,0.01,13.8,41.86,3
2026-09-13 16:13:45,0.0,32.06,55.66,3.94,0.0,0.0,0.0,0.0,0.01,13.8,41.86,3
2026-09-13 16:13:46,0.0,32.06,55.66,3.94,0.0,0.0,0.0,0.0,0.01,13.8,41.86,3
2026-09-13 16:13:47,0.0,32.06,55.66,3.94,0.0,0.0,0.0,1.76,0.02,13.8,41.86,3
2026-09-13 16:13:48,0.0,32.06,55.66,3.94,0.0,0.0,0.0,0.0,0.01,13.8,41.86,3
2026-09-13 16:13:49,0.0,32.06,55.66,3.94,0.0,0.0,0.0,0.0,0.01,13.8,41.86,3
2026-09-13 16:13:50,0.0,32.06,55.66,3.94,0.0,0.0,0.0,0.0,0.01,13.8,41.86,3
2026-09-13 16:13:51,0.0,32.06,55.66,3.94,0.0,0.0,0.0,0.0,0.01,13.8,41.86,3
2026-09-13 16:13:52,0.0,32.06,55.66,3.94,0.0,0.0,0.0,0.0,0.01,13.8,41.86,3
2026-09-13 16:13:53,0.0,32.06,55.66,3.94,0.0,0.0,0.0,0.0,0.01,13.8,41.86,3
2026-09-13 16:13:54,0.0,32.06,55.66,3.94,0.0,0.0,0.0,0.0,0.01,13.8,41.86,3
2026-09-13 16:13:55,0.0,32.06,55.66,3.94,0.0,0.0,0.0,0.0,0.01,13.8,41.86,3
2026-09-13 16:13:56,0.0,32.06,55.66,3.94,0.0,0.0,0.0,0.0,0.01,13.8,41.86,3
2026-09-13 16:13:57,0.0,32.06,55.66,3.94,0.0,0.0,0.0,0.0,0.01,13.8,41.86,3
2026-09-13 16:13:58,0.0,32.06,55.66,3.94,0.0,0.0,0.0,0.0,0.01,13.8,41.86,3
2026-09-13 16:13:59,0.0,32.06,55.66,3.94,0.0,0.0,0.0,0.31,0.01,13.8,41.86,3
2026-09-13 16:14:00,0.0,32.06,55.66,3.94,0.0,0.0,0.0,0.0,0.01,13.8,41.86,3
2026-09-13 16:14:01,0.0,32.06,55.66,3.94,0.0,0.0,0.0,0.0,0.0,13.8,41.86,3
2026-09-13 16:14:02,0.0,32.06,55.66,3.94,0.0,0.0,0.0,1.76,0.02,13.8,41.86,3
2026-09-13 16:14:03,0.0,32.06,55.66,3.94,0.0,0.0,0.0,0.0,0.0,13.8,41.86,3
2026-09-13 16:14:04,0.0,32.06,55.66,3.94,0.0,0.0,0.0,0.0,0.01,13.8,41.86,3
2026-09-13 16:14:05,0.0,32.06,55.66,3.94,0.0,0.0,0.0,0.0,0.01,13.8,41.86,3
2026-09-13 16:14:06,0.0,32.06,55.66,3.94,0.0,0.0,0.0,0.0,0.0,13.8,41.86,3
2026-09-13 16:14:07,0.0,32.06,55.66,3.94,0.0,0.0,0.0,0.0,0.01,13.8,41.86,3
2026-09-13 16:14:08,0.0,32.06,55.66,3.94,0.0,0.0,0.0,0.0,0.01,13.8,41.86,3
2026-09-13 16:14:09,0.0,32.06,55.66,3.94,0.0,0.0,0.0,0.0,0.01,13.8,41.86,3
2026-09-13 16:14:10,0.0,32.06,55.66,3.94,0.0,0.0,0.0,0.0,0.01,13.8,41.86,3
2026-09-13 16:14:11,0.0,32.06,55.66,3.94,0.0,0.0,0.0,0.0,0.0,13.8,41.86,3
2026-09-13 16:14:12,0.0,32.06,55.66,3.94,0.0,0.0,0.0,0.0,0.0,13.8,41.86,3
2026-09-13 16:14:13,0.0,32.06,55.66,3.94,0.0,0.0,0.0,0.0,0.01,13.8,41.86,3
2026-09-13 16:14:14,0.0,32.06,55.66,3.94,0.0,0.0,0.0,0.0,0.01,13.8,41.86,3
2026-09-13 16:14:15,0.0,32.06,55.66,3.94,0.0,0.0,0.0,0.0,0.01,13.8,41.86,3
2026-09-13 16:14:16,0.0,32.06,55.66,3.94,0.0,0.0,0.0,0.31,0.01,13.8,41.86,3
2026-09-13 16:14:17,0.0,32.06,55.66,3.94,0.0,0.0,0.0,1.76,0.02,13.8,41.86,3
2026-09-13 16:14:18,0.0,32.06,55.66,3.94,0.0,0.0,0.0,0.0,0.01,13.8,41.86,3
2026-09-13 16:14:19,0.0,32.06,55.66,3.94,0.0,0.0,0.0,0.0,0.01,13.8,41.86,3
2026-09-13 16:14:20,0.0,32.06,55.66,3.94,0.0,0.0,0.0,0.0,0.01,13.8,41.86,3
2026-09-13 16:14:21,0.0,32.06,55.66,3.94,0.0,0.0,0.0,0.0,0.01,13.8,41.86,3
2026-09-13 16:14:22,0.0,32.06,55.66,3.94,0.0,0.0,0.0,0.0,0.01,13.8,41.86,3
2026-09-13 16:14:23,0.0,32.06,55.66,3.94,0.0,0.0,0.0,0.0,0.01,13.8,41.86,3
2026-09-13 16:14:24,0.0,32.06,55.66,3.94,0.0,0.0,0.0,0.32,0.01,13.8,41.86,3
2026-09-13 16:14:25,0.0,32.06,55.66,3.94,0.0,0.0,0.0,0.0,0.01,13.8,41.86,3
2026-09-13 16:14:26,0.0,32.06,55.66,3.94,0.0,0.0,0.0,1.76,0.01,13.8,41.86,3
2026-09-13 16:14:27,0.0,32.06,55.66,3.94,0.0,0.0,0.0,0.0,0.0,13.8,41.86,3
2026-09-13 16:14:28,0.0,32.06,55.66,3.94,0.0,0.0,0.0,0.0,0.01,13.8,41.86,3
2026-09-13 16:14:29,0.0,32.06,55.66,3.94,0.0,0.0,0.0,0.0,0.01,13.8,41.86,3
2026-09-13 16:14:30,0.0,32.06,55.66,3.94,0.0,0.0,0.0,0.0,0.0,13.8,41.86,3
2026-09-13 16:14:31,0.0,32.06,55.66,3.94,0.0,0.0,0.0,0.0,0.01,13.8,41.86,3
2026-09-13 16:14:32,0.0,32.06,55.66,3.94,0.0,0.0,0.0,0.0,0.01,13.8,41.86,3
2026-09-13 16:14:33,0.0,32.06,55.66,3.94,0.0,0.0,0.0,0.0,0.02,13.8,41.86,3
2026-09-13 16:14:34,0.0,32.06,55.66,3.94,0.0,0.0,0.0,0.0,0.01,13.8,41.86,3
2026-09-13 16:14:35,0.0,32.06,55.66,3.94,0.0,0.0,0.0,0.31,0.01,13.8,41.86,3
2026-09-13 16:14:36,0.0,32.06,55.66,3.94,0.0,0.0,0.0,0.0,0.01,13.8,41.86,3
2026-09-13 16:14:37,0.0,32.06,55.66,3.94,0.0,0.0,0.0,1.76,0.01,13.8,41.86,3
2026-09-13 16:14:38,0.0,32.06,55.66,3.94,0.0,0.0,0.0,0.0,0.01,13.8,41.86,3
2026-09-13 16:14:39,0.0,32.03,55.66,3.94,0.0,0.0,0.0,0.0,0.01,13.8,41.86,3
2026-09-13 16:14:40,0.0,32.06,55.66,3.94,0.0,0.0,0.0,0.0,0.01,13.8,41.86,3
2026-09-13 16:14:41,0.0,32.06,55.66,3.94,0.0,0.0,0.0,0.0,0.0,13.8,41.86,3
2026-09-13 16:14:42,0.0,32.06,55.66,3.94,0.0,0.0,0.0,0.0,0.01,13.8,41.86,3
2026-09-13 16:14:43,0.0,32.06,55.66,3.94,0.0,0.0,0.0,0.0,0.01,13.8,41.86,3
2026-09-13 16:14:44,0.0,32.06,55.66,3.94,0.0,0.0,0.0,0.0,0.01,13.8,41.86,3
2026-09-13 16:14:45,0.0,32.06,55.66,3.94,0.0,0.0,0.0,0.0,0.01,13.8,41.86,3
2026-09-13 16:14:46,0.0,32.06,55.66,3.94,0.0,0.0,0.0,0.0,0.01,13.8,41.86,3
2026-09-13 16:14:47,0.0,32.06,55.66,3.94,0.0,0.0,0.0,0.0,0.01,13.8,41.86,3
2026-09-13 16:14:48,0.0,32.06,55.66,3.94,0.0,0.0,0.0,0.0,0.01,13.8,41.86,3
2026-09-13 16:14:49,0.0,32.06,55.66,3.94,0.0,0.0,0.0,0.0,0.01,13.8,41.86,3
2026-09-13 16:14:50,0.0,32.06,55.66,3.94,0.0,0.0,0.0,0.0,0.01,13.8,41.86,3
2026-09-13 16:14:51,0.0,32.06,55.66,3.94,0.0,0.0,0.0,0.0,0.01,13.8,41.86,3
2026-09-13 16:14:52,0.0,32.06,55.66,3.94,0.0,0.0,0.0,0.0,0.01,13.8,41.86,3
2026-09-13 16:14:53,0.0,32.06,55.66,3.94,0.0,0.0,0.0,0.0,0.01,13.8,41.86,3
2026-09-13 16:14:54,0.0,32.03,55.66,3.94,0.0,0.0,0.0,0.32,0.01,13.8,41.86,3
2026-09-13 16:14:55,0.0,32.06,55.66,3.94,0.0,0.0,0.0,0.0,0.01,13.8,41.86,3
2026-09-13 16:14:56,0.0,32.06,55.66,3.94,0.0,0.0,0.0,0.0,0.01,13.8,41.86,3
2026-09-13 16:14:57,0.0,32.06,55.66,3.94,0.0,0.0,0.0,1.76,0.01,13.8,41.86,3
2026-09-13 16:14:58,0.0,32.06,55.66,3.94,0.0,0.0,0.0,0.0,0.01,13.8,41.86,3
2026-09-13 16:14:59,0.0,32.06,55.66,3.94,0.0,0.0,0.0,0.0,0.01,13.8,41.86,3
2026-09-13 16:15:00,0.0,32.06,55.66,3.94,0.0,0.0,0.0,0.0,0.0,13.8,41.86,3
2026-09-13 16:15:01,0.0,32.06,55.66,3.94,0.0,0.0,0.0,0.0,0.01,13.8,41.86,3
2026-09-13 16:15:02,0.0,32.06,55.66,3.94,0.0,0.0,0.0,0.0,0.0,13.8,41.86,3
2026-09-13 16:15:03,0.0,32.06,55.66,3.94,0.0,0.0,0.0,0.0,0.02,13.8,41.86,3
2026-09-13 16:15:04,0.0,32.06,55.66,3.94,0.0,0.0,0.0,0.0,0.01,13.8,41.86,3
2026-09-13 16:15:05,0.0,32.06,55.66,3.94,0.0,0.0,0.0,0.0,0.0,13.8,41.86,3
2026-09-13 16:15:06,0.0,32.06,55.66,3.94,0.0,0.0,0.0,0.0,0.01,13.8,41.86,3
2026-09-13 16:15:07,0.0,32.06,55.66,3.94,0.0,0.0,0.0,0.0,0.01,13.8,41.86,3
2026-09-13 16:15:08,0.0,32.06,55.66,3.94,0.0,0.0,0.0,0.0,0.01,13.8,41.86,3
2026-09-13 16:15:09,0.0,32.03,55.66,3.94,0.0,0.0,0.0,0.0,0.01,13.8,41.86,3
2026-09-13 16:15:10,0.0,32.06,55.66,3.94,0.0,0.0,0.0,0.0,0.0,13.8,41.86,3
2026-09-13 16:15:11,0.0,32.06,55.66,3.94,0.0,0.0,0.0,0.0,0.0,13.8,41.86,3
2026-09-13 16:15:12,0.0,32.06,55.66,3.94,0.0,0.0,0.0,0.0,0.01,13.8,41.86,3
2026-09-13 16:15:13,0.0,32.06,55.66,3.94,0.0,0.0,0.0,0.0,0.01,13.8,41.86,3
2026-09-13 16:15:14,0.0,32.06,55.66,3.94,0.0,0.0,0.0,0.31,0.01,13.8,41.86,3
2026-09-13 16:15:15,0.0,32.06,55.66,3.94,0.0,0.0,0.0,0.0,0.01,13.8,41.86,3
2026-09-13 16:15:16,0.0,32.06,55.66,3.94,0.0,0.0,0.0,1.76,0.01,13.8,41.86,3
2026-09-13 16:15:17,0.0,32.06,55.66,3.94,0.0,0.0,0.0,0.0,0.01,13.8,41.86,3
2026-09-13 16:15:18,0.0,32.06,55.66,3.94,0.0,0.0,0.0,0.0,0.01,13.8,41.86,3
2026-09-13 16:15:19,0.0,32.06,55.66,3.94,0.0,0.0,0.0,0.0,0.01,13.8,41.86,3
2026-09-13 16:15:20,0.0,32.06,55.66,3.94,0.0,0.0,0.0,0.0,0.01,13.8,41.86,3
2026-09-13 16:15:21,0.0,32.06,55.66,3.94,0.0,0.0,0.0,0.0,0.01,13.8,41.86,3
2026-09-13 16:15:22,0.0,32.06,55.66,3.94,0.0,0.0,0.0,0.0,0.0,13.8,41.86,3
2026-09-13 16:15:23,0.0,32.06,55.66,3.94,0.0,0.0,0.0,0.0,0.01,13.8,41.86,3
2026-09-13 16:15:24,0.0,32.03,55.66,3.94,0.0,0.0,0.0,0.32,0.01,13.8,41.86,3
2026-09-13 16:15:25,0.0,32.06,55.66,3.94,0.0,0.0,0.0,0.0,0.01,13.8,41.86,3
2026-09-13 16:15:26,0.0,32.06,55.66,3.94,0.0,0.0,0.0,1.76,0.01,13.8,41.86,3
2026-09-13 16:15:27,1.0,32.06,55.66,3.94,0.0,0.0,0.0,0.0,0.01,13.8,41.86,3
2026-09-13 16:15:28,0.0,32.06,55.66,3.94,0.0,0.0,0.0,0.0,0.0,13.8,41.86,3
2026-09-13 16:15:29,0.0,32.06,55.66,3.94,0.0,0.0,0.0,0.0,0.01,13.8,41.86,3
2026-09-13 16:15:30,0.0,32.06,55.66,3.94,0.0,0.0,0.0,0.0,0.0,13.8,41.86,3
2026-09-13 16:15:31,0.0,32.06,55.66,3.94,0.0,0.0,0.0,0.0,0.01,13.8,41.86,3
2026-09-13 16:15:32,0.0,32.06,55.66,3.94,0.0,0.0,0.0,0.31,0.01,13.8,41.86,3
2026-09-13 16:15:33,0.0,32.06,55.66,3.94,0.0,0.0,0.0,1.76,0.02,13.8,41.86,3
2026-09-13 16:15:34,0.0,32.06,55.66,3.94,0.0,0.0,0.0,0.0,0.01,13.8,41.86,3
2026-09-13 16:15:35,0.0,32.06,55.66,3.94,0.0,0.0,0.0,0.0,0.01,13.8,41.86,3
2026-09-13 16:15:37,0.0,32.06,55.66,3.94,0.0,0.0,0.0,0.0,0.01,13.8,41.86,3
2026-09-13 16:15:38,0.0,32.06,55.66,3.94,0.0,0.0,0.0,0.0,0.01,13.8,41.86,3
2026-09-13 16:15:39,0.0,32.06,55.66,3.94,0.0,0.0,0.0,0.31,0.01,13.8,41.86,3
2026-09-13 16:15:40,0.0,31.93,55.66,3.94,0.0,0.0,0.0,1.76,0.02,13.8,41.86,3
2026-09-13 16:15:41,0.0,32.06,55.66,3.94,0.0,0.0,0.0,0.0,0.01,13.8,41.86,3
2026-09-13 16:15:42,0.0,32.06,55.66,3.94,0.0,0.0,0.0,0.0,0.01,13.8,41.86,3
2026-09-13 16:15:43,0.0,32.06,55.66,3.94,0.0,0.0,0.0,0.0,0.01,13.8,41.86,3
2026-09-13 16:15:44,0.0,32.06,55.66,3.94,0.0,0.0,0.0,0.32,0.01,13.8,41.86,3
2026-09-13 16:15:45,0.0,32.06,55.66,3.94,0.0,0.0,0.0,1.76,0.02,13.8,41.86,3
2026-09-13 16:15:46,0.0,32.06,55.66,3.94,0.0,0.0,0.0,0.0,0.01,13.8,41.86,3
2026-09-13 16:15:47,0.0,32.06,55.66,3.94,0.0,0.0,0.0,0.0,0.01,13.8,41.86,3
2026-09-13 16:15:48,0.0,32.06,55.66,3.94,0.0,0.0,0.0,0.0,0.01,13.8,41.86,3
2026-09-13 16:15:49,0.0,32.06,55.66,3.94,0.0,0.0,0.0,0.0,0.01,13.8,41.86,3
2026-09-13 16:15:50,0.0,32.06,55.66,3.94,0.0,0.0,0.0,0.32,0.01,13.8,41.86,3
2026-09-13 16:15:51,0.0,32.06,55.66,3.94,0.0,0.0,0.0,0.0,0.01,13.8,41.86,3
2026-09-13 16:15:52,0.0,32.06,55.66,3.94,0.0,0.0,0.0,1.76,0.02,13.8,41.86,3
2026-09-13 16:15:53,0.0,32.06,55.66,3.94,0.0,0.0,0.0,0.0,0.0,13.8,41.86,3
2026-09-13 16:15:54,0.0,32.06,55.66,3.94,0.0,0.0,0.0,0.0,0.01,13.8,41.86,3
2026-09-13 16:15:55,0.0,31.92,55.66,3.94,0.0,0.0,0.0,0.0,0.01,13.8,41.86,3
2026-09-13 16:15:56,0.0,32.06,55.66,3.94,0.0,0.0,0.0,0.0,0.01,13.8,41.86,3
2026-09-13 16:15:57,0.0,32.06,55.66,3.94,0.0,0.0,0.0,0.0,0.01,13.8,41.86,3
2026-09-13 16:15:58,0.0,32.06,55.66,3.94,0.0,0.0,0.0,0.0,0.01,13.8,41.86,3
2026-09-13 16:15:59,0.0,32.06,55.66,3.94,0.0,0.0,0.0,0.31,0.01,13.8,41.86,3
2026-09-13 16:16:00,0.0,32.06,55.66,3.94,0.0,0.0,0.0,0.0,0.01,13.8,41.86,3
2026-09-13 16:16:01,0.0,32.06,55.66,3.94,0.0,0.0,0.0,1.76,0.01,13.8,41.86,3
2026-09-13 16:16:02,0.0,32.06,55.66,3.94,0.0,0.0,0.0,0.0,0.01,13.8,41.86,3
2026-09-13 16:16:03,0.0,32.06,55.66,3.94,0.0,0.0,0.0,0.0,0.0,13.8,41.86,3
2026-09-13 16:16:04,0.0,32.06,55.66,3.94,0.0,0.0,0.0,0.0,0.01,13.8,41.86,3
2026-09-13 16:16:05,0.0,32.06,55.66,3.94,0.0,0.0,0.0,0.0,0.01,13.8,41.86,3
2026-09-13 16:16:06,0.0,32.06,55.66,3.94,0.0,0.0,0.0,0.0,0.01,13.8,41.86,3
2026-09-13 16:16:07,0.0,32.06,55.66,3.94,0.0,0.0,0.0,0.0,0.01,13.8,41.86,3
2026-09-13 16:16:08,0.0,32.06,55.66,3.94,0.0,0.0,0.0,0.0,0.01,13.8,41.86,3
2026-09-13 16:16:09,0.0,32.06,55.66,3.94,0.0,0.0,0.0,0.0,0.01,13.8,41.86,3
2026-09-13 16:16:10,0.0,31.92,55.66,3.94,0.0,0.0,0.0,0.0,0.01,13.8,41.86,3
2026-09-13 16:16:11,0.0,32.06,55.66,3.94,0.0,0.0,0.0,0.0,0.01,13.8,41.86,3
2026-09-13 16:16:12,0.0,32.06,55.66,3.94,0.0,0.0,0.0,0.0,0.01,13.8,41.86,3
2026-09-13 16:16:13,0.0,32.06,55.66,3.94,0.0,0.0,0.0,0.0,0.01,13.8,41.86,3
2026-09-13 16:16:14,0.0,32.06,55.66,3.94,0.0,0.0,0.0,0.0,0.0,13.8,41.86,3
2026-09-13 16:16:15,0.0,32.06,55.66,3.94,0.0,0.0,0.0,0.31,0.01,13.8,41.86,3
2026-09-13 16:16:16,0.0,32.06,55.66,3.94,0.0,0.0,0.0,0.0,0.01,13.8,41.86,3
2026-09-13 16:16:17,0.0,32.06,55.66,3.94,0.0,0.0,0.0,0.0,0.01,13.8,41.86,3
2026-09-13 16:16:18,0.0,32.06,55.66,3.94,0.0,0.0,0.0,0.0,0.01,13.8,41.86,3
2026-09-13 16:16:19,0.0,32.06,55.66,3.94,0.0,0.0,0.0,0.0,0.01,13.8,41.86,3
2026-09-13 16:16:20,0.0,32.06,55.66,3.94,0.0,0.0,0.0,1.76,0.01,13.8,41.86,3
2026-09-13 16:16:21,0.0,32.06,55.66,3.94,0.0,0.0,0.0,0.0,0.01,13.8,41.86,3
2026-09-13 16:16:22,0.0,32.06,55.66,3.94,0.0,0.0,0.0,0.0,0.01,13.8,41.86,3
2026-09-13 16:16:23,0.0,32.06,55.66,3.94,0.0,0.0,0.0,0.0,0.01,13.8,41.86,3
2026-09-13 16:16:24,0.0,32.06,55.66,3.94,0.0,0.0,0.0,0.0,0.01,13.8,41.86,3
2026-09-13 16:16:25,0.0,32.06,55.66,3.94,0.0,0.0,0.0,0.31,0.01,13.8,41.86,3
2026-09-13 16:16:26,0.0,32.06,55.66,3.94,0.0,0.0,0.0,1.77,0.02,13.8,41.86,3
2026-09-13 16:16:27,0.0,32.06,55.66,3.94,0.0,0.0,0.0,0.0,0.01,13.8,41.86,3
2026-09-13 16:16:28,0.0,32.06,55.66,3.94,0.0,0.0,0.0,0.0,0.01,13.8,41.86,3
2026-09-13 16:16:29,0.0,32.06,55.66,3.94,0.0,0.0,0.0,0.0,0.01,13.8,41.86,3
2026-09-13 16:16:30,0.0,32.06,55.66,3.94,0.0,0.0,0.0,0.0,0.0,13.8,41.86,3
2026-09-13 16:16:31,0.0,32.06,55.66,3.94,0.0,0.0,0.0,0.0,0.01,13.8,41.86,3
2026-09-13 16:16:32,0.0,32.06,55.66,3.94,0.0,0.0,0.0,0.0,0.01,13.8,41.86,3
2026-09-13 16:16:33,0.0,32.06,55.66,3.94,0.0,0.0,0.0,0.31,0.02,13.8,41.86,3
2026-09-13 16:16:34,0.0,32.06,55.66,3.94,0.0,0.0,0.0,0.0,0.01,13.8,41.86,3
2026-09-13 16:16:35,0.0,32.06,55.66,3.94,0.0,0.0,0.0,0.0,0.01,13.8,41.86,3
2026-09-13 16:16:36,0.0,32.06,55.66,3.94,0.0,0.0,0.0,1.76,0.01,13.8,41.86,3
2026-09-13 16:16:37,0.0,32.06,55.66,3.94,0.0,0.0,0.0,0.0,0.01,13.8,41.86,3
2026-09-13 16:16:38,0.0,32.06,55.66,3.94,0.0,0.0,0.0,0.0,0.01,13.8,41.86,3
2026-09-13 16:16:39,0.0,32.06,55.66,3.94,0.0,0.0,0.0,0.0,0.01,13.8,41.86,3
2026-09-13 16:16:40,0.0,32.06,55.66,3.94,0.0,0.0,0.0,0.0,0.0,13.8,41.86,3
2026-09-13 16:16:41,0.0,32.06,55.66,3.94,0.0,0.0,0.0,0.01,0.01,13.8,41.86,3
2026-09-13 16:16:42,0.0,32.06,55.66,3.94,0.0,0.0,0.0,0.01,0.01,13.8,41.86,3
2026-09-13 16:16:43,0.0,32.06,55.66,3.94,0.0,0.0,0.0,0.0,0.01,13.8,41.86,3
2026-09-13 16:16:44,0.0,32.06,55.66,3.94,0.0,0.0,0.0,0.31,0.01,13.8,41.86,3
2026-09-13 16:16:45,0.0,32.06,55.66,3.94,0.0,0.0,0.0,0.0,0.01,13.8,41.86,3
2026-09-13 16:16:46,0.0,32.06,55.66,3.94,0.0,0.0,0.0,1.76,0.02,13.8,41.86,3
2026-09-13 16:16:47,0.0,32.06,55.66,3.94,0.0,0.0,0.0,0.0,0.01,13.8,41.86,3
2026-09-13 16:16:48,0.0,32.06,55.66,3.94,0.0,0.0,0.0,0.0,0.01,13.8,41.86,3
2026-09-13 16:16:49,0.0,32.06,55.66,3.94,0.0,0.0,0.0,0.0,0.02,13.8,41.86,3
2026-09-13 16:16:50,0.0,32.06,55.66,3.94,0.0,0.0,0.0,0.0,0.01,13.8,41.86,3
2026-09-13 16:16:51,0.0,32.06,55.66,3.94,0.0,0.0,0.0,0.0,0.01,13.8,41.86,3
2026-09-13 16:16:52,0.0,32.06,55.66,3.94,0.0,0.0,0.0,0.0,0.01,13.8,41.86,3
2026-09-13 16:16:53,0.0,32.06,55.66,3.94,0.0,0.0,0.0,0.0,0.01,13.8,41.86,3
2026-09-13 16:16:54,0.0,32.06,55.66,3.94,0.0,0.0,0.0,0.0,0.01,13.8,41.86,3
2026-09-13 16:16:55,0.0,32.06,55.66,3.94,0.0,0.0,0.0,0.0,0.01,13.8,41.86,3
2026-09-13 16:16:56,0.0,32.06,55.66,3.94,0.0,0.0,0.0,0.01,0.01,13.8,41.86,3
2026-09-13 16:16:57,0.0,32.06,55.66,3.94,0.0,0.0,0.0,0.0,0.01,13.8,41.86,3
2026-09-13 16:16:58,0.0,32.06,55.66,3.94,0.0,0.0,0.0,0.0,0.01,13.8,41.86,3
2026-09-13 16:16:59,0.0,32.06,55.66,3.94,0.0,0.0,0.0,0.0,0.01,13.8,41.86,3
2026-09-13 16:17:00,0.0,32.06,55.66,3.94,0.0,0.0,0.0,0.0,0.0,13.8,41.86,3
2026-09-13 16:17:01,0.0,32.06,55.66,3.94,0.0,0.0,0.0,0.0,0.01,13.8,41.86,3
2026-09-13 16:17:02,0.0,32.06,55.66,3.94,0.0,0.0,0.0,0.0,0.0,13.8,41.86,3
2026-09-13 16:17:03,0.0,32.06,55.66,3.94,0.0,0.0,0.0,0.0,0.02,13.8,41.86,3
2026-09-13 16:17:04,0.0,32.04,55.66,3.94,0.0,0.0,0.0,0.31,0.01,13.8,41.86,3
2026-09-13 16:17:05,0.0,32.06,55.66,3.94,0.0,0.0,0.0,0.0,0.0,13.8,41.86,3
2026-09-13 16:17:06,0.0,32.06,55.66,3.94,0.0,0.0,0.0,1.76,0.01,13.8,41.86,3
2026-09-13 16:17:07,0.0,32.06,55.66,3.94,0.0,0.0,0.0,0.0,0.0,13.8,41.86,3
2026-09-13 16:17:08,0.0,32.06,55.66,3.94,0.0,0.0,0.0,0.0,0.01,13.8,41.86,3
2026-09-13 16:17:09,0.0,32.06,55.66,3.94,0.0,0.0,0.0,0.0,0.0,13.8,41.86,3
2026-09-13 16:17:10,0.0,32.06,55.66,3.94,0.0,0.0,0.0,0.0,0.0,13.8,41.86,3
2026-09-13 16:17:11,0.0,32.06,55.66,3.94,0.0,0.0,0.0,0.01,0.01,13.8,41.86,3
2026-09-13 16:17:12,0.0,32.06,55.66,3.94,0.0,0.0,0.0,0.0,0.01,13.8,41.86,3
2026-09-13 16:17:13,0.0,32.06,55.66,3.94,0.0,0.0,0.0,0.0,0.01,13.8,41.86,3
2026-09-13 16:17:14,0.0,32.06,55.66,3.94,0.0,0.0,0.0,0.0,0.01,13.8,41.86,3
2026-09-13 16:17:15,0.0,32.06,55.66,3.94,0.0,0.0,0.0,0.0,0.01,13.8,41.86,3
2026-09-13 16:17:16,1.0,32.06,55.66,3.94,0.0,0.0,0.0,0.0,0.01,13.8,41.86,3
2026-09-13 16:17:17,0.0,32.06,55.66,3.94,0.0,0.0,0.0,0.0,0.01,13.8,41.86,3
2026-09-13 16:17:18,0.0,32.06,55.66,3.94,0.0,0.0,0.0,0.0,0.01,13.8,41.86,3
2026-09-13 16:17:19,0.0,32.06,55.66,3.94,0.0,0.0,0.0,0.0,0.01,13.8,41.86,3
2026-09-13 16:17:20,0.0,32.06,55.66,3.94,0.0,0.0,0.0,0.0,0.01,13.8,41.86,3
2026-09-13 16:17:21,0.0,32.06,55.66,3.94,0.0,0.0,0.0,0.0,0.01,13.8,41.86,3
2026-09-13 16:17:22,0.0,32.06,55.66,3.94,0.0,0.0,0.0,0.0,0.0,13.8,41.86,3
2026-09-13 16:17:23,0.0,32.06,55.66,3.94,0.0,0.0,0.0,0.0,0.01,13.8,41.86,3
2026-09-13 16:17:24,0.0,32.04,55.66,3.94,0.0,0.0,0.0,0.31,0.01,13.8,41.86,3
2026-09-13 16:17:25,0.0,32.06,55.66,3.94,0.0,0.0,0.0,0.0,0.01,13.8,41.86,3
2026-09-13 16:17:26,0.0,32.06,55.66,3.94,0.0,0.0,0.0,0.01,0.01,13.8,41.86,3
2026-09-13 16:17:27,0.0,32.06,55.66,3.94,0.0,0.0,0.0,1.76,0.01,13.8,41.86,3
2026-09-13 16:17:28,0.0,32.06,55.66,3.94,0.0,0.0,0.0,0.0,0.0,13.8,41.86,3
2026-09-13 16:17:29,0.0,32.06,55.66,3.94,0.0,0.0,0.0,0.0,0.01,13.8,41.86,3
2026-09-13 16:17:30,0.0,32.06,55.66,3.94,0.0,0.0,0.0,0.0,0.0,13.8,41.86,3
2026-09-13 16:17:32,0.0,32.06,55.66,3.94,0.0,0.0,0.0,0.0,0.01,13.8,41.86,3
2026-09-13 16:17:33,0.0,32.06,55.66,3.94,0.0,0.0,0.0,0.0,0.01,13.8,41.86,3
2026-09-13 16:17:34,0.0,32.06,55.66,3.94,0.0,0.0,0.0,0.0,0.02,13.8,41.86,3
2026-09-13 16:17:35,0.0,32.04,55.66,3.94,0.0,0.0,0.0,0.0,0.01,13.8,41.86,3
2026-09-13 16:17:36,0.0,32.06,55.66,3.94,0.0,0.0,0.0,0.0,0.01,13.8,41.86,3
2026-09-13 16:17:37,0.0,32.06,55.66,3.94,0.0,0.0,0.0,0.0,0.01,13.8,41.86,3
2026-09-13 16:17:38,0.0,32.06,55.66,3.94,0.0,0.0,0.0,0.0,0.01,13.8,41.86,3
2026-09-13 16:17:39,0.0,32.06,55.66,3.94,0.0,0.0,0.0,0.0,0.01,13.8,41.86,3
2026-09-13 16:17:40,0.0,32.06,55.66,3.94,0.0,0.0,0.0,0.0,0.01,13.8,41.86,3
2026-09-13 16:17:41,0.0,32.06,55.66,3.94,0.0,0.0,0.0,0.0,0.01,13.8,41.86,3
2026-09-13 16:17:42,0.0,32.06,55.66,3.94,0.0,0.0,0.0,0.01,0.01,13.8,41.86,3
2026-09-13 16:17:43,0.0,32.06,55.66,3.94,0.0,0.0,0.0,0.31,0.01,13.8,41.86,3
2026-09-13 16:17:44,0.0,32.06,55.66,3.94,0.0,0.0,0.0,0.0,0.01,13.8,41.86,3
2026-09-13 16:17:45,0.0,32.06,55.66,3.94,0.0,0.0,0.0,1.76,0.02,13.8,41.86,3
2026-09-13 16:17:46,0.0,32.06,55.66,3.94,0.0,0.0,0.0,0.0,0.02,13.8,41.86,3
2026-09-13 16:17:47,0.0,32.06,55.66,3.94,0.0,0.0,0.0,0.0,0.01,13.8,41.86,3
2026-09-13 16:17:48,0.0,32.06,55.66,3.94,0.0,0.0,0.0,0.0,0.01,13.8,41.86,3
2026-09-13 16:17:49,0.0,32.06,55.66,3.94,0.0,0.0,0.0,0.0,0.01,13.8,41.86,3
2026-09-13 16:17:50,0.0,32.06,55.66,3.94,0.0,0.0,0.0,0.0,0.01,13.8,41.86,3
2026-09-13 16:17:51,1.0,32.06,55.66,3.94,0.0,0.0,0.0,0.0,0.01,13.8,41.86,3
2026-09-13 16:17:52,0.0,32.06,55.66,3.94,0.0,0.0,0.0,0.0,0.01,13.8,41.86,3
2026-09-13 16:17:53,0.0,32.06,55.66,3.94,0.0,0.0,0.0,0.0,0.0,13.8,41.86,3
2026-09-13 16:17:54,0.0,32.06,55.66,3.94,0.0,0.0,0.0,0.0,0.01,13.8,41.86,3
2026-09-13 16:17:55,0.0,32.06,55.66,3.94,0.0,0.0,0.0,0.0,0.01,13.8,41.86,3
2026-09-13 16:17:56,0.0,32.06,55.66,3.94,0.0,0.0,0.0,0.0,0.01,13.8,41.86,3
2026-09-13 16:17:57,0.0,32.06,55.66,3.94,0.0,0.0,0.0,0.32,0.01,13.8,41.86,3
2026-09-13 16:17:58,0.0,32.06,55.66,3.94,0.0,0.0,0.0,0.0,0.01,13.8,41.86,3
2026-09-13 16:17:59,0.0,32.06,55.66,3.94,0.0,0.0,0.0,1.76,0.02,13.8,41.86,3
2026-09-13 16:18:00,0.0,32.06,55.66,3.94,0.0,0.0,0.0,0.0,0.01,13.8,41.86,3
2026-09-13 16:18:01,0.0,32.06,55.66,3.94,0.0,0.0,0.0,0.0,0.0,13.8,41.86,3
2026-09-13 16:18:02,0.0,32.06,55.66,3.94,0.0,0.0,0.0,0.0,0.01,13.8,41.86,3
2026-09-13 16:18:03,0.0,32.06,55.66,3.94,0.0,0.0,0.0,0.0,0.01,13.8,41.86,3
2026-09-13 16:18:04,0.0,32.06,55.66,3.94,0.0,0.0,0.0,0.0,0.01,13.8,41.86,3
2026-09-13 16:18:05,0.0,32.06,55.66,3.94,0.0,0.0,0.0,0.0,0.01,13.8,41.86,3
2026-09-13 16:18:06,0.0,32.06,55.66,3.94,0.0,0.0,0.0,0.0,0.0,13.8,41.86,3
2026-09-13 16:18:07,0.0,32.06,55.66,3.94,0.0,0.0,0.0,0.0,0.0,13.8,41.86,3
2026-09-13 16:18:08,0.0,32.06,55.66,3.94,0.0,0.0,0.0,0.0,0.01,13.8,41.86,3
2026-09-13 16:18:09,0.0,32.06,55.66,3.94,0.0,0.0,0.0,0.31,0.01,13.8,41.86,3
2026-09-13 16:18:10,0.0,32.06,55.66,3.94,0.0,0.0,0.0,1.76,0.01,13.8,41.86,3
2026-09-13 16:18:11,0.0,32.06,55.66,3.94,0.0,0.0,0.0,0.0,0.0,13.8,41.86,3
2026-09-13 16:18:12,0.0,32.06,55.66,3.94,0.0,0.0,0.0,0.01,0.01,13.8,41.86,3
2026-09-13 16:18:13,0.0,32.06,55.66,3.94,0.0,0.0,0.0,0.0,0.01,13.8,41.86,3
2026-09-13 16:18:14,0.0,32.06,55.66,3.94,0.0,0.0,0.0,0.0,0.01,13.8,41.86,3
2026-09-13 16:18:15,0.0,32.06,55.66,3.94,0.0,0.0,0.0,0.0,0.01,13.8,41.86,3
2026-09-13 16:18:16,0.0,32.06,55.66,3.94,0.0,0.0,0.0,0.0,0.01,13.8,41.86,3
2026-09-13 16:18:17,0.0,32.06,55.66,3.94,0.0,0.0,0.0,0.0,0.01,13.8,41.86,3
2026-09-13 16:18:18,0.0,32.06,55.66,3.94,0.0,0.0,0.0,0.0,0.01,13.8,41.86,3
2026-09-13 16:18:19,0.0,32.06,55.66,3.94,0.0,0.0,0.0,0.0,0.01,13.8,41.86,3
2026-09-13 16:18:20,0.0,32.06,55.66,3.94,0.0,0.0,0.0,0.0,0.01,13.8,41.86,3
2026-09-13 16:18:21,0.0,32.06,55.66,3.94,0.0,0.0,0.0,0.0,0.01,13.8,41.86,3
2026-09-13 16:18:22,0.0,32.06,55.66,3.94,0.0,0.0,0.0,0.0,0.01,13.8,41.86,3
2026-09-13 16:18:23,0.0,32.06,55.66,3.94,0.0,0.0,0.0,0.0,0.01,13.8,41.86,3
2026-09-13 16:18:24,0.0,32.06,55.66,3.94,0.0,0.0,0.0,0.0,0.01,13.8,41.86,3
2026-09-13 16:18:25,0.0,32.06,55.66,3.94,0.0,0.0,0.0,0.31,0.01,13.8,41.86,3
2026-09-13 16:18:26,0.0,32.06,55.66,3.94,0.0,0.0,0.0,0.0,0.01,13.8,41.86,3
2026-09-13 16:18:27,0.0,32.06,55.66,3.94,0.0,0.0,0.0,1.77,0.02,13.8,41.86,3
2026-09-13 16:18:28,0.0,32.06,55.66,3.94,0.0,0.0,0.0,0.0,0.0,13.8,41.86,3
2026-09-13 16:18:29,0.0,32.06,55.66,3.94,0.0,0.0,0.0,0.0,0.01,13.8,41.86,3
2026-09-13 16:18:30,0.0,32.06,55.66,3.94,0.0,0.0,0.0,0.0,0.0,13.8,41.86,3
2026-09-13 16:18:31,0.0,32.06,55.66,3.94,0.0,0.0,0.0,0.0,0.01,13.8,41.86,3
2026-09-13 16:18:32,0.0,32.06,55.66,3.94,0.0,0.0,0.0,0.0,0.01,13.8,41.86,3
2026-09-13 16:18:33,0.0,32.06,55.66,3.94,0.0,0.0,0.0,0.0,0.02,13.8,41.86,3
2026-09-13 16:18:34,0.0,32.06,55.66,3.94,0.0,0.0,0.0,0.0,0.01,13.8,41.86,3
2026-09-13 16:18:35,0.0,32.06,55.66,3.94,0.0,0.0,0.0,0.0,0.01,13.8,41.86,3
2026-09-13 16:18:36,0.0,32.06,55.66,3.94,0.0,0.0,0.0,0.0,0.01,13.8,41.86,3
2026-09-13 16:18:37,0.0,32.06,55.66,3.94,0.0,0.0,0.0,0.0,0.01,13.8,41.86,3
2026-09-13 16:18:38,0.0,32.06,55.66,3.94,0.0,0.0,0.0,0.0,0.01,13.8,41.86,3
2026-09-13 16:18:39,0.0,32.06,55.66,3.94,0.0,0.0,0.0,0.0,0.0,13.8,41.86,3
2026-09-13 16:18:40,0.0,32.06,55.66,3.94,0.0,0.0,0.0,0.0,0.0,13.8,41.86,3
2026-09-13 16:18:41,0.0,32.04,55.66,3.94,0.0,0.0,0.0,0.0,0.0,13.8,41.86,3
2026-09-13 16:18:42,0.0,32.06,55.66,3.94,0.0,0.0,0.0,0.32,0.01,13.8,41.86,3
2026-09-13 16:18:43,0.0,32.06,55.66,3.94,0.0,0.0,0.0,0.0,0.01,13.8,41.86,3
2026-09-13 16:18:44,0.0,32.06,55.66,3.94,0.0,0.0,0.0,1.76,0.02,13.8,41.86,3
2026-09-13 16:18:45,0.0,32.06,55.66,3.94,0.0,0.0,0.0,0.0,0.01,13.8,41.86,3
2026-09-13 16:18:46,0.0,32.06,55.66,3.94,0.0,0.0,0.0,0.0,0.01,13.8,41.86,3
2026-09-13 16:18:47,0.0,32.06,55.66,3.94,0.0,0.0,0.0,0.0,0.01,13.8,41.86,3
2026-09-13 16:18:48,0.0,32.06,55.66,3.94,0.0,0.0,0.0,0.0,0.01,13.8,41.86,3
2026-09-13 16:18:49,0.0,32.06,55.66,3.94,0.0,0.0,0.0,0.0,0.01,13.8,41.86,3
2026-09-13 16:18:50,0.0,32.06,55.66,3.94,0.0,0.0,0.0,0.0,0.01,13.8,41.86,3
2026-09-13 16:18:51,0.0,32.06,55.66,3.94,0.0,0.0,0.0,0.0,0.01,13.8,41.86,3
2026-09-13 16:18:52,0.0,32.06,55.66,3.94,0.0,0.0,0.0,0.0,0.01,13.8,41.86,3
2026-09-13 16:18:53,0.0,32.06,55.66,3.94,0.0,0.0,0.0,0.0,0.01,13.8,41.86,3
2026-09-13 16:18:54,0.0,32.06,55.66,3.94,0.0,0.0,0.0,0.0,0.01,13.8,41.86,3
2026-09-13 16:18:55,0.0,32.06,55.66,3.94,0.0,0.0,0.0,0.31,0.01,13.8,41.86,3
2026-09-13 16:18:56,0.0,32.06,55.66,3.94,0.0,0.0,0.0,0.0,0.01,13.8,41.86,3
2026-09-13 16:18:57,0.0,32.06,55.66,3.94,0.0,0.0,0.0,0.01,0.01,13.8,41.86,3
2026-09-13 16:18:58,0.0,32.06,55.66,3.94,0.0,0.0,0.0,1.76,0.02,13.8,41.86,3
2026-09-13 16:18:59,0.0,32.06,55.66,3.94,0.0,0.0,0.0,0.0,0.01,13.8,41.86,3
2026-09-13 16:19:00,0.0,32.06,55.66,3.94,0.0,0.0,0.0,0.0,0.0,13.8,41.86,3
2026-09-13 16:19:01,0.0,32.06,55.66,3.94,0.0,0.0,0.0,0.0,0.01,13.8,41.86,3
2026-09-13 16:19:02,0.0,32.06,55.66,3.94,0.0,0.0,0.0,0.0,0.0,13.8,41.86,3
2026-09-13 16:19:03,0.0,32.06,55.66,3.94,0.0,0.0,0.0,0.0,0.02,13.8,41.86,3
2026-09-13 16:19:04,0.0,32.06,55.66,3.94,0.0,0.0,0.0,0.0,0.01,13.8,41.86,3
2026-09-13 16:19:05,0.0,32.06,55.66,3.94,0.0,0.0,0.0,0.0,0.01,13.8,41.86,3
2026-09-13 16:19:06,0.0,32.06,55.66,3.94,0.0,0.0,0.0,0.0,0.01,13.8,41.86,3
2026-09-13 16:19:07,0.0,32.06,55.66,3.94,0.0,0.0,0.0,0.0,0.01,13.8,41.86,3
2026-09-13 16:19:08,0.0,32.06,55.66,3.94,0.0,0.0,0.0,0.0,0.01,13.8,41.86,3
2026-09-13 16:19:09,0.0,32.06,55.66,3.94,0.0,0.0,0.0,0.0,0.01,13.8,41.86,3
2026-09-13 16:19:10,0.0,32.06,55.66,3.94,0.0,0.0,0.0,0.0,0.0,13.8,41.86,3
2026-09-13 16:19:11,0.0,32.06,55.66,3.94,0.0,0.0,0.0,0.0,0.01,13.8,41.86,3
2026-09-13 16:19:12,0.0,32.06,55.66,3.94,0.0,0.0,0.0,0.01,0.01,13.8,41.86,3
2026-09-13 16:19:13,0.0,32.06,55.66,3.94,0.0,0.0,0.0,0.31,0.01,13.8,41.86,3
2026-09-13 16:19:14,0.0,32.06,55.66,3.94,0.0,0.0,0.0,1.76,0.02,13.8,41.86,3
2026-09-13 16:19:15,0.0,32.06,55.66,3.94,0.0,0.0,0.0,0.0,0.01,13.8,41.86,3
2026-09-13 16:19:16,0.0,32.06,55.66,3.94,0.0,0.0,0.0,0.0,0.01,13.8,41.86,3
2026-09-13 16:19:17,0.0,32.06,55.66,3.94,0.0,0.0,0.0,0.0,0.01,13.8,41.86,3
2026-09-13 16:19:18,0.0,32.06,55.66,3.94,0.0,0.0,0.0,0.31,0.01,13.8,41.86,3
2026-09-13 16:19:19,0.0,32.06,55.66,3.94,0.0,0.0,0.0,1.76,0.02,13.8,41.86,3
2026-09-13 16:19:20,0.0,32.06,55.66,3.94,0.0,0.0,0.0,0.0,0.01,13.8,41.86,3
2026-09-13 16:19:21,0.0,32.06,55.66,3.94,0.0,0.0,0.0,0.0,0.01,13.8,41.86,3
2026-09-13 16:19:22,0.0,32.06,55.66,3.94,0.0,0.0,0.0,0.0,0.0,13.8,41.86,3
2026-09-13 16:19:23,0.0,32.06,55.66,3.94,0.0,0.0,0.0,0.0,0.01,13.8,41.86,3
2026-09-13 16:19:24,0.0,32.06,55.66,3.94,0.0,0.0,0.0,0.0,0.01,13.8,41.86,3
2026-09-13 16:19:26,0.0,32.06,55.66,3.94,0.0,0.0,0.0,0.31,0.01,13.8,41.86,3
2026-09-13 16:19:27,0.0,32.06,55.66,3.94,0.0,0.0,0.0,1.76,0.01,13.8,41.86,3
2026-09-13 16:19:28,0.0,32.06,55.66,3.94,0.0,0.0,0.0,0.01,0.01,13.8,41.86,3
2026-09-13 16:19:29,0.0,32.06,55.66,3.94,0.0,0.0,0.0,0.0,0.01,13.8,41.86,3
2026-09-13 16:19:30,0.0,32.06,55.66,3.94,0.0,0.0,0.0,0.0,0.01,13.8,41.86,3
2026-09-13 16:19:31,0.0,32.06,55.66,3.94,0.0,0.0,0.0,0.0,0.0,13.8,41.86,3
2026-09-13 16:19:32,0.0,32.06,55.66,3.94,0.0,0.0,0.0,0.31,0.01,13.8,41.86,3
2026-09-13 16:19:33,0.0,32.06,55.66,3.94,0.0,0.0,0.0,1.76,0.02,13.8,41.86,3
2026-09-13 16:19:34,0.0,32.06,55.66,3.94,0.0,0.0,0.0,0.0,0.02,13.8,41.86,3
2026-09-13 16:19:35,0.0,32.06,55.66,3.94,0.0,0.0,0.0,0.0,0.01,13.8,41.86,3
2026-09-13 16:19:36,0.0,32.06,55.66,3.94,0.0,0.0,0.0,0.0,0.01,13.8,41.86,3
2026-09-13 16:19:37,0.0,32.06,55.66,3.94,0.0,0.0,0.0,0.0,0.01,13.8,41.86,3
2026-09-13 16:19:38,0.0,32.06,55.66,3.94,0.0,0.0,0.0,0.31,0.01,13.8,41.86,3
2026-09-13 16:19:39,0.0,32.06,55.66,3.94,0.0,0.0,0.0,1.76,0.02,13.8,41.86,3
2026-09-13 16:19:40,0.0,32.06,55.66,3.94,0.0,0.0,0.0,0.0,0.01,13.8,41.86,3
2026-09-13 16:19:41,0.0,32.06,55.66,3.94,0.0,0.0,0.0,0.0,0.01,13.8,41.86,3
2026-09-13 16:19:42,0.0,32.06,55.66,3.94,0.0,0.0,0.0,0.0,0.01,13.8,41.86,3
2026-09-13 16:19:43,0.0,32.06,55.66,3.94,0.0,0.0,0.0,0.01,0.01,13.8,41.86,3
2026-09-13 16:19:44,0.0,32.06,55.66,3.94,0.0,0.0,0.0,0.0,0.01,13.8,41.86,3
2026-09-13 16:19:45,0.0,32.06,55.66,3.94,0.0,0.0,0.0,0.31,0.01,13.8,41.86,3
2026-09-13 16:19:46,0.0,32.06,55.66,3.94,0.0,0.0,0.0,1.76,0.02,13.8,41.86,3
2026-09-13 16:19:47,0.0,32.06,55.66,3.94,0.0,0.0,0.0,0.0,0.01,13.8,41.86,3
2026-09-13 16:19:48,0.0,32.06,55.66,3.94,0.0,0.0,0.0,0.0,0.01,13.8,41.86,3
2026-09-13 16:19:49,0.0,32.06,55.66,3.94,0.0,0.0,0.0,0.0,0.01,13.8,41.86,3
2026-09-13 16:19:50,0.0,32.06,55.66,3.94,0.0,0.0,0.0,0.0,0.01,13.8,41.86,3
2026-09-13 16:19:51,0.0,32.06,55.66,3.94,0.0,0.0,0.0,0.0,0.01,13.8,41.86,3
2026-09-13 16:19:52,0.0,32.06,55.66,3.94,0.0,0.0,0.0,0.0,0.01,13.8,41.86,3
2026-09-13 16:19:53,0.0,32.06,55.66,3.94,0.0,0.0,0.0,0.0,0.01,13.8,41.86,3
2026-09-13 16:19:54,0.0,32.06,55.66,3.94,0.0,0.0,0.0,0.0,0.01,13.8,41.86,3
2026-09-13 16:19:55,0.0,32.06,55.66,3.94,0.0,0.0,0.0,0.0,0.01,13.8,41.86,3
2026-09-13 16:19:56,0.0,32.06,55.66,3.94,0.0,0.0,0.0,0.0,0.01,13.8,41.86,3
2026-09-13 16:19:57,0.0,32.06,55.66,3.94,0.0,0.0,0.0,0.31,0.01,13.8,41.86,3
2026-09-13 16:19:58,0.0,32.06,55.66,3.94,0.0,0.0,0.0,0.01,0.01,13.8,41.86,3
2026-09-13 16:19:59,0.0,32.06,55.66,3.94,0.0,0.0,0.0,1.76,0.02,13.8,41.86,3
2026-09-13 16:20:00,0.0,32.06,55.66,3.94,0.0,0.0,0.0,0.0,0.0,13.8,41.86,3
2026-09-13 16:20:01,0.0,32.06,55.66,3.94,0.0,0.0,0.0,0.0,0.01,13.8,41.86,3
2026-09-13 16:20:02,0.0,32.06,55.66,3.94,0.0,0.0,0.0,0.0,0.0,13.8,41.86,3
2026-09-13 16:20:03,0.0,32.06,55.66,3.94,0.0,0.0,0.0,0.0,0.02,13.8,41.86,3
2026-09-13 16:20:04,0.0,32.06,55.66,3.94,0.0,0.0,0.0,0.0,0.01,13.8,41.86,3
2026-09-13 16:20:05,0.0,32.06,55.66,3.94,0.0,0.0,0.0,0.0,0.01,13.8,41.86,3
2026-09-13 16:20:06,0.0,32.06,55.66,3.94,0.0,0.0,0.0,0.0,0.0,13.8,41.86,3
2026-09-13 16:20:07,0.0,32.06,55.66,3.94,0.0,0.0,0.0,0.0,0.0,13.8,41.86,3
2026-09-13 16:20:08,0.0,32.06,55.66,3.94,0.0,0.0,0.0,0.0,0.01,13.8,41.86,3
2026-09-13 16:20:09,0.0,32.06,55.66,3.94,0.0,0.0,0.0,0.0,0.01,13.8,41.86,3
2026-09-13 16:20:10,0.0,32.06,55.66,3.94,0.0,0.0,0.0,0.0,0.0,13.8,41.86,3
2026-09-13 16:20:11,0.0,32.06,55.66,3.94,0.0,0.0,0.0,0.31,0.01,13.8,41.86,3
2026-09-13 16:20:12,0.0,32.06,55.66,3.94,0.0,0.0,0.0,1.76,0.01,13.8,41.86,3
2026-09-13 16:20:13,0.0,32.06,55.66,3.94,0.0,0.0,0.0,0.01,0.01,13.8,41.86,3
2026-09-13 16:20:14,0.0,32.06,55.66,3.94,0.0,0.0,0.0,0.0,0.01,13.8,41.86,3
2026-09-13 16:20:15,0.0,32.06,55.66,3.94,0.0,0.0,0.0,0.0,0.01,13.8,41.86,3
2026-09-13 16:20:16,0.0,32.06,55.66,3.94,0.0,0.0,0.0,0.0,0.01,13.8,41.86,3
2026-09-13 16:20:17,0.0,32.06,55.66,3.94,0.0,0.0,0.0,0.0,0.01,13.8,41.86,3
2026-09-13 16:20:18,0.0,32.06,55.66,3.94,0.0,0.0,0.0,0.0,0.01,13.8,41.86,3
2026-09-13 16:20:19,0.0,32.06,55.66,3.94,0.0,0.0,0.0,0.0,0.01,13.8,41.86,3
2026-09-13 16:20:20,0.0,32.06,55.66,3.94,0.0,0.0,0.0,0.0,0.01,13.8,41.86,3
2026-09-13 16:20:21,1.0,32.06,55.66,3.94,0.0,0.0,0.0,0.0,0.01,13.8,41.86,3
2026-09-13 16:20:22,0.0,32.06,55.66,3.94,0.0,0.0,0.0,0.31,0.01,13.8,41.86,3
2026-09-13 16:20:23,0.0,32.06,55.66,3.94,0.0,0.0,0.0,0.0,0.01,13.8,41.86,3
2026-09-13 16:20:24,0.0,32.06,55.66,3.94,0.0,0.0,0.0,0.0,0.01,13.8,41.86,3
2026-09-13 16:20:25,0.0,32.06,55.66,3.94,0.0,0.0,0.0,1.76,0.01,13.8,41.86,3
2026-09-13 16:20:26,0.0,32.06,55.66,3.94,0.0,0.0,0.0,0.0,0.0,13.8,41.86,3
2026-09-13 16:20:27,0.0,32.06,55.66,3.94,0.0,0.0,0.0,0.0,0.0,13.8,41.86,3
2026-09-13 16:20:28,0.0,32.06,55.66,3.94,0.0,0.0,0.0,0.0,0.01,13.8,41.86,3
2026-09-13 16:20:29,0.0,32.06,55.66,3.94,0.0,0.0,0.0,0.0,0.01,13.8,41.86,3
2026-09-13 16:20:30,0.0,32.06,55.66,3.94,0.0,0.0,0.0,0.0,0.0,13.8,41.86,3
2026-09-13 16:20:31,0.0,32.06,55.66,3.94,0.0,0.0,0.0,0.0,0.01,13.8,41.86,3
2026-09-13 16:20:32,0.0,32.06,55.66,3.94,0.0,0.0,0.0,0.0,0.01,13.8,41.86,3
2026-09-13 16:20:33,0.0,32.06,55.66,3.94,0.0,0.0,0.0,0.0,0.02,13.8,41.86,3
2026-09-13 16:20:34,0.0,32.06,55.66,3.94,0.0,0.0,0.0,0.0,0.01,13.8,41.86,3
2026-09-13 16:20:35,0.0,32.04,55.66,3.94,0.0,0.0,0.0,0.0,0.01,13.8,41.86,3
2026-09-13 16:20:36,0.0,32.06,55.66,3.94,0.0,0.0,0.0,0.31,0.01,13.8,41.86,3
2026-09-13 16:20:37,0.0,32.06,55.66,3.94,0.0,0.0,0.0,0.0,0.01,13.8,41.86,3
2026-09-13 16:20:38,0.0,32.06,55.66,3.94,0.0,0.0,0.0,1.76,0.02,13.8,41.86,3
2026-09-13 16:20:39,0.0,32.06,55.66,3.94,0.0,0.0,0.0,0.0,0.01,13.8,41.86,3
2026-09-13 16:20:40,0.0,32.06,55.66,3.94,0.0,0.0,0.0,0.0,0.0,13.8,41.86,3
2026-09-13 16:20:41,0.0,32.06,55.66,3.94,0.0,0.0,0.0,0.0,0.0,13.8,41.86,3
2026-09-13 16:20:42,0.0,32.06,55.66,3.94,0.0,0.0,0.0,0.0,0.01,13.8,41.86,3
2026-09-13 16:20:43,0.0,32.06,55.66,3.94,0.0,0.0,0.0,0.0,0.01,13.8,41.86,3
2026-09-13 16:20:44,0.0,32.06,55.66,3.94,0.0,0.0,0.0,0.0,0.01,13.8,41.86,3
2026-09-13 16:20:45,0.0,32.06,55.66,3.94,0.0,0.0,0.0,0.0,0.01,13.8,41.86,3
2026-09-13 16:20:46,0.0,32.06,55.66,3.94,0.0,0.0,0.0,0.0,0.01,13.8,41.86,3
2026-09-13 16:20:47,0.0,32.06,55.66,3.94,0.0,0.0,0.0,0.0,0.01,13.8,41.86,3
2026-09-13 16:20:48,0.0,32.06,55.66,3.94,0.0,0.0,0.0,0.0,0.01,13.8,41.86,3
2026-09-13 16:20:49,1.0,32.06,55.66,3.94,0.0,0.0,0.0,0.32,0.02,13.8,41.86,3
2026-09-13 16:20:50,0.0,32.06,55.66,3.94,0.0,0.0,0.0,1.0,0.01,13.8,41.86,3
2026-09-13 16:20:51,0.0,32.06,55.66,3.94,0.0,0.0,0.0,0.76,0.02,13.8,41.86,3
2026-09-13 16:20:52,0.0,32.06,55.66,3.94,0.0,0.0,0.0,0.0,0.01,13.8,41.86,3
2026-09-13 16:20:53,0.0,32.06,55.66,3.94,0.0,0.0,0.0,0.0,0.01,13.8,41.86,3
2026-09-13 16:20:54,0.0,32.06,55.66,3.94,0.0,0.0,0.0,0.0,0.01,13.8,41.86,3
2026-09-13 16:20:55,0.0,32.06,55.66,3.94,0.0,0.0,0.0,0.32,0.01,13.8,41.86,3
2026-09-13 16:20:56,0.0,32.06,55.66,3.94,0.0,0.0,0.0,1.76,0.02,13.8,41.86,3
2026-09-13 16:20:57,0.0,32.06,55.66,3.94,0.0,0.0,0.0,0.0,0.01,13.8,41.86,3
2026-09-13 16:20:58,0.0,32.06,55.66,3.94,0.0,0.0,0.0,0.0,0.01,13.8,41.86,3
2026-09-13 16:20:59,0.0,32.06,55.66,3.94,0.0,0.0,0.0,0.0,0.01,13.8,41.86,3
2026-09-13 16:21:00,0.0,32.06,55.66,3.94,0.0,0.0,0.0,0.0,0.0,13.8,41.86,3
2026-09-13 16:21:01,0.0,32.06,55.66,3.94,0.0,0.0,0.0,0.32,0.01,13.8,41.86,3
2026-09-13 16:21:02,0.0,32.06,55.66,3.94,0.0,0.0,0.0,0.0,0.0,13.8,41.86,3
2026-09-13 16:21:03,0.0,32.06,55.66,3.94,0.0,0.0,0.0,1.76,0.03,13.8,41.86,3
2026-09-13 16:21:04,0.0,32.06,55.66,3.94,0.0,0.0,0.0,0.0,0.01,13.8,41.86,3
2026-09-13 16:21:05,0.0,32.06,55.66,3.94,0.0,0.0,0.0,0.0,0.01,13.8,41.86,3
2026-09-13 16:21:06,0.0,32.06,55.66,3.94,0.0,0.0,0.0,0.0,0.01,13.8,41.86,3
2026-09-13 16:21:07,0.0,32.06,55.66,3.94,0.0,0.0,0.0,0.31,0.01,13.8,41.86,3
2026-09-13 16:21:08,0.0,32.06,55.66,3.94,0.0,0.0,0.0,1.76,0.02,13.8,41.86,3
2026-09-13 16:21:09,0.0,32.06,55.66,3.94,0.0,0.0,0.0,0.0,0.0,13.8,41.86,3
2026-09-13 16:21:10,0.0,32.06,55.66,3.94,0.0,0.0,0.0,0.0,0.0,13.8,41.86,3
2026-09-13 16:21:11,0.0,32.06,55.66,3.94,0.0,0.0,0.0,0.0,0.0,13.8,41.86,3
2026-09-13 16:21:12,0.0,32.06,55.66,3.94,0.0,0.0,0.0,0.31,0.01,13.8,41.86,3
2026-09-13 16:21:13,0.0,32.06,55.66,3.94,0.0,0.0,0.0,1.76,0.02,13.8,41.86,3
2026-09-13 16:21:14,0.0,32.06,55.66,3.94,0.0,0.0,0.0,0.0,0.01,13.8,41.86,3
2026-09-13 16:21:15,0.0,32.06,55.66,3.94,0.0,0.0,0.0,0.0,0.01,13.8,41.86,3
2026-09-13 16:21:16,0.0,32.06,55.66,3.94,0.0,0.0,0.0,0.0,0.01,13.8,41.86,3
2026-09-13 16:21:17,0.0,32.06,55.66,3.94,0.0,0.0,0.0,0.0,0.01,13.8,41.86,3
2026-09-13 16:21:18,0.0,32.06,55.66,3.94,0.0,0.0,0.0,0.32,0.01,13.8,41.86,3
2026-09-13 16:21:19,0.0,32.06,55.66,3.94,0.0,0.0,0.0,0.0,0.01,13.8,41.86,3
2026-09-13 16:21:21,0.0,32.06,55.66,3.94,0.0,0.0,0.0,1.76,0.02,13.8,41.86,3
2026-09-13 16:21:22,0.0,32.06,55.66,3.94,0.0,0.0,0.0,0.0,0.01,13.8,41.86,3
2026-09-13 16:21:23,0.0,32.06,55.66,3.94,0.0,0.0,0.0,0.0,0.0,13.8,41.86,3
2026-09-13 16:21:24,0.0,32.06,55.66,3.94,0.0,0.0,0.0,0.0,0.01,13.8,41.86,3
2026-09-13 16:21:25,0.0,32.06,55.66,3.94,0.0,0.0,0.0,0.0,0.01,13.8,41.86,3
2026-09-13 16:21:26,0.0,32.06,55.66,3.94,0.0,0.0,0.0,0.32,0.01,13.8,41.86,3
2026-09-13 16:21:27,0.0,32.06,55.66,3.94,0.0,0.0,0.0,1.76,0.02,13.8,41.86,3
2026-09-13 16:21:28,0.0,32.06,55.66,3.94,0.0,0.0,0.0,0.0,0.01,13.8,41.86,3
2026-09-13 16:21:29,0.0,32.06,55.66,3.94,0.0,0.0,0.0,0.0,0.01,13.8,41.86,3
2026-09-13 16:21:30,0.0,32.06,55.66,3.94,0.0,0.0,0.0,0.0,0.01,13.8,41.86,3
2026-09-13 16:21:31,0.0,32.06,55.66,3.94,0.0,0.0,0.0,0.0,0.0,13.8,41.86,3
2026-09-13 16:21:32,0.0,32.06,55.66,3.94,0.0,0.0,0.0,0.32,0.02,13.8,41.86,3
2026-09-13 16:21:33,0.0,32.06,55.66,3.94,0.0,0.0,0.0,1.76,0.02,13.8,41.86,3
2026-09-13 16:21:34,0.0,32.06,55.66,3.94,0.0,0.0,0.0,0.0,0.02,13.8,41.86,3
2026-09-13 16:21:35,0.0,32.06,55.66,3.94,0.0,0.0,0.0,0.0,0.01,13.8,41.86,3
2026-09-13 16:21:36,0.0,32.06,55.66,3.94,0.0,0.0,0.0,0.0,0.01,13.8,41.86,3
2026-09-13 16:21:37,0.0,32.06,55.66,3.94,0.0,0.0,0.0,0.0,0.01,13.8,41.86,3
2026-09-13 16:21:38,0.0,32.06,55.66,3.94,0.0,0.0,0.0,0.31,0.01,13.8,41.86,3
2026-09-13 16:21:39,0.0,32.06,55.66,3.94,0.0,0.0,0.0,1.76,0.02,13.8,41.86,3
2026-09-13 16:21:40,0.0,32.06,55.66,3.94,0.0,0.0,0.0,0.0,0.01,13.8,41.86,3
2026-09-13 16:21:41,0.0,32.06,55.66,3.94,0.0,0.0,0.0,0.0,0.01,13.8,41.86,3
2026-09-13 16:21:42,0.0,32.06,55.66,3.94,0.0,0.0,0.0,0.0,0.0,13.8,41.86,3
2026-09-13 16:21:43,0.0,32.06,55.66,3.94,0.0,0.0,0.0,0.0,0.01,13.8,41.86,3
2026-09-13 16:21:44,0.0,32.06,55.66,3.94,0.0,0.0,0.0,0.0,0.01,13.8,41.86,3
2026-09-13 16:21:45,0.0,32.06,55.66,3.94,0.0,0.0,0.0,0.0,0.01,13.8,41.86,3
2026-09-13 16:21:46,0.0,32.06,55.66,3.94,0.0,0.0,0.0,0.31,0.02,13.8,41.86,3
2026-09-13 16:21:47,0.0,32.06,55.66,3.94,0.0,0.0,0.0,1.76,0.02,13.8,41.86,3
2026-09-13 16:21:48,0.0,32.06,55.66,3.94,0.0,0.0,0.0,0.0,0.01,13.8,41.86,3
2026-09-13 16:21:49,0.0,32.06,55.66,3.94,0.0,0.0,0.0,0.0,0.01,13.8,41.86,3
2026-09-13 16:21:50,0.0,32.06,55.66,3.94,0.0,0.0,0.0,0.0,0.01,13.8,41.86,3
2026-09-13 16:21:51,0.0,32.06,55.66,3.94,0.0,0.0,0.0,0.0,0.01,13.8,41.86,3
2026-09-13 16:21:52,0.0,32.06,55.66,3.94,0.0,0.0,0.0,0.0,0.01,13.8,41.86,3
2026-09-13 16:21:53,0.0,32.06,55.66,3.94,0.0,0.0,0.0,0.0,0.01,13.8,41.86,3
2026-09-13 16:21:54,0.0,32.06,55.66,3.94,0.0,0.0,0.0,0.0,0.01,13.8,41.86,3
2026-09-13 16:21:55,0.0,32.06,55.66,3.94,0.0,0.0,0.0,0.32,0.01,13.8,41.86,3
2026-09-13 16:21:56,0.0,32.06,55.66,3.94,0.0,0.0,0.0,1.76,0.02,13.8,41.86,3
2026-09-13 16:21:57,0.0,32.06,55.66,3.94,0.0,0.0,0.0,0.0,0.01,13.8,41.86,3
2026-09-13 16:21:58,0.0,32.06,55.66,3.94,0.0,0.0,0.0,0.0,0.01,13.8,41.86,3
2026-09-13 16:21:59,0.0,32.06,55.66,3.94,0.0,0.0,0.0,0.0,0.01,13.8,41.86,3
2026-09-13 16:22:00,0.0,32.06,55.66,3.94,0.0,0.0,0.0,0.0,0.0,13.8,41.86,3
2026-09-13 16:22:01,0.0,32.06,55.66,3.94,0.0,0.0,0.0,0.0,0.01,13.8,41.86,3
2026-09-13 16:22:02,0.0,32.06,55.66,3.94,0.0,0.0,0.0,0.0,0.0,13.8,41.86,3
2026-09-13 16:22:03,0.0,32.06,55.66,3.94,0.0,0.0,0.0,0.0,0.01,13.8,41.86,3
2026-09-13 16:22:04,0.0,32.06,55.66,3.94,0.0,0.0,0.0,0.0,0.01,13.8,41.86,3
2026-09-13 16:22:05,0.0,32.06,55.66,3.94,0.0,0.0,0.0,1.94,0.02,13.8,41.86,3
2026-09-13 16:22:06,0.0,32.06,55.66,3.94,0.0,0.0,0.0,0.13,0.01,13.8,41.86,3
2026-09-13 16:22:07,0.0,32.06,55.66,3.94,0.0,0.0,0.0,0.0,0.01,13.8,41.86,3
2026-09-13 16:22:08,0.0,32.06,55.66,3.94,0.0,0.0,0.0,0.0,0.01,13.8,41.86,3
2026-09-13 16:22:09,0.0,32.06,55.66,3.94,0.0,0.0,0.0,0.0,0.01,13.8,41.86,3
2026-09-13 16:22:10,0.0,32.06,55.66,3.94,0.0,0.0,0.0,0.0,0.0,13.8,41.86,3
2026-09-13 16:22:11,0.0,32.06,55.66,3.94,0.0,0.0,0.0,0.0,0.0,13.8,41.86,3
2026-09-13 16:22:12,0.0,32.06,55.66,3.94,0.0,0.0,0.0,0.0,0.01,13.8,41.86,3
2026-09-13 16:22:13,0.0,32.06,55.66,3.94,0.0,0.0,0.0,0.31,0.01,13.8,41.86,3
2026-09-13 16:22:14,0.0,32.06,55.66,3.94,0.0,0.0,0.0,1.76,0.01,13.8,41.86,3
2026-09-13 16:22:15,0.0,32.06,55.66,3.94,0.0,0.0,0.0,0.0,0.01,13.8,41.86,3
2026-09-13 16:22:16,0.0,32.06,55.66,3.94,0.0,0.0,0.0,0.0,0.01,13.8,41.86,3
2026-09-13 16:22:17,0.0,32.06,55.66,3.94,0.0,0.0,0.0,0.0,0.01,13.8,41.86,3
2026-09-13 16:22:18,0.0,32.06,55.66,3.94,0.0,0.0,0.0,0.0,0.01,13.8,41.86,3
2026-09-13 16:22:19,0.0,32.06,55.66,3.94,0.0,0.0,0.0,0.0,0.01,13.8,41.86,3
2026-09-13 16:22:20,0.0,32.06,55.66,3.94,0.0,0.0,0.0,0.0,0.01,13.8,41.86,3
2026-09-13 16:22:21,0.0,32.06,55.66,3.94,0.0,0.0,0.0,0.31,0.01,13.8,41.86,3
2026-09-13 16:22:22,1.0,32.06,55.66,3.94,0.0,0.0,0.0,1.76,0.01,13.8,41.86,3
2026-09-13 16:22:23,0.0,32.06,55.66,3.94,0.0,0.0,0.0,0.0,0.01,13.8,41.86,3
2026-09-13 16:22:24,0.0,32.06,55.66,3.94,0.0,0.0,0.0,0.0,0.01,13.8,41.86,3
2026-09-13 16:22:25,0.0,32.06,55.66,3.94,0.0,0.0,0.0,0.0,0.01,13.8,41.86,3
2026-09-13 16:22:26,0.0,32.06,55.66,3.94,0.0,0.0,0.0,2.08,0.02,13.8,41.86,3
2026-09-13 16:22:27,0.0,32.06,55.66,3.94,0.0,0.0,0.0,0.0,0.0,13.8,41.86,3
2026-09-13 16:22:28,0.0,32.06,55.66,3.94,0.0,0.0,0.0,0.32,0.01,13.8,41.86,3
2026-09-13 16:22:29,1.0,32.06,55.66,3.94,0.0,0.0,0.0,1.76,0.02,13.8,41.86,3
2026-09-13 16:22:30,0.0,32.06,55.66,3.94,0.0,0.0,0.0,0.0,0.0,13.8,41.86,3
2026-09-13 16:22:31,0.0,32.06,55.66,3.94,0.0,0.0,0.0,0.32,0.01,13.8,41.86,3
2026-09-13 16:22:32,0.0,32.06,55.66,3.94,0.0,0.0,0.0,1.76,0.02,13.8,41.86,3
2026-09-13 16:22:33,0.0,32.06,55.66,3.94,0.0,0.0,0.0,0.0,0.02,13.8,41.86,3
2026-09-13 16:22:34,0.0,32.06,55.66,3.94,0.0,0.0,0.0,0.0,0.01,13.8,41.86,3
2026-09-13 16:22:35,0.0,32.06,55.66,3.94,0.0,0.0,0.0,0.0,0.01,13.8,41.86,3
2026-09-13 16:22:36,0.0,32.06,55.66,3.94,0.0,0.0,0.0,2.81,0.02,13.8,41.86,3
2026-09-13 16:22:37,0.0,32.06,55.66,3.94,0.0,0.0,0.0,0.0,0.01,13.8,41.86,3
2026-09-13 16:22:38,0.0,32.06,55.66,3.94,0.0,0.0,0.0,0.0,0.01,13.8,41.86,3
2026-09-13 16:22:39,0.0,32.06,55.66,3.94,0.0,0.0,0.0,0.0,0.0,13.8,41.86,3
2026-09-13 16:22:40,0.0,32.06,55.66,3.94,0.0,0.0,0.0,0.0,0.0,13.8,41.86,3
2026-09-13 16:22:41,0.0,32.06,55.66,3.94,0.0,0.0,0.0,0.0,0.01,13.8,41.86,3
2026-09-13 16:22:42,0.0,32.06,55.66,3.94,0.0,0.0,0.0,0.32,0.01,13.8,41.86,3
2026-09-13 16:22:43,0.0,32.06,55.66,3.94,0.0,0.0,0.0,1.76,0.02,13.8,41.86,3
2026-09-13 16:22:44,0.0,32.06,55.66,3.94,0.0,0.0,0.0,0.0,0.01,13.8,41.86,3
2026-09-13 16:22:45,0.0,32.06,55.66,3.94,0.0,0.0,0.0,0.0,0.01,13.8,41.86,3
2026-09-13 16:22:46,0.0,32.06,55.66,3.94,0.0,0.0,0.0,0.0,0.01,13.8,41.86,3
2026-09-13 16:22:47,0.0,32.06,55.66,3.94,0.0,0.0,0.0,0.0,0.01,13.8,41.86,3
2026-09-13 16:22:48,0.0,32.06,55.66,3.94,0.0,0.0,0.0,0.0,0.01,13.8,41.86,3
2026-09-13 16:22:49,0.0,31.96,55.66,3.94,0.0,0.0,0.0,0.0,0.02,13.8,41.86,3
2026-09-13 16:22:50,0.0,32.06,55.66,3.94,0.0,0.0,0.0,0.32,0.01,13.8,41.86,3
2026-09-13 16:22:51,0.0,32.06,55.66,3.94,0.0,0.0,0.0,1.76,0.02,13.8,41.86,3
2026-09-13 16:22:52,0.0,32.06,55.66,3.94,0.0,0.0,0.0,0.0,0.0,13.8,41.86,3
2026-09-13 16:22:53,0.0,32.06,55.66,3.94,0.0,0.0,0.0,0.0,0.01,13.8,41.86,3
2026-09-13 16:22:54,0.0,32.06,55.66,3.94,0.0,0.0,0.0,0.0,0.01,13.8,41.86,3
2026-09-13 16:22:55,0.0,32.06,55.66,3.94,0.0,0.0,0.0,0.0,0.01,13.8,41.86,3
2026-09-13 16:22:56,0.0,32.06,55.66,3.94,0.0,0.0,0.0,0.0,0.01,13.8,41.86,3
2026-09-13 16:22:57,0.0,32.06,55.66,3.94,0.0,0.0,0.0,0.0,0.01,13.8,41.86,3
2026-09-13 16:22:58,0.0,32.06,55.66,3.94,0.0,0.0,0.0,0.0,0.01,13.8,41.86,3
2026-09-13 16:22:59,0.0,32.06,55.66,3.94,0.0,0.0,0.0,0.0,0.01,13.8,41.86,3
2026-09-13 16:23:00,0.0,32.06,55.66,3.94,0.0,0.0,0.0,0.0,0.0,13.8,41.86,3
2026-09-13 16:23:01,0.0,32.06,55.66,3.94,0.0,0.0,0.0,0.0,0.01,13.8,41.86,3
2026-09-13 16:23:02,0.0,32.06,55.66,3.94,0.0,0.0,0.0,0.0,0.0,13.8,41.86,3
2026-09-13 16:23:03,0.0,32.06,55.66,3.94,0.0,0.0,0.0,0.32,0.02,13.8,41.86,3
2026-09-13 16:23:04,0.0,32.06,55.66,3.94,0.0,0.0,0.0,1.76,0.01,13.8,41.86,3
2026-09-13 16:23:05,0.0,32.06,55.66,3.94,0.0,0.0,0.0,0.0,0.0,13.8,41.86,3
2026-09-13 16:23:06,0.0,32.06,55.66,3.94,0.0,0.0,0.0,0.0,0.01,13.8,41.86,3
2026-09-13 16:23:07,0.0,32.06,55.66,3.94,0.0,0.0,0.0,0.0,0.01,13.8,41.86,3
2026-09-13 16:23:08,0.0,32.06,55.66,3.94,0.0,0.0,0.0,0.0,0.01,13.8,41.86,3
2026-09-13 16:23:09,0.0,32.06,55.66,3.94,0.0,0.0,0.0,0.0,0.0,13.8,41.86,3
2026-09-13 16:23:10,0.0,32.06,55.66,3.94,0.0,0.0,0.0,0.0,0.0,13.8,41.86,3
2026-09-13 16:23:11,0.0,32.06,55.66,3.94,0.0,0.0,0.0,0.0,0.0,13.8,41.86,3
2026-09-13 16:23:12,0.0,32.06,55.66,3.94,0.0,0.0,0.0,0.0,0.01,13.8,41.86,3
2026-09-13 16:23:13,0.0,32.06,55.66,3.94,0.0,0.0,0.0,0.0,0.01,13.8,41.86,3
2026-09-13 16:23:14,0.0,32.06,55.66,3.94,0.0,0.0,0.0,0.0,0.01,13.8,41.86,3
2026-09-13 16:23:16,0.0,32.06,55.66,3.94,0.0,0.0,0.0,0.0,0.01,13.8,41.86,3
2026-09-13 16:23:17,0.0,32.06,55.66,3.94,0.0,0.0,0.0,0.0,0.01,13.8,41.86,3
2026-09-13 16:23:18,0.0,32.06,55.66,3.94,0.0,0.0,0.0,0.0,0.01,13.8,41.86,3
2026-09-13 16:23:19,0.0,32.06,55.66,3.94,0.0,0.0,0.0,0.32,0.01,13.8,41.86,3
2026-09-13 16:23:20,0.0,32.06,55.66,3.94,0.0,0.0,0.0,0.0,0.01,13.8,41.86,3
2026-09-13 16:23:21,0.0,32.06,55.66,3.94,0.0,0.0,0.0,0.0,0.01,13.8,41.86,3
2026-09-13 16:23:22,0.0,32.06,55.66,3.94,0.0,0.0,0.0,1.76,0.02,13.8,41.86,3
2026-09-13 16:23:23,0.0,32.06,55.66,3.94,0.0,0.0,0.0,0.0,0.0,13.8,41.86,3
2026-09-13 16:23:24,0.0,32.06,55.66,3.94,0.0,0.0,0.0,0.0,0.01,13.8,41.86,3
2026-09-13 16:23:25,0.0,32.06,55.66,3.94,0.0,0.0,0.0,0.0,0.01,13.8,41.86,3
2026-09-13 16:23:26,0.0,32.06,55.66,3.94,0.0,0.0,0.0,0.0,0.01,13.8,41.86,3
2026-09-13 16:23:27,0.0,32.06,55.66,3.94,0.0,0.0,0.0,0.0,0.01,13.8,41.86,3
2026-09-13 16:23:28,0.0,32.06,55.66,3.94,0.0,0.0,0.0,0.0,0.01,13.8,41.86,3
2026-09-13 16:23:29,0.0,32.06,55.66,3.94,0.0,0.0,0.0,0.0,0.01,13.8,41.86,3
2026-09-13 16:23:30,0.0,32.06,55.66,3.94,0.0,0.0,0.0,0.32,0.01,13.8,41.86,3
2026-09-13 16:23:31,0.0,32.06,55.66,3.94,0.0,0.0,0.0,1.76,0.01,13.8,41.86,3
2026-09-13 16:23:32,0.0,32.06,55.66,3.94,0.0,0.0,0.0,0.0,0.01,13.8,41.86,3
2026-09-13 16:23:33,0.0,32.06,55.66,3.94,0.0,0.0,0.0,0.0,0.01,13.8,41.86,3
2026-09-13 16:23:34,0.0,32.06,55.66,3.94,0.0,0.0,0.0,0.0,0.02,13.8,41.86,3
2026-09-13 16:23:35,0.0,32.06,55.66,3.94,0.0,0.0,0.0,0.0,0.01,13.8,41.86,3
2026-09-13 16:23:36,0.0,32.06,55.66,3.94,0.0,0.0,0.0,0.0,0.01,13.8,41.86,3
2026-09-13 16:23:37,0.0,32.06,55.66,3.94,0.0,0.0,0.0,0.0,0.01,13.8,41.86,3
2026-09-13 16:23:38,0.0,32.06,55.66,3.94,0.0,0.0,0.0,0.32,0.01,13.8,41.86,3
2026-09-13 16:23:39,0.0,32.06,55.66,3.94,0.0,0.0,0.0,0.0,0.01,13.8,41.86,3
2026-09-13 16:23:40,0.0,32.06,55.66,3.94,0.0,0.0,0.0,0.0,0.01,13.8,41.86,3
2026-09-13 16:23:41,0.0,32.06,55.66,3.94,0.0,0.0,0.0,0.0,0.01,13.8,41.86,3
2026-09-13 16:23:42,0.0,32.06,55.66,3.94,0.0,0.0,0.0,0.0,0.01,13.8,41.86,3
2026-09-13 16:23:43,0.0,32.06,55.66,3.94,0.0,0.0,0.0,1.76,0.02,13.8,41.86,3
2026-09-13 16:23:44,0.0,32.06,55.66,3.94,0.0,0.0,0.0,0.0,0.02,13.8,41.86,3
2026-09-13 16:23:45,0.0,32.06,55.66,3.94,0.0,0.0,0.0,0.0,0.01,13.8,41.86,3
2026-09-13 16:23:46,0.0,32.06,55.66,3.94,0.0,0.0,0.0,0.0,0.01,13.8,41.86,3
2026-09-13 16:23:47,0.0,32.06,55.66,3.94,0.0,0.0,0.0,0.0,0.01,13.8,41.86,3
2026-09-13 16:23:48,0.0,32.06,55.66,3.94,0.0,0.0,0.0,0.0,0.01,13.8,41.86,3
2026-09-13 16:23:49,0.0,32.06,55.66,3.94,0.0,0.0,0.0,0.0,0.01,13.8,41.86,3
2026-09-13 16:23:50,0.0,32.06,55.66,3.94,0.0,0.0,0.0,0.0,0.01,13.8,41.86,3
2026-09-13 16:23:51,0.0,32.06,55.66,3.94,0.0,0.0,0.0,0.0,0.01,13.8,41.86,3
2026-09-13 16:23:52,0.0,32.06,55.66,3.94,0.0,0.0,0.0,0.0,0.01,13.8,41.86,3
2026-09-13 16:23:53,0.0,32.06,55.66,3.94,0.0,0.0,0.0,0.32,0.01,13.8,41.86,3
2026-09-13 16:23:54,0.0,32.06,55.66,3.94,0.0,0.0,0.0,1.76,0.02,13.8,41.86,3
2026-09-13 16:23:55,0.0,32.06,55.66,3.94,0.0,0.0,0.0,0.0,0.01,13.8,41.86,3
2026-09-13 16:23:56,0.0,32.06,55.66,3.94,0.0,0.0,0.0,0.0,0.01,13.8,41.86,3
2026-09-13 16:23:57,0.0,32.06,55.66,3.94,0.0,0.0,0.0,0.0,0.01,13.8,41.86,3
2026-09-13 16:23:58,0.0,32.06,55.66,3.94,0.0,0.0,0.0,0.0,0.01,13.8,41.86,3
2026-09-13 16:23:59,0.0,32.06,55.66,3.94,0.0,0.0,0.0,0.0,0.01,13.8,41.86,3
2026-09-13 16:24:00,0.0,32.06,55.66,3.94,0.0,0.0,0.0,0.0,0.0,13.8,41.86,3
2026-09-13 16:24:01,0.0,32.06,55.66,3.94,0.0,0.0,0.0,0.0,0.01,13.8,41.86,3
2026-09-13 16:24:02,0.0,32.06,55.66,3.94,0.0,0.0,0.0,0.0,0.0,13.8,41.86,3
2026-09-13 16:24:03,0.0,32.06,55.66,3.94,0.0,0.0,0.0,0.0,0.01,13.8,41.86,3
2026-09-13 16:24:04,0.0,32.06,55.66,3.94,0.0,0.0,0.0,0.0,0.01,13.8,41.86,3
2026-09-13 16:24:05,0.0,32.06,55.66,3.94,0.0,0.0,0.0,0.0,0.01,13.8,41.86,3
2026-09-13 16:24:06,0.0,32.04,55.66,3.94,0.0,0.0,0.0,0.0,0.0,13.8,41.86,3
2026-09-13 16:24:07,0.0,32.06,55.66,3.94,0.0,0.0,0.0,0.0,0.01,13.8,41.86,3
2026-09-13 16:24:08,0.0,32.06,55.66,3.94,0.0,0.0,0.0,0.0,0.01,13.8,41.86,3
2026-09-13 16:24:09,0.0,32.06,55.66,3.94,0.0,0.0,0.0,0.0,0.01,13.8,41.86,3
2026-09-13 16:24:10,0.0,32.06,55.66,3.94,0.0,0.0,0.0,0.32,0.0,13.8,41.86,3
2026-09-13 16:24:11,0.0,32.06,55.66,3.94,0.0,0.0,0.0,0.0,0.01,13.8,41.86,3
2026-09-13 16:24:12,0.0,32.06,55.66,3.94,0.0,0.0,0.0,0.0,0.01,13.8,41.86,3
2026-09-13 16:24:13,0.0,32.06,55.66,3.94,0.0,0.0,0.0,1.76,0.02,13.8,41.86,3
2026-09-13 16:24:14,0.0,32.06,55.66,3.94,0.0,0.0,0.0,0.0,0.01,13.8,41.86,3
2026-09-13 16:24:15,0.0,32.06,55.66,3.94,0.0,0.0,0.0,0.0,0.01,13.8,41.86,3
2026-09-13 16:24:16,0.0,32.06,55.66,3.94,0.0,0.0,0.0,0.0,0.01,13.8,41.86,3
2026-09-13 16:24:17,0.0,32.06,55.66,3.94,0.0,0.0,0.0,0.0,0.01,13.8,41.86,3
2026-09-13 16:24:18,0.0,32.06,55.66,3.94,0.0,0.0,0.0,0.0,0.01,13.8,41.86,3
2026-09-13 16:24:19,0.0,32.06,55.66,3.94,0.0,0.0,0.0,0.0,0.01,13.8,41.86,3
2026-09-13 16:24:20,1.0,32.06,55.66,3.94,0.0,0.0,0.0,0.0,0.01,13.8,41.86,3
2026-09-13 16:24:21,0.0,32.06,55.66,3.94,0.0,0.0,0.0,0.0,0.01,13.8,41.86,3
2026-09-13 16:24:22,0.0,32.06,55.66,3.94,0.0,0.0,0.0,0.0,0.01,13.8,41.86,3
2026-09-13 16:24:23,0.0,32.06,55.66,3.94,0.0,0.0,0.0,0.0,0.01,13.8,41.86,3
2026-09-13 16:24:24,0.0,32.06,55.66,3.94,0.0,0.0,0.0,0.0,0.01,13.8,41.86,3
2026-09-13 16:24:25,0.0,32.06,55.66,3.94,0.0,0.0,0.0,0.0,0.01,13.8,41.86,3
2026-09-13 16:24:26,0.0,32.06,55.66,3.94,0.0,0.0,0.0,0.0,0.01,13.8,41.86,3
2026-09-13 16:24:27,0.0,32.06,55.66,3.94,0.0,0.0,0.0,0.0,0.0,13.8,41.86,3
2026-09-13 16:24:28,0.0,32.06,55.66,3.94,0.0,0.0,0.0,0.32,0.01,13.8,41.86,3
2026-09-13 16:24:29,0.0,32.06,55.66,3.94,0.0,0.0,0.0,0.0,0.01,13.8,41.86,3
2026-09-13 16:24:30,0.0,32.06,55.66,3.94,0.0,0.0,0.0,1.76,0.01,13.8,41.86,3
2026-09-13 16:24:31,0.0,32.06,55.66,3.94,0.0,0.0,0.0,0.0,0.01,13.8,41.86,3
2026-09-13 16:24:32,0.0,32.06,55.66,3.94,0.0,0.0,0.0,0.0,0.01,13.8,41.86,3
2026-09-13 16:24:33,0.0,32.06,55.66,3.94,0.0,0.0,0.0,0.0,0.02,13.8,41.86,3
2026-09-13 16:24:34,0.0,32.06,55.66,3.94,0.0,0.0,0.0,0.0,0.01,13.8,41.86,3
2026-09-13 16:24:35,0.0,32.06,55.66,3.94,0.0,0.0,0.0,0.0,0.01,13.8,41.86,3
2026-09-13 16:24:36,0.0,32.06,55.66,3.94,0.0,0.0,0.0,0.0,0.01,13.8,41.86,3
2026-09-13 16:24:37,0.0,32.06,55.66,3.94,0.0,0.0,0.0,0.0,0.01,13.8,41.86,3
2026-09-13 16:24:38,0.0,32.06,55.66,3.94,0.0,0.0,0.0,0.0,0.01,13.8,41.86,3
2026-09-13 16:24:39,0.0,32.06,55.66,3.94,0.0,0.0,0.0,0.0,0.01,13.8,41.86,3
2026-09-13 16:24:40,0.0,32.06,55.66,3.94,0.0,0.0,0.0,0.03,0.01,13.8,41.86,3
2026-09-13 16:24:41,0.0,32.06,55.66,3.94,0.0,0.0,0.0,0.0,0.0,13.8,41.86,3
2026-09-13 16:24:42,0.0,32.06,55.66,3.94,0.0,0.0,0.0,0.0,0.01,13.8,41.86,3
2026-09-13 16:24:43,0.0,32.06,55.66,3.94,0.0,0.0,0.0,0.0,0.01,13.8,41.86,3
2026-09-13 16:24:44,0.0,32.06,55.66,3.94,0.0,0.0,0.0,0.0,0.01,13.8,41.86,3
2026-09-13 16:24:45,0.0,32.06,55.66,3.94,0.0,0.0,0.0,0.32,0.01,13.8,41.86,3
2026-09-13 16:24:46,0.0,32.06,55.66,3.94,0.0,0.0,0.0,0.0,0.01,13.8,41.86,3
2026-09-13 16:24:47,0.0,32.06,55.66,3.94,0.0,0.0,0.0,0.0,0.01,13.8,41.86,3
2026-09-13 16:24:48,5.0,32.36,70.0,3.82,0.0,0.0,0.0,5.84,0.06,24.62,45.37,5
2026-09-13 16:24:49,1.0,32.07,91.5,4.17,0.0,0.0,0.0,19.24,0.11,40.86,50.64,8
2026-09-13 16:24:50,0.0,33.33,120.17,4.64,0.0,0.0,0.0,24.17,0.12,62.5,57.68,12
2026-09-13 16:24:51,0.0,33.86,148.84,5.11,0.0,0.0,0.0,28.26,0.14,84.14,64.71,16
2026-09-13 16:24:52,1.0,34.26,170.35,5.46,0.0,0.0,0.0,33.63,0.16,100.37,69.98,19
2026-09-13 16:24:53,0.0,34.26,170.35,5.46,0.0,0.0,0.0,26.52,0.13,100.37,69.98,19
2026-09-13 16:24:54,0.0,34.21,170.35,5.46,0.0,0.0,0.0,24.9,0.13,100.37,69.98,19
2026-09-13 16:24:55,0.0,34.3,170.35,5.51,0.0,0.0,0.0,20.72,0.11,100.37,69.98,19
2026-09-13 16:24:56,0.0,34.3,170.35,5.51,0.0,0.0,0.0,25.58,0.13,100.37,69.98,19
2026-09-13 16:24:57,0.0,34.3,170.35,5.51,0.0,0.0,0.0,28.15,0.14,100.37,69.98,19
2026-09-13 16:24:58,0.0,34.29,170.35,5.51,0.0,0.0,0.0,25.17,0.13,100.37,69.98,19
2026-09-13 16:24:59,0.0,34.3,170.35,5.51,0.0,0.0,0.0,18.68,0.09,100.37,69.98,19
2026-09-13 16:25:00,0.0,34.3,170.35,5.51,0.0,0.0,0.0,24.91,0.12,100.37,69.98,19
2026-09-13 16:25:01,0.0,34.3,170.35,5.51,0.0,0.0,0.0,29.03,0.14,100.37,69.98,19
2026-09-13 16:25:03,0.0,34.3,170.35,5.51,0.0,0.0,0.0,24.04,0.12,100.37,69.98,19
2026-09-13 16:25:04,0.0,34.3,170.35,5.51,0.0,0.0,0.0,19.55,0.11,100.37,69.98,19
2026-09-13 16:25:05,0.0,34.3,170.35,5.51,0.0,0.0,0.0,24.89,0.12,100.37,69.98,19
2026-09-13 16:25:06,0.0,34.3,170.35,5.51,0.0,0.0,0.0,31.12,0.15,100.37,69.98,19
2026-09-13 16:25:07,0.0,34.3,170.35,5.51,0.0,0.0,0.0,23.14,0.11,100.37,69.98,19
2026-09-13 16:25:08,0.0,34.3,170.35,5.51,0.0,0.0,0.0,20.75,0.1,100.37,69.98,19
2026-09-13 16:25:09,0.0,34.3,170.35,5.51,0.0,0.0,0.0,24.9,0.13,100.37,69.98,19
2026-09-13 16:25:10,0.0,34.3,170.35,5.51,0.0,0.0,0.0,32.59,0.16,100.37,69.98,19
2026-09-13 16:25:11,0.0,34.3,170.35,5.51,0.0,0.0,0.0,20.44,0.1,100.37,69.98,19
2026-09-13 16:25:12,0.0,34.3,170.35,5.51,0.0,0.0,0.0,23.42,0.11,100.37,69.98,19
2026-09-13 16:25:13,0.0,34.3,170.35,5.51,0.0,0.0,0.0,24.9,0.13,100.37,69.98,19
2026-09-13 16:25:14,0.0,34.3,170.35,5.51,0.0,0.0,0.0,26.97,0.13,100.37,69.98,19
2026-09-13 16:25:15,0.0,34.3,170.35,5.51,0.0,0.0,0.0,22.82,0.11,100.37,69.98,19
2026-09-13 16:25:16,0.0,34.3,170.35,5.51,0.0,0.0,0.0,24.9,0.13,100.37,69.98,19
2026-09-13 16:25:17,0.0,34.3,170.35,5.51,0.0,0.0,0.0,24.9,0.12,100.37,69.98,19
2026-09-13 16:25:18,0.0,34.3,170.35,5.51,0.0,0.0,0.0,24.9,0.12,100.37,69.98,19
2026-09-13 16:25:19,0.0,34.3,170.35,5.51,0.0,0.0,0.0,22.84,0.12,100.37,69.98,19
2026-09-13 16:25:20,0.0,34.3,170.35,5.51,0.0,0.0,0.0,22.81,0.12,100.37,69.98,19
2026-09-13 16:25:21,0.0,34.3,170.35,5.51,0.0,0.0,0.0,29.05,0.14,100.37,69.98,19
2026-09-13 16:25:22,0.0,34.3,170.35,5.51,0.0,0.0,0.0,24.9,0.13,100.37,69.98,19
2026-09-13 16:25:23,0.0,34.3,170.35,5.51,0.0,0.0,0.0,20.75,0.1,100.37,69.98,19
2026-09-13 16:25:24,0.0,34.3,170.35,5.51,0.0,0.0,0.0,24.9,0.13,100.37,69.98,19
2026-09-13 16:25:25,0.0,34.3,170.35,5.51,0.0,0.0,0.0,26.97,0.13,100.37,69.98,19
2026-09-13 16:25:26,0.0,34.3,170.35,5.51,0.0,0.0,0.0,25.35,0.12,100.37,69.98,19
2026-09-13 16:25:27,0.0,34.3,170.35,5.51,0.0,0.0,0.0,20.3,0.1,100.37,69.98,19
2026-09-13 16:25:28,0.0,34.3,170.35,5.51,0.0,0.0,0.0,24.63,0.12,100.37,69.98,19
2026-09-13 16:25:29,0.0,34.3,170.35,5.51,0.0,0.0,0.0,29.32,0.15,100.37,69.98,19
2026-09-13 16:25:30,0.0,34.3,170.35,5.51,0.0,0.0,0.0,22.86,0.11,100.37,69.98,19
2026-09-13 16:25:31,0.0,34.3,170.35,5.51,0.0,0.0,0.0,21.03,0.11,100.37,69.98,19
2026-09-13 16:25:32,0.0,34.3,170.35,5.51,0.0,0.0,0.0,24.9,0.13,100.37,69.98,19
2026-09-13 16:25:33,0.0,34.3,170.35,5.51,0.0,0.0,0.0,30.81,0.16,100.37,69.98,19
2026-09-13 16:25:34,0.0,34.3,170.35,5.51,0.0,0.0,0.0,24.9,0.13,100.37,69.98,19
2026-09-13 16:25:35,0.0,34.3,170.35,5.51,0.0,0.0,0.0,20.75,0.1,100.37,69.98,19
2026-09-13 16:25:36,0.0,34.3,170.35,5.51,0.0,0.0,0.0,24.9,0.12,100.37,69.98,19
2026-09-13 16:25:37,0.0,34.3,170.35,5.51,0.0,0.0,0.0,29.05,0.14,100.37,69.98,19
2026-09-13 16:25:38,0.0,34.3,170.35,5.51,0.0,0.0,0.0,20.76,0.1,100.37,69.98,19
2026-09-13 16:25:39,0.0,34.3,170.35,5.51,0.0,0.0,0.0,24.89,0.12,100.37,69.98,19
2026-09-13 16:25:40,0.0,34.3,170.35,5.51,0.0,0.0,0.0,25.21,0.12,100.37,69.98,19
2026-09-13 16:25:41,0.0,34.3,170.35,5.51,0.0,0.0,0.0,30.37,0.15,100.37,69.98,19
2026-09-13 16:25:42,0.0,34.3,170.35,5.51,0.0,0.0,0.0,21.19,0.11,100.37,69.98,19
2026-09-13 16:25:43,0.0,34.3,170.35,5.51,0.0,0.0,0.0,22.87,0.11,100.37,69.98,19
2026-09-13 16:25:44,0.0,33.76,141.68,5.04,0.0,0.0,0.0,22.78,0.11,78.73,62.95,15
2026-09-13 16:25:45,0.0,33.24,113.0,4.57,0.0,0.0,0.0,14.84,0.08,57.09,55.92,11
2026-09-13 16:25:46,0.0,32.69,84.33,4.1,0.0,0.0,0.0,10.06,0.06,35.45,48.89,7
2026-09-13 16:25:47,0.0,32.07,55.66,3.95,0.0,0.0,0.0,2.08,0.02,13.8,41.86,3
2026-09-13 16:25:48,0.0,32.07,55.66,3.95,0.0,0.0,0.0,0.0,0.01,13.8,41.86,3
2026-09-13 16:25:49,0.0,32.07,55.66,3.95,0.0,0.0,0.0,0.0,0.01,13.8,41.86,3
2026-09-13 16:25:50,0.0,32.07,55.66,3.95,0.0,0.0,0.0,0.0,0.01,13.8,41.86,3
2026-09-13 16:25:51,0.0,32.07,55.66,3.95,0.0,0.0,0.0,0.32,0.02,13.8,41.86,3
2026-09-13 16:25:52,0.0,32.07,55.66,3.95,0.0,0.0,0.0,1.76,0.01,13.8,41.86,3
2026-09-13 16:25:53,0.0,32.07,55.66,3.95,0.0,0.0,0.0,0.0,0.01,13.8,41.86,3
2026-09-13 16:25:54,0.0,32.07,55.66,3.95,0.0,0.0,0.0,0.0,0.01,13.8,41.86,3
2026-09-13 16:25:55,0.0,32.07,55.66,3.95,0.0,0.0,0.0,0.0,0.01,13.8,41.86,3
2026-09-13 16:25:56,0.0,32.06,55.66,3.95,0.0,0.0,0.0,0.0,0.01,13.8,41.86,3
2026-09-13 16:25:57,0.0,32.07,55.66,3.95,0.0,0.0,0.0,0.0,0.01,13.8,41.86,3
2026-09-13 16:25:58,0.0,32.07,55.66,3.95,0.0,0.0,0.0,0.0,0.01,13.8,41.86,3
2026-09-13 16:25:59,0.0,32.07,55.66,3.95,0.0,0.0,0.0,0.0,0.01,13.8,41.86,3
2026-09-13 16:26:00,0.0,32.07,55.66,3.95,0.0,0.0,0.0,0.32,0.0,13.8,41.86,3
2026-09-13 16:26:01,0.0,32.07,55.66,3.95,0.0,0.0,0.0,0.0,0.01,13.8,41.86,3
2026-09-13 16:26:02,0.0,32.64,84.33,4.05,0.0,0.0,0.0,20.05,0.1,35.45,48.89,7
2026-09-13 16:26:03,1.0,33.2,113.0,4.52,0.0,0.0,0.0,21.28,0.11,57.09,55.92,11
2026-09-13 16:26:04,0.0,33.72,141.68,4.99,0.0,0.0,0.0,28.01,0.13,78.73,62.95,15
2026-09-13 16:26:05,1.0,34.25,170.35,5.46,0.0,0.0,0.0,31.1,0.16,100.37,69.98,19
2026-09-13 16:26:06,0.0,34.76,199.02,5.93,0.0,0.0,0.0,28.05,0.14,122.01,77.01,23
2026-09-13 16:26:07,0.0,35.28,227.69,6.39,0.0,0.0,0.0,41.64,0.2,143.65,84.04,27
2026-09-13 16:26:08,1.0,35.79,256.36,6.86,0.0,0.0,0.0,44.13,0.22,165.29,91.07,31
2026-09-13 16:26:09,0.0,36.28,285.04,7.33,0.0,0.0,0.0,42.11,0.21,186.93,98.11,35
2026-09-13 16:26:10,0.0,36.29,285.04,7.33,0.0,0.0,0.0,52.18,0.26,186.93,98.11,35
2026-09-13 16:26:11,0.0,36.29,285.04,7.34,0.0,0.0,0.0,49.61,0.25,186.93,98.11,35
2026-09-13 16:26:12,0.0,36.29,285.04,7.34,0.0,0.0,0.0,53.35,0.27,186.93,98.11,35
2026-09-13 16:26:13,0.0,36.29,285.04,7.34,0.0,0.0,0.0,45.59,0.23,186.93,98.11,35
2026-09-13 16:26:14,0.0,36.29,285.04,7.34,0.0,0.0,0.0,48.77,0.24,186.93,98.11,35
2026-09-13 16:26:15,0.0,36.29,285.04,7.34,0.0,0.0,0.0,52.98,0.27,186.93,98.11,35
2026-09-13 16:26:16,0.0,36.27,285.04,7.34,0.0,0.0,0.0,51.38,0.24,186.93,98.11,35
2026-09-13 16:26:17,0.0,36.29,285.04,7.34,0.0,0.0,0.0,44.91,0.23,186.93,98.11,35
2026-09-13 16:26:18,0.0,36.29,285.04,7.34,0.0,0.0,0.0,50.63,0.26,186.93,98.11,35
2026-09-13 16:26:19,0.0,36.29,285.04,7.34,0.0,0.0,0.0,53.47,0.27,186.93,98.11,35
2026-09-13 16:26:20,0.0,36.29,285.04,7.34,0.0,0.0,0.0,49.13,0.25,186.93,98.11,35
2026-09-13 16:26:22,0.0,36.29,285.04,7.34,0.0,0.0,0.0,46.41,0.24,186.93,98.11,35
2026-09-13 16:26:23,0.0,36.29,285.04,7.34,0.0,0.0,0.0,51.13,0.26,186.93,98.11,35
2026-09-13 16:26:24,0.0,36.29,285.04,7.34,0.0,0.0,0.0,53.15,0.27,186.93,98.11,35
2026-09-13 16:26:25,0.0,36.29,285.04,7.34,0.0,0.0,0.0,48.84,0.25,186.93,98.11,35
2026-09-13 16:26:26,1.0,36.25,285.04,7.34,0.0,0.0,0.0,45.46,0.23,186.93,98.11,35
2026-09-13 16:26:27,0.0,36.3,285.04,7.35,0.0,0.0,0.0,51.47,0.26,186.93,98.11,35
2026-09-13 16:26:28,0.0,36.3,285.04,7.35,0.0,0.0,0.0,53.68,0.26,186.93,98.11,35
2026-09-13 16:26:29,0.0,36.3,285.04,7.35,0.0,0.0,0.0,50.76,0.25,186.93,98.11,35
2026-09-13 16:26:30,0.0,36.3,285.04,7.35,0.0,0.0,0.0,45.68,0.24,186.93,98.11,35
2026-09-13 16:26:31,0.0,36.3,285.04,7.35,0.0,0.0,0.0,50.65,0.25,186.93,98.11,35
2026-09-13 16:26:32,0.0,36.3,285.04,7.35,0.0,0.0,0.0,49.03,0.25,186.93,98.11,35
2026-09-13 16:26:33,0.0,36.3,285.04,7.35,0.0,0.0,0.0,50.8,0.26,186.93,98.11,35
2026-09-13 16:26:34,0.0,36.3,285.04,7.35,0.0,0.0,0.0,47.34,0.25,186.93,98.11,35
2026-09-13 16:26:35,0.0,36.3,285.04,7.35,0.0,0.0,0.0,51.65,0.26,186.93,98.11,35
2026-09-13 16:26:36,0.0,36.3,285.04,7.35,0.0,0.0,0.0,49.4,0.25,186.93,98.11,35
2026-09-13 16:26:37,0.0,36.3,285.04,7.35,0.0,0.0,0.0,48.21,0.25,186.93,98.11,35
2026-09-13 16:26:38,0.0,36.3,285.04,7.35,0.0,0.0,0.0,49.09,0.25,186.93,98.11,35
2026-09-13 16:26:39,0.0,36.3,285.04,7.35,0.0,0.0,0.0,51.13,0.26,186.93,98.11,35
2026-09-13 16:26:40,0.0,36.3,285.04,7.35,0.0,0.0,0.0,49.05,0.24,186.93,98.11,35
2026-09-13 16:26:41,0.0,36.3,285.04,7.35,0.0,0.0,0.0,46.99,0.24,186.93,98.11,35
2026-09-13 16:26:42,0.0,36.3,285.04,7.35,0.0,0.0,0.0,49.54,0.25,186.93,98.11,35
2026-09-13 16:26:43,0.0,36.3,285.04,7.35,0.0,0.0,0.0,53.31,0.28,186.93,98.11,35
2026-09-13 16:26:44,0.0,36.3,285.04,7.35,0.0,0.0,0.0,49.05,0.24,186.93,98.11,35
2026-09-13 16:26:45,0.0,36.3,285.04,7.35,0.0,0.0,0.0,48.5,0.25,186.93,98.11,35
2026-09-13 16:26:46,0.0,36.3,285.04,7.35,0.0,0.0,0.0,49.84,0.25,186.93,98.11,35
2026-09-13 16:26:47,0.0,36.3,285.04,7.35,0.0,0.0,0.0,52.96,0.27,186.93,98.11,35
2026-09-13 16:26:48,0.0,36.3,285.04,7.35,0.0,0.0,0.0,48.9,0.24,186.93,98.11,35
2026-09-13 16:26:49,0.0,36.3,285.04,7.35,0.0,0.0,0.0,43.59,0.23,186.93,98.11,35
2026-09-13 16:26:50,0.0,36.3,285.04,7.35,0.0,0.0,0.0,52.57,0.26,186.93,98.11,35
2026-09-13 16:26:51,0.0,36.3,285.04,7.35,0.0,0.0,0.0,48.67,0.25,186.93,98.11,35
2026-09-13 16:26:52,0.0,36.3,285.04,7.35,0.0,0.0,0.0,53.23,0.26,186.93,98.11,35
2026-09-13 16:26:53,0.0,36.3,285.04,7.35,0.0,0.0,0.0,41.69,0.22,186.93,98.11,35
2026-09-13 16:26:54,0.0,36.3,285.04,7.35,0.0,0.0,0.0,50.12,0.25,186.93,98.11,35
2026-09-13 16:26:55,0.0,36.3,285.04,7.35,0.0,0.0,0.0,54.01,0.27,186.93,98.11,35
2026-09-13 16:26:56,0.0,36.3,285.04,7.35,0.0,0.0,0.0,50.62,0.25,186.93,98.11,35
2026-09-13 16:26:57,0.0,35.81,256.36,6.88,0.0,0.0,0.0,39.56,0.2,165.29,91.07,31
2026-09-13 16:26:58,0.0,35.29,227.69,6.41,0.0,0.0,0.0,41.45,0.21,143.65,84.04,27
2026-09-13 16:26:59,0.0,34.78,199.02,5.94,0.0,0.0,0.0,36.66,0.19,122.01,77.01,23
2026-09-13 16:27:00,0.0,34.27,170.35,5.47,0.0,0.0,0.0,27.31,0.14,100.37,69.98,19
2026-09-13 16:27:01,0.0,33.74,141.68,5.0,0.0,0.0,0.0,21.3,0.12,78.73,62.95,15
2026-09-13 16:27:02,0.0,33.21,113.0,4.54,0.0,0.0,0.0,17.61,0.09,57.09,55.92,11
2026-09-13 16:27:03,0.0,32.66,84.33,4.07,0.0,0.0,0.0,9.1,0.06,35.45,48.89,7
2026-09-13 16:27:04,0.0,32.07,55.66,3.95,0.0,0.0,0.0,2.86,0.02,13.8,41.86,3
2026-09-13 16:27:05,0.0,32.07,55.66,3.95,0.0,0.0,0.0,0.0,0.01,13.8,41.86,3
2026-09-13 16:27:06,0.0,32.07,55.66,3.95,0.0,0.0,0.0,0.0,0.01,13.8,41.86,3
2026-09-13 16:27:07,0.0,32.07,55.66,3.95,0.0,0.0,0.0,0.0,0.01,13.8,41.86,3
2026-09-13 16:27:08,0.0,32.07,55.66,3.95,0.0,0.0,0.0,0.0,0.01,13.8,41.86,3
2026-09-13 16:27:09,0.0,32.07,55.66,3.95,0.0,0.0,0.0,0.0,0.01,13.8,41.86,3
2026-09-13 16:27:10,0.0,32.07,55.66,3.95,0.0,0.0,0.0,0.0,0.0,13.8,41.86,3
2026-09-13 16:27:11,0.0,32.07,55.66,3.95,0.0,0.0,0.0,0.0,0.0,13.8,41.86,3
2026-09-13 16:27:12,0.0,32.06,55.66,3.95,0.0,0.0,0.0,0.32,0.01,13.8,41.86,3
2026-09-13 16:27:13,0.0,32.07,55.66,3.95,0.0,0.0,0.0,0.0,0.01,13.8,41.86,3
2026-09-13 16:27:14,0.0,32.07,55.66,3.95,0.0,0.0,0.0,1.76,0.02,13.8,41.86,3
2026-09-13 16:27:15,0.0,32.07,55.66,3.95,0.0,0.0,0.0,0.0,0.01,13.8,41.86,3
2026-09-13 16:27:16,0.0,32.07,55.66,3.95,0.0,0.0,0.0,0.0,0.01,13.8,41.86,3
2026-09-13 16:27:17,0.0,32.07,55.66,3.95,0.0,0.0,0.0,0.0,0.01,13.8,41.86,3
2026-09-13 16:27:18,0.0,32.07,55.66,3.95,0.0,0.0,0.0,0.0,0.01,13.8,41.86,3
2026-09-13 16:27:19,0.0,32.51,77.16,3.93,0.0,0.0,0.0,3.38,0.03,30.04,47.13,6
2026-09-13 16:27:20,1.0,33.06,105.84,4.4,0.0,0.0,0.0,9.42,0.05,51.68,54.16,10
2026-09-13 16:27:21,0.0,33.6,134.51,4.87,0.0,0.0,0.0,16.23,0.09,73.32,61.19,14
2026-09-13 16:27:22,1.0,34.12,163.18,5.34,0.0,0.0,0.0,21.91,0.11,94.96,68.22,18
2026-09-13 16:27:23,0.0,34.63,191.85,5.81,0.0,0.0,0.0,28.43,0.15,116.6,75.25,22
2026-09-13 16:27:24,1.0,35.16,220.52,6.28,0.0,0.0,0.0,34.08,0.18,138.24,82.29,26
2026-09-13 16:27:25,0.0,35.65,249.2,6.75,0.0,0.0,0.0,42.66,0.22,159.88,89.32,30
2026-09-13 16:27:26,1.0,36.17,277.87,7.21,0.0,0.0,0.0,47.39,0.25,181.52,96.35,34
2026-09-13 16:27:27,1.0,36.68,306.54,7.68,0.0,0.0,0.0,52.41,0.28,203.16,103.38,38
2026-09-13 16:27:28,0.0,37.18,335.21,8.15,0.0,0.0,0.0,59.24,0.31,224.8,110.41,42
2026-09-13 16:27:29,1.0,37.66,363.88,8.62,0.0,0.0,0.0,66.71,0.36,246.44,117.44,46
2026-09-13 16:27:31,0.0,38.16,392.55,9.09,0.0,0.0,0.0,71.01,0.38,268.08,124.47,50
2026-09-13 16:27:32,0.0,38.29,399.72,9.21,0.0,0.0,0.0,74.94,0.4,273.49,126.23,51
2026-09-13 16:27:33,1.0,38.29,399.72,9.21,0.0,0.0,0.0,74.52,0.41,273.49,126.23,51
2026-09-13 16:27:34,0.0,38.29,399.72,9.21,0.0,0.0,0.0,74.86,0.41,273.49,126.23,51
2026-09-13 16:27:35,0.0,38.29,399.72,9.21,0.0,0.0,0.0,74.34,0.4,273.49,126.23,51
2026-09-13 16:27:36,0.0,38.29,399.72,9.21,0.0,0.0,0.0,73.81,0.39,273.49,126.23,51
2026-09-13 16:27:37,0.0,38.29,399.72,9.21,0.0,0.0,0.0,74.06,0.39,273.49,126.23,51
2026-09-13 16:27:38,0.0,38.29,399.72,9.21,0.0,0.0,0.0,76.6,0.41,273.49,126.23,51
2026-09-13 16:27:39,0.0,38.29,399.72,9.21,0.0,0.0,0.0,73.73,0.4,273.49,126.23,51
2026-09-13 16:27:40,0.0,38.29,399.72,9.21,0.0,0.0,0.0,74.66,0.4,273.49,126.23,51
2026-09-13 16:27:41,0.0,38.29,399.72,9.21,0.0,0.0,0.0,75.49,0.41,273.49,126.23,51
2026-09-13 16:27:42,0.0,38.29,399.72,9.21,0.0,0.0,0.0,73.07,0.4,273.49,126.23,51
2026-09-13 16:27:43,0.0,38.29,399.72,9.21,0.0,0.0,0.0,75.32,0.41,273.49,126.23,51
2026-09-13 16:27:44,0.0,38.29,399.72,9.21,0.0,0.0,0.0,74.31,0.4,273.49,126.23,51
2026-09-13 16:27:45,0.0,38.29,399.72,9.21,0.0,0.0,0.0,73.51,0.4,273.49,126.23,51
2026-09-13 16:27:46,0.0,38.29,399.72,9.21,0.0,0.0,0.0,75.18,0.4,273.49,126.23,51
2026-09-13 16:27:47,0.0,38.29,399.72,9.21,0.0,0.0,0.0,76.83,0.42,273.49,126.23,51
2026-09-13 16:27:48,0.0,38.29,399.72,9.21,0.0,0.0,0.0,73.69,0.4,273.49,126.23,51
2026-09-13 16:27:49,0.0,38.29,399.72,9.21,0.0,0.0,0.0,74.9,0.41,273.49,126.23,51
2026-09-13 16:27:50,0.0,38.3,399.72,9.22,0.0,0.0,0.0,74.82,0.4,273.49,126.23,51
2026-09-13 16:27:51,0.0,38.3,399.72,9.22,0.0,0.0,0.0,75.52,0.41,273.49,126.23,51
2026-09-13 16:27:52,0.0,38.3,399.72,9.22,0.0,0.0,0.0,75.01,0.4,273.49,126.23,51
2026-09-13 16:27:53,0.0,38.3,399.72,9.22,0.0,0.0,0.0,73.97,0.38,273.49,126.23,51
2026-09-13 16:27:54,0.0,38.3,399.72,9.22,0.0,0.0,0.0,74.37,0.4,273.49,126.23,51
2026-09-13 16:27:55,0.0,38.3,399.72,9.22,0.0,0.0,0.0,74.58,0.41,273.49,126.23,51
2026-09-13 16:27:56,0.0,38.3,399.72,9.22,0.0,0.0,0.0,74.14,0.4,273.49,126.23,51
2026-09-13 16:27:57,0.0,38.3,399.72,9.22,0.0,0.0,0.0,74.6,0.4,273.49,126.23,51
2026-09-13 16:27:58,0.0,38.3,399.72,9.22,0.0,0.0,0.0,74.2,0.4,273.49,126.23,51
2026-09-13 16:27:59,0.0,38.3,399.72,9.22,0.0,0.0,0.0,74.8,0.4,273.49,126.23,51
2026-09-13 16:28:00,0.0,38.3,399.72,9.22,0.0,0.0,0.0,74.28,0.4,273.49,126.23,51
2026-09-13 16:28:01,0.0,38.3,399.72,9.22,0.0,0.0,0.0,74.04,0.4,273.49,126.23,51
2026-09-13 16:28:02,0.0,38.3,399.72,9.22,0.0,0.0,0.0,74.68,0.39,273.49,126.23,51
2026-09-13 16:28:03,0.0,38.3,399.72,9.22,0.0,0.0,0.0,75.06,0.41,273.49,126.23,51
2026-09-13 16:28:04,0.0,38.3,399.72,9.22,0.0,0.0,0.0,75.64,0.4,273.49,126.23,51
2026-09-13 16:28:05,0.0,38.3,399.72,9.22,0.0,0.0,0.0,74.14,0.39,273.49,126.23,51
2026-09-13 16:28:06,0.0,38.3,399.72,9.22,0.0,0.0,0.0,74.49,0.4,273.49,126.23,51
2026-09-13 16:28:07,0.0,38.3,399.72,9.22,0.0,0.0,0.0,74.54,0.4,273.49,126.23,51
2026-09-13 16:28:08,0.0,38.3,399.72,9.22,0.0,0.0,0.0,75.34,0.41,273.49,126.23,51
2026-09-13 16:28:09,0.0,38.3,399.72,9.22,0.0,0.0,0.0,73.73,0.39,273.49,126.23,51
2026-09-13 16:28:10,0.0,38.3,399.72,9.22,0.0,0.0,0.0,74.97,0.39,273.49,126.23,51
2026-09-13 16:28:11,0.0,38.3,399.72,9.22,0.0,0.0,0.0,74.11,0.39,273.49,126.23,51
2026-09-13 16:28:12,0.0,38.3,399.72,9.22,0.0,0.0,0.0,74.06,0.4,273.49,126.23,51
2026-09-13 16:28:13,0.0,38.3,399.72,9.22,0.0,0.0,0.0,75.28,0.41,273.49,126.23,51
2026-09-13 16:28:14,0.0,37.79,371.05,8.75,0.0,0.0,0.0,72.26,0.39,251.85,119.2,47
2026-09-13 16:28:16,0.0,37.3,342.38,8.29,0.0,0.0,0.0,64.84,0.35,230.21,112.17,43
2026-09-13 16:28:17,0.0,36.8,313.71,7.82,0.0,0.0,0.0,59.8,0.32,208.57,105.14,39
2026-09-13 16:28:18,0.0,36.31,285.04,7.35,0.0,0.0,0.0,52.17,0.28,186.93,98.11,35
2026-09-13 16:28:19,0.0,35.81,256.36,6.88,0.0,0.0,0.0,48.53,0.26,165.29,91.07,31
2026-09-13 16:28:20,0.0,35.29,227.69,6.41,0.0,0.0,0.0,41.05,0.23,143.65,84.04,27
2026-09-13 16:28:21,0.0,34.78,199.02,5.94,0.0,0.0,0.0,33.69,0.18,122.01,77.01,23
2026-09-13 16:28:22,0.0,34.25,170.35,5.47,0.0,0.0,0.0,27.79,0.15,100.37,69.98,19
2026-09-13 16:28:23,0.0,33.74,141.68,5.0,0.0,0.0,0.0,21.96,0.11,78.73,62.95,15
2026-09-13 16:28:24,0.0,33.21,113.0,4.54,0.0,0.0,0.0,15.07,0.08,57.09,55.92,11
2026-09-13 16:28:25,0.0,32.66,84.33,4.07,0.0,0.0,0.0,9.87,0.05,35.45,48.89,7
2026-09-13 16:28:26,0.0,32.07,55.66,3.95,0.0,0.0,0.0,3.38,0.02,13.8,41.86,3
2026-09-13 16:28:27,0.0,32.07,55.66,3.95,0.0,0.0,0.0,0.0,0.0,13.8,41.86,3
2026-09-13 16:28:28,0.0,32.07,55.66,3.95,0.0,0.0,0.0,0.0,0.01,13.8,41.86,3
2026-09-13 16:28:29,0.0,32.06,55.66,3.95,0.0,0.0,0.0,0.0,0.0,13.8,41.86,3
2026-09-13 16:28:30,0.0,32.07,55.66,3.95,0.0,0.0,0.0,0.0,0.01,13.8,41.86,3
2026-09-13 16:28:31,0.0,32.07,55.66,3.95,0.0,0.0,0.0,0.0,0.0,13.8,41.86,3
2026-09-13 16:28:32,0.0,32.07,55.66,3.95,0.0,0.0,0.0,0.31,0.01,13.8,41.86,3
2026-09-13 16:28:33,0.0,32.07,55.66,3.95,0.0,0.0,0.0,0.0,0.01,13.8,41.86,3
2026-09-13 16:28:34,0.0,32.07,55.66,3.95,0.0,0.0,0.0,0.0,0.02,13.8,41.86,3
2026-09-13 16:28:35,0.0,32.07,55.66,3.95,0.0,0.0,0.0,1.76,0.02,13.8,41.86,3
2026-09-13 16:28:36,0.0,32.07,55.66,3.95,0.0,0.0,0.0,0.0,0.0,13.8,41.86,3
2026-09-13 16:28:37,0.0,32.07,55.66,3.95,0.0,0.0,0.0,0.0,0.01,13.8,41.86,3
2026-09-13 16:28:38,0.0,32.07,55.66,3.95,0.0,0.0,0.0,0.0,0.01,13.8,41.86,3
2026-09-13 16:28:39,0.0,32.07,55.66,3.95,0.0,0.0,0.0,0.0,0.01,13.8,41.86,3
2026-09-13 16:28:40,0.0,32.07,55.66,3.95,0.0,0.0,0.0,0.0,0.0,13.8,41.86,3
2026-09-13 16:28:41,1.0,32.5,77.16,3.93,0.0,0.0,0.0,2.87,0.02,30.04,47.13,6
2026-09-13 16:28:42,0.0,33.05,105.84,4.4,0.0,0.0,0.0,9.19,0.05,51.68,54.16,10
2026-09-13 16:28:43,0.0,33.58,134.51,4.87,0.0,0.0,0.0,15.44,0.08,73.32,61.19,14
2026-09-13 16:28:44,1.0,34.12,163.18,5.34,0.0,0.0,0.0,21.25,0.12,94.96,68.22,18
2026-09-13 16:28:45,0.0,34.22,184.68,5.69,0.0,0.0,0.0,27.35,0.15,111.19,73.5,21
2026-09-13 16:28:46,1.0,35.15,220.52,6.28,0.0,0.0,0.0,33.71,0.2,138.24,82.29,26
2026-09-13 16:28:47,0.0,35.65,249.2,6.75,0.0,0.0,0.0,39.81,0.21,159.88,89.32,30
2026-09-13 16:28:48,1.0,36.15,277.87,7.21,0.0,0.0,0.0,45.84,0.26,181.52,96.35,34
2026-09-13 16:28:49,0.0,36.65,306.54,7.68,0.0,0.0,0.0,52.83,0.29,203.16,103.38,38
2026-09-13 16:28:50,1.0,37.16,335.21,8.15,0.0,0.0,0.0,58.59,0.32,224.8,110.41,42
2026-09-13 16:28:51,0.0,37.65,363.88,8.62,0.0,0.0,0.0,65.01,0.36,246.44,117.44,46
2026-09-13 16:28:52,1.0,38.15,392.55,9.09,0.0,0.0,0.0,71.02,0.38,268.08,124.47,50
2026-09-13 16:28:53,0.0,38.41,406.89,9.32,0.0,0.0,0.0,77.55,0.42,278.9,127.99,52
2026-09-13 16:28:54,0.0,38.41,406.89,9.32,0.0,0.0,0.0,76.47,0.42,278.9,127.99,52
2026-09-13 16:28:55,0.0,38.41,406.89,9.32,0.0,0.0,0.0,80.02,0.43,278.9,127.99,52
2026-09-13 16:28:56,0.0,38.41,406.89,9.32,0.0,0.0,0.0,79.35,0.43,278.9,127.99,52
2026-09-13 16:28:57,0.0,38.41,406.89,9.32,0.0,0.0,0.0,78.61,0.42,278.9,127.99,52
2026-09-13 16:28:58,0.0,38.41,406.89,9.32,0.0,0.0,0.0,77.68,0.42,278.9,127.99,52
2026-09-13 16:28:59,0.0,38.41,406.89,9.32,0.0,0.0,0.0,77.83,0.42,278.9,127.99,52
2026-09-13 16:29:00,0.0,38.41,406.89,9.32,0.0,0.0,0.0,77.88,0.42,278.9,127.99,52
2026-09-13 16:29:01,0.0,38.41,406.89,9.32,0.0,0.0,0.0,77.42,0.42,278.9,127.99,52
2026-09-13 16:29:02,0.0,38.41,406.89,9.32,0.0,0.0,0.0,78.19,0.42,278.9,127.99,52
2026-09-13 16:29:03,0.0,38.41,406.89,9.32,0.0,0.0,0.0,77.59,0.43,278.9,127.99,52
2026-09-13 16:29:04,0.0,38.41,406.89,9.32,0.0,0.0,0.0,77.78,0.42,278.9,127.99,52
2026-09-13 16:29:05,0.0,38.41,406.89,9.32,0.0,0.0,0.0,78.35,0.42,278.9,127.99,52
2026-09-13 16:29:06,0.0,38.39,406.89,9.32,0.0,0.0,0.0,77.69,0.41,278.9,127.99,52
2026-09-13 16:29:07,0.0,38.41,406.89,9.32,0.0,0.0,0.0,77.77,0.42,278.9,127.99,52
2026-09-13 16:29:08,0.0,38.41,406.89,9.32,0.0,0.0,0.0,79.24,0.42,278.9,127.99,52
2026-09-13 16:29:09,0.0,38.41,406.89,9.32,0.0,0.0,0.0,78.11,0.42,278.9,127.99,52
2026-09-13 16:29:10,0.0,38.41,406.89,9.32,0.0,0.0,0.0,77.43,0.41,278.9,127.99,52
2026-09-13 16:29:11,0.0,38.41,406.89,9.32,0.0,0.0,0.0,77.71,0.41,278.9,127.99,52
2026-09-13 16:29:12,0.0,38.41,406.89,9.32,0.0,0.0,0.0,77.95,0.42,278.9,127.99,52
2026-09-13 16:29:13,0.0,38.41,406.89,9.32,0.0,0.0,0.0,78.37,0.42,278.9,127.99,52
2026-09-13 16:29:14,0.0,38.41,406.89,9.32,0.0,0.0,0.0,79.17,0.42,278.9,127.99,52
2026-09-13 16:29:16,0.0,38.41,406.89,9.32,0.0,0.0,0.0,76.86,0.42,278.9,127.99,52
2026-09-13 16:29:17,0.0,38.41,406.89,9.32,0.0,0.0,0.0,78.82,0.42,278.9,127.99,52
2026-09-13 16:29:18,0.0,38.41,406.89,9.32,0.0,0.0,0.0,77.87,0.42,278.9,127.99,52
2026-09-13 16:29:19,0.0,38.41,406.89,9.32,0.0,0.0,0.0,79.13,0.42,278.9,127.99,52
2026-09-13 16:29:20,0.0,38.41,406.89,9.32,0.0,0.0,0.0,77.73,0.43,278.9,127.99,52
2026-09-13 16:29:21,0.0,38.41,406.89,9.32,0.0,0.0,0.0,79.26,0.43,278.9,127.99,52
2026-09-13 16:29:22,0.0,38.41,406.89,9.32,0.0,0.0,0.0,77.83,0.42,278.9,127.99,52
2026-09-13 16:29:23,0.0,38.41,406.89,9.32,0.0,0.0,0.0,78.26,0.42,278.9,127.99,52
2026-09-13 16:29:24,0.0,38.41,406.89,9.32,0.0,0.0,0.0,77.65,0.42,278.9,127.99,52
2026-09-13 16:29:25,0.0,38.41,406.89,9.32,0.0,0.0,0.0,77.43,0.42,278.9,127.99,52
2026-09-13 16:29:26,0.0,38.39,406.89,9.32,0.0,0.0,0.0,77.44,0.42,278.9,127.99,52
2026-09-13 16:29:27,0.0,38.41,406.89,9.32,0.0,0.0,0.0,77.09,0.41,278.9,127.99,52
2026-09-13 16:29:28,0.0,38.41,406.89,9.32,0.0,0.0,0.0,79.82,0.43,278.9,127.99,52
2026-09-13 16:29:29,0.0,38.41,406.89,9.32,0.0,0.0,0.0,76.65,0.41,278.9,127.99,52
2026-09-13 16:29:30,0.0,38.41,406.89,9.32,0.0,0.0,0.0,79.12,0.42,278.9,127.99,52
2026-09-13 16:29:31,0.0,38.41,406.89,9.32,0.0,0.0,0.0,76.97,0.41,278.9,127.99,52
2026-09-13 16:29:32,0.0,38.41,406.89,9.32,0.0,0.0,0.0,76.98,0.42,278.9,127.99,52
2026-09-13 16:29:33,0.0,38.41,406.89,9.32,0.0,0.0,0.0,78.39,0.43,278.9,127.99,52
2026-09-13 16:29:34,0.0,38.41,406.89,9.32,0.0,0.0,0.0,76.04,0.41,278.9,127.99,52
2026-09-13 16:29:35,0.0,38.41,406.89,9.32,0.0,0.0,0.0,77.94,0.42,278.9,127.99,52
2026-09-13 16:29:36,0.0,37.92,378.22,8.86,0.0,0.0,0.0,75.68,0.41,257.26,120.96,48
2026-09-13 16:29:37,1.0,38.26,392.55,9.09,0.0,0.0,0.0,107.0,0.6,268.08,124.47,50
2026-09-13 16:29:38,0.0,37.88,363.88,8.62,0.0,0.0,0.0,119.74,0.67,246.44,117.44,46
2026-09-13 16:29:39,0.0,37.25,335.21,8.15,0.0,0.0,0.0,118.96,0.65,224.8,110.41,42
2026-09-13 16:29:40,0.0,36.75,306.54,7.68,0.0,0.0,0.0,119.48,0.65,203.16,103.38,38
2026-09-13 16:29:41,0.0,36.26,277.87,7.21,0.0,0.0,0.0,119.37,0.66,181.52,96.35,34
2026-09-13 16:29:42,0.0,35.74,249.2,6.75,0.0,0.0,0.0,119.3,0.65,159.88,89.32,30
2026-09-13 16:29:43,0.0,35.31,220.52,6.28,0.0,0.0,0.0,100.27,0.54,138.24,82.29,26
2026-09-13 16:29:44,1.0,35.79,249.2,6.78,0.0,0.0,0.0,97.17,0.54,159.88,89.32,30
2026-09-13 16:29:45,0.0,35.15,213.36,6.19,0.0,0.0,0.0,118.0,0.66,132.83,80.53,25
2026-09-13 16:29:46,0.0,34.77,191.85,5.84,0.0,0.0,0.0,116.89,0.63,116.6,75.25,22
2026-09-13 16:29:47,0.0,34.23,163.18,5.37,0.0,0.0,0.0,118.97,0.64,94.96,68.22,18
2026-09-13 16:29:48,0.0,33.65,134.51,4.91,0.0,0.0,0.0,118.84,0.64,73.32,61.19,14
2026-09-13 16:29:49,0.0,33.24,113.0,4.55,0.0,0.0,0.0,118.59,0.64,57.09,55.92,11
2026-09-13 16:29:50,0.0,32.83,91.5,4.2,0.0,0.0,0.0,71.71,0.38,40.86,50.64,8
2026-09-13 16:29:51,0.0,32.24,62.83,3.75,0.0,0.0,0.0,5.97,0.04,19.21,43.61,4
2026-09-13 16:29:52,0.0,32.07,55.66,3.95,0.0,0.0,0.0,0.0,0.0,13.8,41.86,3
2026-09-13 16:29:53,0.0,32.07,55.66,3.95,0.0,0.0,0.0,0.0,0.01,13.8,41.86,3
2026-09-13 16:29:54,0.0,32.07,55.66,3.95,0.0,0.0,0.0,0.0,0.01,13.8,41.86,3
2026-09-13 16:29:55,0.0,32.07,55.66,3.95,0.0,0.0,0.0,0.31,0.01,13.8,41.86,3
2026-09-13 16:29:56,0.0,32.07,55.66,3.95,0.0,0.0,0.0,1.76,0.02,13.8,41.86,3
2026-09-13 16:29:57,0.0,32.07,55.66,3.95,0.0,0.0,0.0,0.0,0.01,13.8,41.86,3
2026-09-13 16:29:58,0.0,32.07,55.66,3.95,0.0,0.0,0.0,0.0,0.01,13.8,41.86,3
2026-09-13 16:29:59,0.0,32.07,55.66,3.95,0.0,0.0,0.0,0.02,0.01,13.8,41.86,3
2026-09-13 16:30:00,0.0,32.07,55.66,3.95,0.0,0.0,0.0,0.0,0.0,13.8,41.86,3
2026-09-13 16:30:01,0.0,32.07,55.66,3.95,0.0,0.0,0.0,0.31,0.01,13.8,41.86,3
2026-09-13 16:30:02,0.0,32.07,55.66,3.95,0.0,0.0,0.0,1.76,0.01,13.8,41.86,3
2026-09-13 16:30:03,0.0,32.06,55.66,3.95,0.0,0.0,0.0,0.0,0.01,13.8,41.86,3
2026-09-13 16:30:04,0.0,32.07,55.66,3.95,0.0,0.0,0.0,0.0,0.01,13.8,41.86,3
2026-09-13 16:30:05,0.0,32.07,55.66,3.95,0.0,0.0,0.0,0.0,0.0,13.8,41.86,3
2026-09-13 16:30:06,1.0,32.37,70.0,3.82,0.0,0.0,0.0,1.74,0.01,24.62,45.37,5
2026-09-13 16:30:07,0.0,32.91,98.67,4.28,0.0,0.0,0.0,8.13,0.05,46.27,52.4,9
2026-09-13 16:30:08,0.0,33.44,127.34,4.73,0.0,0.0,0.0,13.93,0.08,67.91,59.43,13
2026-09-13 16:30:09,1.0,33.95,156.01,5.18,0.0,0.0,0.0,22.89,0.12,89.55,66.46,17
2026-09-13 16:30:10,0.0,34.46,184.68,5.64,0.0,0.0,0.0,26.17,0.13,111.19,73.5,21
2026-09-13 16:30:11,1.0,34.95,213.36,6.09,0.0,0.0,0.0,31.77,0.17,132.83,80.53,25
2026-09-13 16:30:12,0.0,35.46,242.03,6.54,0.0,0.0,0.0,39.87,0.21,154.47,87.56,29
2026-09-13 16:30:13,1.0,35.94,270.7,7.0,0.0,0.0,0.0,44.34,0.24,176.11,94.59,33
2026-09-13 16:30:14,0.0,36.42,299.37,7.45,0.0,0.0,0.0,53.56,0.28,197.75,101.62,37
2026-09-13 16:30:15,1.0,36.91,328.04,7.9,0.0,0.0,0.0,57.6,0.31,219.39,108.65,41
2026-09-13 16:30:17,0.0,37.41,356.71,8.36,0.0,0.0,0.0,63.21,0.34,241.03,115.68,45
2026-09-13 16:30:18,0.0,37.87,385.39,8.81,0.0,0.0,0.0,71.03,0.38,262.67,122.71,49
2026-09-13 16:30:19,1.0,38.25,406.89,9.15,0.0,0.0,0.0,75.96,0.42,278.9,127.99,52
2026-09-13 16:30:20,0.0,38.25,406.89,9.15,0.0,0.0,0.0,77.17,0.42,278.9,127.99,52
2026-09-13 16:30:21,0.0,38.25,406.89,9.15,0.0,0.0,0.0,77.57,0.41,278.9,127.99,52
2026-09-13 16:30:22,0.0,38.25,406.89,9.15,0.0,0.0,0.0,79.39,0.42,278.9,127.99,52
2026-09-13 16:30:23,1.0,38.18,406.89,9.15,0.0,0.0,0.0,78.13,0.41,278.9,127.99,52
2026-09-13 16:30:24,0.0,38.25,406.89,9.15,0.0,0.0,0.0,77.24,0.42,278.9,127.99,52
2026-09-13 16:30:25,0.0,38.25,406.89,9.15,0.0,0.0,0.0,78.44,0.42,278.9,127.99,52
2026-09-13 16:30:26,0.0,38.25,406.89,9.15,0.0,0.0,0.0,77.43,0.4,278.9,127.99,52
2026-09-13 16:30:27,0.0,38.25,406.89,9.15,0.0,0.0,0.0,77.43,0.41,278.9,127.99,52
2026-09-13 16:30:28,0.0,38.25,406.89,9.15,0.0,0.0,0.0,78.74,0.42,278.9,127.99,52
2026-09-13 16:30:29,0.0,38.25,406.89,9.15,0.0,0.0,0.0,78.32,0.42,278.9,127.99,52
2026-09-13 16:30:30,0.0,38.25,406.89,9.15,0.0,0.0,0.0,78.44,0.42,278.9,127.99,52
2026-09-13 16:30:31,0.0,38.25,406.89,9.15,0.0,0.0,0.0,76.12,0.41,278.9,127.99,52
2026-09-13 16:30:32,0.0,38.25,406.89,9.15,0.0,0.0,0.0,78.22,0.42,278.9,127.99,52
2026-09-13 16:30:33,0.0,38.25,406.89,9.15,0.0,0.0,0.0,79.48,0.44,278.9,127.99,52
2026-09-13 16:30:34,0.0,38.25,406.89,9.15,0.0,0.0,0.0,77.29,0.42,278.9,127.99,52
2026-09-13 16:30:35,0.0,38.25,406.89,9.15,0.0,0.0,0.0,78.69,0.41,278.9,127.99,52
2026-09-13 16:30:36,0.0,38.25,406.89,9.15,0.0,0.0,0.0,77.48,0.41,278.9,127.99,52
2026-09-13 16:30:37,0.0,38.25,406.89,9.15,0.0,0.0,0.0,79.2,0.42,278.9,127.99,52
2026-09-13 16:30:38,0.0,38.25,406.89,9.15,0.0,0.0,0.0,78.46,0.42,278.9,127.99,52
2026-09-13 16:30:39,0.0,38.25,406.89,9.15,0.0,0.0,0.0,76.89,0.4,278.9,127.99,52
2026-09-13 16:30:40,0.0,38.25,406.89,9.15,0.0,0.0,0.0,77.94,0.41,278.9,127.99,52
2026-09-13 16:30:41,0.0,38.25,406.89,9.15,0.0,0.0,0.0,78.03,0.41,278.9,127.99,52
2026-09-13 16:30:42,0.0,38.21,406.89,9.15,0.0,0.0,0.0,77.57,0.41,278.9,127.99,52
2026-09-13 16:30:43,0.0,38.25,406.89,9.15,0.0,0.0,0.0,78.24,0.42,278.9,127.99,52
2026-09-13 16:30:44,0.0,38.25,406.89,9.15,0.0,0.0,0.0,79.69,0.43,278.9,127.99,52
2026-09-13 16:30:45,0.0,38.25,406.89,9.15,0.0,0.0,0.0,77.69,0.42,278.9,127.99,52
2026-09-13 16:30:46,0.0,38.25,406.89,9.15,0.0,0.0,0.0,76.9,0.42,278.9,127.99,52
2026-09-13 16:30:47,0.0,38.25,406.89,9.15,0.0,0.0,0.0,78.69,0.42,278.9,127.99,52
2026-09-13 16:30:48,0.0,38.25,406.89,9.15,0.0,0.0,0.0,77.81,0.42,278.9,127.99,52
2026-09-13 16:30:49,0.0,38.18,406.89,9.15,0.0,0.0,0.0,76.77,0.42,278.9,127.99,52
2026-09-13 16:30:50,0.0,38.25,406.89,9.15,0.0,0.0,0.0,79.56,0.43,278.9,127.99,52
2026-09-13 16:30:51,0.0,38.25,406.89,9.15,0.0,0.0,0.0,79.21,0.44,278.9,127.99,52
2026-09-13 16:30:52,0.0,38.25,406.89,9.15,0.0,0.0,0.0,77.29,0.4,278.9,127.99,52
2026-09-13 16:30:53,0.0,38.25,406.89,9.15,0.0,0.0,0.0,77.65,0.42,278.9,127.99,52
2026-09-13 16:30:54,0.0,38.25,406.89,9.15,0.0,0.0,0.0,77.35,0.42,278.9,127.99,52
2026-09-13 16:30:55,0.0,38.25,406.89,9.15,0.0,0.0,0.0,78.18,0.43,278.9,127.99,52
2026-09-13 16:30:56,0.0,38.25,406.89,9.15,0.0,0.0,0.0,79.48,0.42,278.9,127.99,52
2026-09-13 16:30:57,0.0,38.25,406.89,9.15,0.0,0.0,0.0,77.32,0.42,278.9,127.99,52
2026-09-13 16:30:58,0.0,38.25,406.89,9.15,0.0,0.0,0.0,76.81,0.41,278.9,127.99,52
2026-09-13 16:31:00,0.0,38.25,406.89,9.15,0.0,0.0,0.0,78.74,0.43,278.9,127.99,52
2026-09-13 16:31:01,0.0,38.25,406.89,9.15,0.0,0.0,0.0,77.15,0.41,278.9,127.99,52
2026-09-13 16:31:02,0.0,37.85,385.39,8.79,0.0,0.0,0.0,78.16,0.42,262.67,122.71,49
2026-09-13 16:31:03,0.0,37.39,356.71,8.34,0.0,0.0,0.0,70.43,0.37,241.03,115.68,45
2026-09-13 16:31:04,0.0,36.89,328.04,7.89,0.0,0.0,0.0,63.89,0.35,219.39,108.65,41
2026-09-13 16:31:05,0.0,36.41,299.37,7.43,0.0,0.0,0.0,57.44,0.3,197.75,101.62,37
2026-09-13 16:31:06,2.0,38.0,385.39,8.87,0.0,0.0,0.0,105.25,0.62,262.67,122.71,49
2026-09-13 16:31:07,0.0,37.52,356.71,8.43,0.0,0.0,0.0,119.61,0.76,241.03,115.68,45
2026-09-13 16:31:08,0.0,37.03,328.04,7.96,0.0,0.0,0.0,119.6,0.76,219.39,108.65,41
2026-09-13 16:31:09,0.0,36.55,299.37,7.51,0.0,0.0,0.0,119.47,0.77,197.75,101.62,37
2026-09-13 16:31:10,0.0,36.07,270.7,7.06,0.0,0.0,0.0,119.32,0.76,176.11,94.59,33
2026-09-13 16:31:11,0.0,35.57,242.03,6.6,0.0,0.0,0.0,119.25,0.76,154.47,87.56,29
2026-09-13 16:31:12,0.0,35.07,213.36,6.15,0.0,0.0,0.0,119.12,0.76,132.83,80.53,25
2026-09-13 16:31:13,0.0,34.58,184.68,5.7,0.0,0.0,0.0,118.95,0.76,111.19,73.5,21
2026-09-13 16:31:14,0.0,34.11,163.18,5.36,0.0,0.0,0.0,119.1,0.75,94.96,68.22,18
2026-09-13 16:31:15,0.0,33.57,134.51,4.89,0.0,0.0,0.0,118.78,0.73,73.32,61.19,14
2026-09-13 16:31:16,0.0,33.02,105.84,4.42,0.0,0.0,0.0,118.66,0.68,51.68,54.16,10
2026-09-13 16:31:17,1.0,32.46,77.16,3.95,0.0,0.0,0.0,103.95,0.54,30.04,47.13,6
2026-09-13 16:31:18,1.0,30.8,113.0,4.54,0.0,0.0,0.0,7.47,0.04,57.09,55.92,11
2026-09-13 16:31:19,0.0,32.07,55.66,3.95,0.0,0.0,0.0,2.16,0.03,13.8,41.86,3
2026-09-13 16:31:20,0.0,32.06,55.66,3.95,0.0,0.0,0.0,0.0,0.02,13.8,41.86,3
2026-09-13 16:31:21,0.0,32.07,55.66,3.95,0.0,0.0,0.0,0.0,0.01,13.8,41.86,3
2026-09-13 16:31:22,0.0,32.07,55.66,3.95,0.0,0.0,0.0,0.32,0.01,13.8,41.86,3
2026-09-13 16:31:23,0.0,32.07,55.66,3.95,0.0,0.0,0.0,1.76,0.01,13.8,41.86,3
2026-09-13 16:31:24,0.0,32.07,55.66,3.95,0.0,0.0,0.0,0.0,0.01,13.8,41.86,3
2026-09-13 16:31:25,0.0,32.07,55.66,3.95,0.0,0.0,0.0,0.0,0.01,13.8,41.86,3
2026-09-13 16:31:26,0.0,32.07,55.66,3.95,0.0,0.0,0.0,0.0,0.01,13.8,41.86,3
2026-09-13 16:31:27,0.0,32.07,55.66,3.95,0.0,0.0,0.0,0.32,0.01,13.8,41.86,3
2026-09-13 16:31:28,0.0,32.07,55.66,3.95,0.0,0.0,0.0,1.76,0.02,13.8,41.86,3
2026-09-13 16:31:29,0.0,32.07,55.66,3.95,0.0,0.0,0.0,0.02,0.03,13.8,41.86,3
2026-09-13 16:31:30,1.0,32.07,55.66,3.95,0.0,0.0,0.0,0.05,0.04,13.8,41.86,3
2026-09-13 16:31:31,0.0,32.07,55.66,3.95,0.0,0.0,0.0,0.0,0.0,13.8,41.86,3
2026-09-13 16:31:32,0.0,32.07,55.66,3.95,0.0,0.0,0.0,0.0,0.0,13.8,41.86,3
2026-09-13 16:31:33,0.0,32.07,55.66,3.95,0.0,0.0,0.0,1.94,0.02,13.8,41.86,3
2026-09-13 16:31:34,0.0,32.07,55.66,3.95,0.0,0.0,0.0,0.14,0.01,13.8,41.86,3
2026-09-13 16:31:35,0.0,32.07,55.66,3.95,0.0,0.0,0.0,0.0,0.0,13.8,41.86,3
2026-09-13 16:31:36,0.0,32.07,55.66,3.95,0.0,0.0,0.0,0.0,0.0,13.8,41.86,3
2026-09-13 16:31:37,0.0,32.07,55.66,3.95,0.0,0.0,0.0,0.0,0.0,13.8,41.86,3
2026-09-13 16:31:38,0.0,32.07,55.66,3.95,0.0,0.0,0.0,0.0,0.0,13.8,41.86,3
2026-09-13 16:31:39,0.0,32.07,55.66,3.95,0.0,0.0,0.0,0.32,0.01,13.8,41.86,3
2026-09-13 16:31:40,0.0,32.07,55.66,3.95,0.0,0.0,0.0,1.76,0.01,13.8,41.86,3
2026-09-13 16:31:41,0.0,32.07,55.66,3.95,0.0,0.0,0.0,0.0,0.0,13.8,41.86,3
2026-09-13 16:31:42,0.0,32.07,55.66,3.95,0.0,0.0,0.0,0.0,0.0,13.8,41.86,3
2026-09-13 16:31:43,0.0,32.07,55.66,3.95,0.0,0.0,0.0,0.0,0.0,13.8,41.86,3
2026-09-13 16:31:44,0.0,32.07,55.66,3.95,0.0,0.0,0.0,0.32,0.0,13.8,41.86,3
2026-09-13 16:31:45,0.0,32.07,55.66,3.95,0.0,0.0,0.0,1.76,0.01,13.8,41.86,3
2026-09-13 16:31:46,0.0,32.07,55.66,3.95,0.0,0.0,0.0,0.0,0.0,13.8,41.86,3
2026-09-13 16:31:47,4.0,32.08,55.66,3.97,0.0,0.0,0.0,0.07,0.02,13.8,41.86,3
2026-09-13 16:31:48,2.0,33.87,163.18,5.42,0.0,0.0,0.0,59.6,0.28,94.96,68.22,18
2026-09-13 16:31:49,3.0,36.7,299.37,7.73,0.0,0.0,0.0,89.49,0.42,197.75,101.62,37
2026-09-13 16:31:50,2.0,38.6,406.89,9.54,0.0,0.0,0.0,119.69,0.66,278.9,127.99,52
2026-09-13 16:31:51,0.0,38.6,406.89,9.54,0.0,0.0,0.0,87.91,0.44,278.9,127.99,52
2026-09-13 16:31:52,0.0,38.6,406.89,9.54,0.0,0.0,0.0,77.78,0.39,278.9,127.99,52
2026-09-13 16:31:53,0.0,38.6,406.89,9.54,0.0,0.0,0.0,72.49,0.36,278.9,127.99,52
2026-09-13 16:31:54,0.0,38.6,406.89,9.54,0.0,0.0,0.0,75.93,0.37,278.9,127.99,52
2026-09-13 16:31:55,0.0,38.6,406.89,9.54,0.0,0.0,0.0,85.03,0.42,278.9,127.99,52
2026-09-13 16:31:56,0.0,38.6,406.89,9.54,0.0,0.0,0.0,75.03,0.37,278.9,127.99,52
2026-09-13 16:31:57,0.0,38.6,406.89,9.54,0.0,0.0,0.0,74.68,0.36,278.9,127.99,52
2026-09-13 16:31:58,0.0,38.6,406.89,9.54,0.0,0.0,0.0,74.7,0.36,278.9,127.99,52
2026-09-13 16:31:59,0.0,38.6,406.89,9.54,0.0,0.0,0.0,88.89,0.43,278.9,127.99,52
2026-09-13 16:32:00,0.0,38.6,406.89,9.54,0.0,0.0,0.0,74.48,0.37,278.9,127.99,52
2026-09-13 16:32:01,0.0,38.6,406.89,9.54,0.0,0.0,0.0,72.84,0.36,278.9,127.99,52
2026-09-13 16:32:02,0.0,38.6,406.89,9.54,0.0,0.0,0.0,74.7,0.36,278.9,127.99,52
2026-09-13 16:32:03,0.0,38.6,406.89,9.54,0.0,0.0,0.0,85.91,0.43,278.9,127.99,52
2026-09-13 16:32:04,0.0,38.6,406.89,9.54,0.0,0.0,0.0,75.24,0.37,278.9,127.99,52
2026-09-13 16:32:05,0.0,38.6,406.89,9.54,0.0,0.0,0.0,77.85,0.39,278.9,127.99,52
2026-09-13 16:32:06,0.0,38.6,406.89,9.54,0.0,0.0,0.0,74.3,0.36,278.9,127.99,52
2026-09-13 16:32:07,0.0,38.6,406.89,9.54,0.0,0.0,0.0,84.35,0.42,278.9,127.99,52
2026-09-13 16:32:09,0.0,38.6,406.89,9.54,0.0,0.0,0.0,75.36,0.37,278.9,127.99,52
2026-09-13 16:32:10,0.0,38.6,406.89,9.54,0.0,0.0,0.0,74.79,0.37,278.9,127.99,52
2026-09-13 16:32:11,0.0,38.6,406.89,9.54,0.0,0.0,0.0,76.74,0.37,278.9,127.99,52
2026-09-13 16:32:12,0.0,38.6,406.89,9.54,0.0,0.0,0.0,83.92,0.43,278.9,127.99,52
2026-09-13 16:32:13,0.0,38.6,406.89,9.54,0.0,0.0,0.0,72.35,0.36,278.9,127.99,52
2026-09-13 16:32:14,0.0,38.6,406.89,9.54,0.0,0.0,0.0,80.1,0.4,278.9,127.99,52
2026-09-13 16:32:15,0.0,38.6,406.89,9.54,0.0,0.0,0.0,76.93,0.39,278.9,127.99,52
2026-09-13 16:32:16,0.0,38.6,406.89,9.54,0.0,0.0,0.0,82.99,0.43,278.9,127.99,52
2026-09-13 16:32:17,0.0,38.6,406.89,9.54,0.0,0.0,0.0,70.24,0.35,278.9,127.99,52
2026-09-13 16:32:18,0.0,38.6,406.89,9.54,0.0,0.0,0.0,75.57,0.39,278.9,127.99,52
2026-09-13 16:32:19,0.0,38.6,406.89,9.54,0.0,0.0,0.0,84.73,0.44,278.9,127.99,52
2026-09-13 16:32:20,0.0,38.6,406.89,9.54,0.0,0.0,0.0,82.37,0.42,278.9,127.99,52
2026-09-13 16:32:21,0.0,38.6,406.89,9.54,0.0,0.0,0.0,69.38,0.35,278.9,127.99,52
2026-09-13 16:32:22,0.0,38.6,406.89,9.54,0.0,0.0,0.0,76.47,0.39,278.9,127.99,52
2026-09-13 16:32:23,0.0,38.6,406.89,9.54,0.0,0.0,0.0,83.0,0.41,278.9,127.99,52
2026-09-13 16:32:24,0.0,38.6,406.89,9.54,0.0,0.0,0.0,82.12,0.42,278.9,127.99,52
2026-09-13 16:32:25,0.0,38.6,406.89,9.54,0.0,0.0,0.0,70.91,0.36,278.9,127.99,52
2026-09-13 16:32:26,0.0,38.6,406.89,9.54,0.0,0.0,0.0,75.13,0.38,278.9,127.99,52
2026-09-13 16:32:27,0.0,38.6,406.89,9.54,0.0,0.0,0.0,84.01,0.43,278.9,127.99,52
2026-09-13 16:32:28,0.0,38.6,406.89,9.54,0.0,0.0,0.0,80.3,0.41,278.9,127.99,52
2026-09-13 16:32:29,0.0,38.6,406.89,9.54,0.0,0.0,0.0,72.31,0.36,278.9,127.99,52
2026-09-13 16:32:30,0.0,38.6,406.89,9.54,0.0,0.0,0.0,73.3,0.37,278.9,127.99,52
2026-09-13 16:32:31,0.0,38.6,406.89,9.54,0.0,0.0,0.0,86.1,0.44,278.9,127.99,52
2026-09-13 16:32:32,0.0,38.6,406.89,9.54,0.0,0.0,0.0,79.22,0.41,278.9,127.99,52
2026-09-13 16:32:33,1.0,37.05,320.88,8.06,0.0,0.0,0.0,103.73,0.54,213.98,106.89,40
2026-09-13 16:32:34,0.0,34.71,191.85,5.89,0.0,0.0,0.0,119.05,0.64,116.6,75.25,22
2026-09-13 16:32:35,0.0,32.37,70.0,3.83,0.0,0.0,0.0,118.51,0.62,24.62,45.37,5
2026-09-13 16:32:36,1.0,32.08,55.66,3.97,0.0,0.0,0.0,94.05,0.51,13.8,41.86,3
2026-09-13 16:32:37,0.0,32.08,55.66,3.97,0.0,0.0,0.0,0.0,0.01,13.8,41.86,3
2026-09-13 16:32:38,0.0,32.08,55.66,3.97,0.0,0.0,0.0,0.0,0.01,13.8,41.86,3
2026-09-13 16:32:39,0.0,32.08,55.66,3.97,0.0,0.0,0.0,2.08,0.02,13.8,41.86,3
2026-09-13 16:32:40,0.0,32.08,55.66,3.97,0.0,0.0,0.0,0.0,0.0,13.8,41.86,3
2026-09-13 16:32:41,0.0,32.08,55.66,3.97,0.0,0.0,0.0,0.0,0.01,13.8,41.86,3
2026-09-13 16:32:42,0.0,32.08,55.66,3.97,0.0,0.0,0.0,0.02,0.01,13.8,41.86,3
2026-09-13 16:32:43,0.0,32.08,55.66,3.97,0.0,0.0,0.0,0.0,0.01,13.8,41.86,3
2026-09-13 16:32:44,0.0,32.08,55.66,3.97,0.0,0.0,0.0,0.32,0.01,13.8,41.86,3
2026-09-13 16:32:45,0.0,32.08,55.66,3.97,0.0,0.0,0.0,0.01,0.01,13.8,41.86,3
2026-09-13 16:32:46,0.0,32.08,55.66,3.97,0.0,0.0,0.0,1.76,0.02,13.8,41.86,3
2026-09-13 16:32:47,0.0,32.08,55.66,3.97,0.0,0.0,0.0,0.0,0.01,13.8,41.86,3
2026-09-13 16:32:48,0.0,32.08,55.66,3.97,0.0,0.0,0.0,0.0,0.01,13.8,41.86,3
2026-09-13 16:32:49,0.0,32.08,55.66,3.97,0.0,0.0,0.0,0.0,0.01,13.8,41.86,3
2026-09-13 16:32:50,0.0,32.08,55.66,3.97,0.0,0.0,0.0,0.0,0.01,13.8,41.86,3
2026-09-13 16:32:51,1.0,32.08,55.66,3.97,0.0,0.0,0.0,0.0,0.01,13.8,41.86,3
2026-09-13 16:32:52,0.0,32.08,55.66,3.97,0.0,0.0,0.0,0.32,0.01,13.8,41.86,3
2026-09-13 16:32:53,0.0,32.08,55.66,3.97,0.0,0.0,0.0,1.76,0.01,13.8,41.86,3
2026-09-13 16:32:54,0.0,32.08,55.66,3.97,0.0,0.0,0.0,0.0,0.0,13.8,41.86,3
2026-09-13 16:32:55,0.0,32.08,55.66,3.97,0.0,0.0,0.0,0.0,0.01,13.8,41.86,3
2026-09-13 16:32:56,0.0,32.08,55.66,3.97,0.0,0.0,0.0,0.0,0.01,13.8,41.86,3
2026-09-13 16:32:57,0.0,32.08,55.66,3.97,0.0,0.0,0.0,0.0,0.01,13.8,41.86,3
2026-09-13 16:32:58,0.0,32.08,55.66,3.97,0.0,0.0,0.0,0.0,0.01,13.8,41.86,3
2026-09-13 16:32:59,0.0,32.08,55.66,3.97,0.0,0.0,0.0,0.0,0.01,13.8,41.86,3
2026-09-13 16:33:00,0.0,32.08,55.66,3.97,0.0,0.0,0.0,2.08,0.02,13.8,41.86,3
2026-09-13 16:33:01,0.0,32.08,55.66,3.97,0.0,0.0,0.0,0.0,0.01,13.8,41.86,3
2026-09-13 16:33:02,0.0,32.08,55.66,3.97,0.0,0.0,0.0,0.0,0.01,13.8,41.86,3
2026-09-13 16:33:03,0.0,32.08,55.66,3.97,0.0,0.0,0.0,0.0,0.01,13.8,41.86,3
2026-09-13 16:33:04,0.0,32.08,55.66,3.97,0.0,0.0,0.0,0.0,0.01,13.8,41.86,3
2026-09-13 16:33:05,0.0,32.08,55.66,3.97,0.0,0.0,0.0,0.32,0.01,13.8,41.86,3
2026-09-13 16:33:06,0.0,32.08,55.66,3.97,0.0,0.0,0.0,1.76,0.01,13.8,41.86,3
2026-09-13 16:33:07,0.0,32.08,55.66,3.97,0.0,0.0,0.0,0.0,0.01,13.8,41.86,3
2026-09-13 16:33:08,0.0,32.08,55.66,3.97,0.0,0.0,0.0,0.0,0.01,13.8,41.86,3
2026-09-13 16:33:09,0.0,32.08,55.66,3.97,0.0,0.0,0.0,0.32,0.01,13.8,41.86,3
2026-09-13 16:33:10,0.0,32.08,55.66,3.97,0.0,0.0,0.0,1.76,0.01,13.8,41.86,3
2026-09-13 16:33:11,0.0,32.08,55.66,3.97,0.0,0.0,0.0,0.0,0.01,13.8,41.86,3
2026-09-13 16:33:12,0.0,32.08,55.66,3.97,0.0,0.0,0.0,0.0,0.01,13.8,41.86,3
2026-09-13 16:33:13,0.0,32.08,55.66,3.97,0.0,0.0,0.0,0.38,0.01,13.8,41.86,3
2026-09-13 16:33:14,0.0,32.08,55.66,3.97,0.0,0.0,0.0,1.7,0.02,13.8,41.86,3
2026-09-13 16:33:15,0.0,32.08,55.66,3.97,0.0,0.0,0.0,0.0,0.01,13.8,41.86,3
2026-09-13 16:33:16,0.0,32.08,55.66,3.97,0.0,0.0,0.0,0.32,0.01,13.8,41.86,3
2026-09-13 16:33:17,0.0,32.08,55.66,3.97,0.0,0.0,0.0,1.76,0.02,13.8,41.86,3
2026-09-13 16:33:18,0.0,32.08,55.66,3.97,0.0,0.0,0.0,0.0,0.01,13.8,41.86,3
2026-09-13 16:33:19,0.0,32.08,55.66,3.97,0.0,0.0,0.0,0.0,0.01,13.8,41.86,3
2026-09-13 16:33:20,0.0,32.08,55.66,3.97,0.0,0.0,0.0,0.0,0.01,13.8,41.86,3
2026-09-13 16:33:21,1.0,32.08,55.66,3.97,0.0,0.0,0.0,2.08,0.02,13.8,41.86,3
2026-09-13 16:33:22,0.0,32.08,55.66,3.97,0.0,0.0,0.0,0.0,0.0,13.8,41.86,3
2026-09-13 16:33:23,0.0,32.08,55.66,3.97,0.0,0.0,0.0,0.0,0.0,13.8,41.86,3
